1,329934.971041446,4157674.26337619
2,329934.979457453,4157674.27094267
3,329934.988287339,4157674.27816915
4,329934.998037143,4157674.28574784
5,329935.007677485,4157674.29309365
6,329935.017558581,4157674.30073119
7,329935.027781076,4157674.30841706
8,329935.038824169,4157674.31675678
9,329935.049867083,4157674.32476924
10,329935.060713475,4157674.33361393
11,329935.071056519,4157674.34309037
12,329935.080905516,4157674.35280437
13,329935.090519123,4157674.36254835
14,329935.100429811,4157674.37222816
15,329935.111069128,4157674.38206602
16,329935.121838599,4157674.39190974
17,329935.133227186,4157674.40222326
18,329935.145081649,4157674.41234231
19,329935.157387264,4157674.42288275
20,329935.170178758,4157674.43366538
21,329935.183294905,4157674.44456309
22,329935.196298796,4157674.45623115
23,329935.209010335,4157674.46845803
24,329935.221623377,4157674.48008798
25,329935.234625559,4157674.49194597
26,329935.247348874,4157674.50528672
27,329935.260101175,4157674.51769527
28,329935.272926102,4157674.53027411
29,329935.286405499,4157674.54343341
30,329935.300479504,4157674.55694842
31,329935.313909233,4157674.56983767
32,329935.327785635,4157674.58274149
33,329935.342157655,4157674.59670853
34,329935.357195345,4157674.61069939
35,329935.372146484,4157674.62265432
36,329935.388023757,4157674.63563405
37,329935.403081751,4157674.64840518
38,329935.418642792,4157674.66186535
39,329935.434932752,4157674.67611221
40,329935.45100084,4157674.69104938
41,329935.467306568,4157674.70552841
42,329935.48336231,4157674.718878
43,329935.499341569,4157674.73309156
44,329935.514444869,4157674.74742546
45,329935.529678484,4157674.76238888
46,329935.545287578,4157674.77757271
47,329935.561262372,4157674.79212515
48,329935.57678154,4157674.80643309
49,329935.592813317,4157674.82094626
50,329935.60970838,4157674.83597311
51,329935.625532814,4157674.85144982
52,329935.640682787,4157674.86639703
53,329935.657035854,4157674.88145737
54,329935.67321414,4157674.89614505
55,329935.688692395,4157674.9114072
56,329935.703991475,4157674.92678176
57,329935.719980592,4157674.94224592
58,329935.736289181,4157674.95718304
59,329935.75282688,4157674.97277696
60,329935.76858431,4157674.98909471
61,329935.784592665,4157675.00455804
62,329935.80077857,4157675.01838239
63,329935.818065706,4157675.03262056
64,329935.834653301,4157675.04715278
65,329935.850475698,4157675.06191879
66,329935.865973386,4157675.07580076
67,329935.881425727,4157675.08932921
68,329935.896448913,4157675.1032738
69,329935.911246228,4157675.11699855
70,329935.926303972,4157675.13026726
71,329935.942125234,4157675.14362593
72,329935.958353757,4157675.15727147
73,329935.973356502,4157675.17140699
74,329935.986636204,4157675.18619314
75,329935.999319453,4157675.20094719
76,329936.01228911,4157675.21556839
77,329936.025031571,4157675.22940355
78,329936.03753227,4157675.24286909
79,329936.050112397,4157675.25622738
80,329936.063743044,4157675.26843281
81,329936.077850699,4157675.27921141
82,329936.092032311,4157675.29013371
83,329936.105543886,4157675.30061665
84,329936.118686431,4157675.31085583
85,329936.131755495,4157675.32133054
86,329936.14482344,4157675.3324535
87,329936.157469508,4157675.34342467
88,329936.169790333,4157675.35441334
89,329936.181958712,4157675.36466076
90,329936.194251148,4157675.37516172
91,329936.205588928,4157675.38613455
92,329936.216906568,4157675.39676935
93,329936.228388934,4157675.40681056
94,329936.240027873,4157675.41659604
95,329936.251414947,4157675.42583978
96,329936.262314127,4157675.4350015
97,329936.272770516,4157675.44444344
98,329936.283606142,4157675.45399084
99,329936.294597328,4157675.4628122
100,329936.304915548,4157675.47178455
101,329936.314454181,4157675.4810401
102,329936.323448548,4157675.48982293
103,329936.332564392,4157675.49857719
104,329936.341332499,4157675.50682895
105,329936.349966549,4157675.51480034
106,329936.358806486,4157675.52229367
107,329936.368220464,4157675.52954374
108,329936.378284516,4157675.5367745
109,329936.388265022,4157675.5436792
110,329936.398079233,4157675.55066988
111,329936.407466233,4157675.55758228
112,329936.416901457,4157675.56440784
113,329936.426155179,4157675.57092593
114,329936.434981212,4157675.57732805
115,329936.443640703,4157675.58388175
116,329936.452361007,4157675.59052114
117,329936.461264884,4157675.59682954
118,329936.470213774,4157675.6031225
119,329936.479203207,4157675.60892209
120,329936.487703579,4157675.6145403
121,329936.495860804,4157675.62014252
122,329936.504348392,4157675.62593476
123,329936.51317601,4157675.6322161
124,329936.522281385,4157675.63932773
125,329936.531974491,4157675.64716033
126,329936.542238673,4157675.65514516
127,329936.55213659,4157675.6631739
128,329936.562197186,4157675.67118588
129,329936.572852046,4157675.67928871
130,329936.584062268,4157675.68770051
131,329936.595599824,4157675.69645005
132,329936.606667579,4157675.70511656
133,329936.617495961,4157675.71395905
134,329936.628290494,4157675.72292271
135,329936.639958723,4157675.73224724
136,329936.651555506,4157675.74151989
137,329936.662945936,4157675.75069124
138,329936.67417109,4157675.75997741
139,329936.685818189,4157675.76933134
140,329936.697634614,4157675.7788692
141,329936.707721316,4157675.78843346
142,329936.717277928,4157675.79820407
143,329936.72708157,4157675.80833994
144,329936.737754044,4157675.81806318
145,329936.748237307,4157675.82801021
146,329936.759335457,4157675.83867455
147,329936.769340742,4157675.85024505
148,329936.778616671,4157675.86151561
149,329936.789004264,4157675.87220853
150,329936.801027292,4157675.88311263
151,329936.81375196,4157675.89379395
152,329936.825399162,4157675.9048022
153,329936.835963474,4157675.91666956
154,329936.846856579,4157675.92883069
155,329936.858705111,4157675.940364
156,329936.8697407,4157675.95166162
157,329936.880504056,4157675.96353732
158,329936.892375177,4157675.97571637
159,329936.905077682,4157675.98754578
160,329936.917895202,4157675.99952564
161,329936.931615208,4157676.01359543
162,329936.943626597,4157676.02735321
163,329936.955035945,4157676.03983346
164,329936.967521445,4157676.05269211
165,329936.980401755,4157676.06607175
166,329936.993615605,4157676.07922639
167,329937.006699298,4157676.09155378
168,329937.020162609,4157676.10525914
169,329937.034463097,4157676.11914349
170,329937.049268074,4157676.1317948
171,329937.063276595,4157676.14568112
172,329937.076309365,4157676.16070908
173,329937.090580734,4157676.17498927
174,329937.105352725,4157676.18879873
175,329937.12084875,4157676.20436824
176,329937.135096665,4157676.21915783
177,329937.148596978,4157676.23340527
178,329937.161982826,4157676.248561
179,329937.176606118,4157676.26569192
180,329937.191500661,4157676.28138915
181,329937.205275526,4157676.29578333
182,329937.220158964,4157676.31059931
183,329937.234961369,4157676.32539958
184,329937.249757666,4157676.34114037
185,329937.265005577,4157676.3568811
186,329937.281005582,4157676.3720006
187,329937.295805938,4157676.38639787
188,329937.311636909,4157676.40307796
189,329937.327105754,4157676.41827635
190,329937.341755861,4157676.43309342
191,329937.356203909,4157676.45022659
192,329937.370840676,4157676.46719935
193,329937.384417657,4157676.48337203
194,329937.396917388,4157676.49893269
195,329937.409973707,4157676.51608171
196,329937.425034517,4157676.53466828
197,329937.439683887,4157676.55128192
198,329937.45415179,4157676.56876695
199,329937.466801267,4157676.58570084
200,329937.481863029,4157676.60343003
201,329937.497044566,4157676.61981118
202,329937.511994432,4157676.63528795
203,329937.526172202,4157676.65064631
204,329937.541043928,4157676.66852962
205,329937.555356415,4157676.68637371
206,329937.569373254,4157676.70408258
207,329937.583396246,4157676.72325006
208,329937.596887285,4157676.74220191
209,329937.610569293,4157676.76084339
210,329937.623376438,4157676.77963679
211,329937.635503102,4157676.7987616
212,329937.647579521,4157676.81780852
213,329937.660765811,4157676.83677701
214,329937.674939691,4157676.85596674
215,329937.689516011,4157676.87470728
216,329937.703712658,4157676.89351207
217,329937.715355484,4157676.91310889
218,329937.728321235,4157676.93251685
219,329937.742527888,4157676.95128042
220,329937.757289895,4157676.96799546
221,329937.772984889,4157676.98465879
222,329937.787986679,4157677.00303817
223,329937.80194759,4157677.02197652
224,329937.817196184,4157677.04092332
225,329937.831670145,4157677.05836328
226,329937.845191205,4157677.07636807
227,329937.860705664,4157677.095721
228,329937.876221476,4157677.11508112
229,329937.891095708,4157677.13362663
230,329937.904852672,4157677.1524047
231,329937.919246455,4157677.17144232
232,329937.935001496,4157677.1904323
233,329937.950580858,4157677.20840674
234,329937.965087556,4157677.22637704
235,329937.97868606,4157677.24480181
236,329937.993298304,4157677.26372176
237,329938.008240103,4157677.28267113
238,329938.024268996,4157677.30253528
239,329938.039710648,4157677.32205641
240,329938.054455191,4157677.34130129
241,329938.070980843,4157677.36288939
242,329938.087686193,4157677.38467104
243,329938.102927862,4157677.40390581
244,329938.119446454,4157677.42399207
245,329938.136989711,4157677.44426194
246,329938.154203337,4157677.46413664
247,329938.171585889,4157677.48402958
248,329938.189181137,4157677.50442605
249,329938.207424571,4157677.52499608
250,329938.225489696,4157677.54645878
251,329938.241881099,4157677.56604344
252,329938.258400073,4157677.58544446
253,329938.275402899,4157677.60630507
254,329938.291751832,4157677.62577531
255,329938.308320865,4157677.64551833
256,329938.324159855,4157677.6646035
257,329938.34036199,4157677.68390197
258,329938.357315241,4157677.7040119
259,329938.375014088,4157677.72348454
260,329938.393092163,4157677.74324332
261,329938.409781479,4157677.7623499
262,329938.427344483,4157677.78298667
263,329938.445563695,4157677.80268643
264,329938.464247129,4157677.82081131
265,329938.483852539,4157677.83924526
266,329938.503406306,4157677.85790342
267,329938.523415106,4157677.87618427
268,329938.543156793,4157677.89342299
269,329938.562626507,4157677.91140371
270,329938.582727577,4157677.92902294
271,329938.602384814,4157677.94783964
272,329938.620859422,4157677.96693654
273,329938.639026563,4157677.98599566
274,329938.656827195,4157678.00350667
275,329938.674482656,4157678.02247027
276,329938.692746098,4157678.04270084
277,329938.710860001,4157678.06089144
278,329938.72937663,4157678.0789068
279,329938.747896704,4157678.09788059
280,329938.76626966,4157678.11879973
281,329938.785251124,4157678.13888772
282,329938.8043117,4157678.15816772
283,329938.821871742,4157678.1760839
284,329938.838234586,4157678.19366695
285,329938.855033552,4157678.21214476
286,329938.873607498,4157678.23223907
287,329938.891617489,4157678.25017187
288,329938.909536948,4157678.26846999
289,329938.926851749,4157678.28806058
290,329938.943868231,4157678.30593019
291,329938.960857748,4157678.32387299
292,329938.978073172,4157678.34175635
293,329938.99442546,4157678.35998719
294,329939.009833239,4157678.37782478
295,329939.024903181,4157678.39518084
296,329939.040653123,4157678.4144211
297,329939.057271582,4157678.43204963
298,329939.074727607,4157678.44926299
299,329939.091332213,4157678.46694051
300,329939.108493616,4157678.48460602
301,329939.125581191,4157678.50295599
302,329939.142484805,4157678.52147324
303,329939.159309377,4157678.53880068
304,329939.176158264,4157678.55708688
305,329939.192235826,4157678.57485482
306,329939.209495256,4157678.59188619
307,329939.22836184,4157678.61062098
308,329939.244820038,4157678.62830099
309,329939.260553136,4157678.64586152
310,329939.27652363,4157678.66444713
311,329939.293243981,4157678.68304169
312,329939.310355055,4157678.7009638
313,329939.32829251,4157678.7190681
314,329939.345370283,4157678.73690948
315,329939.3624855,4157678.75590616
316,329939.378622764,4157678.77476336
317,329939.394617758,4157678.79337046
318,329939.411108529,4157678.8120476
319,329939.42746404,4157678.83044459
320,329939.444030601,4157678.84843887
321,329939.460700931,4157678.86629449
322,329939.477217126,4157678.88390254
323,329939.494466241,4157678.90197303
324,329939.512557864,4157678.92002698
325,329939.529498537,4157678.93693215
326,329939.546716972,4157678.95476969
327,329939.56507613,4157678.97222446
328,329939.583678686,4157678.98860822
329,329939.602454984,4157679.00466628
330,329939.620637596,4157679.02064726
331,329939.638911873,4157679.0372836
332,329939.656426334,4157679.05446999
333,329939.674377184,4157679.0717902
334,329939.692379823,4157679.08896189
335,329939.709424041,4157679.10616081
336,329939.727400315,4157679.12358136
337,329939.744719789,4157679.14103011
338,329939.761848552,4157679.15864325
339,329939.779249329,4157679.17667706
340,329939.79661132,4157679.19482067
341,329939.813479318,4157679.2114874
342,329939.830717571,4157679.22828372
343,329939.847906712,4157679.24481355
344,329939.864895183,4157679.26225457
345,329939.88202233,4157679.27917692
346,329939.899468754,4157679.29597722
347,329939.917414298,4157679.31317032
348,329939.934754843,4157679.32860131
349,329939.953172745,4157679.34447356
350,329939.972906984,4157679.36119083
351,329939.991195668,4157679.3762599
352,329940.009334473,4157679.39225233
353,329940.026919194,4157679.40887996
354,329940.04461214,4157679.42458708
355,329940.062225099,4157679.44036853
356,329940.078794779,4157679.45635542
357,329940.095349318,4157679.47283519
358,329940.112304401,4157679.48860906
359,329940.130298713,4157679.50382568
360,329940.148304523,4157679.51970465
361,329940.165953069,4157679.53676836
362,329940.183207975,4157679.55248983
363,329940.201928758,4157679.56762959
364,329940.221312891,4157679.58283713
365,329940.239935447,4157679.59838939
366,329940.258052162,4157679.61259396
367,329940.276435487,4157679.62548641
368,329940.296074077,4157679.6391345
369,329940.316085972,4157679.65357869
370,329940.335553112,4157679.66656236
371,329940.354461002,4157679.67963813
372,329940.374395477,4157679.69362274
373,329940.394445522,4157679.70695343
374,329940.413375077,4157679.71961509
375,329940.431587423,4157679.73272779
376,329940.451235035,4157679.74702714
377,329940.469298087,4157679.76008003
378,329940.487395465,4157679.77433099
379,329940.506124635,4157679.78906686
380,329940.524765766,4157679.80295712
381,329940.543661318,4157679.8169794
382,329940.562733252,4157679.83113196
383,329940.582792858,4157679.84456735
384,329940.603899389,4157679.85687629
385,329940.625136087,4157679.86874887
386,329940.645652601,4157679.88070851
387,329940.665756305,4157679.89164088
388,329940.686141767,4157679.90234853
389,329940.707715144,4157679.91289562
390,329940.730597456,4157679.9240621
391,329940.752146028,4157679.93459734
392,329940.773032075,4157679.94527942
393,329940.793871928,4157679.95562995
394,329940.815615676,4157679.96467061
395,329940.839289905,4157679.97386457
396,329940.861657818,4157679.9810155
397,329940.883894735,4157679.9879665
398,329940.905350271,4157679.99633021
399,329940.927451547,4157680.00510798
400,329940.951076868,4157680.01336592
401,329940.974092079,4157680.02073246
402,329940.995614333,4157680.02838802
403,329941.017535253,4157680.0368495
404,329941.041262562,4157680.04462004
405,329941.063910201,4157680.05054714
406,329941.087076099,4157680.05744349
407,329941.110909335,4157680.06435669
408,329941.135577578,4157680.0708648
409,329941.159205749,4157680.0769208
410,329941.181451824,4157680.08261786
411,329941.204015879,4157680.08855397
412,329941.227856618,4157680.09514617
413,329941.25173725,4157680.10081047
414,329941.27543522,4157680.10539875
415,329941.299535187,4157680.11028616
416,329941.322729918,4157680.11641506
417,329941.346302048,4157680.12186472
418,329941.370367182,4157680.1265831
419,329941.395009034,4157680.13110678
420,329941.419880272,4157680.1356309
421,329941.44443673,4157680.13974145
422,329941.467666926,4157680.14290962
423,329941.490499067,4157680.14657907
424,329941.514364464,4157680.15039927
425,329941.539356308,4157680.15339259
426,329941.563896612,4157680.15588118
427,329941.587916264,4157680.15786107
428,329941.612861566,4157680.15985159
429,329941.639076775,4157680.16127936
430,329941.664816157,4157680.16228672
431,329941.690007972,4157680.16528233
432,329941.714037359,4157680.16927282
433,329941.736718007,4157680.17137034
434,329941.760555431,4157680.17303016
435,329941.784961273,4157680.17436882
436,329941.809812258,4157680.17507964
437,329941.834057813,4157680.17553804
438,329941.857654511,4157680.17629098
439,329941.88172021,4157680.17725967
440,329941.907367121,4157680.17770111
441,329941.931384047,4157680.17697245
442,329941.956027814,4157680.17732914
443,329941.979829426,4157680.17806504
444,329942.003240194,4157680.17779522
445,329942.027226799,4157680.17684322
446,329942.052849813,4157680.17569229
447,329942.077216683,4157680.17400431
448,329942.100682667,4157680.17199337
449,329942.124711911,4157680.17030821
450,329942.15100199,4157680.16827485
451,329942.176174738,4157680.16545329
452,329942.200551952,4157680.16281606
453,329942.224396647,4157680.16056596
454,329942.248997198,4157680.15779238
455,329942.273473857,4157680.15432703
456,329942.298000802,4157680.15081941
457,329942.32214986,4157680.14757945
458,329942.346420129,4157680.14327968
459,329942.370649702,4157680.13849775
460,329942.39520696,4157680.1345117
461,329942.419969385,4157680.13149048
462,329942.444755478,4157680.12771529
463,329942.46930088,4157680.12348914
464,329942.493071709,4157680.11915835
465,329942.517628545,4157680.11532579
466,329942.542308203,4157680.11134471
467,329942.567108837,4157680.10646738
468,329942.590321453,4157680.10094325
469,329942.61408939,4157680.09470082
470,329942.639515943,4157680.08940718
471,329942.663928547,4157680.08515066
472,329942.688874276,4157680.07941228
473,329942.71378996,4157680.07311163
474,329942.738750785,4157680.06727889
475,329942.763358544,4157680.06091172
476,329942.787051122,4157680.05413162
477,329942.810494804,4157680.04728611
478,329942.833970155,4157680.04036343
479,329942.85782042,4157680.03264315
480,329942.882230675,4157680.02434484
481,329942.90686666,4157680.01591967
482,329942.930190773,4157680.00761221
483,329942.952416111,4157679.99982191
484,329942.975205892,4157679.99254435
485,329942.998945783,4157679.98546438
486,329943.023398586,4157679.97653624
487,329943.046547965,4157679.96634184
488,329943.069283984,4157679.95672701
489,329943.090630233,4157679.9483325
490,329943.112421487,4157679.93989162
491,329943.135291396,4157679.93052765
492,329943.157739686,4157679.91982726
493,329943.180166758,4157679.90867786
494,329943.201522665,4157679.89907754
495,329943.223723655,4157679.89014642
496,329943.246195269,4157679.88075948
497,329943.266965643,4157679.870677
498,329943.287945863,4157679.86004024
499,329943.310365223,4157679.84820528
500,329943.331805566,4157679.83607189
501,329943.352782059,4157679.82453481
502,329943.373858857,4157679.81466952
503,329943.394534821,4157679.80451286
504,329943.415237124,4157679.7926119
505,329943.435165991,4157679.77939116
506,329943.455429393,4157679.76562488
507,329943.475475795,4157679.75326484
508,329943.496879152,4157679.74094921
509,329943.518364072,4157679.72845779
510,329943.539495215,4157679.7156072
511,329943.56081314,4157679.70206136
512,329943.581362563,4157679.68865595
513,329943.600819673,4157679.6754943
514,329943.619602297,4157679.6619981
515,329943.639632437,4157679.64793629
516,329943.658951196,4157679.63375812
517,329943.679023875,4157679.61956384
518,329943.698776261,4157679.60514512
519,329943.718270153,4157679.59034938
520,329943.737993337,4157679.57549467
521,329943.758636123,4157679.56103479
522,329943.77856225,4157679.54656779
523,329943.796940839,4157679.53150131
524,329943.81648622,4157679.5157377
525,329943.83567148,4157679.50033427
526,329943.854544435,4157679.48459568
527,329943.872386027,4157679.46843725
528,329943.889783005,4157679.45198496
529,329943.908262599,4157679.43629205
530,329943.926707466,4157679.42128084
531,329943.94522392,4157679.40477536
532,329943.963312611,4157679.38895851
533,329943.981305746,4157679.37425382
534,329944.000810144,4157679.35950024
535,329944.020084594,4157679.34491185
536,329944.038450398,4157679.33080011
537,329944.05686149,4157679.31678588
538,329944.076665931,4157679.30197814
539,329944.095359732,4157679.28787179
540,329944.114630449,4157679.27319644
541,329944.133688846,4157679.2586848
542,329944.152535156,4157679.24382728
543,329944.169987999,4157679.22909306
544,329944.189195971,4157679.21480149
545,329944.208521659,4157679.20054427
546,329944.22611941,4157679.18636659
547,329944.243738684,4157679.1719851
548,329944.262167624,4157679.15742633
549,329944.280371011,4157679.14315227
550,329944.29819733,4157679.12817766
551,329944.315965746,4157679.11326462
552,329944.333774534,4157679.09959782
553,329944.352229748,4157679.08653217
554,329944.370638548,4157679.07303916
555,329944.389133586,4157679.05898666
556,329944.407806733,4157679.0454077
557,329944.426931248,4157679.03199379
558,329944.445268221,4157679.01840645
559,329944.463163701,4157679.00483862
560,329944.481390641,4157678.99117789
561,329944.499960607,4157678.97770308
562,329944.518684027,4157678.96442703
563,329944.536255995,4157678.95127122
564,329944.554740921,4157678.93768404
565,329944.573665384,4157678.92442963
566,329944.59235546,4157678.91161005
567,329944.611319427,4157678.89900549
568,329944.630177615,4157678.88554268
569,329944.647709604,4157678.87139469
570,329944.665967102,4157678.85699694
571,329944.684408153,4157678.84327069
572,329944.70290991,4157678.82985458
573,329944.721142059,4157678.8159878
574,329944.738785101,4157678.80178658
575,329944.757558343,4157678.78919068
576,329944.777206169,4157678.77747351
577,329944.79585574,4157678.76464023
578,329944.812279917,4157678.75225499
579,329944.829484365,4157678.73881232
580,329944.846663786,4157678.72469284
581,329944.863483941,4157678.70998986
582,329944.878995216,4157678.69514881
583,329944.895090965,4157678.67971155
584,329944.911247103,4157678.66397916
585,329944.92579842,4157678.64777709
586,329944.9396633,4157678.63176365
587,329944.954749596,4157678.61480488
588,329944.969032209,4157678.5976118
589,329944.982981484,4157678.58100107
590,329944.998476354,4157678.56527065
591,329945.013132106,4157678.54982211
592,329945.02689024,4157678.53366071
593,329945.040144089,4157678.51636004
594,329945.055344822,4157678.49832281
595,329945.06907659,4157678.48266324
596,329945.082095018,4157678.46788116
597,329945.095180306,4157678.45429737
598,329945.109682517,4157678.44000577
599,329945.124483696,4157678.42495745
600,329945.137993806,4157678.40991571
601,329945.151878174,4157678.39515458
602,329945.165875584,4157678.3813732
603,329945.179656834,4157678.36772347
604,329945.193827645,4157678.35356488
605,329945.20752224,4157678.33962532
606,329945.221225171,4157678.32668712
607,329945.235044159,4157678.31422452
608,329945.249422351,4157678.30120514
609,329945.263766336,4157678.28708853
610,329945.277394768,4157678.27301447
611,329945.291117787,4157678.25966737
612,329945.304891151,4157678.24715533
613,329945.318063054,4157678.23451549
614,329945.331085422,4157678.22081481
615,329945.344526308,4157678.20684117
616,329945.357112535,4157678.19365369
617,329945.369895161,4157678.1809317
618,329945.382542193,4157678.16781928
619,329945.396379651,4157678.15352902
620,329945.409719258,4157678.13972431
621,329945.422693371,4157678.12620418
622,329945.435638411,4157678.11362404
623,329945.449250499,4157678.10063119
624,329945.461600586,4157678.08797036
625,329945.475450643,4157678.07377061
626,329945.489468013,4157678.05975098
627,329945.502439226,4157678.04609115
628,329945.516404132,4157678.03301464
629,329945.531113729,4157678.01978161
630,329945.544527049,4157678.00611313
631,329945.557265252,4157677.99203682
632,329945.571607982,4157677.97805167
633,329945.585640845,4157677.96441928
634,329945.599359971,4157677.95024188
635,329945.613263194,4157677.93745928
636,329945.62741051,4157677.92454631
637,329945.641902879,4157677.91080781
638,329945.656077268,4157677.89729357
639,329945.670534138,4157677.88361929
640,329945.685110069,4157677.86951563
641,329945.7007944,4157677.85456807
642,329945.715775121,4157677.83939671
643,329945.730526551,4157677.82463036
644,329945.745631077,4157677.81003019
645,329945.760426303,4157677.79516308
646,329945.774914176,4157677.78048626
647,329945.789863188,4157677.76583472
648,329945.805291936,4157677.75118985
649,329945.819937126,4157677.73708371
650,329945.83506495,4157677.72197527
651,329945.850740788,4157677.70558237
652,329945.865815748,4157677.68974052
653,329945.881253824,4157677.67420816
654,329945.897433235,4157677.6581825
655,329945.91369111,4157677.64204206
656,329945.929577121,4157677.62596852
657,329945.944578379,4157677.61099491
658,329945.959958839,4157677.59627813
659,329945.976177424,4157677.5802675
660,329945.991370575,4157677.56401063
661,329946.007311821,4157677.54752706
662,329946.02402892,4157677.53090902
663,329946.040767601,4157677.51496365
664,329946.057932159,4157677.49911135
665,329946.074492905,4157677.48421041
666,329946.092156361,4157677.46888591
667,329946.109233143,4157677.45275485
668,329946.124410299,4157677.43742791
669,329946.141024303,4157677.42214786
670,329946.157543852,4157677.40604642
671,329946.174405821,4157677.38913387
672,329946.190373866,4157677.37259683
673,329946.20634605,4157677.35674896
674,329946.223620873,4157677.3400802
675,329946.240547278,4157677.32212988
676,329946.25531183,4157677.30516922
677,329946.27105144,4157677.2894994
678,329946.288498144,4157677.27401855
679,329946.304512315,4157677.25673273
680,329946.319431164,4157677.23988921
681,329946.334060503,4157677.22354921
682,329946.349663724,4157677.20698706
683,329946.365565438,4157677.18953046
684,329946.38090075,4157677.17132742
685,329946.396790461,4157677.15412819
686,329946.413679231,4157677.13727036
687,329946.430140533,4157677.12014501
688,329946.444954896,4157677.10385593
689,329946.460931082,4157677.08703837
690,329946.478510853,4157677.06974184
691,329946.495480857,4157677.05306394
692,329946.512195048,4157677.03677527
693,329946.529416277,4157677.02101866
694,329946.547061152,4157677.00482257
695,329946.564201654,4157676.98769956
696,329946.5810732,4157676.97056315
697,329946.598667339,4157676.95210972
698,329946.615453063,4157676.93473675
699,329946.632054637,4157676.91729643
700,329946.648015125,4157676.89987923
701,329946.663904638,4157676.88247656
702,329946.679421076,4157676.86460056
703,329946.695511329,4157676.8476438
704,329946.711310616,4157676.83154831
705,329946.726772935,4157676.81481118
706,329946.74306702,4157676.798483
707,329946.759012431,4157676.78278554
708,329946.774891952,4157676.76702176
709,329946.790600228,4157676.75136316
710,329946.807069046,4157676.73508507
711,329946.823337697,4157676.71974022
712,329946.8393762,4157676.70409189
713,329946.853667423,4157676.68843164
714,329946.870043593,4157676.67230462
715,329946.886359974,4157676.65610287
716,329946.902062178,4157676.64045909
717,329946.917925131,4157676.62493011
718,329946.933557456,4157676.60949725
719,329946.949455279,4157676.59334106
720,329946.964994065,4157676.57790631
721,329946.980646339,4157676.56250401
722,329946.995267648,4157676.54704898
723,329947.010393157,4157676.53108331
724,329947.024829964,4157676.51529195
725,329947.039275853,4157676.50021133
726,329947.053555134,4157676.48494897
727,329947.068195767,4157676.4690602
728,329947.083266513,4157676.45389458
729,329947.098338511,4157676.4390681
730,329947.112238993,4157676.42373258
731,329947.12518179,4157676.40827853
732,329947.139547795,4157676.39296249
733,329947.154988297,4157676.37749705
734,329947.169569286,4157676.36248529
735,329947.182789938,4157676.34790678
736,329947.19653359,4157676.33361991
737,329947.212235529,4157676.31888489
738,329947.226341104,4157676.30389205
739,329947.239074037,4157676.28933628
740,329947.253157719,4157676.2753641
741,329947.269441208,4157676.26093458
742,329947.285196657,4157676.24641253
743,329947.300178561,4157676.23131566
744,329947.314833757,4157676.21630935
745,329947.329156498,4157676.20139203
746,329947.343609477,4157676.18603325
747,329947.358911585,4157676.17010742
748,329947.37363615,4157676.15507146
749,329947.389373796,4157676.14038264
750,329947.404630317,4157676.12653484
751,329947.419681412,4157676.11243854
752,329947.436108957,4157676.09578128
753,329947.450893459,4157676.08005789
754,329947.465762181,4157676.06482342
755,329947.481199879,4157676.04980168
756,329947.495937524,4157676.03421861
757,329947.510480038,4157676.01860347
758,329947.524620882,4157676.00318955
759,329947.541272803,4157675.98754552
760,329947.55737951,4157675.97196539
761,329947.573223512,4157675.95508448
762,329947.587752243,4157675.93931227
763,329947.604113563,4157675.92292791
764,329947.620214507,4157675.90713664
765,329947.636057442,4157675.89137913
766,329947.652272424,4157675.87545563
767,329947.669046888,4157675.85901526
768,329947.685603934,4157675.84250737
769,329947.702416502,4157675.82616352
770,329947.719225361,4157675.8087137
771,329947.736083204,4157675.79190127
772,329947.753357617,4157675.77571408
773,329947.770514285,4157675.758861
774,329947.786988397,4157675.74180703
775,329947.80441727,4157675.72485222
776,329947.821363202,4157675.70891447
777,329947.838189628,4157675.69220328
778,329947.854924032,4157675.67519127
779,329947.873433466,4157675.65754671
780,329947.89097952,4157675.64069736
781,329947.908118519,4157675.62413105
782,329947.9247951,4157675.60655984
783,329947.942554816,4157675.58851825
784,329947.960186723,4157675.57098024
785,329947.976897849,4157675.55288509
786,329947.993373988,4157675.53537859
787,329948.011156484,4157675.51836336
788,329948.028940777,4157675.50010854
789,329948.045638787,4157675.48203745
790,329948.063393395,4157675.46320768
791,329948.082679536,4157675.44435817
792,329948.101754212,4157675.42593727
793,329948.120202559,4157675.40788412
794,329948.140219008,4157675.39006715
795,329948.159219174,4157675.37164548
796,329948.177402665,4157675.35405115
797,329948.197373735,4157675.33525469
798,329948.21624148,4157675.3169383
799,329948.235337246,4157675.29861279
800,329948.255716556,4157675.27891359
801,329948.276066971,4157675.25921982
802,329948.295915127,4157675.24061353
803,329948.315339831,4157675.22338041
804,329948.335392786,4157675.20556148
805,329948.355218724,4157675.18667646
806,329948.375664253,4157675.16813062
807,329948.395155019,4157675.1503001
808,329948.414596358,4157675.13322732
809,329948.434196352,4157675.11619947
810,329948.453985352,4157675.09837228
811,329948.47303686,4157675.07976258
812,329948.490837824,4157675.06096209
813,329948.510617207,4157675.04136268
814,329948.530580937,4157675.02294622
815,329948.550623561,4157675.00378476
816,329948.569966997,4157674.98607272
817,329948.589798218,4157674.96872275
818,329948.608925197,4157674.95169937
819,329948.627911538,4157674.93423704
820,329948.646954974,4157674.91583167
821,329948.66573294,4157674.89665275
822,329948.68428321,4157674.8781561
823,329948.70405306,4157674.8603007
824,329948.724687999,4157674.84218565
825,329948.743523331,4157674.82491234
826,329948.761845395,4157674.80731442
827,329948.780345617,4157674.7893421
828,329948.799014509,4157674.77156857
829,329948.81668396,4157674.75458059
830,329948.834345862,4157674.73748754
831,329948.853710846,4157674.71815661
832,329948.872164401,4157674.699472
833,329948.891622405,4157674.68145235
834,329948.91103049,4157674.66531758
835,329948.930574896,4157674.64911339
836,329948.94869177,4157674.63236408
837,329948.966758088,4157674.61474596
838,329948.984941754,4157674.59734172
839,329949.001729287,4157674.58059551
840,329949.018948242,4157674.56357526
841,329949.037562,4157674.54578809
842,329949.056278906,4157674.52815962
843,329949.075018832,4157674.5115874
844,329949.093723549,4157674.49497426
845,329949.112446007,4157674.47812979
846,329949.131011678,4157674.46095808
847,329949.150601468,4157674.44322485
848,329949.169608302,4157674.42646986
849,329949.187871988,4157674.41037499
850,329949.206633397,4157674.39437243
851,329949.226785529,4157674.3772661
852,329949.245599142,4157674.36056534
853,329949.264185326,4157674.34328337
854,329949.282584868,4157674.3262463
855,329949.301033114,4157674.3108025
856,329949.320811737,4157674.29508622
857,329949.339760129,4157674.27807007
858,329949.356997995,4157674.2613799
859,329949.374487758,4157674.24446517
860,329949.394079646,4157674.22628261
861,329949.412224452,4157674.20924238
862,329949.430374066,4157674.19235959
863,329949.447639219,4157674.17591073
864,329949.465376605,4157674.15928071
865,329949.483766443,4157674.14236584
866,329949.502726411,4157674.12594102
867,329949.521297952,4157674.10923643
868,329949.538889401,4157674.09240936
869,329949.559992256,4157674.07470488
870,329949.57951674,4157674.058152
871,329949.597919879,4157674.04217926
872,329949.615168643,4157674.02659156
873,329949.632977906,4157674.01064823
874,329949.650661528,4157673.99423591
875,329949.668905362,4157673.9775164
876,329949.687616848,4157673.96158522
877,329949.706048558,4157673.94627536
878,329949.725834422,4157673.92920894
879,329949.743817945,4157673.91165704
880,329949.76117693,4157673.89406528
881,329949.778572,4157673.87737751
882,329949.798052191,4157673.86061566
883,329949.817551583,4157673.84327414
884,329949.835151262,4157673.82595349
885,329949.853095941,4157673.80812284
886,329949.873383162,4157673.78938005
887,329949.893767807,4157673.77086623
888,329949.911410352,4157673.75343811
889,329949.930368333,4157673.73569748
890,329949.948085199,4157673.71757437
891,329949.966494173,4157673.69878481
892,329949.985949164,4157673.68040817
893,329950.006156128,4157673.66203771
894,329950.027385584,4157673.64380161
895,329950.047392952,4157673.6255203
896,329950.067300576,4157673.60638559
897,329950.090376277,4157673.58748809
898,329950.111690843,4157673.56846935
899,329950.132190428,4157673.54890352
900,329950.152691328,4157673.52977818
901,329950.174067427,4157673.51065748
902,329950.195899835,4157673.49099412
903,329950.216273013,4157673.47248555
904,329950.23785694,4157673.4541203
905,329950.260074718,4157673.43538364
906,329950.281570537,4157673.41522788
907,329950.30083052,4157673.39584557
908,329950.321671719,4157673.37666028
909,329950.342871287,4157673.35754263
910,329950.362108658,4157673.33840501
911,329950.380530554,4157673.31882392
912,329950.400995269,4157673.29929782
913,329950.423182228,4157673.27983267
914,329950.44338578,4157673.26010705
915,329950.464305492,4157673.24013924
916,329950.483847629,4157673.22069504
917,329950.504499189,4157673.20109989
918,329950.525301226,4157673.18198206
919,329950.545766132,4157673.16245923
920,329950.565621395,4157673.14409385
921,329950.585886905,4157673.12569167
922,329950.607143447,4157673.10658489
923,329950.628020557,4157673.08641866
924,329950.649883741,4157673.06653273
925,329950.670405101,4157673.04844251
926,329950.692096044,4157673.03039458
927,329950.712946015,4157673.01193945
928,329950.732754554,4157672.99346434
929,329950.755634764,4157672.97376246
930,329950.777526641,4157672.95456897
931,329950.79797899,4157672.93564404
932,329950.817022678,4157672.91819211
933,329950.839683569,4157672.89839431
934,329950.860805179,4157672.87848345
935,329950.880343475,4157672.85853717
936,329950.899184211,4157672.83953185
937,329950.918612436,4157672.82174991
938,329950.939544794,4157672.80397335
939,329950.959766762,4157672.78486792
940,329950.980031956,4157672.76473195
941,329951.001408482,4157672.74477754
942,329951.024811153,4157672.72440032
943,329951.047202784,4157672.70566626
944,329951.06901215,4157672.68691121
945,329951.091125001,4157672.66671986
946,329951.112079767,4157672.64661707
947,329951.13268323,4157672.62695313
948,329951.154754794,4157672.60796965
949,329951.177172454,4157672.58884112
950,329951.198476413,4157672.56984705
951,329951.222245251,4157672.54925052
952,329951.244057306,4157672.52976655
953,329951.266079311,4157672.50987612
954,329951.287755775,4157672.4899402
955,329951.309411262,4157672.47043129
956,329951.331717591,4157672.45031793
957,329951.353250526,4157672.42953126
958,329951.375034376,4157672.40919615
959,329951.397631395,4157672.38977072
960,329951.422208493,4157672.36971261
961,329951.444713123,4157672.35022119
962,329951.467180444,4157672.32996554
963,329951.489612999,4157672.30935303
964,329951.511826889,4157672.2891362
965,329951.534015832,4157672.26901943
966,329951.556074361,4157672.24849238
967,329951.576943215,4157672.22845124
968,329951.599480103,4157672.20829517
969,329951.624138138,4157672.18644295
970,329951.645949287,4157672.16546449
971,329951.668497757,4157672.14468219
972,329951.691304283,4157672.12413392
973,329951.715156641,4157672.10375201
974,329951.738918789,4157672.08382354
975,329951.762240175,4157672.06376229
976,329951.785988714,4157672.04349221
977,329951.809208444,4157672.02263148
978,329951.833909586,4157672.00103075
979,329951.856899623,4157671.98035372
980,329951.879978711,4157671.95955707
981,329951.901756577,4157671.93961215
982,329951.92508604,4157671.92030472
983,329951.949878269,4157671.90004767
984,329951.972258943,4157671.88017083
985,329951.994632633,4157671.85954146
986,329952.018960501,4157671.83863019
987,329952.04421713,4157671.81825068
988,329952.068389784,4157671.79802609
989,329952.093529898,4157671.77709426
990,329952.117991754,4157671.75650468
991,329952.142947485,4157671.73618972
992,329952.168123498,4157671.71589873
993,329952.192567143,4157671.69519841
994,329952.216211844,4157671.67418872
995,329952.239083637,4157671.65302856
996,329952.265728507,4157671.63178637
997,329952.290331091,4157671.61152306
998,329952.315173331,4157671.5906435
999,329952.339388028,4157671.56911879
1000,329952.363464883,4157671.54817064
1001,329952.38849277,4157671.52782204
1002,329952.413688889,4157671.50752066
1003,329952.439023548,4157671.48702685
1004,329952.464154166,4157671.46729938
1005,329952.491526836,4157671.44739343
1006,329952.517070963,4157671.4275123
1007,329952.542568863,4157671.4064011
1008,329952.5671307,4157671.38587121
1009,329952.591226948,4157671.3661556
1010,329952.61590011,4157671.34627466
1011,329952.640662038,4157671.32564892
1012,329952.665120958,4157671.3046002
1013,329952.689258361,4157671.28451662
1014,329952.717816598,4157671.26315692
1015,329952.742459482,4157671.24252833
1016,329952.767021372,4157671.22192301
1017,329952.792278475,4157671.20113663
1018,329952.817189426,4157671.18033567
1019,329952.8410472,4157671.15998787
1020,329952.866004426,4157671.14018788
1021,329952.891170259,4157671.1204932
1022,329952.916380029,4157671.09908991
1023,329952.942702,4157671.07752737
1024,329952.967982144,4157671.05606554
1025,329952.992755417,4157671.03526449
1026,329953.017021559,4157671.01430555
1027,329953.040820946,4157670.99263255
1028,329953.064120503,4157670.97063796
1029,329953.087012197,4157670.94774724
1030,329953.109868554,4157670.92408188
1031,329953.131962497,4157670.9003874
1032,329953.156519615,4157670.87565558
1033,329953.178280833,4157670.85213623
1034,329953.199952043,4157670.82855383
1035,329953.221638895,4157670.80442452
1036,329953.243234151,4157670.78040972
1037,329953.26514369,4157670.75703329
1038,329953.287143896,4157670.73259926
1039,329953.306448779,4157670.70922769
1040,329953.323576749,4157670.68620399
1041,329953.346491477,4157670.66150539
1042,329953.371379459,4157670.63696761
1043,329953.394783324,4157670.61428776
1044,329953.418679238,4157670.59280015
1045,329953.442725089,4157670.57089493
1046,329953.466905314,4157670.54773326
1047,329953.488806069,4157670.52521649
1048,329953.512474463,4157670.50179365
1049,329953.537779136,4157670.47748372
1050,329953.563222064,4157670.45365543
1051,329953.586364899,4157670.43139699
1052,329953.609138048,4157670.40942253
1053,329953.633035133,4157670.38639731
1054,329953.656951725,4157670.36318006
1055,329953.68005483,4157670.34082849
1056,329953.703694708,4157670.31827709
1057,329953.728199833,4157670.29548646
1058,329953.752625599,4157670.27187135
1059,329953.775621819,4157670.24877446
1060,329953.801962926,4157670.22645545
1061,329953.826432062,4157670.20403106
1062,329953.849661179,4157670.18129467
1063,329953.871830115,4157670.15852399
1064,329953.895376609,4157670.13538464
1065,329953.917807583,4157670.11250134
1066,329953.942471346,4157670.08936763
1067,329953.966786419,4157670.0670201
1068,329953.989306961,4157670.04449786
1069,329954.014809305,4157670.02059843
1070,329954.038430668,4157669.99742379
1071,329954.062707106,4157669.97414961
1072,329954.086349252,4157669.95138572
1073,329954.110775223,4157669.92837579
1074,329954.134491739,4157669.90620763
1075,329954.157994504,4157669.8838017
1076,329954.181317915,4157669.86167851
1077,329954.204969371,4157669.83940394
1078,329954.230207694,4157669.81677274
1079,329954.252818828,4157669.79430765
1080,329954.277157469,4157669.77046381
1081,329954.300651097,4157669.74760226
1082,329954.325221272,4157669.72475763
1083,329954.348800289,4157669.70234352
1084,329954.371778168,4157669.6801241
1085,329954.395567109,4157669.65837177
1086,329954.418975955,4157669.63520023
1087,329954.443925159,4157669.61205316
1088,329954.466992683,4157669.58955145
1089,329954.491452897,4157669.56748985
1090,329954.51588528,4157669.54514338
1091,329954.53974338,4157669.5227043
1092,329954.563057635,4157669.50060352
1093,329954.587649367,4157669.4788897
1094,329954.61257319,4157669.45673168
1095,329954.636285541,4157669.43447753
1096,329954.66312061,4157669.41107525
1097,329954.688184733,4157669.38890925
1098,329954.713391068,4157669.36693086
1099,329954.738531232,4157669.345649
1100,329954.763892355,4157669.32432627
1101,329954.788530451,4157669.3025952
1102,329954.81212783,4157669.28067171
1103,329954.836397663,4157669.25878336
1104,329954.860373191,4157669.23728661
1105,329954.886962343,4157669.21527806
1106,329954.910734075,4157669.19306806
1107,329954.936115029,4157669.16948168
1108,329954.960253014,4157669.14694134
1109,329954.984486792,4157669.12448206
1110,329955.007842771,4157669.10229677
1111,329955.03185337,4157669.08109904
1112,329955.056085635,4157669.06087277
1113,329955.079976371,4157669.03923644
1114,329955.106446122,4157669.01677801
1115,329955.130690799,4157668.99580628
1116,329955.156197393,4157668.97481505
1117,329955.180465977,4157668.95406812
1118,329955.203712298,4157668.93201021
1119,329955.227545902,4157668.90877997
1120,329955.251405399,4157668.88622007
1121,329955.274275802,4157668.86374513
1122,329955.295943355,4157668.84224123
1123,329955.321437414,4157668.81815234
1124,329955.343124874,4157668.79448778
1125,329955.364147472,4157668.77093853
1126,329955.385763288,4157668.74798563
1127,329955.40878726,4157668.72383604
1128,329955.430221617,4157668.69988798
1129,329955.451699332,4157668.67624161
1130,329955.473018943,4157668.65352589
1131,329955.494871626,4157668.63093022
1132,329955.519749188,4157668.6067166
1133,329955.542291112,4157668.58291558
1134,329955.564787594,4157668.55991808
1135,329955.587443508,4157668.53781919
1136,329955.610578067,4157668.51523166
1137,329955.633689374,4157668.4914168
1138,329955.655866971,4157668.46856922
1139,329955.679037252,4157668.44742318
1140,329955.703740624,4157668.42631129
1141,329955.729270989,4157668.40291523
1142,329955.751445996,4157668.38068417
1143,329955.772944522,4157668.35886621
1144,329955.796258319,4157668.33627149
1145,329955.819145188,4157668.31315522
1146,329955.842821914,4157668.28911267
1147,329955.866388036,4157668.26578235
1148,329955.889373232,4157668.24346755
1149,329955.913251691,4157668.22179672
1150,329955.938887834,4157668.19927788
1151,329955.962135299,4157668.17663148
1152,329955.98526739,4157668.15367459
1153,329956.009589016,4157668.13026876
1154,329956.033556421,4157668.10798468
1155,329956.056897463,4157668.08633986
1156,329956.078628636,4157668.06502988
1157,329956.103029869,4157668.04202818
1158,329956.126905996,4157668.01950286
1159,329956.15064542,4157667.99679407
1160,329956.173485942,4157667.97419978
1161,329956.197749056,4157667.95118407
1162,329956.22225932,4157667.92815137
1163,329956.246795957,4157667.90546456
1164,329956.270176459,4157667.88280218
1165,329956.293065957,4157667.85965012
1166,329956.31684889,4157667.83635597
1167,329956.342093399,4157667.81325224
1168,329956.36684784,4157667.7898997
1169,329956.388794737,4157667.76703397
1170,329956.411138177,4157667.74348773
1171,329956.435572113,4157667.71919103
1172,329956.45804446,4157667.69591696
1173,329956.479916777,4157667.67227276
1174,329956.5023342,4157667.64773077
1175,329956.52673829,4157667.6220829
1176,329956.548942071,4157667.59890978
1177,329956.572749076,4157667.5753556
1178,329956.597145641,4157667.55106354
1179,329956.620955347,4157667.52708893
1180,329956.644451883,4157667.50357385
1181,329956.669381175,4157667.48078794
1182,329956.694096877,4157667.45823439
1183,329956.716569064,4157667.43543041
1184,329956.740861569,4157667.41107646
1185,329956.765144946,4157667.38698305
1186,329956.791221066,4157667.36309268
1187,329956.815361319,4157667.33947221
1188,329956.838765274,4157667.3158364
1189,329956.862255831,4157667.29226883
1190,329956.885808296,4157667.26799228
1191,329956.908529576,4157667.24469304
1192,329956.932295656,4157667.22040276
1193,329956.955560334,4157667.19583648
1194,329956.980897034,4157667.1714544
1195,329957.007296565,4157667.14811292
1196,329957.030881426,4157667.12512472
1197,329957.053845018,4157667.10175488
1198,329957.078627751,4157667.07776301
1199,329957.103764071,4157667.05405188
1200,329957.127526307,4157667.02996105
1201,329957.151612446,4157667.00645138
1202,329957.177486473,4157666.98267267
1203,329957.202932142,4157666.95889319
1204,329957.229447717,4157666.93630045
1205,329957.254829931,4157666.91329672
1206,329957.279493092,4157666.89031957
1207,329957.30476369,4157666.86744758
1208,329957.329823514,4157666.8443683
1209,329957.355404766,4157666.81967098
1210,329957.379871757,4157666.79553055
1211,329957.403817288,4157666.77237181
1212,329957.429728086,4157666.7490564
1213,329957.455430216,4157666.72532211
1214,329957.48109659,4157666.70179706
1215,329957.505567675,4157666.67761051
1216,329957.530356282,4157666.65258694
1217,329957.555530546,4157666.62794637
1218,329957.579697486,4157666.60413279
1219,329957.603523164,4157666.58033445
1220,329957.628146235,4157666.55609649
1221,329957.65243167,4157666.53245959
1222,329957.676392796,4157666.50737127
1223,329957.70153261,4157666.48323751
1224,329957.726488007,4157666.4592215
1225,329957.751643108,4157666.43543132
1226,329957.776625513,4157666.41216604
1227,329957.801520128,4157666.38843665
1228,329957.826203054,4157666.36516704
1229,329957.85130838,4157666.34195192
1230,329957.877016813,4157666.31775154
1231,329957.900793151,4157666.29389251
1232,329957.927317815,4157666.26974688
1233,329957.95210932,4157666.24675227
1234,329957.976644226,4157666.22385434
1235,329958.001358926,4157666.20126992
1236,329958.025946458,4157666.17779258
1237,329958.049661985,4157666.15316176
1238,329958.073706194,4157666.1286877
1239,329958.098212866,4157666.10442998
1240,329958.122856681,4157666.08062836
1241,329958.149048659,4157666.05697071
1242,329958.172384245,4157666.03355949
1243,329958.196228195,4157666.0099977
1244,329958.219797504,4157665.9869752
1245,329958.242629041,4157665.96398183
1246,329958.265768276,4157665.94099785
1247,329958.2897976,4157665.91813756
1248,329958.314823622,4157665.8956539
1249,329958.339162469,4157665.8732185
1250,329958.363725284,4157665.85090741
1251,329958.387408895,4157665.82838256
1252,329958.410516386,4157665.80627262
1253,329958.433119431,4157665.7835613
1254,329958.456189481,4157665.7602926
1255,329958.478647839,4157665.73640662
1256,329958.501291527,4157665.71173207
1257,329958.524896424,4157665.68938336
1258,329958.547921541,4157665.66750322
1259,329958.57204966,4157665.64565508
1260,329958.593733343,4157665.6232327
1261,329958.615180183,4157665.60114422
1262,329958.638082133,4157665.57976141
1263,329958.661825652,4157665.55856979
1264,329958.684364964,4157665.53730949
1265,329958.706344549,4157665.51608855
1266,329958.730366853,4157665.49498752
1267,329958.753086759,4157665.47363185
1268,329958.775419303,4157665.45288414
1269,329958.797254185,4157665.4320508
1270,329958.819085315,4157665.41109554
1271,329958.840555972,4157665.39000997
1272,329958.862212729,4157665.36917293
1273,329958.88474716,4157665.34856631
1274,329958.907380418,4157665.32779152
1275,329958.929292649,4157665.3072272
1276,329958.951941759,4157665.28636805
1277,329958.975384866,4157665.26478182
1278,329958.997141695,4157665.24327627
1279,329959.017738773,4157665.22247468
1280,329959.038062234,4157665.20099564
1281,329959.058062496,4157665.17965062
1282,329959.079302994,4157665.15889272
1283,329959.101154853,4157665.13777259
1284,329959.122149443,4157665.11611677
1285,329959.142295143,4157665.09519129
1286,329959.166036754,4157665.07407406
1287,329959.189298737,4157665.05353046
1288,329959.211962948,4157665.03292223
1289,329959.233516227,4157665.01252065
1290,329959.255633644,4157664.99204658
1291,329959.279060553,4157664.97097787
1292,329959.302170565,4157664.95059585
1293,329959.324374606,4157664.92980322
1294,329959.347048672,4157664.90947076
1295,329959.370737927,4157664.88841277
1296,329959.392758217,4157664.86684418
1297,329959.413992965,4157664.84578473
1298,329959.435537779,4157664.8247757
1299,329959.459121356,4157664.80350928
1300,329959.481580985,4157664.78197221
1301,329959.503446385,4157664.76056868
1302,329959.526182232,4157664.73900298
1303,329959.549341066,4157664.71716452
1304,329959.57398034,4157664.69499614
1305,329959.596906126,4157664.67249382
1306,329959.619880972,4157664.6502466
1307,329959.643546945,4157664.62777268
1308,329959.667671554,4157664.6059089
1309,329959.692328651,4157664.58462641
1310,329959.715716492,4157664.56358304
1311,329959.740305066,4157664.54189382
1312,329959.766144616,4157664.5193508
1313,329959.791523178,4157664.49700389
1314,329959.815618534,4157664.47482785
1315,329959.839924231,4157664.45279001
1316,329959.865480135,4157664.42962154
1317,329959.889968632,4157664.40608676
1318,329959.915050698,4157664.38247203
1319,329959.939997961,4157664.3590845
1320,329959.964951634,4157664.33591913
1321,329959.990883007,4157664.31322121
1322,329960.017532358,4157664.29044209
1323,329960.043506903,4157664.26680126
1324,329960.069007331,4157664.24263587
1325,329960.095372824,4157664.2179879
1326,329960.121535211,4157664.19348454
1327,329960.14725476,4157664.16969702
1328,329960.173675996,4157664.14579174
1329,329960.200755598,4157664.1196355
1330,329960.225560256,4157664.0950199
1331,329960.253865879,4157664.07155271
1332,329960.281496037,4157664.04741203
1333,329960.309227415,4157664.0220166
1334,329960.335909363,4157663.99730707
1335,329960.363053344,4157663.97296016
1336,329960.391133964,4157663.94805933
1337,329960.417153791,4157663.92363864
1338,329960.442864214,4157663.89816258
1339,329960.471052527,4157663.8703697
1340,329960.496070579,4157663.84346878
1341,329960.52349088,4157663.81812462
1342,329960.551798276,4157663.79311996
1343,329960.579670289,4157663.76832308
1344,329960.606528999,4157663.74357958
1345,329960.634348706,4157663.71906327
1346,329960.662843632,4157663.69398059
1347,329960.690649646,4157663.66883619
1348,329960.718579151,4157663.6444338
1349,329960.74772146,4157663.61986988
1350,329960.775715372,4157663.59547982
1351,329960.803987994,4157663.57053075
1352,329960.833050638,4157663.54439299
1353,329960.860983636,4157663.51832443
1354,329960.889431409,4157663.4924235
1355,329960.918737355,4157663.46654044
1356,329960.947866025,4157663.43920432
1357,329960.976510741,4157663.41239962
1358,329961.005080492,4157663.38649615
1359,329961.034259936,4157663.36152474
1360,329961.063181137,4157663.33618529
1361,329961.092532465,4157663.31035473
1362,329961.122409166,4157663.28389323
1363,329961.151479785,4157663.25788576
1364,329961.182353716,4157663.23162371
1365,329961.21294003,4157663.20437497
1366,329961.241134308,4157663.17886963
1367,329961.27067751,4157663.15269934
1368,329961.301274172,4157663.12677317
1369,329961.331291932,4157663.1001364
1370,329961.360768893,4157663.07324769
1371,329961.389578001,4157663.04566104
1372,329961.41997659,4157663.01935047
1373,329961.45086002,4157662.99330939
1374,329961.480587357,4157662.96634754
1375,329961.509318309,4157662.93894943
1376,329961.538651298,4157662.91101906
1377,329961.569740074,4157662.88455253
1378,329961.600480092,4157662.85737336
1379,329961.630352801,4157662.83087494
1380,329961.660151694,4157662.80377224
1381,329961.689503423,4157662.77711005
1382,329961.720429675,4157662.75027845
1383,329961.751139716,4157662.72229689
1384,329961.78151723,4157662.69385675
1385,329961.812075175,4157662.66602371
1386,329961.844208639,4157662.63902354
1387,329961.874839692,4157662.61236203
1388,329961.905023978,4157662.58566626
1389,329961.935588232,4157662.55801673
1390,329961.965033742,4157662.53023322
1391,329961.995396483,4157662.50354867
1392,329962.026190574,4157662.47685598
1393,329962.055821147,4157662.44975259
1394,329962.085101485,4157662.42289245
1395,329962.116309533,4157662.3958447
1396,329962.146919616,4157662.36863134
1397,329962.177641719,4157662.34115144
1398,329962.208744378,4157662.31317416
1399,329962.238045459,4157662.2851916
1400,329962.268184006,4157662.25624895
1401,329962.299698512,4157662.22816195
1402,329962.330219149,4157662.20077044
1403,329962.35890351,4157662.17338171
1404,329962.390155434,4157662.14598154
1405,329962.421790401,4157662.11869852
1406,329962.4527757,4157662.0913312
1407,329962.482751313,4157662.0644542
1408,329962.513148515,4157662.03707201
1409,329962.545902393,4157662.00958033
1410,329962.577060035,4157661.98271872
1411,329962.606798966,4157661.9554024
1412,329962.636839563,4157661.92715128
1413,329962.668342987,4157661.90040456
1414,329962.70023555,4157661.87287798
1415,329962.731388819,4157661.84548525
1416,329962.761557336,4157661.81835862
1417,329962.79194385,4157661.79028756
1418,329962.823394351,4157661.76109444
1419,329962.854185526,4157661.73273206
1420,329962.884373409,4157661.70452588
1421,329962.915268394,4157661.67604947
1422,329962.945110789,4157661.64803787
1423,329962.976514834,4157661.61945835
1424,329963.007777944,4157661.59174133
1425,329963.037816043,4157661.56430217
1426,329963.068053359,4157661.53689084
1427,329963.099531955,4157661.50827097
1428,329963.131144779,4157661.47936802
1429,329963.162141433,4157661.45092784
1430,329963.192280119,4157661.42250638
1431,329963.223578267,4157661.39474115
1432,329963.254631784,4157661.36652014
1433,329963.285296659,4157661.33855729
1434,329963.315347383,4157661.31055662
1435,329963.344720058,4157661.28364034
1436,329963.37617331,4157661.25662109
1437,329963.40736993,4157661.22820243
1438,329963.436513188,4157661.19918486
1439,329963.465577103,4157661.17065288
1440,329963.496964964,4157661.14306074
1441,329963.526469108,4157661.1149034
1442,329963.556006386,4157661.08719857
1443,329963.586496435,4157661.05972615
1444,329963.616009101,4157661.03275397
1445,329963.644517252,4157661.00598623
1446,329963.673654735,4157660.97845872
1447,329963.702875718,4157660.95171511
1448,329963.731656184,4157660.92429869
1449,329963.760874754,4157660.89683483
1450,329963.790086754,4157660.86896804
1451,329963.820040163,4157660.84119485
1452,329963.850154,4157660.81378267
1453,329963.879252836,4157660.78676761
1454,329963.907866271,4157660.76051467
1455,329963.936741929,4157660.73366524
1456,329963.965580878,4157660.70614886
1457,329963.992919242,4157660.67896191
1458,329964.022577656,4157660.65327624
1459,329964.051684387,4157660.62701989
1460,329964.080111684,4157660.60013663
1461,329964.10861995,4157660.57312639
1462,329964.139446186,4157660.54626564
1463,329964.169394527,4157660.51909974
1464,329964.197383579,4157660.49262446
1465,329964.227135056,4157660.46543884
1466,329964.255553863,4157660.43895199
1467,329964.28341647,4157660.41375539
1468,329964.311731137,4157660.38768613
1469,329964.33983835,4157660.36065665
1470,329964.369061819,4157660.33327816
1471,329964.398953765,4157660.30576958
1472,329964.427065957,4157660.28001187
1473,329964.45650949,4157660.25355893
1474,329964.486539816,4157660.22574157
1475,329964.514344303,4157660.19909392
1476,329964.542277776,4157660.17332108
1477,329964.571592226,4157660.14648103
1478,329964.600910989,4157660.11881768
1479,329964.628776114,4157660.09214986
1480,329964.656035178,4157660.06652947
1481,329964.685039489,4157660.04062055
1482,329964.713807784,4157660.01312766
1483,329964.741486878,4157659.98561425
1484,329964.771724874,4157659.95769806
1485,329964.80040597,4157659.93093255
1486,329964.82916591,4157659.90421953
1487,329964.858429022,4157659.8773843
1488,329964.886625909,4157659.85093394
1489,329964.915162321,4157659.82508087
1490,329964.943592509,4157659.79869858
1491,329964.972669405,4157659.77054868
1492,329965.000750393,4157659.7433964
1493,329965.028367939,4157659.71650009
1494,329965.057383584,4157659.69026836
1495,329965.086125523,4157659.66426422
1496,329965.115029384,4157659.63706953
1497,329965.143285689,4157659.61009151
1498,329965.171967084,4157659.58292219
1499,329965.201459231,4157659.55558536
1500,329965.230606424,4157659.52848834
1501,329965.259581477,4157659.50199206
1502,329965.28762319,4157659.47581296
1503,329965.317338948,4157659.4479447
1504,329965.346147098,4157659.41978073
1505,329965.375259961,4157659.39241095
1506,329965.405522594,4157659.36535462
1507,329965.436510403,4157659.33767156
1508,329965.465741475,4157659.31099234
1509,329965.495867848,4157659.28300332
1510,329965.524497544,4157659.25486117
1511,329965.554020402,4157659.22729834
1512,329965.584432471,4157659.20064258
1513,329965.61571152,4157659.17278631
1514,329965.646180799,4157659.14571217
1515,329965.677365626,4157659.11836953
1516,329965.708586547,4157659.08960185
1517,329965.73856291,4157659.06171711
1518,329965.769090774,4157659.03375027
1519,329965.800329577,4157659.00458812
1520,329965.830367768,4157658.97634002
1521,329965.859021293,4157658.94684318
1522,329965.889412064,4157658.91801672
1523,329965.920498537,4157658.88909124
1524,329965.950720192,4157658.86078414
1525,329965.98127548,4157658.83181249
1526,329966.013175219,4157658.80217372
1527,329966.044369282,4157658.77192979
1528,329966.074874183,4157658.74258478
1529,329966.104692058,4157658.71381595
1530,329966.136374455,4157658.68511614
1531,329966.168327407,4157658.65698284
1532,329966.199528522,4157658.62773805
1533,329966.231040471,4157658.59832444
1534,329966.26250624,4157658.5698504
1535,329966.295237195,4157658.54118259
1536,329966.327821602,4157658.51098953
1537,329966.359451868,4157658.48061194
1538,329966.391247265,4157658.45023231
1539,329966.421975117,4157658.41910527
1540,329966.454194192,4157658.38952497
1541,329966.485806085,4157658.36049896
1542,329966.516081947,4157658.33132159
1543,329966.546860959,4157658.30138161
1544,329966.578837575,4157658.27162639
1545,329966.610730791,4157658.2426292
1546,329966.640981922,4157658.21351667
1547,329966.670176421,4157658.18315849
1548,329966.702300848,4157658.1505116
1549,329966.732288204,4157658.1190958
1550,329966.762760145,4157658.08819072
1551,329966.793724756,4157658.05839312
1552,329966.824629636,4157658.02833651
1553,329966.855275108,4157657.99849418
1554,329966.887293558,4157657.96847611
1555,329966.918537592,4157657.93864151
1556,329966.950247617,4157657.90854677
1557,329966.981077829,4157657.87900462
1558,329967.013417614,4157657.84945117
1559,329967.044616082,4157657.8186122
1560,329967.073940981,4157657.78780585
1561,329967.104301899,4157657.75712106
1562,329967.137503504,4157657.72646345
1563,329967.170365545,4157657.69609105
1564,329967.200721489,4157657.66602884
1565,329967.23079976,4157657.63658219
1566,329967.260946444,4157657.60714806
1567,329967.294236695,4157657.57757601
1568,329967.32580939,4157657.54772897
1569,329967.356763677,4157657.5170012
1570,329967.387616908,4157657.48700981
1571,329967.418991983,4157657.45746653
1572,329967.450962423,4157657.42723633
1573,329967.481239772,4157657.39743924
1574,329967.51403206,4157657.3663468
1575,329967.546860217,4157657.33553789
1576,329967.578203958,4157657.30580217
1577,329967.609482045,4157657.27651654
1578,329967.640125465,4157657.24636405
1579,329967.67094137,4157657.21467301
1580,329967.701200043,4157657.18423409
1581,329967.730475014,4157657.15327442
1582,329967.759357615,4157657.12207589
1583,329967.788545138,4157657.08946838
1584,329967.817183994,4157657.05740266
1585,329967.846194178,4157657.02681897
1586,329967.875288858,4157656.99420069
1587,329967.903593542,4157656.96144452
1588,329967.931002451,4157656.92841924
1589,329967.957379386,4157656.8953884
1590,329967.983071649,4157656.86241643
1591,329968.009639053,4157656.82761793
1592,329968.034333407,4157656.79475338
1593,329968.058622294,4157656.76232659
1594,329968.082609826,4157656.7301666
1595,329968.10822287,4157656.69548717
1596,329968.132279245,4157656.66090863
1597,329968.155927501,4157656.6268754
1598,329968.179464001,4157656.59460435
1599,329968.204298596,4157656.56161603
1600,329968.229756345,4157656.52800685
1601,329968.254385597,4157656.49541603
1602,329968.277064158,4157656.46546411
1603,329968.30050292,4157656.43572302
1604,329968.325710004,4157656.40407264
1605,329968.350211384,4157656.37205429
1606,329968.373964408,4157656.33983282
1607,329968.397793271,4157656.30860406
1608,329968.421981596,4157656.27823189
1609,329968.444898354,4157656.24801972
1610,329968.46774809,4157656.21772541
1611,329968.492166075,4157656.18732665
1612,329968.515417032,4157656.15749573
1613,329968.538230384,4157656.12840353
1614,329968.560132969,4157656.10051818
1615,329968.582107739,4157656.07295062
1616,329968.605812621,4157656.04444108
1617,329968.627816564,4157656.0153072
1618,329968.649699707,4157655.98534659
1619,329968.670271956,4157655.95776098
1620,329968.693230897,4157655.9298826
1621,329968.71490286,4157655.90342582
1622,329968.735871939,4157655.87693195
1623,329968.757129837,4157655.85061434
1624,329968.777599608,4157655.82474022
1625,329968.797511016,4157655.79812323
1626,329968.817994549,4157655.77096865
1627,329968.837380926,4157655.74418563
1628,329968.857551695,4157655.71807124
1629,329968.87811826,4157655.69258835
1630,329968.898192145,4157655.66710931
1631,329968.917624796,4157655.64223282
1632,329968.936989645,4157655.61812431
1633,329968.957437592,4157655.59336433
1634,329968.977145495,4157655.56859095
1635,329968.995372472,4157655.54423589
1636,329969.013465643,4157655.51957269
1637,329969.032136515,4157655.49526714
1638,329969.050935446,4157655.47117705
1639,329969.068486224,4157655.4477218
1640,329969.086201575,4157655.42342986
1641,329969.10328576,4157655.40083092
1642,329969.12126857,4157655.37799334
1643,329969.139361253,4157655.35520474
1644,329969.157261241,4157655.33318574
1645,329969.17546579,4157655.31215837
1646,329969.19376242,4157655.29065687
1647,329969.212206975,4157655.26764993
1648,329969.22904677,4157655.24678928
1649,329969.245558888,4157655.22620636
1650,329969.262174436,4157655.20493139
1651,329969.279262332,4157655.18330848
1652,329969.296219988,4157655.16217852
1653,329969.313391093,4157655.14138903
1654,329969.330955137,4157655.12103105
1655,329969.348600784,4157655.10008578
1656,329969.366050334,4157655.07888604
1657,329969.382848417,4157655.05887818
1658,329969.399139397,4157655.03963933
1659,329969.416090149,4157655.01916561
1660,329969.433146671,4157654.99814856
1661,329969.45017585,4157654.97716888
1662,329969.466742223,4157654.95619811
1663,329969.48307712,4157654.93423867
1664,329969.499940446,4157654.91268693
1665,329969.516418279,4157654.8923724
1666,329969.532606104,4157654.87216967
1667,329969.549171252,4157654.85184523
1668,329969.565526387,4157654.83116572
1669,329969.582147049,4157654.81035473
1670,329969.59889291,4157654.78982708
1671,329969.616119326,4157654.7692243
1672,329969.632574549,4157654.74951334
1673,329969.648765464,4157654.72937408
1674,329969.665767464,4157654.7089919
1675,329969.683484695,4157654.68840265
1676,329969.699165934,4157654.66860961
1677,329969.71516418,4157654.64803665
1678,329969.7317975,4157654.62716848
1679,329969.748185718,4157654.60587925
1680,329969.764032039,4157654.58396938
1681,329969.797076587,4157654.54078555
1682,329969.813548705,4157654.51853516
1683,329969.82964182,4157654.49434815
1684,329969.844828641,4157654.47072988
1685,329969.860119316,4157654.44612523
1686,329969.875232012,4157654.42200185
1687,329969.890133688,4157654.39795339
1688,329969.904802085,4157654.37328806
1689,329969.918454185,4157654.34760947
1690,329969.931338972,4157654.32078881
1691,329969.943822597,4157654.29559296
1692,329969.957891165,4157654.2691414
1693,329969.970146541,4157654.24385169
1694,329969.981969124,4157654.21763932
1695,329969.993312629,4157654.19005498
1696,329970.004158663,4157654.16128737
1697,329970.015658195,4157654.13196892
1698,329970.026752687,4157654.10374086
1699,329970.038049163,4157654.07566849
1700,329970.049214093,4157654.0469424
1701,329970.05957529,4157654.01748507
1702,329970.070034439,4157653.98875409
1703,329970.080425395,4157653.95791916
1704,329970.090316909,4157653.92764204
1705,329970.100430421,4157653.89780117
1706,329970.109876488,4157653.86850843
1707,329970.118530597,4157653.83741723
1708,329970.12542587,4157653.80581697
1709,329970.13148779,4157653.77352218
1710,329970.13799121,4157653.74113569
1711,329970.144542193,4157653.70950457
1712,329970.151473682,4157653.67690358
1713,329970.156987334,4157653.64448696
1714,329970.162268957,4157653.61240264
1715,329970.16839665,4157653.57901002
1716,329970.173986319,4157653.54589598
1717,329970.179005141,4157653.51369241
1718,329970.183854475,4157653.48057285
1719,329970.188474386,4157653.44676311
1720,329970.191154261,4157653.41452861
1721,329970.193376733,4157653.38014411
1722,329970.195070609,4157653.34550977
1723,329970.197775619,4157653.31091814
1724,329970.200484998,4157653.27759972
1725,329970.201908719,4157653.24411683
1726,329970.203117534,4157653.2091823
1727,329970.204092635,4157653.1738436
1728,329970.205138578,4157653.13837781
1729,329970.204917313,4157653.10583452
1730,329970.204206596,4157653.07234265
1731,329970.203422163,4157653.03787372
1732,329970.202730565,4157653.00326104
1733,329970.201327341,4157652.96870034
1734,329970.198557618,4157652.93463921
1735,329970.195488929,4157652.89940072
1736,329970.192159255,4157652.86425176
1737,329970.188389228,4157652.83113589
1738,329970.184975317,4157652.79885534
1739,329970.181780363,4157652.76453595
1740,329970.177331506,4157652.73016902
1741,329970.173487511,4157652.69608968
1742,329970.169260008,4157652.66155019
1743,329970.16415729,4157652.62781072
1744,329970.159948157,4157652.5941984
1745,329970.154902395,4157652.56049606
1746,329970.149359592,4157652.52689871
1747,329970.14212096,4157652.49491953
1748,329970.133869264,4157652.4618944
1749,329970.126461084,4157652.42982575
1750,329970.120450241,4157652.3971733
1751,329970.113540322,4157652.36529503
1752,329970.10509881,4157652.33307661
1753,329970.094976321,4157652.30069422
1754,329970.08406931,4157652.26793094
1755,329970.074426215,4157652.23542746
1756,329970.065803678,4157652.20434168
1757,329970.057018777,4157652.17333745
1758,329970.047613719,4157652.14219945
1759,329970.037169035,4157652.1107259
1760,329970.026387896,4157652.07938028
1761,329970.015646551,4157652.04900708
1762,329970.004618173,4157652.01767472
1763,329969.992600423,4157651.98748956
1764,329969.97969405,4157651.95710806
1765,329969.967612458,4157651.92835855
1766,329969.955876429,4157651.89903619
1767,329969.943823138,4157651.86983156
1768,329969.93109777,4157651.84027247
1769,329969.91756428,4157651.81036783
1770,329969.903190806,4157651.78045656
1771,329969.889574115,4157651.75107242
1772,329969.877516963,4157651.72222474
1773,329969.864767283,4157651.6940175
1774,329969.849791859,4157651.66635743
1775,329969.834408113,4157651.63828456
1776,329969.818978041,4157651.61033397
1777,329969.804111484,4157651.58314782
1778,329969.789857527,4157651.55549632
1779,329969.774538397,4157651.52814948
1780,329969.742095563,4157651.47193688
1781,329969.725967439,4157651.44461414
1782,329969.710025355,4157651.41697369
1783,329969.694559773,4157651.38867513
1784,329969.679192536,4157651.36123214
1785,329969.663999365,4157651.33565435
1786,329969.648014853,4157651.3106534
1787,329969.631865949,4157651.28381812
1788,329969.61609329,4157651.2550023
1789,329969.600190862,4157651.22588059
1790,329969.584264099,4157651.19923549
1791,329969.568851253,4157651.17420072
1792,329969.551700182,4157651.14755656
1793,329969.533772274,4157651.12126447
1794,329969.516847812,4157651.09581162
1795,329969.500345763,4157651.07174567
1796,329969.483221302,4157651.04751614
1797,329969.465908693,4157651.02313986
1798,329969.448277484,4157650.9996516
1799,329969.430315284,4157650.97495352
1800,329969.411617834,4157650.95109199
1801,329969.392089624,4157650.92636971
1802,329969.372893633,4157650.90180998
1803,329969.353898828,4157650.87770283
1804,329969.334286348,4157650.85322207
1805,329969.314674427,4157650.83023362
1806,329969.294164386,4157650.8074852
1807,329969.273801921,4157650.78438917
1808,329969.255066167,4157650.76193752
1809,329969.236400874,4157650.74057294
1810,329969.217534676,4157650.71812224
1811,329969.197339629,4157650.69583066
1812,329969.176337607,4157650.67459264
1813,329969.155606146,4157650.65326171
1814,329969.134842631,4157650.63013336
1815,329969.114289211,4157650.60794393
1816,329969.09346621,4157650.58718915
1817,329969.072168937,4157650.56713949
1818,329969.049688366,4157650.5475919
1819,329969.026115391,4157650.52697432
1820,329969.003345401,4157650.50583756
1821,329968.982606576,4157650.48479486
1822,329968.962911991,4157650.46440777
1823,329968.94317637,4157650.44355647
1824,329968.9233924,4157650.42328922
1825,329968.902297945,4157650.40219247
1826,329968.882185302,4157650.38285412
1827,329968.861055966,4157650.36151011
1828,329968.839459394,4157650.34098413
1829,329968.818017902,4157650.3193605
1830,329968.796990099,4157650.29837329
1831,329968.776169778,4157650.27797379
1832,329968.755504475,4157650.25736394
1833,329968.735238803,4157650.23772583
1834,329968.713884028,4157650.21686996
1835,329968.691343078,4157650.19536564
1836,329968.669301357,4157650.17611554
1837,329968.647783343,4157650.15725452
1838,329968.627021171,4157650.13620932
1839,329968.60648583,4157650.11507283
1840,329968.586468729,4157650.09440683
1841,329968.566367515,4157650.07385339
1842,329968.546279948,4157650.05303937
1843,329968.525522109,4157650.03367063
1844,329968.503832114,4157650.0124069
1845,329968.483567365,4157649.99136984
1846,329968.462496889,4157649.96959918
1847,329968.441298952,4157649.94788958
1848,329968.420578945,4157649.92738904
1849,329968.401412411,4157649.90646904
1850,329968.382452177,4157649.88494007
1851,329968.362394686,4157649.86339625
1852,329968.342229572,4157649.84313974
1853,329968.320833645,4157649.82297072
1854,329968.29987196,4157649.80004152
1855,329968.278434612,4157649.77855455
1856,329968.257383636,4157649.75701334
1857,329968.237681577,4157649.7366392
1858,329968.217821657,4157649.71577949
1859,329968.197383628,4157649.69373739
1860,329968.175189201,4157649.67257067
1861,329968.152574433,4157649.65223825
1862,329968.130825027,4157649.63148925
1863,329968.110946032,4157649.61038078
1864,329968.090920843,4157649.58886527
1865,329968.070646912,4157649.56687866
1866,329968.049719748,4157649.54551447
1867,329968.028647772,4157649.52504876
1868,329968.007534195,4157649.50292159
1869,329967.986712823,4157649.4798504
1870,329967.966162442,4157649.45789739
1871,329967.945901168,4157649.43793783
1872,329967.924373109,4157649.41786801
1873,329967.90170259,4157649.3953917
1874,329967.880758914,4157649.37308139
1875,329967.860323963,4157649.35175545
1876,329967.840171582,4157649.33063485
1877,329967.819853376,4157649.30884254
1878,329967.798123928,4157649.28663072
1879,329967.755110837,4157649.24228125
1880,329967.734826791,4157649.22067324
1881,329967.713086457,4157649.19986861
1882,329967.690255186,4157649.17787941
1883,329967.667863929,4157649.15688829
1884,329967.646685161,4157649.13556775
1885,329967.626632505,4157649.11346924
1886,329967.606063066,4157649.09014904
1887,329967.584273311,4157649.06851433
1888,329967.562368871,4157649.04778754
1889,329967.540837335,4157649.02598683
1890,329967.518867945,4157649.00357027
1891,329967.496594413,4157648.98171692
1892,329967.47388123,4157648.9610517
1893,329967.450847834,4157648.94033221
1894,329967.428829849,4157648.9192933
1895,329967.407630634,4157648.89645678
1896,329967.386290986,4157648.87369899
1897,329967.364010857,4157648.85275566
1898,329967.342479968,4157648.83211484
1899,329967.320059256,4157648.81012306
1900,329967.298275835,4157648.78804547
1901,329967.276557195,4157648.76622849
1902,329967.254703786,4157648.74509706
1903,329967.23268479,4157648.72409415
1904,329967.210671359,4157648.70284453
1905,329967.188797432,4157648.68047946
1906,329967.167437902,4157648.6589577
1907,329967.145562058,4157648.6373704
1908,329967.123184428,4157648.61682059
1909,329967.10166849,4157648.59650269
1910,329967.080190203,4157648.57665702
1911,329967.056921792,4157648.55446289
1912,329967.034413725,4157648.53273882
1913,329967.012389259,4157648.51105962
1914,329966.991973476,4157648.48913778
1915,329966.971064605,4157648.46782543
1916,329966.949014626,4157648.44623726
1917,329966.927691931,4157648.42593058
1918,329966.906760165,4157648.4042034
1919,329966.885247136,4157648.38281335
1920,329966.863039156,4157648.36249945
1921,329966.840874522,4157648.34217135
1922,329966.819053406,4157648.32077416
1923,329966.797124332,4157648.2986436
1924,329966.775242331,4157648.27770326
1925,329966.752316552,4157648.25650753
1926,329966.730195389,4157648.2352158
1927,329966.709542851,4157648.21224149
1928,329966.689297741,4157648.18946126
1929,329966.668016635,4157648.16691415
1930,329966.645900214,4157648.14551644
1931,329966.624371705,4157648.12416064
1932,329966.603388768,4157648.10269056
1933,329966.581821847,4157648.08167607
1934,329966.558531621,4157648.06043759
1935,329966.535863286,4157648.03853878
1936,329966.515169211,4157648.01580392
1937,329966.495822893,4157647.99276629
1938,329966.473116536,4157647.96940888
1939,329966.449165521,4157647.94605958
1940,329966.425179325,4157647.92383875
1941,329966.40215575,4157647.90093248
1942,329966.379776432,4157647.87871945
1943,329966.356090124,4157647.85519691
1944,329966.332217656,4157647.83306541
1945,329966.309741751,4157647.809716
1946,329966.288243406,4157647.78711957
1947,329966.266265,4157647.7638249
1948,329966.242787943,4157647.7392544
1949,329966.219952566,4157647.71533841
1950,329966.19607427,4157647.69138477
1951,329966.17147547,4157647.6672498
1952,329966.147530708,4157647.64280592
1953,329966.123917105,4157647.61678751
1954,329966.101740825,4157647.59285126
1955,329966.07900193,4157647.5694467
1956,329966.055127108,4157647.54622654
1957,329966.03010497,4157647.5216533
1958,329966.005693891,4157647.49843524
1959,329965.981031676,4157647.47598293
1960,329965.955338231,4157647.45470248
1961,329965.928054784,4157647.43223997
1962,329965.902188286,4157647.41048931
1963,329965.875045664,4157647.38809354
1964,329965.84847322,4157647.36639447
1965,329965.822288336,4157647.3453713
1966,329965.796186917,4157647.32522839
1967,329965.76962325,4157647.30268403
1968,329965.743719173,4157647.28033503
1969,329965.717554274,4157647.25857631
1970,329965.692795722,4157647.23671675
1971,329965.667903695,4157647.21454515
1972,329965.64308029,4157647.19137913
1973,329965.617424334,4157647.16720992
1974,329965.592046539,4157647.14216919
1975,329965.567870533,4157647.11767458
1976,329965.544813758,4157647.09451247
1977,329965.521371935,4157647.07224079
1978,329965.469785889,4157647.02519241
1979,329965.444648872,4157647.00271767
1980,329965.418999926,4157646.9800902
1981,329965.394920301,4157646.95855036
1982,329965.369564305,4157646.93490871
1983,329965.344904224,4157646.91166836
1984,329965.321221449,4157646.89050147
1985,329965.297731625,4157646.86880679
1986,329965.272933263,4157646.84483852
1987,329965.245736826,4157646.81918075
1988,329965.219944668,4157646.79504284
1989,329965.194796644,4157646.77208458
1990,329965.170322836,4157646.74738842
1991,329965.144805534,4157646.72165252
1992,329965.121278367,4157646.69817559
1993,329965.098206169,4157646.67550611
1994,329965.073631674,4157646.65012026
1995,329965.048892673,4157646.62528271
1996,329965.024228949,4157646.60186872
1997,329964.999446706,4157646.58059707
1998,329964.972889753,4157646.55842915
1999,329964.946376916,4157646.53522484
2000,329964.919538272,4157646.5118504
2001,329964.892872542,4157646.48956151
2002,329964.866669113,4157646.46744679
2003,329964.839943073,4157646.44386138
2004,329964.812252647,4157646.42170999
2005,329964.785074737,4157646.40176003
2006,329964.758349536,4157646.3821304
2007,329964.731439346,4157646.36368882
2008,329964.704234251,4157646.34629106
2009,329964.674680803,4157646.32738229
2010,329964.645407271,4157646.30975002
2011,329964.616678863,4157646.29070106
2012,329964.587665366,4157646.27244132
2013,329964.55871459,4157646.25576604
2014,329964.528542419,4157646.24024325
2015,329964.496963848,4157646.22322405
2016,329964.466042689,4157646.20605477
2017,329964.435838405,4157646.18873363
2018,329964.407245256,4157646.17323407
2019,329964.378132784,4157646.15837568
2020,329964.348139411,4157646.14291743
2021,329964.316414793,4157646.12604648
2022,329964.285972988,4157646.10995956
2023,329964.255375447,4157646.09264616
2024,329964.22546837,4157646.07502913
2025,329964.195002318,4157646.05781027
2026,329964.165860587,4157646.04089453
2027,329964.136873614,4157646.02176971
2028,329964.108216946,4157646.00221235
2029,329964.080408968,4157645.98473336
2030,329964.053116802,4157645.96785295
2031,329964.026876157,4157645.95010612
2032,329963.99823582,4157645.92976377
2033,329963.968850542,4157645.91135602
2034,329963.937610181,4157645.89304656
2035,329963.90817269,4157645.87560523
2036,329963.880081028,4157645.85782493
2037,329963.85330544,4157645.83903517
2038,329963.825005472,4157645.81791445
2039,329963.79589605,4157645.79817095
2040,329963.766576227,4157645.77868736
2041,329963.739605275,4157645.76069977
2042,329963.71214775,4157645.74328403
2043,329963.681929746,4157645.72268788
2044,329963.652698935,4157645.70241622
2045,329963.622934519,4157645.68283025
2046,329963.593196174,4157645.66469137
2047,329963.563380939,4157645.64681885
2048,329963.532707729,4157645.6279878
2049,329963.50353782,4157645.60980986
2050,329963.4760406,4157645.59143196
2051,329963.448216973,4157645.57299095
2052,329963.418436538,4157645.55118397
2053,329963.38989754,4157645.53167444
2054,329963.361131874,4157645.51377026
2055,329963.331645605,4157645.4941397
2056,329963.303967259,4157645.47430316
2057,329963.276718867,4157645.4553806
2058,329963.248554157,4157645.43693264
2059,329963.217601311,4157645.41684629
2060,329963.188459557,4157645.39920066
2061,329963.158649078,4157645.37788335
2062,329963.129846634,4157645.3575393
2063,329963.101300384,4157645.33857222
2064,329963.074196401,4157645.32040874
2065,329963.048193032,4157645.30228096
2066,329963.02065295,4157645.28315158
2067,329962.990599409,4157645.26325184
2068,329962.960982859,4157645.24418157
2069,329962.932280359,4157645.22573633
2070,329962.903412567,4157645.20803433
2071,329962.874015526,4157645.18914212
2072,329962.845554811,4157645.17064075
2073,329962.817528961,4157645.1537944
2074,329962.788252986,4157645.1352458
2075,329962.758087931,4157645.11624806
2076,329962.730424845,4157645.09887078
2077,329962.70193661,4157645.07930115
2078,329962.674716319,4157645.06162519
2079,329962.646866801,4157645.04514293
2080,329962.61854703,4157645.02796663
2081,329962.589221674,4157645.01001943
2082,329962.558377992,4157644.99163861
2083,329962.527529429,4157644.97328146
2084,329962.498248772,4157644.95440688
2085,329962.471879635,4157644.93539783
2086,329962.445978889,4157644.91666345
2087,329962.420449219,4157644.8990056
2088,329962.393041081,4157644.87924225
2089,329962.366170369,4157644.85902578
2090,329962.338712146,4157644.83955539
2091,329962.310552717,4157644.82146813
2092,329962.281650872,4157644.80419069
2093,329962.251193887,4157644.78466649
2094,329962.22161724,4157644.7644306
2095,329962.194019696,4157644.74547652
2096,329962.167083134,4157644.72738899
2097,329962.138665996,4157644.70775289
2098,329962.110257251,4157644.68869874
2099,329962.080227223,4157644.66983231
2100,329962.050324212,4157644.65149017
2101,329962.022511803,4157644.63403414
2102,329961.995599906,4157644.6163541
2103,329961.9674278,4157644.59920566
2104,329961.938203667,4157644.58036271
2105,329961.909427061,4157644.56225781
2106,329961.879760299,4157644.54155846
2107,329961.850976094,4157644.52250642
2108,329961.822305975,4157644.50492563
2109,329961.792680062,4157644.48666016
2110,329961.763335085,4157644.46676486
2111,329961.734203576,4157644.44713054
2112,329961.706914239,4157644.42931449
2113,329961.679809385,4157644.41263198
2114,329961.650952983,4157644.39641977
2115,329961.620787809,4157644.37710147
2116,329961.592569285,4157644.35866847
2117,329961.56316278,4157644.34003995
2118,329961.533204197,4157644.32131336
2119,329961.50465163,4157644.30289447
2120,329961.477636437,4157644.28569037
2121,329961.450568962,4157644.26672735
2122,329961.421011246,4157644.24530525
2123,329961.394185884,4157644.22705488
2124,329961.366119539,4157644.20762811
2125,329961.339025142,4157644.1901015
2126,329961.310562975,4157644.17150874
2127,329961.281170102,4157644.15178391
2128,329961.251976014,4157644.13130514
2129,329961.223609655,4157644.11171078
2130,329961.195807185,4157644.09391661
2131,329961.166414333,4157644.07410393
2132,329961.137792606,4157644.05397639
2133,329961.10943943,4157644.03509522
2134,329961.081202474,4157644.01703136
2135,329961.053376167,4157643.99969018
2136,329961.025426908,4157643.98112791
2137,329960.996124944,4157643.96035989
2138,329960.967913313,4157643.94105718
2139,329960.940891331,4157643.92186664
2140,329960.914948142,4157643.90270939
2141,329960.886076649,4157643.88138354
2142,329960.857404152,4157643.86277205
2143,329960.828180747,4157643.84222086
2144,329960.80020553,4157643.8228
2145,329960.772332443,4157643.80372552
2146,329960.744190784,4157643.78497252
2147,329960.71596227,4157643.76728709
2148,329960.687588541,4157643.74990015
2149,329960.660026873,4157643.73183332
2150,329960.631992754,4157643.71200737
2151,329960.604396247,4157643.69215303
2152,329960.57719437,4157643.67245398
2153,329960.551418553,4157643.65437168
2154,329960.524756418,4157643.63582967
2155,329960.497252881,4157643.61819154
2156,329960.469095878,4157643.60066459
2157,329960.440885239,4157643.58351077
2158,329960.41234833,4157643.56516797
2159,329960.385660697,4157643.54732012
2160,329960.358372097,4157643.52888644
2161,329960.331328482,4157643.51063838
2162,329960.304947225,4157643.4935241
2163,329960.278277971,4157643.47616912
2164,329960.251592832,4157643.45788185
2165,329960.22562736,4157643.44027705
2166,329960.198835301,4157643.42309197
2167,329960.171827674,4157643.40709406
2168,329960.144433952,4157643.39037811
2169,329960.117591013,4157643.37281759
2170,329960.091352084,4157643.35606163
2171,329960.066015746,4157643.34034102
2172,329960.041161485,4157643.32476967
2173,329960.014876062,4157643.3081778
2174,329959.989037849,4157643.29206983
2175,329959.96260364,4157643.27413649
2176,329959.936091413,4157643.25586949
2177,329959.910001597,4157643.23773644
2178,329959.885529831,4157643.22125732
2179,329959.859426794,4157643.20476502
2180,329959.832983886,4157643.18908158
2181,329959.80785294,4157643.17427223
2182,329959.783087158,4157643.15911536
2183,329959.757823296,4157643.14269665
2184,329959.73248882,4157643.12726981
2185,329959.706941962,4157643.11210324
2186,329959.680010016,4157643.09433569
2187,329959.65602529,4157643.07770756
2188,329959.631257119,4157643.05774988
2189,329959.606906475,4157643.03978505
2190,329959.58128999,4157643.02243961
2191,329959.555660179,4157643.00711347
2192,329959.530187623,4157642.99128939
2193,329959.504168174,4157642.97374311
2194,329959.478763356,4157642.95725049
2195,329959.453882029,4157642.94243307
2196,329959.426918477,4157642.92726799
2197,329959.397719536,4157642.91246693
2198,329959.370056526,4157642.90006097
2199,329959.343936309,4157642.88815375
2200,329959.318671421,4157642.87605619
2201,329959.291381009,4157642.86293324
2202,329959.262728705,4157642.85076206
2203,329959.233271065,4157642.83981359
2204,329959.204003007,4157642.82922274
2205,329959.173908695,4157642.81841254
2206,329959.144368207,4157642.80681604
2207,329959.115609318,4157642.79647236
2208,329959.08621772,4157642.78645538
2209,329959.056602134,4157642.77771428
2210,329959.026612577,4157642.77017411
2211,329958.995500751,4157642.76321561
2212,329958.963941238,4157642.7562361
2213,329958.931684254,4157642.74927286
2214,329958.899954686,4157642.74303252
2215,329958.868997649,4157642.73595597
2216,329958.83736614,4157642.72926902
2217,329958.804351335,4157642.72356273
2218,329958.771651037,4157642.71930387
2219,329958.739137027,4157642.7151062
2220,329958.70671994,4157642.70985983
2221,329958.672113333,4157642.70458572
2222,329958.637883461,4157642.70088509
2223,329958.603335722,4157642.69627419
2224,329958.568784283,4157642.69164247
2225,329958.534050721,4157642.68874719
2226,329958.500741649,4157642.68719937
2227,329958.468493275,4157642.68554848
2228,329958.435257109,4157642.68246922
2229,329958.400265032,4157642.68065322
2230,329958.364826445,4157642.68116877
2231,329958.329370654,4157642.68345375
2232,329958.291929666,4157642.68438756
2233,329958.255100257,4157642.68274463
2234,329958.219838761,4157642.68366851
2235,329958.185380351,4157642.68777299
2236,329958.148473479,4157642.69281317
2237,329958.116589917,4157642.69981519
2238,329958.0887807,4157642.70728522
2239,329958.061824318,4157642.71563062
2240,329958.033844378,4157642.72498725
2241,329958.005479023,4157642.73539342
2242,329957.977128104,4157642.74614347
2243,329957.946164686,4157642.75572177
2244,329957.914012524,4157642.76589761
2245,329957.882352777,4157642.77667379
2246,329957.852116107,4157642.78837302
2247,329957.821770541,4157642.80153169
2248,329957.790705529,4157642.81460313
2249,329957.761499018,4157642.82881623
2250,329957.730797858,4157642.84285185
2251,329957.702408324,4157642.85770014
2252,329957.672806773,4157642.87185371
2253,329957.64314411,4157642.88677002
2254,329957.611788303,4157642.90137675
2255,329957.581111542,4157642.91665068
2256,329957.549789964,4157642.93276508
2257,329957.519610477,4157642.94922985
2258,329957.489077776,4157642.96560986
2259,329957.459341842,4157642.98475764
2260,329957.430195008,4157643.00612481
2261,329957.398436246,4157643.02651764
2262,329957.367458667,4157643.04568931
2263,329957.33564955,4157643.06425657
2264,329957.303741895,4157643.08383871
2265,329957.272805477,4157643.10425359
2266,329957.243301568,4157643.12475809
2267,329957.213114436,4157643.14694014
2268,329957.182787356,4157643.17194609
2269,329957.155312266,4157643.19769402
2270,329957.125107022,4157643.22265953
2271,329957.094674497,4157643.24774798
2272,329957.065762286,4157643.27317435
2273,329957.03776212,4157643.29787834
2274,329957.007341812,4157643.32279653
2275,329956.97855357,4157643.34950501
2276,329956.951608332,4157643.37693134
2277,329956.922980646,4157643.40556975
2278,329956.897624184,4157643.43441916
2279,329956.870211702,4157643.46220451
2280,329956.843118213,4157643.48980984
2281,329956.818101487,4157643.51814263
2282,329956.792942602,4157643.54785352
2283,329956.7656613,4157643.57912265
2284,329956.740057189,4157643.61037021
2285,329956.715863136,4157643.64119424
2286,329956.687852605,4157643.6716504
2287,329956.652955676,4157643.70096614
2288,329956.617678242,4157643.72880468
2289,329956.584670265,4157643.75816447
2290,329956.551412875,4157643.78857368
2291,329956.518832949,4157643.81921072
2292,329956.487976994,4157643.84987293
2293,329956.457958798,4157643.88076801
2294,329956.427207009,4157643.91211782
2295,329956.395321111,4157643.94420314
2296,329956.365061872,4157643.97732775
2297,329956.332509623,4157644.00999486
2298,329956.302889726,4157644.04381579
2299,329956.273018062,4157644.07768971
2300,329956.242890503,4157644.11158233
2301,329956.21416984,4157644.14442692
2302,329956.186252945,4157644.17817934
2303,329956.155253494,4157644.21331984
2304,329956.126858517,4157644.24844138
2305,329956.098237587,4157644.28558187
2306,329956.067217658,4157644.32068164
2307,329956.039380106,4157644.35568093
2308,329956.012112313,4157644.39060299
2309,329955.984354839,4157644.42661754
2310,329955.956691964,4157644.46285695
2311,329955.927954177,4157644.49877039
2312,329955.898063704,4157644.53480495
2313,329955.869409061,4157644.56853785
2314,329955.839258701,4157644.60069343
2315,329955.805764921,4157644.6338483
2316,329955.773484709,4157644.66757559
2317,329955.742961779,4157644.70151114
2318,329955.711532381,4157644.73529988
2319,329955.680563009,4157644.76793621
2320,329955.650080568,4157644.80054555
2321,329955.618783548,4157644.83342995
2322,329955.589512211,4157644.86514063
2323,329955.560129225,4157644.89824091
2324,329955.527923478,4157644.93270094
2325,329955.497732802,4157644.96643788
2326,329955.46798497,4157644.99919436
2327,329955.437348577,4157645.03243612
2328,329955.406688822,4157645.06571896
2329,329955.377227172,4157645.09937054
2330,329955.348230976,4157645.13163026
2331,329955.316959963,4157645.16220392
2332,329955.283706532,4157645.19145536
2333,329955.249680285,4157645.219971
2334,329955.217570129,4157645.24938553
2335,329955.185579375,4157645.27891265
2336,329955.156047142,4157645.30910401
2337,329955.130111709,4157645.33612692
2338,329955.102670617,4157645.36373788
2339,329955.075584793,4157645.39372317
2340,329955.04903963,4157645.42203883
2341,329955.023713234,4157645.4513862
2342,329954.99837813,4157645.48028727
2343,329954.973993977,4157645.50861902
2344,329954.949505989,4157645.53598825
2345,329954.923294983,4157645.56479004
2346,329954.898532049,4157645.59425517
2347,329954.8742831,4157645.62318444
2348,329954.851891065,4157645.64962702
2349,329954.82829247,4157645.67557484
2350,329954.802758697,4157645.70342055
2351,329954.77946089,4157645.73284853
2352,329954.756593819,4157645.76276389
2353,329954.733934294,4157645.79083114
2354,329954.710264931,4157645.81671119
2355,329954.68655214,4157645.84259439
2356,329954.663181484,4157645.8695816
2357,329954.639763845,4157645.89707417
2358,329954.617995077,4157645.92318044
2359,329954.59679865,4157645.95001781
2360,329954.574818258,4157645.9748435
2361,329954.55396399,4157646.00149756
2362,329954.532057848,4157646.02837718
2363,329954.510285443,4157646.05484833
2364,329954.487858057,4157646.08149426
2365,329954.465578486,4157646.1079465
2366,329954.445589143,4157646.13303733
2367,329954.426293908,4157646.1580102
2368,329954.407201766,4157646.1832923
2369,329954.38464732,4157646.20872414
2370,329954.363744835,4157646.23496553
2371,329954.343765959,4157646.26145648
2372,329954.324530848,4157646.28743368
2373,329954.30599055,4157646.312828
2374,329954.286337967,4157646.33926773
2375,329954.266415473,4157646.36511786
2376,329954.24771803,4157646.39063423
2377,329954.226640668,4157646.41699404
2378,329954.206034806,4157646.44324841
2379,329954.185679183,4157646.46925398
2380,329954.166052893,4157646.49339686
2381,329954.145204254,4157646.51695287
2382,329954.123346204,4157646.5410232
2383,329954.101763906,4157646.56649232
2384,329954.081721069,4157646.59277787
2385,329954.063232614,4157646.61903754
2386,329954.044926691,4157646.64432829
2387,329954.022383533,4157646.66876014
2388,329953.999595377,4157646.69085513
2389,329953.977166546,4157646.71450552
2390,329953.955181033,4157646.73783171
2391,329953.933648678,4157646.75979109
2392,329953.911951228,4157646.78081174
2393,329953.888523384,4157646.80271372
2394,329953.864073103,4157646.82689382
2395,329953.841383401,4157646.85023662
2396,329953.817944546,4157646.87090647
2397,329953.794280767,4157646.89314101
2398,329953.770941517,4157646.91546075
2399,329953.748107581,4157646.93751007
2400,329953.725195833,4157646.95902475
2401,329953.702246722,4157646.98100636
2402,329953.678115373,4157647.00500531
2403,329953.654502581,4157647.02820083
2404,329953.63009646,4157647.05092542
2405,329953.60498751,4157647.07120077
2406,329953.580015242,4157647.09524894
2407,329953.556446289,4157647.11891384
2408,329953.534336352,4157647.1415891
2409,329953.512681639,4157647.16325416
2410,329953.489942935,4157647.186255
2411,329953.466818975,4157647.21173164
2412,329953.445022717,4157647.2363312
2413,329953.422117489,4157647.26061702
2414,329953.398134878,4157647.282052
2415,329953.374490064,4157647.30574601
2416,329953.351302588,4157647.32832186
2417,329953.327048351,4157647.35087622
2418,329953.302601106,4157647.37391573
2419,329953.279657692,4157647.39630006
2420,329953.256800651,4157647.41775967
2421,329953.232435089,4157647.44059195
2422,329953.209428281,4157647.46385845
2423,329953.186528474,4157647.48377579
2424,329953.164418336,4157647.50634103
2425,329953.141242215,4157647.52900053
2426,329953.118073849,4157647.55130545
2427,329953.09703426,4157647.57416812
2428,329953.077293439,4157647.59860711
2429,329953.055865446,4157647.62398406
2430,329953.034112918,4157647.64910801
2431,329953.013463281,4157647.67374271
2432,329952.992470149,4157647.69549627
2433,329952.972067847,4157647.71884777
2434,329952.951303021,4157647.74257231
2435,329952.928767732,4157647.7665838
2436,329952.906418395,4157647.78799116
2437,329952.882033647,4157647.80639209
2438,329952.856227025,4157647.82587418
2439,329952.8311101,4157647.84720423
2440,329952.806681209,4157647.8660272
2441,329952.782368966,4157647.88433858
2442,329952.757942956,4157647.89934845
2443,329952.733263635,4157647.91859108
2444,329952.709453952,4157647.93814585
2445,329952.686626021,4157647.95776208
2446,329952.664317652,4157647.97770544
2447,329952.639656616,4157647.99903811
2448,329952.616405027,4157648.01915182
2449,329952.592529898,4157648.04081041
2450,329952.570647426,4157648.06128398
2451,329952.547254967,4157648.07865475
2452,329952.524140111,4157648.09844704
2453,329952.50100007,4157648.11744219
2454,329952.477750664,4157648.13675441
2455,329952.455269055,4157648.15659047
2456,329952.432595377,4157648.17541513
2457,329952.409020232,4157648.19458948
2458,329952.383978245,4157648.21581402
2459,329952.360541143,4157648.23728767
2460,329952.336249932,4157648.25493567
2461,329952.313119066,4157648.27395909
2462,329952.290465542,4157648.29319031
2463,329952.267387311,4157648.31342088
2464,329952.243930862,4157648.33368546
2465,329952.220861057,4157648.35361019
2466,329952.198446276,4157648.37354344
2467,329952.175326986,4157648.39335087
2468,329952.150330726,4157648.41268641
2469,329952.124166725,4157648.42965818
2470,329952.100563529,4157648.44916914
2471,329952.077847478,4157648.46946365
2472,329952.054237871,4157648.49167844
2473,329952.032723295,4157648.51414119
2474,329952.008926028,4157648.53714566
2475,329951.984181176,4157648.55772079
2476,329951.959381546,4157648.57861745
2477,329951.936896723,4157648.59892036
2478,329951.912741413,4157648.61779587
2479,329951.889064713,4157648.6391947
2480,329951.865469745,4157648.66059883
2481,329951.841643658,4157648.68271857
2482,329951.817609588,4157648.70565241
2483,329951.792265271,4157648.72876746
2484,329951.76755987,4157648.75167415
2485,329951.715541993,4157648.79761874
2486,329951.685434408,4157648.82190419
2487,329951.657248535,4157648.84687616
2488,329951.630436282,4157648.87204517
2489,329951.602500465,4157648.89815716
2490,329951.572516049,4157648.92496946
2491,329951.542490902,4157648.95156021
2492,329951.512803504,4157648.97794582
2493,329951.48433818,4157649.00434847
2494,329951.455424339,4157649.03073659
2495,329951.423057051,4157649.0564022
2496,329951.391539964,4157649.08316499
2497,329951.361193762,4157649.11088111
2498,329951.331271139,4157649.13948113
2499,329951.302201961,4157649.16805835
2500,329951.274074145,4157649.19630446
2501,329951.246275322,4157649.2239815
2502,329951.217565306,4157649.25083118
2503,329951.188383127,4157649.27572581
2504,329951.156480188,4157649.30139132
2505,329951.125820046,4157649.32845825
2506,329951.096075803,4157649.35569344
2507,329951.065873312,4157649.38337783
2508,329951.034746954,4157649.41099905
2509,329951.002529653,4157649.43871174
2510,329950.97124447,4157649.46571737
2511,329950.94155845,4157649.49210256
2512,329950.908482589,4157649.52046909
2513,329950.876416757,4157649.54772026
2514,329950.846757092,4157649.5749804
2515,329950.815891664,4157649.60205709
2516,329950.784109812,4157649.63009632
2517,329950.752594341,4157649.65993019
2518,329950.721840063,4157649.69047545
2519,329950.691187581,4157649.72122737
2520,329950.660480772,4157649.75148461
2521,329950.628656727,4157649.78076672
2522,329950.595067033,4157649.80959499
2523,329950.56250206,4157649.83829318
2524,329950.530205197,4157649.86610873
2525,329950.499350506,4157649.89497674
2526,329950.468866446,4157649.92543207
2527,329950.43665048,4157649.9554079
2528,329950.403504577,4157649.98457416
2529,329950.371690902,4157650.01349461
2530,329950.340573613,4157650.0404691
2531,329950.306376579,4157650.06923855
2532,329950.273781235,4157650.09894783
2533,329950.241347053,4157650.12785375
2534,329950.209417689,4157650.15783248
2535,329950.180426448,4157650.19049767
2536,329950.151802022,4157650.22127688
2537,329950.123008766,4157650.24970875
2538,329950.094015165,4157650.27744913
2539,329950.067249607,4157650.30438845
2540,329950.040751987,4157650.33027011
2541,329950.012454983,4157650.35725134
2542,329949.983369602,4157650.38560547
2543,329949.956127774,4157650.41521131
2544,329949.929441242,4157650.44475103
2545,329949.900383624,4157650.47599205
2546,329949.872096455,4157650.50472266
2547,329949.84418173,4157650.53213477
2548,329949.815602889,4157650.56027291
2549,329949.789188624,4157650.58841339
2550,329949.760790804,4157650.61858621
2551,329949.733305352,4157650.64883329
2552,329949.705506392,4157650.67843783
2553,329949.676158906,4157650.70744359
2554,329949.646007855,4157650.73636842
2555,329949.614423862,4157650.7656628
2556,329949.585124198,4157650.79342982
2557,329949.556747468,4157650.82121443
2558,329949.527675293,4157650.84824123
2559,329949.497649564,4157650.87698135
2560,329949.468379622,4157650.90696941
2561,329949.439497927,4157650.93704713
2562,329949.410407828,4157650.9661897
2563,329949.379508652,4157650.99628938
2564,329949.349702711,4157651.02630045
2565,329949.320930366,4157651.05542621
2566,329949.292139586,4157651.08290331
2567,329949.263739381,4157651.11013601
2568,329949.23381092,4157651.13922336
2569,329949.203483322,4157651.16826817
2570,329949.171692126,4157651.19672316
2571,329949.141438091,4157651.22519096
2572,329949.11137301,4157651.25502083
2573,329949.081466848,4157651.28398844
2574,329949.052911108,4157651.31220272
2575,329949.02407827,4157651.33955228
2576,329948.995645637,4157651.36672499
2577,329948.966795535,4157651.39510638
2578,329948.936789495,4157651.42312348
2579,329948.904892512,4157651.44997374
2580,329948.873429681,4157651.47651373
2581,329948.844112572,4157651.50308047
2582,329948.81553814,4157651.52989678
2583,329948.784139302,4157651.55690915
2584,329948.75404333,4157651.58531213
2585,329948.725121698,4157651.60875673
2586,329948.696204585,4157651.62967835
2587,329948.666468618,4157651.64902023
2588,329948.634562479,4157651.66797469
2589,329948.603582359,4157651.68777039
2590,329948.57356568,4157651.70912362
2591,329948.544832521,4157651.73257997
2592,329948.515155156,4157651.75565549
2593,329948.487079574,4157651.77761998
2594,329948.457463942,4157651.79514817
2595,329948.427267805,4157651.81636811
2596,329948.39806669,4157651.837115
2597,329948.367590041,4157651.85729997
2598,329948.338240496,4157651.87791583
2599,329948.309208778,4157651.89968626
2600,329948.280103905,4157651.9227111
2601,329948.251794042,4157651.94529701
2602,329948.223816622,4157651.96725914
2603,329948.195898431,4157651.98911732
2604,329948.166918991,4157652.00850256
2605,329948.13861618,4157652.02966005
2606,329948.110718295,4157652.04962965
2607,329948.083550173,4157652.06887973
2608,329948.055384377,4157652.08866546
2609,329948.026711,4157652.10852401
2610,329947.998383074,4157652.12745329
2611,329947.969571228,4157652.14715252
2612,329947.939670421,4157652.16817233
2613,329947.909732047,4157652.18521691
2614,329947.880648641,4157652.20481668
2615,329947.851913107,4157652.224013
2616,329947.821722338,4157652.24293045
2617,329947.79233667,4157652.26250333
2618,329947.764653959,4157652.2822679
2619,329947.737455858,4157652.30091837
2620,329947.707514241,4157652.31976553
2621,329947.677969704,4157652.33810694
2622,329947.648750241,4157652.35497003
2623,329947.620946314,4157652.37544075
2624,329947.592439367,4157652.39607499
2625,329947.562697288,4157652.41560033
2626,329947.533727396,4157652.43452209
2627,329947.505316714,4157652.45457026
2628,329947.475922171,4157652.47381338
2629,329947.446458644,4157652.49413919
2630,329947.418442485,4157652.51386452
2631,329947.389017956,4157652.53052483
2632,329947.360225128,4157652.55003648
2633,329947.332431247,4157652.56917238
2634,329947.302950054,4157652.58914795
2635,329947.272530177,4157652.61331915
2636,329947.24200848,4157652.64076264
2637,329947.212946342,4157652.6676206
2638,329947.18247212,4157652.69407597
2639,329947.152007453,4157652.71968443
2640,329947.120081764,4157652.74696881
2641,329947.089101616,4157652.77460456
2642,329947.05895398,4157652.8025766
2643,329947.028604478,4157652.82926813
2644,329946.99749651,4157652.85513368
2645,329946.967418383,4157652.88123538
2646,329946.938042273,4157652.90804802
2647,329946.909526104,4157652.93439035
2648,329946.88021321,4157652.96136504
2649,329946.848324525,4157652.98948041
2650,329946.816838459,4157653.01718816
2651,329946.785767586,4157653.04422343
2652,329946.755873035,4157653.07099183
2653,329946.726685105,4157653.09712346
2654,329946.698344884,4157653.12346222
2655,329946.668974504,4157653.15084079
2656,329946.639299754,4157653.17786104
2657,329946.608844017,4157653.20612638
2658,329946.579489506,4157653.23446192
2659,329946.55100664,4157653.26142228
2660,329946.52234731,4157653.28728148
2661,329946.491757802,4157653.31341228
2662,329946.461339114,4157653.3403919
2663,329946.43062767,4157653.36934761
2664,329946.399396152,4157653.39790316
2665,329946.367642301,4157653.42515654
2666,329946.338582582,4157653.44952452
2667,329946.309076426,4157653.47590422
2668,329946.280536766,4157653.50201371
2669,329946.250814748,4157653.52810279
2670,329946.219763343,4157653.55527442
2671,329946.190298631,4157653.58339984
2672,329946.15958007,4157653.61186534
2673,329946.129544688,4157653.63985329
2674,329946.099858034,4157653.66722841
2675,329946.071710549,4157653.69359633
2676,329946.042845241,4157653.72185945
2677,329946.012048165,4157653.75048238
2678,329945.980926314,4157653.77685948
2679,329945.950406905,4157653.80266867
2680,329945.920715715,4157653.82950613
2681,329945.889653538,4157653.85822221
2682,329945.860184313,4157653.88502199
2683,329945.828932819,4157653.91204813
2684,329945.797284124,4157653.93837857
2685,329945.765822819,4157653.96484338
2686,329945.733837061,4157653.97384145
2687,329945.701222185,4157653.98301586
2688,329945.667753606,4157653.99365228
2689,329945.634983916,4157654.00468026
2690,329945.604086059,4157654.01380266
2691,329945.572255861,4157654.02314306
2692,329945.537559942,4157654.03541472
2693,329945.503325704,4157654.04876971
2694,329945.469487449,4157654.05374947
2695,329945.437961245,4157654.06499075
2696,329945.406286767,4157654.07504668
2697,329945.373262061,4157654.0848877
2698,329945.3412482,4157654.09574244
2699,329945.310733943,4157654.10704181
2700,329945.27794416,4157654.11972699
2701,329945.244952337,4157654.1320607
2702,329945.214474618,4157654.14290039
2703,329945.181761722,4157654.1472782
2704,329945.148174102,4157654.15903826
2705,329945.114650373,4157654.17172389
2706,329945.081656624,4157654.18420276
2707,329945.047856929,4157654.19546238
2708,329945.012968228,4157654.20681667
2709,329944.979497745,4157654.21892178
2710,329944.947947364,4157654.23084826
2711,329944.917233517,4157654.24338432
2712,329944.882186616,4157654.25018691
2713,329944.848711476,4157654.2624033
2714,329944.815879161,4157654.27560165
2715,329944.782965903,4157654.29003581
2716,329944.750789301,4157654.30322381
2717,329944.717717711,4157654.31616191
2718,329944.68361956,4157654.32752821
2719,329944.647679923,4157654.33944543
2720,329944.611820007,4157654.35181592
2721,329944.577562949,4157654.35777558
2722,329944.544358161,4157654.3696661
2723,329944.511562278,4157654.38226582
2724,329944.478456414,4157654.39522867
2725,329944.444916556,4157654.40820615
2726,329944.410841549,4157654.4206465
2727,329944.377084641,4157654.43233211
2728,329944.344403939,4157654.44267405
2729,329944.310661453,4157654.45368947
2730,329944.27286962,4157654.45882779
2731,329944.237750757,4157654.47137543
2732,329944.20369218,4157654.48440977
2733,329944.170829233,4157654.49735444
2734,329944.138300922,4157654.51042489
2735,329944.105307299,4157654.52353127
2736,329944.07282849,4157654.5482018
2737,329944.04216728,4157654.57305449
2738,329944.009104616,4157654.60010227
2739,329943.976026822,4157654.62501605
2740,329943.945239935,4157654.64945356
2741,329943.91533823,4157654.6753599
2742,329943.885618105,4157654.70147571
2743,329943.854159232,4157654.72748717
2744,329943.822572658,4157654.75322344
2745,329943.791952278,4157654.77865954
2746,329943.762801347,4157654.80319295
2747,329943.733189667,4157654.82796442
2748,329943.699157708,4157654.85234189
2749,329943.666915601,4157654.87718015
2750,329943.634566959,4157654.90174173
2751,329943.602646174,4157654.92570528
2752,329943.572282618,4157654.94842073
2753,329943.542462008,4157654.97119123
2754,329943.512283062,4157654.99367096
2755,329943.480052622,4157655.01797113
2756,329943.44981077,4157655.04145591
2757,329943.41853653,4157655.06709444
2758,329943.387063909,4157655.09025557
2759,329943.357382438,4157655.11327614
2760,329943.328311075,4157655.13651019
2761,329943.296789327,4157655.16052316
2762,329943.26675479,4157655.1838135
2763,329943.236514273,4157655.20875649
2764,329943.205472035,4157655.23392365
2765,329943.176040622,4157655.25808239
2766,329943.145602217,4157655.28019662
2767,329943.113958565,4157655.30186455
2768,329943.082573859,4157655.32460404
2769,329943.05076541,4157655.34826215
2770,329943.019921534,4157655.37125701
2771,329942.990195781,4157655.39306955
2772,329942.960948958,4157655.41485111
2773,329942.930589715,4157655.43750667
2774,329942.900029963,4157655.46053935
2775,329942.868271597,4157655.48274481
2776,329942.837058044,4157655.50543552
2777,329942.806500003,4157655.52851974
2778,329942.777289819,4157655.55180641
2779,329942.74700797,4157655.57505879
2780,329942.71685195,4157655.597403
2781,329942.686712263,4157655.61943594
2782,329942.657280169,4157655.64118806
2783,329942.627165636,4157655.66396154
2784,329942.597767193,4157655.68655169
2785,329942.568623389,4157655.70898972
2786,329942.539425591,4157655.73183651
2787,329942.509934979,4157655.75611411
2788,329942.481462161,4157655.77989481
2789,329942.452534789,4157655.80398849
2790,329942.422082277,4157655.82781147
2791,329942.39080842,4157655.85136974
2792,329942.362392393,4157655.87397415
2793,329942.334572365,4157655.89670304
2794,329942.306322388,4157655.91880678
2795,329942.276480606,4157655.94041867
2796,329942.247372337,4157655.96258557
2797,329942.219194148,4157655.98650744
2798,329942.19189457,4157656.01045562
2799,329942.165585701,4157656.03299673
2800,329942.137517886,4157656.05612886
2801,329942.108898161,4157656.07812267
2802,329942.080763613,4157656.09996064
2803,329942.051897019,4157656.12336303
2804,329942.023274893,4157656.14671803
2805,329941.994777129,4157656.16946139
2806,329941.9668233,4157656.19130685
2807,329941.939414298,4157656.21319334
2808,329941.910793507,4157656.23613993
2809,329941.883186127,4157656.25960647
2810,329941.85644522,4157656.28150282
2811,329941.827568442,4157656.30324892
2812,329941.798299199,4157656.32614697
2813,329941.77068114,4157656.34963952
2814,329941.744426287,4157656.37261566
2815,329941.716926858,4157656.39441178
2816,329941.688243272,4157656.41696995
2817,329941.660504531,4157656.44003814
2818,329941.632802832,4157656.46154227
2819,329941.605069996,4157656.48343541
2820,329941.576956269,4157656.50665593
2821,329941.548735957,4157656.52977042
2822,329941.518849387,4157656.55199966
2823,329941.488802454,4157656.57349488
2824,329941.46115093,4157656.59520111
2825,329941.433591058,4157656.61770278
2826,329941.404255996,4157656.64213337
2827,329941.37511107,4157656.66567548
2828,329941.345674,4157656.68911403
2829,329941.318326983,4157656.7112642
2830,329941.289553565,4157656.73376543
2831,329941.25989541,4157656.75638539
2832,329941.230058213,4157656.77959081
2833,329941.202029829,4157656.80250016
2834,329941.174840266,4157656.82439295
2835,329941.146069521,4157656.84773784
2836,329941.11728657,4157656.87430603
2837,329941.089602667,4157656.9014034
2838,329941.061143069,4157656.92762656
2839,329941.034677061,4157656.95528602
2840,329941.008895703,4157656.98222813
2841,329940.984055526,4157657.00917946
2842,329940.957142885,4157657.03684563
2843,329940.931171719,4157657.06370525
2844,329940.906657254,4157657.09079217
2845,329940.882735424,4157657.11900008
2846,329940.857747444,4157657.14922961
2847,329940.833558582,4157657.17879101
2848,329940.809638343,4157657.21029326
2849,329940.786985803,4157657.24189944
2850,329940.764606686,4157657.2732706
2851,329940.741282342,4157657.3042293
2852,329940.718805707,4157657.33434095
2853,329940.696200933,4157657.36460243
2854,329940.673164446,4157657.3942604
2855,329940.649174137,4157657.42517653
2856,329940.62710618,4157657.45707064
2857,329940.604567649,4157657.48834155
2858,329940.581729119,4157657.51927801
2859,329940.558866224,4157657.55040098
2860,329940.537619039,4157657.58168471
2861,329940.513476971,4157657.61381092
2862,329940.48977011,4157657.64418354
2863,329940.466339572,4157657.67291657
2864,329940.443357852,4157657.7017316
2865,329940.420932821,4157657.73060838
2866,329940.396192098,4157657.76088506
2867,329940.372761677,4157657.79155783
2868,329940.350229593,4157657.82322634
2869,329940.328131307,4157657.85444922
2870,329940.306156043,4157657.88483572
2871,329940.281966782,4157657.91579489
2872,329940.258425799,4157657.94629288
2873,329940.235674009,4157657.97625775
2874,329940.210372977,4157658.00708035
2875,329940.185046558,4157658.03828193
2876,329940.159463266,4157658.06832113
2877,329940.133586523,4157658.09711229
2878,329940.108538075,4157658.12504572
2879,329940.084508742,4157658.15212176
2880,329940.061499851,4157658.1801749
2881,329940.035925936,4157658.21047805
2882,329940.011490966,4157658.23923911
2883,329939.988253823,4157658.26985448
2884,329939.965802269,4157658.29894749
2885,329939.942213435,4157658.3299785
2886,329939.918629531,4157658.3620783
2887,329939.895345511,4157658.39396982
2888,329939.871735833,4157658.42487995
2889,329939.846215522,4157658.45435117
2890,329939.821575885,4157658.48451046
2891,329939.797315994,4157658.51528966
2892,329939.773887379,4157658.54639229
2893,329939.749719965,4157658.57787352
2894,329939.726507834,4157658.60834266
2895,329939.702189038,4157658.63877615
2896,329939.676431918,4157658.66841988
2897,329939.649713785,4157658.69907844
2898,329939.624038721,4157658.73069574
2899,329939.599364167,4157658.7627198
2900,329939.575567635,4157658.79494529
2901,329939.551375717,4157658.82735819
2902,329939.525855107,4157658.86011398
2903,329939.501191627,4157658.89343761
2904,329939.476570657,4157658.92580484
2905,329939.452799905,4157658.95712302
2906,329939.428446755,4157658.9884846
2907,329939.402695485,4157659.0201132
2908,329939.377702668,4157659.05051426
2909,329939.352717748,4157659.08105977
2910,329939.32900201,4157659.11245437
2911,329939.302661983,4157659.14689043
2912,329939.276419603,4157659.17821438
2913,329939.250921452,4157659.20832874
2914,329939.224873816,4157659.23895174
2915,329939.198562353,4157659.2709344
2916,329939.172924585,4157659.30264948
2917,329939.148399786,4157659.33346045
2918,329939.124066424,4157659.36497641
2919,329939.098995204,4157659.3970093
2920,329939.073861974,4157659.42913005
2921,329939.04970937,4157659.46320438
2922,329939.025633771,4157659.49605252
2923,329939.001634138,4157659.52728045
2924,329938.976357108,4157659.55898514
2925,329938.951185341,4157659.59120528
2926,329938.925738377,4157659.62369212
2927,329938.902038722,4157659.65575321
2928,329938.878762491,4157659.68710915
2929,329938.853772847,4157659.72092007
2930,329938.828159403,4157659.75408521
2931,329938.801852898,4157659.78683085
2932,329938.776710795,4157659.82018087
2933,329938.752981474,4157659.85232433
2934,329938.728644351,4157659.88306072
2935,329938.702300161,4157659.91455218
2936,329938.677117584,4157659.94669074
2937,329938.652371072,4157659.98011299
2938,329938.629078336,4157660.0122852
2939,329938.603973184,4157660.04573823
2940,329938.578713782,4157660.07781057
2941,329938.552838163,4157660.10997334
2942,329938.527195989,4157660.14319945
2943,329938.501490792,4157660.17639589
2944,329938.475824132,4157660.20902607
2945,329938.450634911,4157660.24039006
2946,329938.425066894,4157660.27151328
2947,329938.398792338,4157660.30483786
2948,329938.374938107,4157660.33792367
2949,329938.350824294,4157660.37073538
2950,329938.326681853,4157660.40300822
2951,329938.30217502,4157660.43576951
2952,329938.276749674,4157660.46915508
2953,329938.252497787,4157660.50135753
2954,329938.227633532,4157660.53314082
2955,329938.202211749,4157660.56593578
2956,329938.177831879,4157660.59887493
2957,329938.154464592,4157660.63192968
2958,329938.13039948,4157660.66354924
2959,329938.105085242,4157660.69562848
2960,329938.079509664,4157660.72766018
2961,329938.052523864,4157660.75971824
2962,329938.026590214,4157660.78936772
2963,329937.999589843,4157660.81908664
2964,329937.972218392,4157660.84983009
2965,329937.945220199,4157660.88179563
2966,329937.91943031,4157660.91374636
2967,329937.893694172,4157660.9451938
2968,329937.867372829,4157660.97731927
2969,329937.842543335,4157661.0100718
2970,329937.817590316,4157661.04311537
2971,329937.79238645,4157661.07542993
2972,329937.765462124,4157661.10799464
2973,329937.738647999,4157661.13990119
2974,329937.71179404,4157661.17168427
2975,329937.686878448,4157661.20339664
2976,329937.662995074,4157661.23509
2977,329937.638918841,4157661.2674509
2978,329937.614029383,4157661.29900958
2979,329937.588335188,4157661.33060255
2980,329937.563384428,4157661.36138608
2981,329937.536888544,4157661.39196837
2982,329937.512323861,4157661.42218559
2983,329937.488757951,4157661.45286781
2984,329937.463919945,4157661.48365353
2985,329937.43793807,4157661.51320031
2986,329937.415279719,4157661.54208138
2987,329937.395974863,4157661.5712852
2988,329937.378445362,4157661.60103118
2989,329937.361431163,4157661.63119112
2990,329937.343083599,4157661.66115844
2991,329937.322980006,4157661.69037399
2992,329937.303160647,4157661.72036928
2993,329937.287059523,4157661.74961056
2994,329937.270473999,4157661.77781048
2995,329937.254458091,4157661.80582453
2996,329937.235987548,4157661.83430435
2997,329937.216783249,4157661.86306209
2998,329937.197616055,4157661.89264369
2999,329937.179923709,4157661.92208039
3000,329937.160034544,4157661.95156758
3001,329937.139927912,4157661.9793531
3002,329937.122290006,4157662.00650211
3003,329937.102682433,4157662.03415529
3004,329937.081908669,4157662.06171847
3005,329937.060384956,4157662.0895557
3006,329937.038805473,4157662.11745601
3007,329937.019286753,4157662.14308173
3008,329937.001155292,4157662.16980796
3009,329936.981180423,4157662.19779854
3010,329936.959500717,4157662.22663235
3011,329936.941622977,4157662.25445419
3012,329936.922400421,4157662.28286499
3013,329936.90216174,4157662.31289572
3014,329936.88291766,4157662.34223308
3015,329936.864083384,4157662.37075818
3016,329936.844979024,4157662.39984566
3017,329936.824291728,4157662.42834633
3018,329936.803700578,4157662.45580281
3019,329936.784617755,4157662.48437171
3020,329936.766457231,4157662.51343583
3021,329936.747154621,4157662.54185893
3022,329936.727607552,4157662.57062431
3023,329936.707536,4157662.59963768
3024,329936.68620877,4157662.62899412
3025,329936.665303245,4157662.6574469
3026,329936.642903264,4157662.68665146
3027,329936.622302852,4157662.7153489
3028,329936.603137276,4157662.74259101
3029,329936.58661078,4157662.77145403
3030,329936.566131832,4157662.80121843
3031,329936.5459632,4157662.82951478
3032,329936.526413314,4157662.85746676
3033,329936.506505018,4157662.8856665
3034,329936.486345029,4157662.91550364
3035,329936.46825532,4157662.94469952
3036,329936.444479788,4157662.97331117
3037,329936.414820697,4157663.00129769
3038,329936.38549943,4157663.02839084
3039,329936.359059798,4157663.05566867
3040,329936.333301449,4157663.0824228
3041,329936.307342863,4157663.10931533
3042,329936.281948678,4157663.13588625
3043,329936.25642165,4157663.16239904
3044,329936.229378905,4157663.18928752
3045,329936.203012432,4157663.2166447
3046,329936.176367665,4157663.24286792
3047,329936.150697083,4157663.2691865
3048,329936.12369568,4157663.29725345
3049,329936.097540179,4157663.32636129
3050,329936.070166273,4157663.35479469
3051,329936.043100006,4157663.38108372
3052,329936.016031112,4157663.40744065
3053,329935.989626624,4157663.43359452
3054,329935.962098335,4157663.4602217
3055,329935.936614969,4157663.4864351
3056,329935.9111328,4157663.51160296
3057,329935.885167955,4157663.53611359
3058,329935.859455759,4157663.56278
3059,329935.834078999,4157663.59007666
3060,329935.806715423,4157663.61871299
3061,329935.780149637,4157663.64619573
3062,329935.754666731,4157663.67283116
3063,329935.729769187,4157663.69935625
3064,329935.703253457,4157663.72712198
3065,329935.677754992,4157663.75331857
3066,329935.650680237,4157663.77800517
3067,329935.625921501,4157663.80288417
3068,329935.600929743,4157663.82992142
3069,329935.576036108,4157663.85625122
3070,329935.551360692,4157663.88076012
3071,329935.525276412,4157663.90560798
3072,329935.499953122,4157663.93066425
3073,329935.474554109,4157663.95585738
3074,329935.448337801,4157663.98267078
3075,329935.420531692,4157664.00918417
3076,329935.393366657,4157664.03606499
3077,329935.366907521,4157664.06178325
3078,329935.341481975,4157664.08743434
3079,329935.316002606,4157664.11242349
3080,329935.291304816,4157664.13606422
3081,329935.264500227,4157664.1598382
3082,329935.236571837,4157664.18454743
3083,329935.21141258,4157664.20796281
3084,329935.182788255,4157664.23208531
3085,329935.157618207,4157664.25897999
3086,329935.131427313,4157664.28665562
3087,329935.105145743,4157664.31469479
3088,329935.078783652,4157664.3425305
3089,329935.052520251,4157664.36841229
3090,329935.024397605,4157664.39501953
3091,329934.997598766,4157664.42289324
3092,329934.971362559,4157664.44974379
3093,329934.945349573,4157664.47574298
3094,329934.92052384,4157664.50053087
3095,329934.894842497,4157664.52596126
3096,329934.867808903,4157664.55299924
3097,329934.842131963,4157664.58053519
3098,329934.815099579,4157664.60983703
3099,329934.788762352,4157664.6379209
3100,329934.763150529,4157664.66503859
3101,329934.737347067,4157664.69191836
3102,329934.709987233,4157664.72008587
3103,329934.683294777,4157664.74688224
3104,329934.657704103,4157664.77334275
3105,329934.632485916,4157664.79932918
3106,329934.606636316,4157664.82482859
3107,329934.579901324,4157664.85191254
3108,329934.554463694,4157664.88007006
3109,329934.528101629,4157664.90876043
3110,329934.501710474,4157664.9363454
3111,329934.47755337,4157664.96501188
3112,329934.452653732,4157664.99320014
3113,329934.427564821,4157665.02036267
3114,329934.403288065,4157665.04707642
3115,329934.378208905,4157665.07334418
3116,329934.352382338,4157665.09944405
3117,329934.327330968,4157665.12579753
3118,329934.303027598,4157665.15157093
3119,329934.276076724,4157665.17820163
3120,329934.249805112,4157665.20562511
3121,329934.224738775,4157665.23279047
3122,329934.199623081,4157665.259292
3123,329934.173751067,4157665.28554087
3124,329934.148709436,4157665.31176673
3125,329934.123585735,4157665.33797839
3126,329934.096573557,4157665.36428133
3127,329934.069941123,4157665.39044867
3128,329934.046245127,4157665.41578232
3129,329934.021561498,4157665.44243728
3130,329933.996241746,4157665.46863366
3131,329933.970703074,4157665.49497932
3132,329933.946349308,4157665.52246549
3133,329933.923096264,4157665.55038664
3134,329933.901028256,4157665.57778683
3135,329933.880095306,4157665.60350385
3136,329933.857418573,4157665.63015475
3137,329933.834372279,4157665.65760096
3138,329933.813486967,4157665.68673399
3139,329933.793160763,4157665.71538436
3140,329933.773257133,4157665.74322802
3141,329933.752682394,4157665.77157419
3142,329933.731963323,4157665.80008741
3143,329933.711238437,4157665.82753534
3144,329933.69076372,4157665.85333013
3145,329933.668000226,4157665.8804282
3146,329933.646387808,4157665.90795673
3147,329933.624571173,4157665.9350707
3148,329933.601202571,4157665.96132555
3149,329933.577193935,4157665.98735236
3150,329933.554941783,4157666.01295567
3151,329933.533215468,4157666.03786658
3152,329933.511152478,4157666.06254897
3153,329933.486945968,4157666.08862331
3154,329933.464888013,4157666.11473577
3155,329933.442152538,4157666.1406091
3156,329933.420299826,4157666.16549314
3157,329933.397142678,4157666.1904723
3158,329933.374235809,4157666.21592029
3159,329933.352444218,4157666.24142947
3160,329933.331009397,4157666.26760145
3161,329933.308640124,4157666.29400638
3162,329933.28531735,4157666.3197885
3163,329933.261822523,4157666.34646634
3164,329933.240629382,4157666.37190561
3165,329933.218682515,4157666.39854686
3166,329933.196306872,4157666.4248566
3167,329933.174238946,4157666.45063175
3168,329933.152776521,4157666.47542251
3169,329933.131335947,4157666.50011578
3170,329933.108096071,4157666.5261641
3171,329933.08554936,4157666.55261118
3172,329933.06223094,4157666.57965881
3173,329933.039910794,4157666.6058942
3174,329933.016917781,4157666.63267878
3175,329932.993868809,4157666.65930032
3176,329932.971641228,4157666.68568277
3177,329932.949687799,4157666.71315338
3178,329932.92886882,4157666.74091143
3179,329932.908122594,4157666.76897562
3180,329932.888039538,4157666.7973966
3181,329932.869221,4157666.82628988
3182,329932.851409281,4157666.85642683
3183,329932.833771117,4157666.88650673
3184,329932.816662742,4157666.91658036
3185,329932.800059962,4157666.9466669
3186,329932.783414758,4157666.97757441
3187,329932.767589626,4157667.00828857
3188,329932.752652051,4157667.04008684
3189,329932.738813768,4157667.0714023
3190,329932.7247379,4157667.10234636
3191,329932.709960635,4157667.13402474
3192,329932.696093631,4157667.16585798
3193,329932.683173069,4157667.19851484
3194,329932.670759786,4157667.23151527
3195,329932.658063809,4157667.26480899
3196,329932.646050324,4157667.29753404
3197,329932.633908777,4157667.33065297
3198,329932.622188203,4157667.36389613
3199,329932.61152718,4157667.39689839
3200,329932.600447826,4157667.43005466
3201,329932.589722727,4157667.46370058
3202,329932.580379705,4157667.49756971
3203,329932.571845502,4157667.53175913
3204,329932.561490601,4157667.56688794
3205,329932.551335392,4157667.60122394
3206,329932.542139707,4157667.63661269
3207,329932.533014776,4157667.67372976
3208,329932.524131615,4157667.71036221
3209,329932.515319852,4157667.74624168
3210,329932.507490764,4157667.77974
3211,329932.499949207,4157667.81314757
3212,329932.493059255,4157667.84740849
3213,329932.486964188,4157667.88296236
3214,329932.482626116,4157667.91875443
3215,329932.478898158,4157667.95558705
3216,329932.474717919,4157667.99224588
3217,329932.470096571,4157668.02820491
3218,329932.466379217,4157668.06417051
3219,329932.463137191,4157668.10114862
3220,329932.460745089,4157668.13826035
3221,329932.458588601,4157668.17660805
3222,329932.457100716,4157668.21430614
3223,329932.45518902,4157668.25301549
3224,329932.454883465,4157668.29127311
3225,329932.455022733,4157668.32826658
3226,329932.455899879,4157668.36355759
3227,329932.454457592,4157668.39985558
3228,329932.453740369,4157668.43674743
3229,329932.455254752,4157668.47443199
3230,329932.457704585,4157668.51327323
3231,329932.460864406,4157668.55144672
3232,329932.464434295,4157668.58930289
3233,329932.467622149,4157668.62776235
3234,329932.470979245,4157668.66585815
3235,329932.475386051,4157668.70511692
3236,329932.477391321,4157668.74605283
3237,329932.4788738,4157668.78606404
3238,329932.48039552,4157668.82528302
3239,329932.483465516,4157668.86291944
3240,329932.488124194,4157668.90030736
3241,329932.492740195,4157668.93969137
3242,329932.497437283,4157668.97871382
3243,329932.503107582,4157669.0192858
3244,329932.509940326,4157669.0595245
3245,329932.516159386,4157669.09973743
3246,329932.521577267,4157669.13901411
3247,329932.527043109,4157669.1781318
3248,329932.535060645,4157669.21763465
3249,329932.544228717,4157669.25586767
3250,329932.553948804,4157669.29424619
3251,329932.563036747,4157669.33256032
3252,329932.571832078,4157669.37133946
3253,329932.582036291,4157669.40955327
3254,329932.592598267,4157669.4469843
3255,329932.604093325,4157669.48678713
3256,329932.615086559,4157669.52482331
3257,329932.626344372,4157669.56260699
3258,329932.637753268,4157669.6004374
3259,329932.650185134,4157669.63832316
3260,329932.663806786,4157669.67576982
3261,329932.677545121,4157669.71389815
3262,329932.691103859,4157669.75128323
3263,329932.704928688,4157669.78913999
3264,329932.718959392,4157669.82818678
3265,329932.730943372,4157669.86576101
3266,329932.744304497,4157669.90195677
3267,329932.758694347,4157669.93809478
3268,329932.774294196,4157669.97501615
3269,329932.790348885,4157670.01249524
3270,329932.805484469,4157670.04948873
3271,329932.819827378,4157670.08709
3272,329932.834174855,4157670.1239397
3273,329932.848579613,4157670.16145857
3274,329932.859714348,4157670.19877542
3275,329932.872615078,4157670.23581049
3276,329932.886540634,4157670.27206784
3277,329932.899799205,4157670.31025257
3278,329932.911696507,4157670.34927033
3279,329932.922662558,4157670.38680628
3280,329932.933171975,4157670.42597885
3281,329932.945171692,4157670.46486919
3282,329932.956521279,4157670.50133966
3283,329932.966472817,4157670.54020282
3284,329932.978433886,4157670.57825487
3285,329932.992705766,4157670.61566524
3286,329933.009078263,4157670.64981566
3287,329933.024840407,4157670.68202108
3288,329933.040192114,4157670.71562876
3289,329933.055675694,4157670.74978175
3290,329933.072398741,4157670.78483703
3291,329933.089331344,4157670.81895743
3292,329933.105638735,4157670.85278926
3293,329933.121037664,4157670.88730211
3294,329933.136757244,4157670.92204742
3295,329933.153004767,4157670.95687674
3296,329933.167916212,4157670.98994485
3297,329933.182451075,4157671.02493007
3298,329933.198121148,4157671.05964164
3299,329933.214504082,4157671.0941411
3300,329933.230456209,4157671.12745958
3301,329933.247514471,4157671.15897927
3302,329933.263119717,4157671.19276062
3303,329933.278226792,4157671.22831024
3304,329933.293504506,4157671.26372097
3305,329933.309883518,4157671.29865731
3306,329933.326542886,4157671.33204936
3307,329933.342903404,4157671.36477281
3308,329933.358239873,4157671.39891606
3309,329933.372181814,4157671.43358525
3310,329933.386057291,4157671.4659664
3311,329933.399623325,4157671.49855362
3312,329933.413900062,4157671.53251948
3313,329933.428443242,4157671.56591348
3314,329933.444127738,4157671.59859608
3315,329933.460593308,4157671.63252494
3316,329933.476128342,4157671.66578164
3317,329933.491327344,4157671.69794901
3318,329933.508775985,4157671.73090087
3319,329933.528108844,4157671.76216802
3320,329933.546954618,4157671.79397955
3321,329933.565391339,4157671.8241216
3322,329933.58353194,4157671.85351535
3323,329933.601430225,4157671.88176292
3324,329933.618949401,4157671.91241035
3325,329933.637351562,4157671.94346525
3326,329933.656263983,4157671.97438942
3327,329933.675793418,4157672.0043677
3328,329933.695382385,4157672.03340206
3329,329933.713044129,4157672.06273998
3330,329933.729881457,4157672.09379281
3331,329933.747549462,4157672.1247086
3332,329933.765168437,4157672.15471392
3333,329933.782912181,4157672.18475248
3334,329933.80094734,4157672.21522449
3335,329933.819415654,4157672.24440652
3336,329933.840975752,4157672.27393731
3337,329933.862798484,4157672.30390829
3338,329933.883410885,4157672.33415285
3339,329933.904246434,4157672.36282287
3340,329933.924048058,4157672.39164967
3341,329933.943133859,4157672.42153188
3342,329933.962699988,4157672.45147211
3343,329933.983460848,4157672.4808578
3344,329934.004795823,4157672.50924899
3345,329934.025084975,4157672.537166
3346,329934.046377141,4157672.56396826
3347,329934.06646328,4157672.5928849
3348,329934.087616801,4157672.62142759
3349,329934.108773592,4157672.64894793
3350,329934.129859898,4157672.67538128
3351,329934.151520951,4157672.70252013
3352,329934.173364635,4157672.7292663
3353,329934.194918025,4157672.75528272
3354,329934.216643396,4157672.78124286
3355,329934.240610025,4157672.80527555
3356,329934.263150299,4157672.83005298
3357,329934.285735144,4157672.85471532
3358,329934.308039203,4157672.87901262
3359,329934.331488447,4157672.90407019
3360,329934.355444776,4157672.92847105
3361,329934.379066574,4157672.95269384
3362,329934.401459353,4157672.97855562
3363,329934.423020669,4157673.00398283
3364,329934.446597645,4157673.02675076
3365,329934.468398447,4157673.04951239
3366,329934.490332251,4157673.07196754
3367,329934.5130802,4157673.09455548
3368,329934.536364566,4157673.11563259
3369,329934.559849472,4157673.13540016
3370,329934.582551868,4157673.15539527
3371,329934.60511397,4157673.17575599
3372,329934.62812748,4157673.19608155
3373,329934.652004612,4157673.21288584
3374,329934.675066216,4157673.23010891
3375,329934.697718458,4157673.24759917
3376,329934.719627608,4157673.26597951
3377,329934.740495466,4157673.28378719
3378,329934.760880116,4157673.30121303
3379,329934.779919752,4157673.31730908
3380,329934.798250958,4157673.33291945
3381,329934.815783129,4157673.34962303
3382,329934.832611913,4157673.36525997
3383,329934.849701581,4157673.37836317
3384,329934.865280855,4157673.39189265
3385,329934.878178353,4157673.40828112
3386,329934.890241855,4157673.42352925
3387,329934.901623501,4157673.4379358
3388,329934.912777059,4157673.4520655
3389,329934.923601998,4157673.4648996
3390,329934.933587507,4157673.47698117
3391,329934.943233636,4157673.49051346
3392,329934.952001498,4157673.50274666
3393,329934.959996921,4157673.51349908
3394,329934.967292869,4157673.52357063
3395,329934.974100061,4157673.53352145
3396,329934.98065822,4157673.5436091
3397,329934.986536414,4157673.55229823
3398,329934.991808992,4157673.55997864
3399,329934.997059027,4157673.56767555
3400,329935.001735881,4157673.5740657
3401,329935.005771955,4157673.58010275
3402,329935.009217201,4157673.5851415
3403,329935.012274104,4157673.58984906
3404,329935.014786038,4157673.59397371
3405,329935.016688864,4157673.59764412
3406,329935.018140707,4157673.60089173
3407,329935.01927745,4157673.60364829
3408,329935.019992876,4157673.60588317
3409,329935.020386853,4157673.60760633
3410,329935.020525233,4157673.60941165
3411,329935.020225394,4157673.61033986
3412,329935.01957243,4157673.61093367
3413,329935.018555116,4157673.61124185
3414,329935.017213017,4157673.61134041
3415,329935.015590471,4157673.61121795
3416,329935.013776658,4157673.61093488
3417,329935.011817454,4157673.61049872
3418,329935.009798256,4157673.60991757
3419,329935.007791926,4157673.60969904
3420,329935.005716996,4157673.60888776
3421,329935.003642881,4157673.60798838
3422,329935.001607752,4157673.60704514
3423,329934.999614392,4157673.60607697
3424,329934.997660909,4157673.60512142
3425,329934.995724563,4157673.60420212
3426,329934.993778119,4157673.60334112
3427,329934.991818511,4157673.60250751
3428,329934.989895199,4157673.6021614
3429,329934.98792187,4157673.60137048
3430,329934.985963561,4157673.60058741
3431,329934.983991077,4157673.59978778
3432,329934.981997435,4157673.59896713
3433,329934.980006676,4157673.59813363
3434,329934.978002551,4157673.59727777
3435,329934.976038728,4157673.59563671
3436,329934.974520356,4157673.59475723
3437,329934.973195668,4157673.59423097
3438,329934.971637908,4157673.59332611
3439,329934.970050176,4157673.59239611
3440,329934.968430019,4157673.59144242
3441,329934.966796728,4157673.59046009
3442,329934.965158775,4157673.58942974
3443,329934.963511211,4157673.58835313
3444,329934.961854285,4157673.5872319
3445,329934.960155685,4157673.5860818
3446,329934.958615186,4157673.58527383
3447,329934.956834789,4157673.58410025
3448,329934.955033062,4157673.58293136
3449,329934.953226984,4157673.58179108
3450,329934.951432737,4157673.58069739
3451,329934.949677312,4157673.57966666
3452,329934.947983082,4157673.57868921
3453,329934.946374958,4157673.57775785
3454,329934.944881719,4157673.57687311
3455,329934.943719899,4157673.5764473
3456,329934.94244443,4157673.57574526
3457,329934.941238456,4157673.57513956
3458,329934.94011302,4157673.57467156
3459,329934.939067369,4157673.57435692
3460,329934.938103896,4157673.57416554
3461,329934.937245453,4157673.57409476
3462,329934.936511641,4157673.57414954
3463,329934.935910991,4157673.57431727
3464,329934.935651953,4157673.57494083
3465,329934.935298347,4157673.57531936
3466,329934.935016225,4157673.57579241
3467,329934.93479099,4157673.57634172
3468,329934.934615633,4157673.57695926
3469,329934.934483532,4157673.5776241
3470,329934.934385865,4157673.57831124
3471,329934.934305448,4157673.57901134
3472,329934.934229613,4157673.57971227
3473,329934.93435881,4157673.58076377
3474,329934.934263826,4157673.58143427
3475,329934.934147255,4157673.58207411
3476,329934.934003687,4157673.58268069
3477,329934.933825755,4157673.58324226
3478,329934.933603608,4157673.58374985
3479,329934.933328084,4157673.5841996
3480,329934.932995514,4157673.58459086
3481,329934.932601888,4157673.58491095
3482,329934.932352182,4157673.58551133
3483,329934.931835462,4157673.58567639
3484,329934.931256041,4157673.5857635
3485,329934.930950348,4157673.58589345
3486,329934.930670615,4157673.58589035
3487,329934.930331996,4157673.58582512
3488,329934.929945162,4157673.58570748
3489,329934.92952127,4157673.58554075
3490,329934.929069697,4157673.58533284
3491,329934.928892892,4157673.58539989
3492,329934.928412212,4157673.58515357
3493,329934.927923983,4157673.58490132
3494,329934.927434893,4157673.58465515
3495,329934.926957316,4157673.58441959
3496,329934.926494424,4157673.58419688
3497,329934.926050017,4157673.5839891
3498,329934.925631835,4157673.5838051
3499,329934.925235501,4157673.58364216
3500,329934.925155853,4157673.58380105
3501,329934.924807494,4157673.58369048
3502,329934.924483523,4157673.58360525
3503,329934.924183792,4157673.58354263
3504,329934.923903766,4157673.58350172
3505,329934.923642896,4157673.58348056
3506,329934.923396648,4157673.58347242
3507,329934.923161235,4157673.58347506
3508,329934.922927187,4157673.58347818
3509,329934.922984217,4157673.58377623
3510,329934.922747244,4157673.58377275
3511,329934.922501754,4157673.58375492
3512,329934.922239949,4157673.58372083
3513,329934.921960243,4157673.5836682
3514,329934.921664047,4157673.58359144
3515,329934.921349179,4157673.58349019
3516,329934.921010753,4157673.58336255
3517,329934.920669848,4157673.58323118
3518,329934.920557986,4157673.58339288
3519,329934.920159377,4157673.58317595
3520,329934.919774598,4157673.58289794
3521,329934.919351685,4157673.58272247
3522,329934.918822871,4157673.5824907
3523,329934.918397687,4157673.58222746
3524,329934.917955598,4157673.58193678
3525,329934.917499806,4157673.58167803
3526,329934.917036525,4157673.58137051
3527,329934.916884656,4157673.5813911
3528,329934.916408414,4157673.5811284
3529,329934.915964704,4157673.58086385
3530,329934.915519583,4157673.58057898
3531,329934.9150854,4157673.58031899
3532,329934.914665562,4157673.58004424
3533,329934.914226175,4157673.57978252
3534,329934.913784741,4157673.57952435
3535,329934.911274597,4157673.57922603
3536,329934.90782448,4157673.57866013
3537,329934.903555462,4157673.57814324
3538,329934.900093467,4157673.57755826
3539,329934.896616804,4157673.57696885
3540,329934.89313561,4157673.57636055
3541,329934.889645611,4157673.57573931
3542,329934.886152641,4157673.57511304
3543,329934.882643941,4157673.57447171
3544,329934.879116467,4157673.57382957
3545,329934.875586412,4157673.57316941
3546,329934.871233378,4157673.57257254
3547,329934.867692176,4157673.57189245
3548,329934.864148527,4157673.57120801
3549,329934.860596281,4157673.57051951
3550,329934.857038448,4157673.56983188
3551,329934.853481491,4157673.56913222
3552,329934.849928527,4157673.56843533
3553,329934.846376512,4157673.56773805
3554,329934.842817653,4157673.56703594
3555,329934.838436123,4157673.56640517
3556,329934.834869341,4157673.5657006
3557,329934.831298808,4157673.56498593
3558,329934.827722169,4157673.56426395
3559,329934.824137918,4157673.56353256
3560,329934.820542901,4157673.56280081
3561,329934.816939583,4157673.56206038
3562,329934.813325967,4157673.56131214
3563,329934.809710373,4157673.56055983
3564,329934.805269362,4157673.55986727
3565,329934.801640676,4157673.55910089
3566,329934.798005202,4157673.55833068
3567,329934.794368057,4157673.55755709
3568,329934.790726809,4157673.55678232
3569,329934.787079629,4157673.55600142
3570,329934.783429761,4157673.55521563
3571,329934.779774178,4157673.55442458
3572,329934.776115036,4157673.553629
3573,329934.771632553,4157673.55290001
3574,329934.767963015,4157673.55209737
3575,329934.764289665,4157673.55128854
3576,329934.76060704,4157673.55047673
3577,329934.756929296,4157673.54965777
3578,329934.753239564,4157673.54882794
3579,329934.749543627,4157673.54799427
3580,329934.745841486,4157673.54716211
3581,329934.742125623,4157673.54631869
3582,329934.737599405,4157673.54554305
3583,329934.733878535,4157673.5446881
3584,329934.73015886,4157673.54383142
3585,329934.728066122,4157673.54283603
3586,329934.731812614,4157673.54404141
3587,329934.734786793,4157673.54496838
3588,329934.737760039,4157673.54589892
3589,329934.740731332,4157673.54681818
3590,329934.743704602,4157673.54773732
3591,329934.748471769,4157673.54935748
3592,329934.751442253,4157673.5502688
3593,329934.75441339,4157673.55117818
3594,329934.757382859,4157673.55207978
3595,329934.760352275,4157673.55297898
3596,329934.763317169,4157673.55387501
3597,329934.766280691,4157673.55476425
3598,329934.769244038,4157673.55565522
3599,329934.77220231,4157673.55653568
3600,329934.776956715,4157673.55812323
3601,329934.779915274,4157673.55899927
3602,329934.78287519,4157673.5598698
3603,329934.785834918,4157673.56073554
3604,329934.788793611,4157673.56159445
3605,329934.791754332,4157673.56245079
3606,329934.794709987,4157673.563308
3607,329934.797666269,4157673.56415837
3608,329934.800619384,4157673.56500557
3609,329934.805366581,4157673.56655403
3610,329934.808322891,4157673.56739156
3611,329934.811275695,4157673.56822768
3612,329934.814227405,4157673.56906257
3613,329934.817176743,4157673.5698934
3614,329934.820126582,4157673.57071867
3615,329934.823077284,4157673.57154106
3616,329934.826024191,4157673.57235793
3617,329934.828968705,4157673.57317177
3618,329934.833711305,4157673.57469128
3619,329934.836662556,4157673.57550119
3620,329934.839614236,4157673.57630996
3621,329934.842566152,4157673.57711381
3622,329934.845516316,4157673.57791576
3623,329934.848465774,4157673.57871407
3624,329934.851414072,4157673.57951334
3625,329934.85436478,4157673.58030482
3626,329934.857312214,4157673.58109274
3627,329934.862055977,4157673.58258448
3628,329934.865005883,4157673.58336759
3629,329934.867953716,4157673.58414437
3630,329934.870900916,4157673.58491797
3631,329934.873845054,4157673.58568651
3632,329934.876784147,4157673.58644992
3633,329934.879717722,4157673.5872058
3634,329934.882651212,4157673.58795709
3635,329934.886144268,4157673.58922663
3636,329934.889014435,4157673.59179942
3637,329934.890955916,4157673.59351854
3638,329934.892903275,4157673.59523911
3639,329934.894854718,4157673.59696195
3640,329934.896809123,4157673.59868519
3641,329934.898773152,4157673.60041296
3642,329934.900740972,4157673.60213632
3643,329934.902710867,4157673.60385657
3644,329934.904676741,4157673.60556969
3645,329934.90757541,4157673.60813476
3646,329934.909541129,4157673.60984074
3647,329934.911504719,4157673.61154222
3648,329934.913467693,4157673.61324001
3649,329934.915425019,4157673.61493589
3650,329934.917382537,4157673.61662771
3651,329934.919346239,4157673.61831427
3652,329934.921307946,4157673.61998845
3653,329934.923276968,4157673.62166829
3654,329934.926172495,4157673.62420018
