[0.056s] DEBUG:colcon:Command line arguments: ['/usr/bin/colcon', 'build', '--symlink-install']
[0.056s] DEBUG:colcon:Parsed command line arguments: Namespace(log_base=None, log_level=None, verb_name='build', build_base='build', install_base='install', merge_install=False, symlink_install=True, test_result_base=None, continue_on_error=False, executor='parallel', parallel_workers=28, event_handlers=None, ignore_user_meta=False, metas=['./colcon.meta'], base_paths=['.'], packages_ignore=None, packages_ignore_regex=None, paths=None, packages_up_to=None, packages_up_to_regex=None, packages_above=None, packages_above_and_dependencies=None, packages_above_depth=None, packages_select_by_dep=None, packages_skip_by_dep=None, packages_skip_up_to=None, packages_select_build_failed=False, packages_skip_build_finished=False, packages_select_test_failures=False, packages_skip_test_passed=False, packages_select=None, packages_skip=None, packages_select_regex=None, packages_skip_regex=None, packages_start=None, packages_end=None, allow_overriding=[], cmake_args=None, cmake_target=None, cmake_target_skip_unavailable=False, cmake_clean_cache=False, cmake_clean_first=False, cmake_force_configure=False, ament_cmake_args=None, catkin_cmake_args=None, catkin_skip_building_tests=False, mixin_files=None, mixin=None, verb_parser=<colcon_mixin.mixin.mixin_argument.MixinArgumentDecorator object at 0x731150557730>, verb_extension=<colcon_core.verb.build.BuildVerb object at 0x7311505571c0>, main=<bound method BuildVerb.main of <colcon_core.verb.build.BuildVerb object at 0x7311505571c0>>, mixin_verb=('build',))
[0.141s] Level 1:colcon.colcon_core.package_discovery:discover_packages(colcon_meta) check parameters
[0.141s] Level 1:colcon.colcon_core.package_discovery:discover_packages(recursive) check parameters
[0.141s] Level 1:colcon.colcon_core.package_discovery:discover_packages(ignore) check parameters
[0.141s] Level 1:colcon.colcon_core.package_discovery:discover_packages(path) check parameters
[0.141s] Level 1:colcon.colcon_core.package_discovery:discover_packages(colcon_meta) discover
[0.141s] Level 1:colcon.colcon_core.package_discovery:discover_packages(recursive) discover
[0.141s] INFO:colcon.colcon_core.package_discovery:Crawling recursively for packages in '/home/aiv/ev_ws/perception'
[0.141s] Level 1:colcon.colcon_core.package_identification:_identify(.) by extensions ['ignore', 'ignore_ament_install']
[0.141s] Level 1:colcon.colcon_core.package_identification:_identify(.) by extension 'ignore'
[0.141s] Level 1:colcon.colcon_core.package_identification:_identify(.) by extension 'ignore_ament_install'
[0.141s] Level 1:colcon.colcon_core.package_identification:_identify(.) by extensions ['colcon_pkg']
[0.141s] Level 1:colcon.colcon_core.package_identification:_identify(.) by extension 'colcon_pkg'
[0.141s] Level 1:colcon.colcon_core.package_identification:_identify(.) by extensions ['colcon_meta']
[0.141s] Level 1:colcon.colcon_core.package_identification:_identify(.) by extension 'colcon_meta'
[0.141s] Level 1:colcon.colcon_core.package_identification:_identify(.) by extensions ['ros']
[0.141s] Level 1:colcon.colcon_core.package_identification:_identify(.) by extension 'ros'
[0.147s] Level 1:colcon.colcon_core.package_identification:_identify(.) by extensions ['cmake', 'python']
[0.147s] Level 1:colcon.colcon_core.package_identification:_identify(.) by extension 'cmake'
[0.147s] Level 1:colcon.colcon_core.package_identification:_identify(.) by extension 'python'
[0.147s] Level 1:colcon.colcon_core.package_identification:_identify(.) by extensions ['python_setup_py']
[0.147s] Level 1:colcon.colcon_core.package_identification:_identify(.) by extension 'python_setup_py'
[0.147s] Level 1:colcon.colcon_core.package_identification:_identify(build) by extensions ['ignore', 'ignore_ament_install']
[0.147s] Level 1:colcon.colcon_core.package_identification:_identify(build) by extension 'ignore'
[0.147s] Level 1:colcon.colcon_core.package_identification:_identify(build) ignored
[0.147s] Level 1:colcon.colcon_core.package_identification:_identify(install) by extensions ['ignore', 'ignore_ament_install']
[0.147s] Level 1:colcon.colcon_core.package_identification:_identify(install) by extension 'ignore'
[0.147s] Level 1:colcon.colcon_core.package_identification:_identify(install) ignored
[0.148s] Level 1:colcon.colcon_core.package_identification:_identify(log) by extensions ['ignore', 'ignore_ament_install']
[0.148s] Level 1:colcon.colcon_core.package_identification:_identify(log) by extension 'ignore'
[0.148s] Level 1:colcon.colcon_core.package_identification:_identify(log) ignored
[0.148s] Level 1:colcon.colcon_core.package_identification:_identify(rosbag) by extensions ['ignore', 'ignore_ament_install']
[0.148s] Level 1:colcon.colcon_core.package_identification:_identify(rosbag) by extension 'ignore'
[0.148s] Level 1:colcon.colcon_core.package_identification:_identify(rosbag) by extension 'ignore_ament_install'
[0.148s] Level 1:colcon.colcon_core.package_identification:_identify(rosbag) by extensions ['colcon_pkg']
[0.148s] Level 1:colcon.colcon_core.package_identification:_identify(rosbag) by extension 'colcon_pkg'
[0.148s] Level 1:colcon.colcon_core.package_identification:_identify(rosbag) by extensions ['colcon_meta']
[0.148s] Level 1:colcon.colcon_core.package_identification:_identify(rosbag) by extension 'colcon_meta'
[0.148s] Level 1:colcon.colcon_core.package_identification:_identify(rosbag) by extensions ['ros']
[0.148s] Level 1:colcon.colcon_core.package_identification:_identify(rosbag) by extension 'ros'
[0.148s] Level 1:colcon.colcon_core.package_identification:_identify(rosbag) by extensions ['cmake', 'python']
[0.148s] Level 1:colcon.colcon_core.package_identification:_identify(rosbag) by extension 'cmake'
[0.148s] Level 1:colcon.colcon_core.package_identification:_identify(rosbag) by extension 'python'
[0.148s] Level 1:colcon.colcon_core.package_identification:_identify(rosbag) by extensions ['python_setup_py']
[0.148s] Level 1:colcon.colcon_core.package_identification:_identify(rosbag) by extension 'python_setup_py'
[0.148s] Level 1:colcon.colcon_core.package_identification:_identify(rosbag/0214) by extensions ['ignore', 'ignore_ament_install']
[0.148s] Level 1:colcon.colcon_core.package_identification:_identify(rosbag/0214) by extension 'ignore'
[0.148s] Level 1:colcon.colcon_core.package_identification:_identify(rosbag/0214) by extension 'ignore_ament_install'
[0.148s] Level 1:colcon.colcon_core.package_identification:_identify(rosbag/0214) by extensions ['colcon_pkg']
[0.148s] Level 1:colcon.colcon_core.package_identification:_identify(rosbag/0214) by extension 'colcon_pkg'
[0.148s] Level 1:colcon.colcon_core.package_identification:_identify(rosbag/0214) by extensions ['colcon_meta']
[0.148s] Level 1:colcon.colcon_core.package_identification:_identify(rosbag/0214) by extension 'colcon_meta'
[0.148s] Level 1:colcon.colcon_core.package_identification:_identify(rosbag/0214) by extensions ['ros']
[0.148s] Level 1:colcon.colcon_core.package_identification:_identify(rosbag/0214) by extension 'ros'
[0.148s] Level 1:colcon.colcon_core.package_identification:_identify(rosbag/0214) by extensions ['cmake', 'python']
[0.148s] Level 1:colcon.colcon_core.package_identification:_identify(rosbag/0214) by extension 'cmake'
[0.148s] Level 1:colcon.colcon_core.package_identification:_identify(rosbag/0214) by extension 'python'
[0.148s] Level 1:colcon.colcon_core.package_identification:_identify(rosbag/0214) by extensions ['python_setup_py']
[0.148s] Level 1:colcon.colcon_core.package_identification:_identify(rosbag/0214) by extension 'python_setup_py'
[0.148s] Level 1:colcon.colcon_core.package_identification:_identify(rosbag/trimmed) by extensions ['ignore', 'ignore_ament_install']
[0.149s] Level 1:colcon.colcon_core.package_identification:_identify(rosbag/trimmed) by extension 'ignore'
[0.149s] Level 1:colcon.colcon_core.package_identification:_identify(rosbag/trimmed) by extension 'ignore_ament_install'
[0.149s] Level 1:colcon.colcon_core.package_identification:_identify(rosbag/trimmed) by extensions ['colcon_pkg']
[0.149s] Level 1:colcon.colcon_core.package_identification:_identify(rosbag/trimmed) by extension 'colcon_pkg'
[0.149s] Level 1:colcon.colcon_core.package_identification:_identify(rosbag/trimmed) by extensions ['colcon_meta']
[0.149s] Level 1:colcon.colcon_core.package_identification:_identify(rosbag/trimmed) by extension 'colcon_meta'
[0.149s] Level 1:colcon.colcon_core.package_identification:_identify(rosbag/trimmed) by extensions ['ros']
[0.149s] Level 1:colcon.colcon_core.package_identification:_identify(rosbag/trimmed) by extension 'ros'
[0.149s] Level 1:colcon.colcon_core.package_identification:_identify(rosbag/trimmed) by extensions ['cmake', 'python']
[0.149s] Level 1:colcon.colcon_core.package_identification:_identify(rosbag/trimmed) by extension 'cmake'
[0.149s] Level 1:colcon.colcon_core.package_identification:_identify(rosbag/trimmed) by extension 'python'
[0.149s] Level 1:colcon.colcon_core.package_identification:_identify(rosbag/trimmed) by extensions ['python_setup_py']
[0.149s] Level 1:colcon.colcon_core.package_identification:_identify(rosbag/trimmed) by extension 'python_setup_py'
[0.149s] Level 1:colcon.colcon_core.package_identification:_identify(src) by extensions ['ignore', 'ignore_ament_install']
[0.149s] Level 1:colcon.colcon_core.package_identification:_identify(src) by extension 'ignore'
[0.149s] Level 1:colcon.colcon_core.package_identification:_identify(src) by extension 'ignore_ament_install'
[0.149s] Level 1:colcon.colcon_core.package_identification:_identify(src) by extensions ['colcon_pkg']
[0.149s] Level 1:colcon.colcon_core.package_identification:_identify(src) by extension 'colcon_pkg'
[0.149s] Level 1:colcon.colcon_core.package_identification:_identify(src) by extensions ['colcon_meta']
[0.149s] Level 1:colcon.colcon_core.package_identification:_identify(src) by extension 'colcon_meta'
[0.149s] Level 1:colcon.colcon_core.package_identification:_identify(src) by extensions ['ros']
[0.149s] Level 1:colcon.colcon_core.package_identification:_identify(src) by extension 'ros'
[0.149s] Level 1:colcon.colcon_core.package_identification:_identify(src) by extensions ['cmake', 'python']
[0.149s] Level 1:colcon.colcon_core.package_identification:_identify(src) by extension 'cmake'
[0.149s] Level 1:colcon.colcon_core.package_identification:_identify(src) by extension 'python'
[0.149s] Level 1:colcon.colcon_core.package_identification:_identify(src) by extensions ['python_setup_py']
[0.149s] Level 1:colcon.colcon_core.package_identification:_identify(src) by extension 'python_setup_py'
[0.149s] Level 1:colcon.colcon_core.package_identification:_identify(src/lidar) by extensions ['ignore', 'ignore_ament_install']
[0.149s] Level 1:colcon.colcon_core.package_identification:_identify(src/lidar) by extension 'ignore'
[0.149s] Level 1:colcon.colcon_core.package_identification:_identify(src/lidar) by extension 'ignore_ament_install'
[0.149s] Level 1:colcon.colcon_core.package_identification:_identify(src/lidar) by extensions ['colcon_pkg']
[0.149s] Level 1:colcon.colcon_core.package_identification:_identify(src/lidar) by extension 'colcon_pkg'
[0.150s] Level 1:colcon.colcon_core.package_identification:_identify(src/lidar) by extensions ['colcon_meta']
[0.150s] Level 1:colcon.colcon_core.package_identification:_identify(src/lidar) by extension 'colcon_meta'
[0.150s] Level 1:colcon.colcon_core.package_identification:_identify(src/lidar) by extensions ['ros']
[0.150s] Level 1:colcon.colcon_core.package_identification:_identify(src/lidar) by extension 'ros'
[0.150s] Level 1:colcon.colcon_core.package_identification:_identify(src/lidar) by extensions ['cmake', 'python']
[0.150s] Level 1:colcon.colcon_core.package_identification:_identify(src/lidar) by extension 'cmake'
[0.150s] Level 1:colcon.colcon_core.package_identification:_identify(src/lidar) by extension 'python'
[0.150s] Level 1:colcon.colcon_core.package_identification:_identify(src/lidar) by extensions ['python_setup_py']
[0.150s] Level 1:colcon.colcon_core.package_identification:_identify(src/lidar) by extension 'python_setup_py'
[0.150s] Level 1:colcon.colcon_core.package_identification:_identify(src/lidar/cluster_splitter) by extensions ['ignore', 'ignore_ament_install']
[0.150s] Level 1:colcon.colcon_core.package_identification:_identify(src/lidar/cluster_splitter) by extension 'ignore'
[0.150s] Level 1:colcon.colcon_core.package_identification:_identify(src/lidar/cluster_splitter) by extension 'ignore_ament_install'
[0.150s] Level 1:colcon.colcon_core.package_identification:_identify(src/lidar/cluster_splitter) by extensions ['colcon_pkg']
[0.150s] Level 1:colcon.colcon_core.package_identification:_identify(src/lidar/cluster_splitter) by extension 'colcon_pkg'
[0.150s] Level 1:colcon.colcon_core.package_identification:_identify(src/lidar/cluster_splitter) by extensions ['colcon_meta']
[0.150s] Level 1:colcon.colcon_core.package_identification:_identify(src/lidar/cluster_splitter) by extension 'colcon_meta'
[0.150s] Level 1:colcon.colcon_core.package_identification:_identify(src/lidar/cluster_splitter) by extensions ['ros']
[0.150s] Level 1:colcon.colcon_core.package_identification:_identify(src/lidar/cluster_splitter) by extension 'ros'
[0.151s] DEBUG:colcon.colcon_core.package_identification:Package 'src/lidar/cluster_splitter' with type 'ros.ament_cmake' and name 'cluster_splitter'
[0.151s] Level 1:colcon.colcon_core.package_identification:_identify(src/lidar/dbscan_clustering) by extensions ['ignore', 'ignore_ament_install']
[0.151s] Level 1:colcon.colcon_core.package_identification:_identify(src/lidar/dbscan_clustering) by extension 'ignore'
[0.151s] Level 1:colcon.colcon_core.package_identification:_identify(src/lidar/dbscan_clustering) by extension 'ignore_ament_install'
[0.152s] Level 1:colcon.colcon_core.package_identification:_identify(src/lidar/dbscan_clustering) by extensions ['colcon_pkg']
[0.152s] Level 1:colcon.colcon_core.package_identification:_identify(src/lidar/dbscan_clustering) by extension 'colcon_pkg'
[0.152s] Level 1:colcon.colcon_core.package_identification:_identify(src/lidar/dbscan_clustering) by extensions ['colcon_meta']
[0.152s] Level 1:colcon.colcon_core.package_identification:_identify(src/lidar/dbscan_clustering) by extension 'colcon_meta'
[0.152s] Level 1:colcon.colcon_core.package_identification:_identify(src/lidar/dbscan_clustering) by extensions ['ros']
[0.152s] Level 1:colcon.colcon_core.package_identification:_identify(src/lidar/dbscan_clustering) by extension 'ros'
[0.153s] DEBUG:colcon.colcon_core.package_identification:Package 'src/lidar/dbscan_clustering' with type 'ros.ament_cmake' and name 'dbscan_clustering'
[0.153s] Level 1:colcon.colcon_core.package_identification:_identify(src/lidar/lidar_interfaces) by extensions ['ignore', 'ignore_ament_install']
[0.153s] Level 1:colcon.colcon_core.package_identification:_identify(src/lidar/lidar_interfaces) by extension 'ignore'
[0.153s] Level 1:colcon.colcon_core.package_identification:_identify(src/lidar/lidar_interfaces) by extension 'ignore_ament_install'
[0.153s] Level 1:colcon.colcon_core.package_identification:_identify(src/lidar/lidar_interfaces) by extensions ['colcon_pkg']
[0.153s] Level 1:colcon.colcon_core.package_identification:_identify(src/lidar/lidar_interfaces) by extension 'colcon_pkg'
[0.153s] Level 1:colcon.colcon_core.package_identification:_identify(src/lidar/lidar_interfaces) by extensions ['colcon_meta']
[0.153s] Level 1:colcon.colcon_core.package_identification:_identify(src/lidar/lidar_interfaces) by extension 'colcon_meta'
[0.153s] Level 1:colcon.colcon_core.package_identification:_identify(src/lidar/lidar_interfaces) by extensions ['ros']
[0.153s] Level 1:colcon.colcon_core.package_identification:_identify(src/lidar/lidar_interfaces) by extension 'ros'
[0.153s] DEBUG:colcon.colcon_core.package_identification:Package 'src/lidar/lidar_interfaces' with type 'ros.ament_cmake' and name 'lidar_interfaces'
[0.153s] Level 1:colcon.colcon_core.package_identification:_identify(src/lidar/lidar_voxel_grid) by extensions ['ignore', 'ignore_ament_install']
[0.154s] Level 1:colcon.colcon_core.package_identification:_identify(src/lidar/lidar_voxel_grid) by extension 'ignore'
[0.154s] Level 1:colcon.colcon_core.package_identification:_identify(src/lidar/lidar_voxel_grid) by extension 'ignore_ament_install'
[0.154s] Level 1:colcon.colcon_core.package_identification:_identify(src/lidar/lidar_voxel_grid) by extensions ['colcon_pkg']
[0.154s] Level 1:colcon.colcon_core.package_identification:_identify(src/lidar/lidar_voxel_grid) by extension 'colcon_pkg'
[0.154s] Level 1:colcon.colcon_core.package_identification:_identify(src/lidar/lidar_voxel_grid) by extensions ['colcon_meta']
[0.154s] Level 1:colcon.colcon_core.package_identification:_identify(src/lidar/lidar_voxel_grid) by extension 'colcon_meta'
[0.154s] Level 1:colcon.colcon_core.package_identification:_identify(src/lidar/lidar_voxel_grid) by extensions ['ros']
[0.154s] Level 1:colcon.colcon_core.package_identification:_identify(src/lidar/lidar_voxel_grid) by extension 'ros'
[0.154s] DEBUG:colcon.colcon_core.package_identification:Package 'src/lidar/lidar_voxel_grid' with type 'ros.ament_cmake' and name 'lidar_voxel_grid'
[0.154s] Level 1:colcon.colcon_core.package_identification:_identify(src/lidar/patchwork-plusplus-master) by extensions ['ignore', 'ignore_ament_install']
[0.154s] Level 1:colcon.colcon_core.package_identification:_identify(src/lidar/patchwork-plusplus-master) by extension 'ignore'
[0.154s] Level 1:colcon.colcon_core.package_identification:_identify(src/lidar/patchwork-plusplus-master) by extension 'ignore_ament_install'
[0.154s] Level 1:colcon.colcon_core.package_identification:_identify(src/lidar/patchwork-plusplus-master) by extensions ['colcon_pkg']
[0.154s] Level 1:colcon.colcon_core.package_identification:_identify(src/lidar/patchwork-plusplus-master) by extension 'colcon_pkg'
[0.154s] Level 1:colcon.colcon_core.package_identification:_identify(src/lidar/patchwork-plusplus-master) by extensions ['colcon_meta']
[0.154s] Level 1:colcon.colcon_core.package_identification:_identify(src/lidar/patchwork-plusplus-master) by extension 'colcon_meta'
[0.154s] Level 1:colcon.colcon_core.package_identification:_identify(src/lidar/patchwork-plusplus-master) by extensions ['ros']
[0.154s] Level 1:colcon.colcon_core.package_identification:_identify(src/lidar/patchwork-plusplus-master) by extension 'ros'
[0.155s] Level 1:colcon.colcon_core.package_identification:_identify(src/lidar/patchwork-plusplus-master) by extensions ['cmake', 'python']
[0.155s] Level 1:colcon.colcon_core.package_identification:_identify(src/lidar/patchwork-plusplus-master) by extension 'cmake'
[0.155s] Level 1:colcon.colcon_core.package_identification:_identify(src/lidar/patchwork-plusplus-master) by extension 'python'
[0.155s] Level 1:colcon.colcon_core.package_identification:_identify(src/lidar/patchwork-plusplus-master) by extensions ['python_setup_py']
[0.155s] Level 1:colcon.colcon_core.package_identification:_identify(src/lidar/patchwork-plusplus-master) by extension 'python_setup_py'
[0.155s] Level 1:colcon.colcon_core.package_identification:_identify(src/lidar/patchwork-plusplus-master/patchwork-plusplus-master) by extensions ['ignore', 'ignore_ament_install']
[0.155s] Level 1:colcon.colcon_core.package_identification:_identify(src/lidar/patchwork-plusplus-master/patchwork-plusplus-master) by extension 'ignore'
[0.155s] Level 1:colcon.colcon_core.package_identification:_identify(src/lidar/patchwork-plusplus-master/patchwork-plusplus-master) by extension 'ignore_ament_install'
[0.155s] Level 1:colcon.colcon_core.package_identification:_identify(src/lidar/patchwork-plusplus-master/patchwork-plusplus-master) by extensions ['colcon_pkg']
[0.155s] Level 1:colcon.colcon_core.package_identification:_identify(src/lidar/patchwork-plusplus-master/patchwork-plusplus-master) by extension 'colcon_pkg'
[0.155s] Level 1:colcon.colcon_core.package_identification:_identify(src/lidar/patchwork-plusplus-master/patchwork-plusplus-master) by extensions ['colcon_meta']
[0.155s] Level 1:colcon.colcon_core.package_identification:_identify(src/lidar/patchwork-plusplus-master/patchwork-plusplus-master) by extension 'colcon_meta'
[0.155s] Level 1:colcon.colcon_core.package_identification:_identify(src/lidar/patchwork-plusplus-master/patchwork-plusplus-master) by extensions ['ros']
[0.155s] Level 1:colcon.colcon_core.package_identification:_identify(src/lidar/patchwork-plusplus-master/patchwork-plusplus-master) by extension 'ros'
[0.155s] Level 1:colcon.colcon_core.package_identification:_identify(src/lidar/patchwork-plusplus-master/patchwork-plusplus-master) by extensions ['cmake', 'python']
[0.155s] Level 1:colcon.colcon_core.package_identification:_identify(src/lidar/patchwork-plusplus-master/patchwork-plusplus-master) by extension 'cmake'
[0.155s] Level 1:colcon.colcon_core.package_identification:_identify(src/lidar/patchwork-plusplus-master/patchwork-plusplus-master) by extension 'python'
[0.155s] Level 1:colcon.colcon_core.package_identification:_identify(src/lidar/patchwork-plusplus-master/patchwork-plusplus-master) by extensions ['python_setup_py']
[0.155s] Level 1:colcon.colcon_core.package_identification:_identify(src/lidar/patchwork-plusplus-master/patchwork-plusplus-master) by extension 'python_setup_py'
[0.155s] Level 1:colcon.colcon_core.package_identification:_identify(src/lidar/patchwork-plusplus-master/patchwork-plusplus-master/cpp) by extensions ['ignore', 'ignore_ament_install']
[0.155s] Level 1:colcon.colcon_core.package_identification:_identify(src/lidar/patchwork-plusplus-master/patchwork-plusplus-master/cpp) by extension 'ignore'
[0.155s] Level 1:colcon.colcon_core.package_identification:_identify(src/lidar/patchwork-plusplus-master/patchwork-plusplus-master/cpp) ignored
[0.155s] Level 1:colcon.colcon_core.package_identification:_identify(src/lidar/patchwork-plusplus-master/patchwork-plusplus-master/data) by extensions ['ignore', 'ignore_ament_install']
[0.155s] Level 1:colcon.colcon_core.package_identification:_identify(src/lidar/patchwork-plusplus-master/patchwork-plusplus-master/data) by extension 'ignore'
[0.155s] Level 1:colcon.colcon_core.package_identification:_identify(src/lidar/patchwork-plusplus-master/patchwork-plusplus-master/data) by extension 'ignore_ament_install'
[0.155s] Level 1:colcon.colcon_core.package_identification:_identify(src/lidar/patchwork-plusplus-master/patchwork-plusplus-master/data) by extensions ['colcon_pkg']
[0.155s] Level 1:colcon.colcon_core.package_identification:_identify(src/lidar/patchwork-plusplus-master/patchwork-plusplus-master/data) by extension 'colcon_pkg'
[0.155s] Level 1:colcon.colcon_core.package_identification:_identify(src/lidar/patchwork-plusplus-master/patchwork-plusplus-master/data) by extensions ['colcon_meta']
[0.155s] Level 1:colcon.colcon_core.package_identification:_identify(src/lidar/patchwork-plusplus-master/patchwork-plusplus-master/data) by extension 'colcon_meta'
[0.156s] Level 1:colcon.colcon_core.package_identification:_identify(src/lidar/patchwork-plusplus-master/patchwork-plusplus-master/data) by extensions ['ros']
[0.156s] Level 1:colcon.colcon_core.package_identification:_identify(src/lidar/patchwork-plusplus-master/patchwork-plusplus-master/data) by extension 'ros'
[0.156s] Level 1:colcon.colcon_core.package_identification:_identify(src/lidar/patchwork-plusplus-master/patchwork-plusplus-master/data) by extensions ['cmake', 'python']
[0.156s] Level 1:colcon.colcon_core.package_identification:_identify(src/lidar/patchwork-plusplus-master/patchwork-plusplus-master/data) by extension 'cmake'
[0.156s] Level 1:colcon.colcon_core.package_identification:_identify(src/lidar/patchwork-plusplus-master/patchwork-plusplus-master/data) by extension 'python'
[0.156s] Level 1:colcon.colcon_core.package_identification:_identify(src/lidar/patchwork-plusplus-master/patchwork-plusplus-master/data) by extensions ['python_setup_py']
[0.156s] Level 1:colcon.colcon_core.package_identification:_identify(src/lidar/patchwork-plusplus-master/patchwork-plusplus-master/data) by extension 'python_setup_py'
[0.156s] Level 1:colcon.colcon_core.package_identification:_identify(src/lidar/patchwork-plusplus-master/patchwork-plusplus-master/pictures) by extensions ['ignore', 'ignore_ament_install']
[0.156s] Level 1:colcon.colcon_core.package_identification:_identify(src/lidar/patchwork-plusplus-master/patchwork-plusplus-master/pictures) by extension 'ignore'
[0.156s] Level 1:colcon.colcon_core.package_identification:_identify(src/lidar/patchwork-plusplus-master/patchwork-plusplus-master/pictures) by extension 'ignore_ament_install'
[0.156s] Level 1:colcon.colcon_core.package_identification:_identify(src/lidar/patchwork-plusplus-master/patchwork-plusplus-master/pictures) by extensions ['colcon_pkg']
[0.156s] Level 1:colcon.colcon_core.package_identification:_identify(src/lidar/patchwork-plusplus-master/patchwork-plusplus-master/pictures) by extension 'colcon_pkg'
[0.156s] Level 1:colcon.colcon_core.package_identification:_identify(src/lidar/patchwork-plusplus-master/patchwork-plusplus-master/pictures) by extensions ['colcon_meta']
[0.156s] Level 1:colcon.colcon_core.package_identification:_identify(src/lidar/patchwork-plusplus-master/patchwork-plusplus-master/pictures) by extension 'colcon_meta'
[0.156s] Level 1:colcon.colcon_core.package_identification:_identify(src/lidar/patchwork-plusplus-master/patchwork-plusplus-master/pictures) by extensions ['ros']
[0.156s] Level 1:colcon.colcon_core.package_identification:_identify(src/lidar/patchwork-plusplus-master/patchwork-plusplus-master/pictures) by extension 'ros'
[0.156s] Level 1:colcon.colcon_core.package_identification:_identify(src/lidar/patchwork-plusplus-master/patchwork-plusplus-master/pictures) by extensions ['cmake', 'python']
[0.156s] Level 1:colcon.colcon_core.package_identification:_identify(src/lidar/patchwork-plusplus-master/patchwork-plusplus-master/pictures) by extension 'cmake'
[0.156s] Level 1:colcon.colcon_core.package_identification:_identify(src/lidar/patchwork-plusplus-master/patchwork-plusplus-master/pictures) by extension 'python'
[0.156s] Level 1:colcon.colcon_core.package_identification:_identify(src/lidar/patchwork-plusplus-master/patchwork-plusplus-master/pictures) by extensions ['python_setup_py']
[0.156s] Level 1:colcon.colcon_core.package_identification:_identify(src/lidar/patchwork-plusplus-master/patchwork-plusplus-master/pictures) by extension 'python_setup_py'
[0.156s] Level 1:colcon.colcon_core.package_identification:_identify(src/lidar/patchwork-plusplus-master/patchwork-plusplus-master/python) by extensions ['ignore', 'ignore_ament_install']
[0.156s] Level 1:colcon.colcon_core.package_identification:_identify(src/lidar/patchwork-plusplus-master/patchwork-plusplus-master/python) by extension 'ignore'
[0.156s] Level 1:colcon.colcon_core.package_identification:_identify(src/lidar/patchwork-plusplus-master/patchwork-plusplus-master/python) ignored
[0.156s] Level 1:colcon.colcon_core.package_identification:_identify(src/lidar/patchwork-plusplus-master/patchwork-plusplus-master/ros) by extensions ['ignore', 'ignore_ament_install']
[0.156s] Level 1:colcon.colcon_core.package_identification:_identify(src/lidar/patchwork-plusplus-master/patchwork-plusplus-master/ros) by extension 'ignore'
[0.156s] Level 1:colcon.colcon_core.package_identification:_identify(src/lidar/patchwork-plusplus-master/patchwork-plusplus-master/ros) by extension 'ignore_ament_install'
[0.156s] Level 1:colcon.colcon_core.package_identification:_identify(src/lidar/patchwork-plusplus-master/patchwork-plusplus-master/ros) by extensions ['colcon_pkg']
[0.156s] Level 1:colcon.colcon_core.package_identification:_identify(src/lidar/patchwork-plusplus-master/patchwork-plusplus-master/ros) by extension 'colcon_pkg'
[0.157s] Level 1:colcon.colcon_core.package_identification:_identify(src/lidar/patchwork-plusplus-master/patchwork-plusplus-master/ros) by extensions ['colcon_meta']
[0.157s] Level 1:colcon.colcon_core.package_identification:_identify(src/lidar/patchwork-plusplus-master/patchwork-plusplus-master/ros) by extension 'colcon_meta'
[0.157s] Level 1:colcon.colcon_core.package_identification:_identify(src/lidar/patchwork-plusplus-master/patchwork-plusplus-master/ros) by extensions ['ros']
[0.157s] Level 1:colcon.colcon_core.package_identification:_identify(src/lidar/patchwork-plusplus-master/patchwork-plusplus-master/ros) by extension 'ros'
[0.157s] DEBUG:colcon.colcon_core.package_identification:Package 'src/lidar/patchwork-plusplus-master/patchwork-plusplus-master/ros' with type 'ros.ament_cmake' and name 'patchworkpp'
[0.157s] Level 1:colcon.colcon_core.package_identification:_identify(src/lidar/patchwork-plusplus-master/patchwork-plusplus-master/scripts) by extensions ['ignore', 'ignore_ament_install']
[0.157s] Level 1:colcon.colcon_core.package_identification:_identify(src/lidar/patchwork-plusplus-master/patchwork-plusplus-master/scripts) by extension 'ignore'
[0.157s] Level 1:colcon.colcon_core.package_identification:_identify(src/lidar/patchwork-plusplus-master/patchwork-plusplus-master/scripts) by extension 'ignore_ament_install'
[0.157s] Level 1:colcon.colcon_core.package_identification:_identify(src/lidar/patchwork-plusplus-master/patchwork-plusplus-master/scripts) by extensions ['colcon_pkg']
[0.157s] Level 1:colcon.colcon_core.package_identification:_identify(src/lidar/patchwork-plusplus-master/patchwork-plusplus-master/scripts) by extension 'colcon_pkg'
[0.157s] Level 1:colcon.colcon_core.package_identification:_identify(src/lidar/patchwork-plusplus-master/patchwork-plusplus-master/scripts) by extensions ['colcon_meta']
[0.157s] Level 1:colcon.colcon_core.package_identification:_identify(src/lidar/patchwork-plusplus-master/patchwork-plusplus-master/scripts) by extension 'colcon_meta'
[0.157s] Level 1:colcon.colcon_core.package_identification:_identify(src/lidar/patchwork-plusplus-master/patchwork-plusplus-master/scripts) by extensions ['ros']
[0.157s] Level 1:colcon.colcon_core.package_identification:_identify(src/lidar/patchwork-plusplus-master/patchwork-plusplus-master/scripts) by extension 'ros'
[0.158s] Level 1:colcon.colcon_core.package_identification:_identify(src/lidar/patchwork-plusplus-master/patchwork-plusplus-master/scripts) by extensions ['cmake', 'python']
[0.158s] Level 1:colcon.colcon_core.package_identification:_identify(src/lidar/patchwork-plusplus-master/patchwork-plusplus-master/scripts) by extension 'cmake'
[0.158s] Level 1:colcon.colcon_core.package_identification:_identify(src/lidar/patchwork-plusplus-master/patchwork-plusplus-master/scripts) by extension 'python'
[0.158s] Level 1:colcon.colcon_core.package_identification:_identify(src/lidar/patchwork-plusplus-master/patchwork-plusplus-master/scripts) by extensions ['python_setup_py']
[0.158s] Level 1:colcon.colcon_core.package_identification:_identify(src/lidar/patchwork-plusplus-master/patchwork-plusplus-master/scripts) by extension 'python_setup_py'
[0.158s] Level 1:colcon.colcon_core.package_identification:_identify(src/lidar/velodyne) by extensions ['ignore', 'ignore_ament_install']
[0.158s] Level 1:colcon.colcon_core.package_identification:_identify(src/lidar/velodyne) by extension 'ignore'
[0.158s] Level 1:colcon.colcon_core.package_identification:_identify(src/lidar/velodyne) by extension 'ignore_ament_install'
[0.158s] Level 1:colcon.colcon_core.package_identification:_identify(src/lidar/velodyne) by extensions ['colcon_pkg']
[0.158s] Level 1:colcon.colcon_core.package_identification:_identify(src/lidar/velodyne) by extension 'colcon_pkg'
[0.158s] Level 1:colcon.colcon_core.package_identification:_identify(src/lidar/velodyne) by extensions ['colcon_meta']
[0.158s] Level 1:colcon.colcon_core.package_identification:_identify(src/lidar/velodyne) by extension 'colcon_meta'
[0.158s] Level 1:colcon.colcon_core.package_identification:_identify(src/lidar/velodyne) by extensions ['ros']
[0.158s] Level 1:colcon.colcon_core.package_identification:_identify(src/lidar/velodyne) by extension 'ros'
[0.158s] DEBUG:colcon.colcon_core.package_identification:Package 'src/lidar/velodyne' with type 'ros.ament_cmake' and name 'velodyne'
[0.158s] Level 1:colcon.colcon_core.package_identification:_identify(src/lidar/velodyne_cropbox) by extensions ['ignore', 'ignore_ament_install']
[0.158s] Level 1:colcon.colcon_core.package_identification:_identify(src/lidar/velodyne_cropbox) by extension 'ignore'
[0.158s] Level 1:colcon.colcon_core.package_identification:_identify(src/lidar/velodyne_cropbox) by extension 'ignore_ament_install'
[0.159s] Level 1:colcon.colcon_core.package_identification:_identify(src/lidar/velodyne_cropbox) by extensions ['colcon_pkg']
[0.159s] Level 1:colcon.colcon_core.package_identification:_identify(src/lidar/velodyne_cropbox) by extension 'colcon_pkg'
[0.159s] Level 1:colcon.colcon_core.package_identification:_identify(src/lidar/velodyne_cropbox) by extensions ['colcon_meta']
[0.159s] Level 1:colcon.colcon_core.package_identification:_identify(src/lidar/velodyne_cropbox) by extension 'colcon_meta'
[0.159s] Level 1:colcon.colcon_core.package_identification:_identify(src/lidar/velodyne_cropbox) by extensions ['ros']
[0.159s] Level 1:colcon.colcon_core.package_identification:_identify(src/lidar/velodyne_cropbox) by extension 'ros'
[0.164s] DEBUG:colcon.colcon_core.package_identification:Package 'src/lidar/velodyne_cropbox' with type 'ros.ament_cmake' and name 'velodyne_cropbox'
[0.164s] Level 1:colcon.colcon_core.package_identification:_identify(src/lidar/velodyne_driver) by extensions ['ignore', 'ignore_ament_install']
[0.164s] Level 1:colcon.colcon_core.package_identification:_identify(src/lidar/velodyne_driver) by extension 'ignore'
[0.164s] Level 1:colcon.colcon_core.package_identification:_identify(src/lidar/velodyne_driver) by extension 'ignore_ament_install'
[0.164s] Level 1:colcon.colcon_core.package_identification:_identify(src/lidar/velodyne_driver) by extensions ['colcon_pkg']
[0.164s] Level 1:colcon.colcon_core.package_identification:_identify(src/lidar/velodyne_driver) by extension 'colcon_pkg'
[0.164s] Level 1:colcon.colcon_core.package_identification:_identify(src/lidar/velodyne_driver) by extensions ['colcon_meta']
[0.164s] Level 1:colcon.colcon_core.package_identification:_identify(src/lidar/velodyne_driver) by extension 'colcon_meta'
[0.164s] Level 1:colcon.colcon_core.package_identification:_identify(src/lidar/velodyne_driver) by extensions ['ros']
[0.164s] Level 1:colcon.colcon_core.package_identification:_identify(src/lidar/velodyne_driver) by extension 'ros'
[0.165s] DEBUG:colcon.colcon_core.package_identification:Package 'src/lidar/velodyne_driver' with type 'ros.ament_cmake' and name 'velodyne_driver'
[0.165s] Level 1:colcon.colcon_core.package_identification:_identify(src/lidar/velodyne_laserscan) by extensions ['ignore', 'ignore_ament_install']
[0.165s] Level 1:colcon.colcon_core.package_identification:_identify(src/lidar/velodyne_laserscan) by extension 'ignore'
[0.165s] Level 1:colcon.colcon_core.package_identification:_identify(src/lidar/velodyne_laserscan) by extension 'ignore_ament_install'
[0.165s] Level 1:colcon.colcon_core.package_identification:_identify(src/lidar/velodyne_laserscan) by extensions ['colcon_pkg']
[0.165s] Level 1:colcon.colcon_core.package_identification:_identify(src/lidar/velodyne_laserscan) by extension 'colcon_pkg'
[0.165s] Level 1:colcon.colcon_core.package_identification:_identify(src/lidar/velodyne_laserscan) by extensions ['colcon_meta']
[0.165s] Level 1:colcon.colcon_core.package_identification:_identify(src/lidar/velodyne_laserscan) by extension 'colcon_meta'
[0.165s] Level 1:colcon.colcon_core.package_identification:_identify(src/lidar/velodyne_laserscan) by extensions ['ros']
[0.165s] Level 1:colcon.colcon_core.package_identification:_identify(src/lidar/velodyne_laserscan) by extension 'ros'
[0.165s] DEBUG:colcon.colcon_core.package_identification:Package 'src/lidar/velodyne_laserscan' with type 'ros.ament_cmake' and name 'velodyne_laserscan'
[0.165s] Level 1:colcon.colcon_core.package_identification:_identify(src/lidar/velodyne_msgs) by extensions ['ignore', 'ignore_ament_install']
[0.165s] Level 1:colcon.colcon_core.package_identification:_identify(src/lidar/velodyne_msgs) by extension 'ignore'
[0.165s] Level 1:colcon.colcon_core.package_identification:_identify(src/lidar/velodyne_msgs) by extension 'ignore_ament_install'
[0.165s] Level 1:colcon.colcon_core.package_identification:_identify(src/lidar/velodyne_msgs) by extensions ['colcon_pkg']
[0.165s] Level 1:colcon.colcon_core.package_identification:_identify(src/lidar/velodyne_msgs) by extension 'colcon_pkg'
[0.165s] Level 1:colcon.colcon_core.package_identification:_identify(src/lidar/velodyne_msgs) by extensions ['colcon_meta']
[0.165s] Level 1:colcon.colcon_core.package_identification:_identify(src/lidar/velodyne_msgs) by extension 'colcon_meta'
[0.165s] Level 1:colcon.colcon_core.package_identification:_identify(src/lidar/velodyne_msgs) by extensions ['ros']
[0.165s] Level 1:colcon.colcon_core.package_identification:_identify(src/lidar/velodyne_msgs) by extension 'ros'
[0.166s] DEBUG:colcon.colcon_core.package_identification:Package 'src/lidar/velodyne_msgs' with type 'ros.ament_cmake' and name 'velodyne_msgs'
[0.166s] Level 1:colcon.colcon_core.package_identification:_identify(src/lidar/velodyne_pointcloud) by extensions ['ignore', 'ignore_ament_install']
[0.166s] Level 1:colcon.colcon_core.package_identification:_identify(src/lidar/velodyne_pointcloud) by extension 'ignore'
[0.166s] Level 1:colcon.colcon_core.package_identification:_identify(src/lidar/velodyne_pointcloud) by extension 'ignore_ament_install'
[0.166s] Level 1:colcon.colcon_core.package_identification:_identify(src/lidar/velodyne_pointcloud) by extensions ['colcon_pkg']
[0.166s] Level 1:colcon.colcon_core.package_identification:_identify(src/lidar/velodyne_pointcloud) by extension 'colcon_pkg'
[0.166s] Level 1:colcon.colcon_core.package_identification:_identify(src/lidar/velodyne_pointcloud) by extensions ['colcon_meta']
[0.166s] Level 1:colcon.colcon_core.package_identification:_identify(src/lidar/velodyne_pointcloud) by extension 'colcon_meta'
[0.166s] Level 1:colcon.colcon_core.package_identification:_identify(src/lidar/velodyne_pointcloud) by extensions ['ros']
[0.166s] Level 1:colcon.colcon_core.package_identification:_identify(src/lidar/velodyne_pointcloud) by extension 'ros'
[0.167s] DEBUG:colcon.colcon_core.package_identification:Package 'src/lidar/velodyne_pointcloud' with type 'ros.ament_cmake' and name 'velodyne_pointcloud'
[0.167s] Level 1:colcon.colcon_core.package_identification:_identify(src/lidar_launch) by extensions ['ignore', 'ignore_ament_install']
[0.167s] Level 1:colcon.colcon_core.package_identification:_identify(src/lidar_launch) by extension 'ignore'
[0.167s] Level 1:colcon.colcon_core.package_identification:_identify(src/lidar_launch) by extension 'ignore_ament_install'
[0.167s] Level 1:colcon.colcon_core.package_identification:_identify(src/lidar_launch) by extensions ['colcon_pkg']
[0.167s] Level 1:colcon.colcon_core.package_identification:_identify(src/lidar_launch) by extension 'colcon_pkg'
[0.167s] Level 1:colcon.colcon_core.package_identification:_identify(src/lidar_launch) by extensions ['colcon_meta']
[0.167s] Level 1:colcon.colcon_core.package_identification:_identify(src/lidar_launch) by extension 'colcon_meta'
[0.167s] Level 1:colcon.colcon_core.package_identification:_identify(src/lidar_launch) by extensions ['ros']
[0.167s] Level 1:colcon.colcon_core.package_identification:_identify(src/lidar_launch) by extension 'ros'
[0.167s] DEBUG:colcon.colcon_core.package_identification:Package 'src/lidar_launch' with type 'ros.ament_cmake' and name 'lidar_launch'
[0.167s] Level 1:colcon.colcon_core.package_discovery:discover_packages(recursive) using defaults
[0.167s] Level 1:colcon.colcon_core.package_discovery:discover_packages(ignore) discover
[0.167s] Level 1:colcon.colcon_core.package_discovery:discover_packages(ignore) using defaults
[0.167s] Level 1:colcon.colcon_core.package_discovery:discover_packages(path) discover
[0.167s] Level 1:colcon.colcon_core.package_discovery:discover_packages(path) using defaults
[0.178s] Level 1:colcon.colcon_core.package_discovery:discover_packages(prefix_path) check parameters
[0.178s] Level 1:colcon.colcon_core.package_discovery:discover_packages(prefix_path) discover
[0.179s] WARNING:colcon.colcon_ros.prefix_path.ament:The path '/home/aiv/ev_ws/perception/install/lidar_tracking' in the environment variable AMENT_PREFIX_PATH doesn't exist
[0.179s] WARNING:colcon.colcon_ros.prefix_path.ament:The path '/home/aiv/ev_ws/perception/install/cluster_filter' in the environment variable AMENT_PREFIX_PATH doesn't exist
[0.179s] WARNING:colcon.colcon_ros.prefix_path.ament:The path '/home/aiv/ev_ws/perception/install/lidar_clustering' in the environment variable AMENT_PREFIX_PATH doesn't exist
[0.179s] WARNING:colcon.colcon_ros.prefix_path.catkin:The path '/home/aiv/ev_ws/perception/install/lidar_tracking' in the environment variable CMAKE_PREFIX_PATH doesn't exist
[0.179s] WARNING:colcon.colcon_ros.prefix_path.catkin:The path '/home/aiv/ev_ws/perception/install/cluster_filter' in the environment variable CMAKE_PREFIX_PATH doesn't exist
[0.179s] WARNING:colcon.colcon_ros.prefix_path.catkin:The path '/home/aiv/ev_ws/perception/install/lidar_clustering' in the environment variable CMAKE_PREFIX_PATH doesn't exist
[0.180s] DEBUG:colcon.colcon_installed_package_information.package_discovery:Found 12 installed packages in /home/aiv/ev_ws/perception/install
[0.180s] DEBUG:colcon.colcon_installed_package_information.package_discovery:Found 1 installed packages in /home/aiv/ev_ws/carsa_gazebo/install
[0.180s] DEBUG:colcon.colcon_installed_package_information.package_discovery:Found 7 installed packages in /home/aiv/ev_ws/erp42_ros/install
[0.181s] DEBUG:colcon.colcon_installed_package_information.package_discovery:Found 302 installed packages in /opt/ros/humble
[0.182s] Level 1:colcon.colcon_core.package_discovery:discover_packages(prefix_path) using defaults
[0.201s] Level 5:colcon.colcon_core.verb:set package 'cluster_splitter' build argument 'cmake_args' from command line to 'None'
[0.201s] Level 5:colcon.colcon_core.verb:set package 'cluster_splitter' build argument 'cmake_target' from command line to 'None'
[0.201s] Level 5:colcon.colcon_core.verb:set package 'cluster_splitter' build argument 'cmake_target_skip_unavailable' from command line to 'False'
[0.201s] Level 5:colcon.colcon_core.verb:set package 'cluster_splitter' build argument 'cmake_clean_cache' from command line to 'False'
[0.201s] Level 5:colcon.colcon_core.verb:set package 'cluster_splitter' build argument 'cmake_clean_first' from command line to 'False'
[0.201s] Level 5:colcon.colcon_core.verb:set package 'cluster_splitter' build argument 'cmake_force_configure' from command line to 'False'
[0.201s] Level 5:colcon.colcon_core.verb:set package 'cluster_splitter' build argument 'ament_cmake_args' from command line to 'None'
[0.201s] Level 5:colcon.colcon_core.verb:set package 'cluster_splitter' build argument 'catkin_cmake_args' from command line to 'None'
[0.201s] Level 5:colcon.colcon_core.verb:set package 'cluster_splitter' build argument 'catkin_skip_building_tests' from command line to 'False'
[0.201s] DEBUG:colcon.colcon_core.verb:Building package 'cluster_splitter' with the following arguments: {'ament_cmake_args': None, 'build_base': '/home/aiv/ev_ws/perception/build/cluster_splitter', 'catkin_cmake_args': None, 'catkin_skip_building_tests': False, 'cmake_args': None, 'cmake_clean_cache': False, 'cmake_clean_first': False, 'cmake_force_configure': False, 'cmake_target': None, 'cmake_target_skip_unavailable': False, 'install_base': '/home/aiv/ev_ws/perception/install/cluster_splitter', 'merge_install': False, 'path': '/home/aiv/ev_ws/perception/src/lidar/cluster_splitter', 'symlink_install': True, 'test_result_base': None}
[0.201s] Level 5:colcon.colcon_core.verb:set package 'dbscan_clustering' build argument 'cmake_args' from command line to 'None'
[0.201s] Level 5:colcon.colcon_core.verb:set package 'dbscan_clustering' build argument 'cmake_target' from command line to 'None'
[0.201s] Level 5:colcon.colcon_core.verb:set package 'dbscan_clustering' build argument 'cmake_target_skip_unavailable' from command line to 'False'
[0.201s] Level 5:colcon.colcon_core.verb:set package 'dbscan_clustering' build argument 'cmake_clean_cache' from command line to 'False'
[0.201s] Level 5:colcon.colcon_core.verb:set package 'dbscan_clustering' build argument 'cmake_clean_first' from command line to 'False'
[0.201s] Level 5:colcon.colcon_core.verb:set package 'dbscan_clustering' build argument 'cmake_force_configure' from command line to 'False'
[0.201s] Level 5:colcon.colcon_core.verb:set package 'dbscan_clustering' build argument 'ament_cmake_args' from command line to 'None'
[0.201s] Level 5:colcon.colcon_core.verb:set package 'dbscan_clustering' build argument 'catkin_cmake_args' from command line to 'None'
[0.201s] Level 5:colcon.colcon_core.verb:set package 'dbscan_clustering' build argument 'catkin_skip_building_tests' from command line to 'False'
[0.201s] DEBUG:colcon.colcon_core.verb:Building package 'dbscan_clustering' with the following arguments: {'ament_cmake_args': None, 'build_base': '/home/aiv/ev_ws/perception/build/dbscan_clustering', 'catkin_cmake_args': None, 'catkin_skip_building_tests': False, 'cmake_args': None, 'cmake_clean_cache': False, 'cmake_clean_first': False, 'cmake_force_configure': False, 'cmake_target': None, 'cmake_target_skip_unavailable': False, 'install_base': '/home/aiv/ev_ws/perception/install/dbscan_clustering', 'merge_install': False, 'path': '/home/aiv/ev_ws/perception/src/lidar/dbscan_clustering', 'symlink_install': True, 'test_result_base': None}
[0.201s] Level 5:colcon.colcon_core.verb:set package 'lidar_interfaces' build argument 'cmake_args' from command line to 'None'
[0.201s] Level 5:colcon.colcon_core.verb:set package 'lidar_interfaces' build argument 'cmake_target' from command line to 'None'
[0.201s] Level 5:colcon.colcon_core.verb:set package 'lidar_interfaces' build argument 'cmake_target_skip_unavailable' from command line to 'False'
[0.201s] Level 5:colcon.colcon_core.verb:set package 'lidar_interfaces' build argument 'cmake_clean_cache' from command line to 'False'
[0.201s] Level 5:colcon.colcon_core.verb:set package 'lidar_interfaces' build argument 'cmake_clean_first' from command line to 'False'
[0.202s] Level 5:colcon.colcon_core.verb:set package 'lidar_interfaces' build argument 'cmake_force_configure' from command line to 'False'
[0.202s] Level 5:colcon.colcon_core.verb:set package 'lidar_interfaces' build argument 'ament_cmake_args' from command line to 'None'
[0.202s] Level 5:colcon.colcon_core.verb:set package 'lidar_interfaces' build argument 'catkin_cmake_args' from command line to 'None'
[0.202s] Level 5:colcon.colcon_core.verb:set package 'lidar_interfaces' build argument 'catkin_skip_building_tests' from command line to 'False'
[0.202s] DEBUG:colcon.colcon_core.verb:Building package 'lidar_interfaces' with the following arguments: {'ament_cmake_args': None, 'build_base': '/home/aiv/ev_ws/perception/build/lidar_interfaces', 'catkin_cmake_args': None, 'catkin_skip_building_tests': False, 'cmake_args': None, 'cmake_clean_cache': False, 'cmake_clean_first': False, 'cmake_force_configure': False, 'cmake_target': None, 'cmake_target_skip_unavailable': False, 'install_base': '/home/aiv/ev_ws/perception/install/lidar_interfaces', 'merge_install': False, 'path': '/home/aiv/ev_ws/perception/src/lidar/lidar_interfaces', 'symlink_install': True, 'test_result_base': None}
[0.202s] Level 5:colcon.colcon_core.verb:set package 'lidar_voxel_grid' build argument 'cmake_args' from command line to 'None'
[0.202s] Level 5:colcon.colcon_core.verb:set package 'lidar_voxel_grid' build argument 'cmake_target' from command line to 'None'
[0.202s] Level 5:colcon.colcon_core.verb:set package 'lidar_voxel_grid' build argument 'cmake_target_skip_unavailable' from command line to 'False'
[0.202s] Level 5:colcon.colcon_core.verb:set package 'lidar_voxel_grid' build argument 'cmake_clean_cache' from command line to 'False'
[0.202s] Level 5:colcon.colcon_core.verb:set package 'lidar_voxel_grid' build argument 'cmake_clean_first' from command line to 'False'
[0.202s] Level 5:colcon.colcon_core.verb:set package 'lidar_voxel_grid' build argument 'cmake_force_configure' from command line to 'False'
[0.202s] Level 5:colcon.colcon_core.verb:set package 'lidar_voxel_grid' build argument 'ament_cmake_args' from command line to 'None'
[0.202s] Level 5:colcon.colcon_core.verb:set package 'lidar_voxel_grid' build argument 'catkin_cmake_args' from command line to 'None'
[0.202s] Level 5:colcon.colcon_core.verb:set package 'lidar_voxel_grid' build argument 'catkin_skip_building_tests' from command line to 'False'
[0.202s] DEBUG:colcon.colcon_core.verb:Building package 'lidar_voxel_grid' with the following arguments: {'ament_cmake_args': None, 'build_base': '/home/aiv/ev_ws/perception/build/lidar_voxel_grid', 'catkin_cmake_args': None, 'catkin_skip_building_tests': False, 'cmake_args': None, 'cmake_clean_cache': False, 'cmake_clean_first': False, 'cmake_force_configure': False, 'cmake_target': None, 'cmake_target_skip_unavailable': False, 'install_base': '/home/aiv/ev_ws/perception/install/lidar_voxel_grid', 'merge_install': False, 'path': '/home/aiv/ev_ws/perception/src/lidar/lidar_voxel_grid', 'symlink_install': True, 'test_result_base': None}
[0.202s] Level 5:colcon.colcon_core.verb:set package 'patchworkpp' build argument 'cmake_args' from command line to 'None'
[0.202s] Level 5:colcon.colcon_core.verb:set package 'patchworkpp' build argument 'cmake_target' from command line to 'None'
[0.202s] Level 5:colcon.colcon_core.verb:set package 'patchworkpp' build argument 'cmake_target_skip_unavailable' from command line to 'False'
[0.202s] Level 5:colcon.colcon_core.verb:set package 'patchworkpp' build argument 'cmake_clean_cache' from command line to 'False'
[0.202s] Level 5:colcon.colcon_core.verb:set package 'patchworkpp' build argument 'cmake_clean_first' from command line to 'False'
[0.202s] Level 5:colcon.colcon_core.verb:set package 'patchworkpp' build argument 'cmake_force_configure' from command line to 'False'
[0.202s] Level 5:colcon.colcon_core.verb:set package 'patchworkpp' build argument 'ament_cmake_args' from command line to 'None'
[0.202s] Level 5:colcon.colcon_core.verb:set package 'patchworkpp' build argument 'catkin_cmake_args' from command line to 'None'
[0.202s] Level 5:colcon.colcon_core.verb:set package 'patchworkpp' build argument 'catkin_skip_building_tests' from command line to 'False'
[0.202s] DEBUG:colcon.colcon_core.verb:Building package 'patchworkpp' with the following arguments: {'ament_cmake_args': None, 'build_base': '/home/aiv/ev_ws/perception/build/patchworkpp', 'catkin_cmake_args': None, 'catkin_skip_building_tests': False, 'cmake_args': None, 'cmake_clean_cache': False, 'cmake_clean_first': False, 'cmake_force_configure': False, 'cmake_target': None, 'cmake_target_skip_unavailable': False, 'install_base': '/home/aiv/ev_ws/perception/install/patchworkpp', 'merge_install': False, 'path': '/home/aiv/ev_ws/perception/src/lidar/patchwork-plusplus-master/patchwork-plusplus-master/ros', 'symlink_install': True, 'test_result_base': None}
[0.202s] Level 5:colcon.colcon_core.verb:set package 'velodyne_cropbox' build argument 'cmake_args' from command line to 'None'
[0.202s] Level 5:colcon.colcon_core.verb:set package 'velodyne_cropbox' build argument 'cmake_target' from command line to 'None'
[0.202s] Level 5:colcon.colcon_core.verb:set package 'velodyne_cropbox' build argument 'cmake_target_skip_unavailable' from command line to 'False'
[0.202s] Level 5:colcon.colcon_core.verb:set package 'velodyne_cropbox' build argument 'cmake_clean_cache' from command line to 'False'
[0.202s] Level 5:colcon.colcon_core.verb:set package 'velodyne_cropbox' build argument 'cmake_clean_first' from command line to 'False'
[0.202s] Level 5:colcon.colcon_core.verb:set package 'velodyne_cropbox' build argument 'cmake_force_configure' from command line to 'False'
[0.202s] Level 5:colcon.colcon_core.verb:set package 'velodyne_cropbox' build argument 'ament_cmake_args' from command line to 'None'
[0.202s] Level 5:colcon.colcon_core.verb:set package 'velodyne_cropbox' build argument 'catkin_cmake_args' from command line to 'None'
[0.202s] Level 5:colcon.colcon_core.verb:set package 'velodyne_cropbox' build argument 'catkin_skip_building_tests' from command line to 'False'
[0.202s] DEBUG:colcon.colcon_core.verb:Building package 'velodyne_cropbox' with the following arguments: {'ament_cmake_args': None, 'build_base': '/home/aiv/ev_ws/perception/build/velodyne_cropbox', 'catkin_cmake_args': None, 'catkin_skip_building_tests': False, 'cmake_args': None, 'cmake_clean_cache': False, 'cmake_clean_first': False, 'cmake_force_configure': False, 'cmake_target': None, 'cmake_target_skip_unavailable': False, 'install_base': '/home/aiv/ev_ws/perception/install/velodyne_cropbox', 'merge_install': False, 'path': '/home/aiv/ev_ws/perception/src/lidar/velodyne_cropbox', 'symlink_install': True, 'test_result_base': None}
[0.203s] Level 5:colcon.colcon_core.verb:set package 'velodyne_laserscan' build argument 'cmake_args' from command line to 'None'
[0.203s] Level 5:colcon.colcon_core.verb:set package 'velodyne_laserscan' build argument 'cmake_target' from command line to 'None'
[0.203s] Level 5:colcon.colcon_core.verb:set package 'velodyne_laserscan' build argument 'cmake_target_skip_unavailable' from command line to 'False'
[0.203s] Level 5:colcon.colcon_core.verb:set package 'velodyne_laserscan' build argument 'cmake_clean_cache' from command line to 'False'
[0.203s] Level 5:colcon.colcon_core.verb:set package 'velodyne_laserscan' build argument 'cmake_clean_first' from command line to 'False'
[0.203s] Level 5:colcon.colcon_core.verb:set package 'velodyne_laserscan' build argument 'cmake_force_configure' from command line to 'False'
[0.203s] Level 5:colcon.colcon_core.verb:set package 'velodyne_laserscan' build argument 'ament_cmake_args' from command line to 'None'
[0.203s] Level 5:colcon.colcon_core.verb:set package 'velodyne_laserscan' build argument 'catkin_cmake_args' from command line to 'None'
[0.203s] Level 5:colcon.colcon_core.verb:set package 'velodyne_laserscan' build argument 'catkin_skip_building_tests' from command line to 'False'
[0.203s] DEBUG:colcon.colcon_core.verb:Building package 'velodyne_laserscan' with the following arguments: {'ament_cmake_args': None, 'build_base': '/home/aiv/ev_ws/perception/build/velodyne_laserscan', 'catkin_cmake_args': None, 'catkin_skip_building_tests': False, 'cmake_args': None, 'cmake_clean_cache': False, 'cmake_clean_first': False, 'cmake_force_configure': False, 'cmake_target': None, 'cmake_target_skip_unavailable': False, 'install_base': '/home/aiv/ev_ws/perception/install/velodyne_laserscan', 'merge_install': False, 'path': '/home/aiv/ev_ws/perception/src/lidar/velodyne_laserscan', 'symlink_install': True, 'test_result_base': None}
[0.203s] Level 5:colcon.colcon_core.verb:set package 'velodyne_msgs' build argument 'cmake_args' from command line to 'None'
[0.203s] Level 5:colcon.colcon_core.verb:set package 'velodyne_msgs' build argument 'cmake_target' from command line to 'None'
[0.203s] Level 5:colcon.colcon_core.verb:set package 'velodyne_msgs' build argument 'cmake_target_skip_unavailable' from command line to 'False'
[0.203s] Level 5:colcon.colcon_core.verb:set package 'velodyne_msgs' build argument 'cmake_clean_cache' from command line to 'False'
[0.203s] Level 5:colcon.colcon_core.verb:set package 'velodyne_msgs' build argument 'cmake_clean_first' from command line to 'False'
[0.203s] Level 5:colcon.colcon_core.verb:set package 'velodyne_msgs' build argument 'cmake_force_configure' from command line to 'False'
[0.203s] Level 5:colcon.colcon_core.verb:set package 'velodyne_msgs' build argument 'ament_cmake_args' from command line to 'None'
[0.203s] Level 5:colcon.colcon_core.verb:set package 'velodyne_msgs' build argument 'catkin_cmake_args' from command line to 'None'
[0.203s] Level 5:colcon.colcon_core.verb:set package 'velodyne_msgs' build argument 'catkin_skip_building_tests' from command line to 'False'
[0.203s] DEBUG:colcon.colcon_core.verb:Building package 'velodyne_msgs' with the following arguments: {'ament_cmake_args': None, 'build_base': '/home/aiv/ev_ws/perception/build/velodyne_msgs', 'catkin_cmake_args': None, 'catkin_skip_building_tests': False, 'cmake_args': None, 'cmake_clean_cache': False, 'cmake_clean_first': False, 'cmake_force_configure': False, 'cmake_target': None, 'cmake_target_skip_unavailable': False, 'install_base': '/home/aiv/ev_ws/perception/install/velodyne_msgs', 'merge_install': False, 'path': '/home/aiv/ev_ws/perception/src/lidar/velodyne_msgs', 'symlink_install': True, 'test_result_base': None}
[0.203s] Level 5:colcon.colcon_core.verb:set package 'velodyne_driver' build argument 'cmake_args' from command line to 'None'
[0.203s] Level 5:colcon.colcon_core.verb:set package 'velodyne_driver' build argument 'cmake_target' from command line to 'None'
[0.203s] Level 5:colcon.colcon_core.verb:set package 'velodyne_driver' build argument 'cmake_target_skip_unavailable' from command line to 'False'
[0.203s] Level 5:colcon.colcon_core.verb:set package 'velodyne_driver' build argument 'cmake_clean_cache' from command line to 'False'
[0.203s] Level 5:colcon.colcon_core.verb:set package 'velodyne_driver' build argument 'cmake_clean_first' from command line to 'False'
[0.203s] Level 5:colcon.colcon_core.verb:set package 'velodyne_driver' build argument 'cmake_force_configure' from command line to 'False'
[0.203s] Level 5:colcon.colcon_core.verb:set package 'velodyne_driver' build argument 'ament_cmake_args' from command line to 'None'
[0.203s] Level 5:colcon.colcon_core.verb:set package 'velodyne_driver' build argument 'catkin_cmake_args' from command line to 'None'
[0.203s] Level 5:colcon.colcon_core.verb:set package 'velodyne_driver' build argument 'catkin_skip_building_tests' from command line to 'False'
[0.203s] DEBUG:colcon.colcon_core.verb:Building package 'velodyne_driver' with the following arguments: {'ament_cmake_args': None, 'build_base': '/home/aiv/ev_ws/perception/build/velodyne_driver', 'catkin_cmake_args': None, 'catkin_skip_building_tests': False, 'cmake_args': None, 'cmake_clean_cache': False, 'cmake_clean_first': False, 'cmake_force_configure': False, 'cmake_target': None, 'cmake_target_skip_unavailable': False, 'install_base': '/home/aiv/ev_ws/perception/install/velodyne_driver', 'merge_install': False, 'path': '/home/aiv/ev_ws/perception/src/lidar/velodyne_driver', 'symlink_install': True, 'test_result_base': None}
[0.203s] Level 5:colcon.colcon_core.verb:set package 'velodyne_pointcloud' build argument 'cmake_args' from command line to 'None'
[0.203s] Level 5:colcon.colcon_core.verb:set package 'velodyne_pointcloud' build argument 'cmake_target' from command line to 'None'
[0.203s] Level 5:colcon.colcon_core.verb:set package 'velodyne_pointcloud' build argument 'cmake_target_skip_unavailable' from command line to 'False'
[0.203s] Level 5:colcon.colcon_core.verb:set package 'velodyne_pointcloud' build argument 'cmake_clean_cache' from command line to 'False'
[0.203s] Level 5:colcon.colcon_core.verb:set package 'velodyne_pointcloud' build argument 'cmake_clean_first' from command line to 'False'
[0.203s] Level 5:colcon.colcon_core.verb:set package 'velodyne_pointcloud' build argument 'cmake_force_configure' from command line to 'False'
[0.203s] Level 5:colcon.colcon_core.verb:set package 'velodyne_pointcloud' build argument 'ament_cmake_args' from command line to 'None'
[0.203s] Level 5:colcon.colcon_core.verb:set package 'velodyne_pointcloud' build argument 'catkin_cmake_args' from command line to 'None'
[0.203s] Level 5:colcon.colcon_core.verb:set package 'velodyne_pointcloud' build argument 'catkin_skip_building_tests' from command line to 'False'
[0.203s] DEBUG:colcon.colcon_core.verb:Building package 'velodyne_pointcloud' with the following arguments: {'ament_cmake_args': None, 'build_base': '/home/aiv/ev_ws/perception/build/velodyne_pointcloud', 'catkin_cmake_args': None, 'catkin_skip_building_tests': False, 'cmake_args': None, 'cmake_clean_cache': False, 'cmake_clean_first': False, 'cmake_force_configure': False, 'cmake_target': None, 'cmake_target_skip_unavailable': False, 'install_base': '/home/aiv/ev_ws/perception/install/velodyne_pointcloud', 'merge_install': False, 'path': '/home/aiv/ev_ws/perception/src/lidar/velodyne_pointcloud', 'symlink_install': True, 'test_result_base': None}
[0.204s] Level 5:colcon.colcon_core.verb:set package 'lidar_launch' build argument 'cmake_args' from command line to 'None'
[0.204s] Level 5:colcon.colcon_core.verb:set package 'lidar_launch' build argument 'cmake_target' from command line to 'None'
[0.204s] Level 5:colcon.colcon_core.verb:set package 'lidar_launch' build argument 'cmake_target_skip_unavailable' from command line to 'False'
[0.204s] Level 5:colcon.colcon_core.verb:set package 'lidar_launch' build argument 'cmake_clean_cache' from command line to 'False'
[0.204s] Level 5:colcon.colcon_core.verb:set package 'lidar_launch' build argument 'cmake_clean_first' from command line to 'False'
[0.204s] Level 5:colcon.colcon_core.verb:set package 'lidar_launch' build argument 'cmake_force_configure' from command line to 'False'
[0.204s] Level 5:colcon.colcon_core.verb:set package 'lidar_launch' build argument 'ament_cmake_args' from command line to 'None'
[0.204s] Level 5:colcon.colcon_core.verb:set package 'lidar_launch' build argument 'catkin_cmake_args' from command line to 'None'
[0.204s] Level 5:colcon.colcon_core.verb:set package 'lidar_launch' build argument 'catkin_skip_building_tests' from command line to 'False'
[0.204s] DEBUG:colcon.colcon_core.verb:Building package 'lidar_launch' with the following arguments: {'ament_cmake_args': None, 'build_base': '/home/aiv/ev_ws/perception/build/lidar_launch', 'catkin_cmake_args': None, 'catkin_skip_building_tests': False, 'cmake_args': None, 'cmake_clean_cache': False, 'cmake_clean_first': False, 'cmake_force_configure': False, 'cmake_target': None, 'cmake_target_skip_unavailable': False, 'install_base': '/home/aiv/ev_ws/perception/install/lidar_launch', 'merge_install': False, 'path': '/home/aiv/ev_ws/perception/src/lidar_launch', 'symlink_install': True, 'test_result_base': None}
[0.204s] Level 5:colcon.colcon_core.verb:set package 'velodyne' build argument 'cmake_args' from command line to 'None'
[0.204s] Level 5:colcon.colcon_core.verb:set package 'velodyne' build argument 'cmake_target' from command line to 'None'
[0.204s] Level 5:colcon.colcon_core.verb:set package 'velodyne' build argument 'cmake_target_skip_unavailable' from command line to 'False'
[0.204s] Level 5:colcon.colcon_core.verb:set package 'velodyne' build argument 'cmake_clean_cache' from command line to 'False'
[0.204s] Level 5:colcon.colcon_core.verb:set package 'velodyne' build argument 'cmake_clean_first' from command line to 'False'
[0.204s] Level 5:colcon.colcon_core.verb:set package 'velodyne' build argument 'cmake_force_configure' from command line to 'False'
[0.204s] Level 5:colcon.colcon_core.verb:set package 'velodyne' build argument 'ament_cmake_args' from command line to 'None'
[0.204s] Level 5:colcon.colcon_core.verb:set package 'velodyne' build argument 'catkin_cmake_args' from command line to 'None'
[0.204s] Level 5:colcon.colcon_core.verb:set package 'velodyne' build argument 'catkin_skip_building_tests' from command line to 'False'
[0.204s] DEBUG:colcon.colcon_core.verb:Building package 'velodyne' with the following arguments: {'ament_cmake_args': None, 'build_base': '/home/aiv/ev_ws/perception/build/velodyne', 'catkin_cmake_args': None, 'catkin_skip_building_tests': False, 'cmake_args': None, 'cmake_clean_cache': False, 'cmake_clean_first': False, 'cmake_force_configure': False, 'cmake_target': None, 'cmake_target_skip_unavailable': False, 'install_base': '/home/aiv/ev_ws/perception/install/velodyne', 'merge_install': False, 'path': '/home/aiv/ev_ws/perception/src/lidar/velodyne', 'symlink_install': True, 'test_result_base': None}
[0.204s] INFO:colcon.colcon_core.executor:Executing jobs using 'parallel' executor
[0.205s] DEBUG:colcon.colcon_parallel_executor.executor.parallel:run_until_complete
[0.205s] INFO:colcon.colcon_ros.task.ament_cmake.build:Building ROS package in '/home/aiv/ev_ws/perception/src/lidar/velodyne_msgs' with build type 'ament_cmake'
[0.205s] INFO:colcon.colcon_cmake.task.cmake.build:Building CMake package in '/home/aiv/ev_ws/perception/src/lidar/velodyne_msgs'
[0.206s] INFO:colcon.colcon_core.plugin_system:Skipping extension 'colcon_core.shell.bat': Not used on non-Windows systems
[0.206s] INFO:colcon.colcon_core.shell:Skip shell extension 'powershell' for command environment: Not usable outside of PowerShell
[0.206s] DEBUG:colcon.colcon_core.shell:Skip shell extension 'dsv' for command environment
[0.209s] INFO:colcon.colcon_ros.task.ament_cmake.build:Building ROS package in '/home/aiv/ev_ws/perception/src/lidar/cluster_splitter' with build type 'ament_cmake'
[0.209s] INFO:colcon.colcon_cmake.task.cmake.build:Building CMake package in '/home/aiv/ev_ws/perception/src/lidar/cluster_splitter'
[0.209s] INFO:colcon.colcon_core.shell:Skip shell extension 'powershell' for command environment: Not usable outside of PowerShell
[0.209s] DEBUG:colcon.colcon_core.shell:Skip shell extension 'dsv' for command environment
[0.211s] INFO:colcon.colcon_ros.task.ament_cmake.build:Building ROS package in '/home/aiv/ev_ws/perception/src/lidar/dbscan_clustering' with build type 'ament_cmake'
[0.211s] INFO:colcon.colcon_cmake.task.cmake.build:Building CMake package in '/home/aiv/ev_ws/perception/src/lidar/dbscan_clustering'
[0.211s] INFO:colcon.colcon_core.shell:Skip shell extension 'powershell' for command environment: Not usable outside of PowerShell
[0.211s] DEBUG:colcon.colcon_core.shell:Skip shell extension 'dsv' for command environment
[0.213s] INFO:colcon.colcon_ros.task.ament_cmake.build:Building ROS package in '/home/aiv/ev_ws/perception/src/lidar/lidar_voxel_grid' with build type 'ament_cmake'
[0.213s] INFO:colcon.colcon_cmake.task.cmake.build:Building CMake package in '/home/aiv/ev_ws/perception/src/lidar/lidar_voxel_grid'
[0.213s] INFO:colcon.colcon_core.shell:Skip shell extension 'powershell' for command environment: Not usable outside of PowerShell
[0.213s] DEBUG:colcon.colcon_core.shell:Skip shell extension 'dsv' for command environment
[0.215s] INFO:colcon.colcon_ros.task.ament_cmake.build:Building ROS package in '/home/aiv/ev_ws/perception/src/lidar/patchwork-plusplus-master/patchwork-plusplus-master/ros' with build type 'ament_cmake'
[0.215s] INFO:colcon.colcon_cmake.task.cmake.build:Building CMake package in '/home/aiv/ev_ws/perception/src/lidar/patchwork-plusplus-master/patchwork-plusplus-master/ros'
[0.215s] INFO:colcon.colcon_core.shell:Skip shell extension 'powershell' for command environment: Not usable outside of PowerShell
[0.216s] DEBUG:colcon.colcon_core.shell:Skip shell extension 'dsv' for command environment
[0.218s] INFO:colcon.colcon_ros.task.ament_cmake.build:Building ROS package in '/home/aiv/ev_ws/perception/src/lidar/velodyne_laserscan' with build type 'ament_cmake'
[0.218s] INFO:colcon.colcon_cmake.task.cmake.build:Building CMake package in '/home/aiv/ev_ws/perception/src/lidar/velodyne_laserscan'
[0.218s] INFO:colcon.colcon_core.shell:Skip shell extension 'powershell' for command environment: Not usable outside of PowerShell
[0.218s] DEBUG:colcon.colcon_core.shell:Skip shell extension 'dsv' for command environment
[0.220s] INFO:colcon.colcon_ros.task.ament_cmake.build:Building ROS package in '/home/aiv/ev_ws/perception/src/lidar/lidar_interfaces' with build type 'ament_cmake'
[0.220s] INFO:colcon.colcon_cmake.task.cmake.build:Building CMake package in '/home/aiv/ev_ws/perception/src/lidar/lidar_interfaces'
[0.220s] INFO:colcon.colcon_core.shell:Skip shell extension 'powershell' for command environment: Not usable outside of PowerShell
[0.220s] DEBUG:colcon.colcon_core.shell:Skip shell extension 'dsv' for command environment
[0.222s] INFO:colcon.colcon_ros.task.ament_cmake.build:Building ROS package in '/home/aiv/ev_ws/perception/src/lidar/velodyne_cropbox' with build type 'ament_cmake'
[0.222s] INFO:colcon.colcon_cmake.task.cmake.build:Building CMake package in '/home/aiv/ev_ws/perception/src/lidar/velodyne_cropbox'
[0.222s] INFO:colcon.colcon_core.shell:Skip shell extension 'powershell' for command environment: Not usable outside of PowerShell
[0.222s] DEBUG:colcon.colcon_core.shell:Skip shell extension 'dsv' for command environment
[0.227s] DEBUG:colcon.colcon_core.event_handler.log_command:Invoking command in '/home/aiv/ev_ws/perception/build/velodyne_msgs': CMAKE_PREFIX_PATH=${CMAKE_PREFIX_PATH}:/opt/ros/humble /usr/bin/cmake --build /home/aiv/ev_ws/perception/build/velodyne_msgs -- -j28 -l28
[0.229s] DEBUG:colcon.colcon_core.event_handler.log_command:Invoking command in '/home/aiv/ev_ws/perception/build/cluster_splitter': CMAKE_PREFIX_PATH=${CMAKE_PREFIX_PATH}:/opt/ros/humble /usr/bin/cmake --build /home/aiv/ev_ws/perception/build/cluster_splitter -- -j28 -l28
[0.230s] DEBUG:colcon.colcon_core.event_handler.log_command:Invoking command in '/home/aiv/ev_ws/perception/build/dbscan_clustering': CMAKE_PREFIX_PATH=${CMAKE_PREFIX_PATH}:/opt/ros/humble /usr/bin/cmake --build /home/aiv/ev_ws/perception/build/dbscan_clustering -- -j28 -l28
[0.231s] DEBUG:colcon.colcon_core.event_handler.log_command:Invoking command in '/home/aiv/ev_ws/perception/build/lidar_voxel_grid': CMAKE_PREFIX_PATH=${CMAKE_PREFIX_PATH}:/opt/ros/humble /usr/bin/cmake --build /home/aiv/ev_ws/perception/build/lidar_voxel_grid -- -j28 -l28
[0.233s] DEBUG:colcon.colcon_core.event_handler.log_command:Invoking command in '/home/aiv/ev_ws/perception/build/patchworkpp': CMAKE_PREFIX_PATH=${CMAKE_PREFIX_PATH}:/opt/ros/humble /usr/bin/cmake --build /home/aiv/ev_ws/perception/build/patchworkpp -- -j28 -l28
[0.234s] DEBUG:colcon.colcon_core.event_handler.log_command:Invoking command in '/home/aiv/ev_ws/perception/build/velodyne_laserscan': CMAKE_PREFIX_PATH=${CMAKE_PREFIX_PATH}:/opt/ros/humble /usr/bin/cmake --build /home/aiv/ev_ws/perception/build/velodyne_laserscan -- -j28 -l28
[0.235s] DEBUG:colcon.colcon_core.event_handler.log_command:Invoking command in '/home/aiv/ev_ws/perception/build/lidar_interfaces': CMAKE_PREFIX_PATH=${CMAKE_PREFIX_PATH}:/opt/ros/humble /usr/bin/cmake --build /home/aiv/ev_ws/perception/build/lidar_interfaces -- -j28 -l28
[0.238s] DEBUG:colcon.colcon_core.event_handler.log_command:Invoking command in '/home/aiv/ev_ws/perception/build/velodyne_cropbox': CMAKE_PREFIX_PATH=${CMAKE_PREFIX_PATH}:/opt/ros/humble /usr/bin/cmake --build /home/aiv/ev_ws/perception/build/velodyne_cropbox -- -j28 -l28
[0.287s] DEBUG:colcon.colcon_core.event_handler.log_command:Invoked command in '/home/aiv/ev_ws/perception/build/velodyne_cropbox' returned '0': CMAKE_PREFIX_PATH=${CMAKE_PREFIX_PATH}:/opt/ros/humble /usr/bin/cmake --build /home/aiv/ev_ws/perception/build/velodyne_cropbox -- -j28 -l28
[0.293s] DEBUG:colcon.colcon_core.event_handler.log_command:Invoking command in '/home/aiv/ev_ws/perception/build/velodyne_cropbox': CMAKE_PREFIX_PATH=${CMAKE_PREFIX_PATH}:/opt/ros/humble /usr/bin/cmake --install /home/aiv/ev_ws/perception/build/velodyne_cropbox
[0.294s] DEBUG:colcon.colcon_core.event_handler.log_command:Invoked command in '/home/aiv/ev_ws/perception/build/cluster_splitter' returned '0': CMAKE_PREFIX_PATH=${CMAKE_PREFIX_PATH}:/opt/ros/humble /usr/bin/cmake --build /home/aiv/ev_ws/perception/build/cluster_splitter -- -j28 -l28
[0.295s] DEBUG:colcon.colcon_core.event_handler.log_command:Invoking command in '/home/aiv/ev_ws/perception/build/cluster_splitter': CMAKE_PREFIX_PATH=${CMAKE_PREFIX_PATH}:/opt/ros/humble /usr/bin/cmake --install /home/aiv/ev_ws/perception/build/cluster_splitter
[0.295s] DEBUG:colcon.colcon_core.event_handler.log_command:Invoked command in '/home/aiv/ev_ws/perception/build/lidar_voxel_grid' returned '0': CMAKE_PREFIX_PATH=${CMAKE_PREFIX_PATH}:/opt/ros/humble /usr/bin/cmake --build /home/aiv/ev_ws/perception/build/lidar_voxel_grid -- -j28 -l28
[0.297s] DEBUG:colcon.colcon_core.event_handler.log_command:Invoking command in '/home/aiv/ev_ws/perception/build/lidar_voxel_grid': CMAKE_PREFIX_PATH=${CMAKE_PREFIX_PATH}:/opt/ros/humble /usr/bin/cmake --install /home/aiv/ev_ws/perception/build/lidar_voxel_grid
[0.299s] DEBUG:colcon.colcon_core.event_handler.log_command:Invoked command in '/home/aiv/ev_ws/perception/build/dbscan_clustering' returned '0': CMAKE_PREFIX_PATH=${CMAKE_PREFIX_PATH}:/opt/ros/humble /usr/bin/cmake --build /home/aiv/ev_ws/perception/build/dbscan_clustering -- -j28 -l28
[0.302s] DEBUG:colcon.colcon_core.event_handler.log_command:Invoking command in '/home/aiv/ev_ws/perception/build/dbscan_clustering': CMAKE_PREFIX_PATH=${CMAKE_PREFIX_PATH}:/opt/ros/humble /usr/bin/cmake --install /home/aiv/ev_ws/perception/build/dbscan_clustering
[0.305s] DEBUG:colcon.colcon_core.event_handler.log_command:Invoked command in '/home/aiv/ev_ws/perception/build/velodyne_laserscan' returned '0': CMAKE_PREFIX_PATH=${CMAKE_PREFIX_PATH}:/opt/ros/humble /usr/bin/cmake --build /home/aiv/ev_ws/perception/build/velodyne_laserscan -- -j28 -l28
[0.307s] DEBUG:colcon.colcon_core.event_handler.log_command:Invoking command in '/home/aiv/ev_ws/perception/build/velodyne_laserscan': CMAKE_PREFIX_PATH=${CMAKE_PREFIX_PATH}:/opt/ros/humble /usr/bin/cmake --install /home/aiv/ev_ws/perception/build/velodyne_laserscan
[0.310s] Level 1:colcon.colcon_core.environment:create_environment_scripts_only(cluster_splitter)
[0.312s] DEBUG:colcon.colcon_core.event_handler.log_command:Invoked command in '/home/aiv/ev_ws/perception/build/patchworkpp' returned '0': CMAKE_PREFIX_PATH=${CMAKE_PREFIX_PATH}:/opt/ros/humble /usr/bin/cmake --build /home/aiv/ev_ws/perception/build/patchworkpp -- -j28 -l28
[0.313s] DEBUG:colcon.colcon_core.event_handler.log_command:Invoking command in '/home/aiv/ev_ws/perception/build/patchworkpp': CMAKE_PREFIX_PATH=${CMAKE_PREFIX_PATH}:/opt/ros/humble /usr/bin/cmake --install /home/aiv/ev_ws/perception/build/patchworkpp
[0.313s] DEBUG:colcon.colcon_core.event_handler.log_command:Invoked command in '/home/aiv/ev_ws/perception/build/cluster_splitter' returned '0': CMAKE_PREFIX_PATH=${CMAKE_PREFIX_PATH}:/opt/ros/humble /usr/bin/cmake --install /home/aiv/ev_ws/perception/build/cluster_splitter
[0.315s] Level 1:colcon.colcon_core.environment:checking '/home/aiv/ev_ws/perception/install/cluster_splitter' for CMake module files
[0.316s] Level 1:colcon.colcon_core.environment:checking '/home/aiv/ev_ws/perception/install/cluster_splitter' for CMake config files
[0.319s] Level 1:colcon.colcon_core.shell:create_environment_hook('cluster_splitter', 'cmake_prefix_path')
[0.319s] INFO:colcon.colcon_core.shell:Creating environment hook '/home/aiv/ev_ws/perception/install/cluster_splitter/share/cluster_splitter/hook/cmake_prefix_path.ps1'
[0.320s] INFO:colcon.colcon_core.shell:Creating environment descriptor '/home/aiv/ev_ws/perception/install/cluster_splitter/share/cluster_splitter/hook/cmake_prefix_path.dsv'
[0.320s] INFO:colcon.colcon_core.shell:Creating environment hook '/home/aiv/ev_ws/perception/install/cluster_splitter/share/cluster_splitter/hook/cmake_prefix_path.sh'
[0.321s] Level 1:colcon.colcon_core.environment:checking '/home/aiv/ev_ws/perception/install/cluster_splitter/lib'
[0.321s] Level 1:colcon.colcon_core.shell:create_environment_hook('cluster_splitter', 'ld_library_path_lib')
[0.321s] INFO:colcon.colcon_core.shell:Creating environment hook '/home/aiv/ev_ws/perception/install/cluster_splitter/share/cluster_splitter/hook/ld_library_path_lib.ps1'
[0.321s] INFO:colcon.colcon_core.shell:Creating environment descriptor '/home/aiv/ev_ws/perception/install/cluster_splitter/share/cluster_splitter/hook/ld_library_path_lib.dsv'
[0.321s] INFO:colcon.colcon_core.shell:Creating environment hook '/home/aiv/ev_ws/perception/install/cluster_splitter/share/cluster_splitter/hook/ld_library_path_lib.sh'
[0.322s] Level 1:colcon.colcon_core.environment:checking '/home/aiv/ev_ws/perception/install/cluster_splitter/bin'
[0.322s] Level 1:colcon.colcon_core.environment:checking '/home/aiv/ev_ws/perception/install/cluster_splitter/lib/pkgconfig/cluster_splitter.pc'
[0.322s] Level 1:colcon.colcon_core.environment:checking '/home/aiv/ev_ws/perception/install/cluster_splitter/lib/python3.10/site-packages'
[0.322s] Level 1:colcon.colcon_core.environment:checking '/home/aiv/ev_ws/perception/install/cluster_splitter/bin'
[0.322s] INFO:colcon.colcon_core.shell:Creating package script '/home/aiv/ev_ws/perception/install/cluster_splitter/share/cluster_splitter/package.ps1'
[0.323s] INFO:colcon.colcon_core.shell:Creating package descriptor '/home/aiv/ev_ws/perception/install/cluster_splitter/share/cluster_splitter/package.dsv'
[0.323s] INFO:colcon.colcon_core.shell:Creating package script '/home/aiv/ev_ws/perception/install/cluster_splitter/share/cluster_splitter/package.sh'
[0.323s] INFO:colcon.colcon_core.shell:Creating package script '/home/aiv/ev_ws/perception/install/cluster_splitter/share/cluster_splitter/package.bash'
[0.324s] INFO:colcon.colcon_core.shell:Creating package script '/home/aiv/ev_ws/perception/install/cluster_splitter/share/cluster_splitter/package.zsh'
[0.324s] Level 1:colcon.colcon_core.environment:create_file_with_runtime_dependencies(/home/aiv/ev_ws/perception/install/cluster_splitter/share/colcon-core/packages/cluster_splitter)
[0.325s] Level 1:colcon.colcon_core.environment:create_environment_scripts_only(cluster_splitter)
[0.325s] Level 1:colcon.colcon_core.environment:checking '/home/aiv/ev_ws/perception/install/cluster_splitter' for CMake module files
[0.325s] Level 1:colcon.colcon_core.environment:checking '/home/aiv/ev_ws/perception/install/cluster_splitter' for CMake config files
[0.325s] Level 1:colcon.colcon_core.shell:create_environment_hook('cluster_splitter', 'cmake_prefix_path')
[0.325s] INFO:colcon.colcon_core.shell:Creating environment hook '/home/aiv/ev_ws/perception/install/cluster_splitter/share/cluster_splitter/hook/cmake_prefix_path.ps1'
[0.326s] INFO:colcon.colcon_core.shell:Creating environment descriptor '/home/aiv/ev_ws/perception/install/cluster_splitter/share/cluster_splitter/hook/cmake_prefix_path.dsv'
[0.326s] INFO:colcon.colcon_core.shell:Creating environment hook '/home/aiv/ev_ws/perception/install/cluster_splitter/share/cluster_splitter/hook/cmake_prefix_path.sh'
[0.326s] Level 1:colcon.colcon_core.environment:checking '/home/aiv/ev_ws/perception/install/cluster_splitter/lib'
[0.326s] Level 1:colcon.colcon_core.shell:create_environment_hook('cluster_splitter', 'ld_library_path_lib')
[0.326s] INFO:colcon.colcon_core.shell:Creating environment hook '/home/aiv/ev_ws/perception/install/cluster_splitter/share/cluster_splitter/hook/ld_library_path_lib.ps1'
[0.326s] INFO:colcon.colcon_core.shell:Creating environment descriptor '/home/aiv/ev_ws/perception/install/cluster_splitter/share/cluster_splitter/hook/ld_library_path_lib.dsv'
[0.327s] INFO:colcon.colcon_core.shell:Creating environment hook '/home/aiv/ev_ws/perception/install/cluster_splitter/share/cluster_splitter/hook/ld_library_path_lib.sh'
[0.327s] Level 1:colcon.colcon_core.environment:checking '/home/aiv/ev_ws/perception/install/cluster_splitter/bin'
[0.327s] Level 1:colcon.colcon_core.environment:checking '/home/aiv/ev_ws/perception/install/cluster_splitter/lib/pkgconfig/cluster_splitter.pc'
[0.327s] Level 1:colcon.colcon_core.environment:checking '/home/aiv/ev_ws/perception/install/cluster_splitter/lib/python3.10/site-packages'
[0.327s] Level 1:colcon.colcon_core.environment:checking '/home/aiv/ev_ws/perception/install/cluster_splitter/bin'
[0.327s] INFO:colcon.colcon_core.shell:Creating package script '/home/aiv/ev_ws/perception/install/cluster_splitter/share/cluster_splitter/package.ps1'
[0.328s] INFO:colcon.colcon_core.shell:Creating package descriptor '/home/aiv/ev_ws/perception/install/cluster_splitter/share/cluster_splitter/package.dsv'
[0.328s] INFO:colcon.colcon_core.shell:Creating package script '/home/aiv/ev_ws/perception/install/cluster_splitter/share/cluster_splitter/package.sh'
[0.328s] INFO:colcon.colcon_core.shell:Creating package script '/home/aiv/ev_ws/perception/install/cluster_splitter/share/cluster_splitter/package.bash'
[0.328s] INFO:colcon.colcon_core.shell:Creating package script '/home/aiv/ev_ws/perception/install/cluster_splitter/share/cluster_splitter/package.zsh'
[0.328s] Level 1:colcon.colcon_core.environment:create_file_with_runtime_dependencies(/home/aiv/ev_ws/perception/install/cluster_splitter/share/colcon-core/packages/cluster_splitter)
[0.330s] Level 1:colcon.colcon_core.environment:create_environment_scripts_only(lidar_voxel_grid)
[0.330s] Level 1:colcon.colcon_core.environment:checking '/home/aiv/ev_ws/perception/install/lidar_voxel_grid' for CMake module files
[0.330s] DEBUG:colcon.colcon_core.event_handler.log_command:Invoked command in '/home/aiv/ev_ws/perception/build/lidar_voxel_grid' returned '0': CMAKE_PREFIX_PATH=${CMAKE_PREFIX_PATH}:/opt/ros/humble /usr/bin/cmake --install /home/aiv/ev_ws/perception/build/lidar_voxel_grid
[0.331s] Level 1:colcon.colcon_core.environment:checking '/home/aiv/ev_ws/perception/install/lidar_voxel_grid' for CMake config files
[0.331s] Level 1:colcon.colcon_core.shell:create_environment_hook('lidar_voxel_grid', 'cmake_prefix_path')
[0.331s] INFO:colcon.colcon_core.shell:Creating environment hook '/home/aiv/ev_ws/perception/install/lidar_voxel_grid/share/lidar_voxel_grid/hook/cmake_prefix_path.ps1'
[0.331s] INFO:colcon.colcon_core.shell:Creating environment descriptor '/home/aiv/ev_ws/perception/install/lidar_voxel_grid/share/lidar_voxel_grid/hook/cmake_prefix_path.dsv'
[0.331s] INFO:colcon.colcon_core.shell:Creating environment hook '/home/aiv/ev_ws/perception/install/lidar_voxel_grid/share/lidar_voxel_grid/hook/cmake_prefix_path.sh'
[0.332s] Level 1:colcon.colcon_core.environment:checking '/home/aiv/ev_ws/perception/install/lidar_voxel_grid/lib'
[0.332s] Level 1:colcon.colcon_core.shell:create_environment_hook('lidar_voxel_grid', 'ld_library_path_lib')
[0.332s] INFO:colcon.colcon_core.shell:Creating environment hook '/home/aiv/ev_ws/perception/install/lidar_voxel_grid/share/lidar_voxel_grid/hook/ld_library_path_lib.ps1'
[0.332s] INFO:colcon.colcon_core.shell:Creating environment descriptor '/home/aiv/ev_ws/perception/install/lidar_voxel_grid/share/lidar_voxel_grid/hook/ld_library_path_lib.dsv'
[0.332s] INFO:colcon.colcon_core.shell:Creating environment hook '/home/aiv/ev_ws/perception/install/lidar_voxel_grid/share/lidar_voxel_grid/hook/ld_library_path_lib.sh'
[0.332s] Level 1:colcon.colcon_core.environment:checking '/home/aiv/ev_ws/perception/install/lidar_voxel_grid/bin'
[0.332s] Level 1:colcon.colcon_core.environment:checking '/home/aiv/ev_ws/perception/install/lidar_voxel_grid/lib/pkgconfig/lidar_voxel_grid.pc'
[0.332s] Level 1:colcon.colcon_core.environment:checking '/home/aiv/ev_ws/perception/install/lidar_voxel_grid/lib/python3.10/site-packages'
[0.333s] Level 1:colcon.colcon_core.environment:checking '/home/aiv/ev_ws/perception/install/lidar_voxel_grid/bin'
[0.333s] INFO:colcon.colcon_core.shell:Creating package script '/home/aiv/ev_ws/perception/install/lidar_voxel_grid/share/lidar_voxel_grid/package.ps1'
[0.333s] INFO:colcon.colcon_core.shell:Creating package descriptor '/home/aiv/ev_ws/perception/install/lidar_voxel_grid/share/lidar_voxel_grid/package.dsv'
[0.333s] INFO:colcon.colcon_core.shell:Creating package script '/home/aiv/ev_ws/perception/install/lidar_voxel_grid/share/lidar_voxel_grid/package.sh'
[0.333s] INFO:colcon.colcon_core.shell:Creating package script '/home/aiv/ev_ws/perception/install/lidar_voxel_grid/share/lidar_voxel_grid/package.bash'
[0.334s] INFO:colcon.colcon_core.shell:Creating package script '/home/aiv/ev_ws/perception/install/lidar_voxel_grid/share/lidar_voxel_grid/package.zsh'
[0.334s] Level 1:colcon.colcon_core.environment:create_file_with_runtime_dependencies(/home/aiv/ev_ws/perception/install/lidar_voxel_grid/share/colcon-core/packages/lidar_voxel_grid)
[0.334s] Level 1:colcon.colcon_core.environment:create_environment_scripts_only(lidar_voxel_grid)
[0.334s] Level 1:colcon.colcon_core.environment:checking '/home/aiv/ev_ws/perception/install/lidar_voxel_grid' for CMake module files
[0.334s] Level 1:colcon.colcon_core.environment:checking '/home/aiv/ev_ws/perception/install/lidar_voxel_grid' for CMake config files
[0.335s] Level 1:colcon.colcon_core.shell:create_environment_hook('lidar_voxel_grid', 'cmake_prefix_path')
[0.335s] INFO:colcon.colcon_core.shell:Creating environment hook '/home/aiv/ev_ws/perception/install/lidar_voxel_grid/share/lidar_voxel_grid/hook/cmake_prefix_path.ps1'
[0.335s] INFO:colcon.colcon_core.shell:Creating environment descriptor '/home/aiv/ev_ws/perception/install/lidar_voxel_grid/share/lidar_voxel_grid/hook/cmake_prefix_path.dsv'
[0.335s] INFO:colcon.colcon_core.shell:Creating environment hook '/home/aiv/ev_ws/perception/install/lidar_voxel_grid/share/lidar_voxel_grid/hook/cmake_prefix_path.sh'
[0.335s] Level 1:colcon.colcon_core.environment:checking '/home/aiv/ev_ws/perception/install/lidar_voxel_grid/lib'
[0.335s] Level 1:colcon.colcon_core.shell:create_environment_hook('lidar_voxel_grid', 'ld_library_path_lib')
[0.335s] INFO:colcon.colcon_core.shell:Creating environment hook '/home/aiv/ev_ws/perception/install/lidar_voxel_grid/share/lidar_voxel_grid/hook/ld_library_path_lib.ps1'
[0.336s] INFO:colcon.colcon_core.shell:Creating environment descriptor '/home/aiv/ev_ws/perception/install/lidar_voxel_grid/share/lidar_voxel_grid/hook/ld_library_path_lib.dsv'
[0.336s] INFO:colcon.colcon_core.shell:Creating environment hook '/home/aiv/ev_ws/perception/install/lidar_voxel_grid/share/lidar_voxel_grid/hook/ld_library_path_lib.sh'
[0.336s] Level 1:colcon.colcon_core.environment:checking '/home/aiv/ev_ws/perception/install/lidar_voxel_grid/bin'
[0.336s] Level 1:colcon.colcon_core.environment:checking '/home/aiv/ev_ws/perception/install/lidar_voxel_grid/lib/pkgconfig/lidar_voxel_grid.pc'
[0.336s] Level 1:colcon.colcon_core.environment:checking '/home/aiv/ev_ws/perception/install/lidar_voxel_grid/lib/python3.10/site-packages'
[0.336s] Level 1:colcon.colcon_core.environment:checking '/home/aiv/ev_ws/perception/install/lidar_voxel_grid/bin'
[0.336s] INFO:colcon.colcon_core.shell:Creating package script '/home/aiv/ev_ws/perception/install/lidar_voxel_grid/share/lidar_voxel_grid/package.ps1'
[0.337s] INFO:colcon.colcon_core.shell:Creating package descriptor '/home/aiv/ev_ws/perception/install/lidar_voxel_grid/share/lidar_voxel_grid/package.dsv'
[0.337s] INFO:colcon.colcon_core.shell:Creating package script '/home/aiv/ev_ws/perception/install/lidar_voxel_grid/share/lidar_voxel_grid/package.sh'
[0.337s] INFO:colcon.colcon_core.shell:Creating package script '/home/aiv/ev_ws/perception/install/lidar_voxel_grid/share/lidar_voxel_grid/package.bash'
[0.337s] INFO:colcon.colcon_core.shell:Creating package script '/home/aiv/ev_ws/perception/install/lidar_voxel_grid/share/lidar_voxel_grid/package.zsh'
[0.337s] Level 1:colcon.colcon_core.environment:create_file_with_runtime_dependencies(/home/aiv/ev_ws/perception/install/lidar_voxel_grid/share/colcon-core/packages/lidar_voxel_grid)
[0.338s] Level 1:colcon.colcon_core.environment:create_environment_scripts_only(velodyne_cropbox)
[0.338s] Level 1:colcon.colcon_core.environment:checking '/home/aiv/ev_ws/perception/install/velodyne_cropbox' for CMake module files
[0.338s] Level 1:colcon.colcon_core.environment:checking '/home/aiv/ev_ws/perception/install/velodyne_cropbox' for CMake config files
[0.339s] DEBUG:colcon.colcon_core.event_handler.log_command:Invoked command in '/home/aiv/ev_ws/perception/build/velodyne_cropbox' returned '0': CMAKE_PREFIX_PATH=${CMAKE_PREFIX_PATH}:/opt/ros/humble /usr/bin/cmake --install /home/aiv/ev_ws/perception/build/velodyne_cropbox
[0.339s] Level 1:colcon.colcon_core.shell:create_environment_hook('velodyne_cropbox', 'cmake_prefix_path')
[0.339s] INFO:colcon.colcon_core.shell:Creating environment hook '/home/aiv/ev_ws/perception/install/velodyne_cropbox/share/velodyne_cropbox/hook/cmake_prefix_path.ps1'
[0.339s] INFO:colcon.colcon_core.shell:Creating environment descriptor '/home/aiv/ev_ws/perception/install/velodyne_cropbox/share/velodyne_cropbox/hook/cmake_prefix_path.dsv'
[0.339s] INFO:colcon.colcon_core.shell:Creating environment hook '/home/aiv/ev_ws/perception/install/velodyne_cropbox/share/velodyne_cropbox/hook/cmake_prefix_path.sh'
[0.340s] Level 1:colcon.colcon_core.environment:checking '/home/aiv/ev_ws/perception/install/velodyne_cropbox/lib'
[0.340s] Level 1:colcon.colcon_core.shell:create_environment_hook('velodyne_cropbox', 'ld_library_path_lib')
[0.340s] INFO:colcon.colcon_core.shell:Creating environment hook '/home/aiv/ev_ws/perception/install/velodyne_cropbox/share/velodyne_cropbox/hook/ld_library_path_lib.ps1'
[0.340s] INFO:colcon.colcon_core.shell:Creating environment descriptor '/home/aiv/ev_ws/perception/install/velodyne_cropbox/share/velodyne_cropbox/hook/ld_library_path_lib.dsv'
[0.340s] INFO:colcon.colcon_core.shell:Creating environment hook '/home/aiv/ev_ws/perception/install/velodyne_cropbox/share/velodyne_cropbox/hook/ld_library_path_lib.sh'
[0.340s] Level 1:colcon.colcon_core.environment:checking '/home/aiv/ev_ws/perception/install/velodyne_cropbox/bin'
[0.340s] Level 1:colcon.colcon_core.environment:checking '/home/aiv/ev_ws/perception/install/velodyne_cropbox/lib/pkgconfig/velodyne_cropbox.pc'
[0.340s] Level 1:colcon.colcon_core.environment:checking '/home/aiv/ev_ws/perception/install/velodyne_cropbox/lib/python3.10/site-packages'
[0.341s] Level 1:colcon.colcon_core.environment:checking '/home/aiv/ev_ws/perception/install/velodyne_cropbox/bin'
[0.341s] INFO:colcon.colcon_core.shell:Creating package script '/home/aiv/ev_ws/perception/install/velodyne_cropbox/share/velodyne_cropbox/package.ps1'
[0.341s] INFO:colcon.colcon_core.shell:Creating package descriptor '/home/aiv/ev_ws/perception/install/velodyne_cropbox/share/velodyne_cropbox/package.dsv'
[0.341s] INFO:colcon.colcon_core.shell:Creating package script '/home/aiv/ev_ws/perception/install/velodyne_cropbox/share/velodyne_cropbox/package.sh'
[0.342s] INFO:colcon.colcon_core.shell:Creating package script '/home/aiv/ev_ws/perception/install/velodyne_cropbox/share/velodyne_cropbox/package.bash'
[0.342s] INFO:colcon.colcon_core.shell:Creating package script '/home/aiv/ev_ws/perception/install/velodyne_cropbox/share/velodyne_cropbox/package.zsh'
[0.342s] Level 1:colcon.colcon_core.environment:create_file_with_runtime_dependencies(/home/aiv/ev_ws/perception/install/velodyne_cropbox/share/colcon-core/packages/velodyne_cropbox)
[0.342s] Level 1:colcon.colcon_core.environment:create_environment_scripts_only(velodyne_cropbox)
[0.342s] Level 1:colcon.colcon_core.environment:checking '/home/aiv/ev_ws/perception/install/velodyne_cropbox' for CMake module files
[0.342s] Level 1:colcon.colcon_core.environment:checking '/home/aiv/ev_ws/perception/install/velodyne_cropbox' for CMake config files
[0.343s] Level 1:colcon.colcon_core.shell:create_environment_hook('velodyne_cropbox', 'cmake_prefix_path')
[0.343s] INFO:colcon.colcon_core.shell:Creating environment hook '/home/aiv/ev_ws/perception/install/velodyne_cropbox/share/velodyne_cropbox/hook/cmake_prefix_path.ps1'
[0.343s] INFO:colcon.colcon_core.shell:Creating environment descriptor '/home/aiv/ev_ws/perception/install/velodyne_cropbox/share/velodyne_cropbox/hook/cmake_prefix_path.dsv'
[0.343s] INFO:colcon.colcon_core.shell:Creating environment hook '/home/aiv/ev_ws/perception/install/velodyne_cropbox/share/velodyne_cropbox/hook/cmake_prefix_path.sh'
[0.343s] Level 1:colcon.colcon_core.environment:checking '/home/aiv/ev_ws/perception/install/velodyne_cropbox/lib'
[0.343s] Level 1:colcon.colcon_core.shell:create_environment_hook('velodyne_cropbox', 'ld_library_path_lib')
[0.344s] INFO:colcon.colcon_core.shell:Creating environment hook '/home/aiv/ev_ws/perception/install/velodyne_cropbox/share/velodyne_cropbox/hook/ld_library_path_lib.ps1'
[0.344s] INFO:colcon.colcon_core.shell:Creating environment descriptor '/home/aiv/ev_ws/perception/install/velodyne_cropbox/share/velodyne_cropbox/hook/ld_library_path_lib.dsv'
[0.344s] INFO:colcon.colcon_core.shell:Creating environment hook '/home/aiv/ev_ws/perception/install/velodyne_cropbox/share/velodyne_cropbox/hook/ld_library_path_lib.sh'
[0.344s] Level 1:colcon.colcon_core.environment:checking '/home/aiv/ev_ws/perception/install/velodyne_cropbox/bin'
[0.344s] Level 1:colcon.colcon_core.environment:checking '/home/aiv/ev_ws/perception/install/velodyne_cropbox/lib/pkgconfig/velodyne_cropbox.pc'
[0.344s] Level 1:colcon.colcon_core.environment:checking '/home/aiv/ev_ws/perception/install/velodyne_cropbox/lib/python3.10/site-packages'
[0.344s] Level 1:colcon.colcon_core.environment:checking '/home/aiv/ev_ws/perception/install/velodyne_cropbox/bin'
[0.345s] INFO:colcon.colcon_core.shell:Creating package script '/home/aiv/ev_ws/perception/install/velodyne_cropbox/share/velodyne_cropbox/package.ps1'
[0.345s] INFO:colcon.colcon_core.shell:Creating package descriptor '/home/aiv/ev_ws/perception/install/velodyne_cropbox/share/velodyne_cropbox/package.dsv'
[0.345s] INFO:colcon.colcon_core.shell:Creating package script '/home/aiv/ev_ws/perception/install/velodyne_cropbox/share/velodyne_cropbox/package.sh'
[0.345s] INFO:colcon.colcon_core.shell:Creating package script '/home/aiv/ev_ws/perception/install/velodyne_cropbox/share/velodyne_cropbox/package.bash'
[0.346s] INFO:colcon.colcon_core.shell:Creating package script '/home/aiv/ev_ws/perception/install/velodyne_cropbox/share/velodyne_cropbox/package.zsh'
[0.346s] Level 1:colcon.colcon_core.environment:create_file_with_runtime_dependencies(/home/aiv/ev_ws/perception/install/velodyne_cropbox/share/colcon-core/packages/velodyne_cropbox)
[0.346s] Level 1:colcon.colcon_core.environment:create_environment_scripts_only(dbscan_clustering)
[0.346s] Level 1:colcon.colcon_core.environment:checking '/home/aiv/ev_ws/perception/install/dbscan_clustering' for CMake module files
[0.347s] DEBUG:colcon.colcon_core.event_handler.log_command:Invoked command in '/home/aiv/ev_ws/perception/build/dbscan_clustering' returned '0': CMAKE_PREFIX_PATH=${CMAKE_PREFIX_PATH}:/opt/ros/humble /usr/bin/cmake --install /home/aiv/ev_ws/perception/build/dbscan_clustering
[0.347s] Level 1:colcon.colcon_core.environment:checking '/home/aiv/ev_ws/perception/install/dbscan_clustering' for CMake config files
[0.347s] Level 1:colcon.colcon_core.shell:create_environment_hook('dbscan_clustering', 'cmake_prefix_path')
[0.347s] INFO:colcon.colcon_core.shell:Creating environment hook '/home/aiv/ev_ws/perception/install/dbscan_clustering/share/dbscan_clustering/hook/cmake_prefix_path.ps1'
[0.348s] INFO:colcon.colcon_core.shell:Creating environment descriptor '/home/aiv/ev_ws/perception/install/dbscan_clustering/share/dbscan_clustering/hook/cmake_prefix_path.dsv'
[0.348s] INFO:colcon.colcon_core.shell:Creating environment hook '/home/aiv/ev_ws/perception/install/dbscan_clustering/share/dbscan_clustering/hook/cmake_prefix_path.sh'
[0.348s] Level 1:colcon.colcon_core.environment:checking '/home/aiv/ev_ws/perception/install/dbscan_clustering/lib'
[0.348s] Level 1:colcon.colcon_core.shell:create_environment_hook('dbscan_clustering', 'ld_library_path_lib')
[0.348s] INFO:colcon.colcon_core.shell:Creating environment hook '/home/aiv/ev_ws/perception/install/dbscan_clustering/share/dbscan_clustering/hook/ld_library_path_lib.ps1'
[0.349s] INFO:colcon.colcon_core.shell:Creating environment descriptor '/home/aiv/ev_ws/perception/install/dbscan_clustering/share/dbscan_clustering/hook/ld_library_path_lib.dsv'
[0.349s] INFO:colcon.colcon_core.shell:Creating environment hook '/home/aiv/ev_ws/perception/install/dbscan_clustering/share/dbscan_clustering/hook/ld_library_path_lib.sh'
[0.349s] Level 1:colcon.colcon_core.environment:checking '/home/aiv/ev_ws/perception/install/dbscan_clustering/bin'
[0.349s] Level 1:colcon.colcon_core.environment:checking '/home/aiv/ev_ws/perception/install/dbscan_clustering/lib/pkgconfig/dbscan_clustering.pc'
[0.349s] Level 1:colcon.colcon_core.environment:checking '/home/aiv/ev_ws/perception/install/dbscan_clustering/lib/python3.10/site-packages'
[0.349s] Level 1:colcon.colcon_core.environment:checking '/home/aiv/ev_ws/perception/install/dbscan_clustering/bin'
[0.349s] INFO:colcon.colcon_core.shell:Creating package script '/home/aiv/ev_ws/perception/install/dbscan_clustering/share/dbscan_clustering/package.ps1'
[0.350s] INFO:colcon.colcon_core.shell:Creating package descriptor '/home/aiv/ev_ws/perception/install/dbscan_clustering/share/dbscan_clustering/package.dsv'
[0.350s] INFO:colcon.colcon_core.shell:Creating package script '/home/aiv/ev_ws/perception/install/dbscan_clustering/share/dbscan_clustering/package.sh'
[0.350s] INFO:colcon.colcon_core.shell:Creating package script '/home/aiv/ev_ws/perception/install/dbscan_clustering/share/dbscan_clustering/package.bash'
[0.351s] INFO:colcon.colcon_core.shell:Creating package script '/home/aiv/ev_ws/perception/install/dbscan_clustering/share/dbscan_clustering/package.zsh'
[0.351s] Level 1:colcon.colcon_core.environment:create_file_with_runtime_dependencies(/home/aiv/ev_ws/perception/install/dbscan_clustering/share/colcon-core/packages/dbscan_clustering)
[0.351s] Level 1:colcon.colcon_core.environment:create_environment_scripts_only(dbscan_clustering)
[0.351s] Level 1:colcon.colcon_core.environment:checking '/home/aiv/ev_ws/perception/install/dbscan_clustering' for CMake module files
[0.351s] Level 1:colcon.colcon_core.environment:checking '/home/aiv/ev_ws/perception/install/dbscan_clustering' for CMake config files
[0.352s] Level 1:colcon.colcon_core.shell:create_environment_hook('dbscan_clustering', 'cmake_prefix_path')
[0.352s] INFO:colcon.colcon_core.shell:Creating environment hook '/home/aiv/ev_ws/perception/install/dbscan_clustering/share/dbscan_clustering/hook/cmake_prefix_path.ps1'
[0.352s] INFO:colcon.colcon_core.shell:Creating environment descriptor '/home/aiv/ev_ws/perception/install/dbscan_clustering/share/dbscan_clustering/hook/cmake_prefix_path.dsv'
[0.352s] INFO:colcon.colcon_core.shell:Creating environment hook '/home/aiv/ev_ws/perception/install/dbscan_clustering/share/dbscan_clustering/hook/cmake_prefix_path.sh'
[0.352s] Level 1:colcon.colcon_core.environment:checking '/home/aiv/ev_ws/perception/install/dbscan_clustering/lib'
[0.352s] Level 1:colcon.colcon_core.shell:create_environment_hook('dbscan_clustering', 'ld_library_path_lib')
[0.352s] INFO:colcon.colcon_core.shell:Creating environment hook '/home/aiv/ev_ws/perception/install/dbscan_clustering/share/dbscan_clustering/hook/ld_library_path_lib.ps1'
[0.353s] INFO:colcon.colcon_core.shell:Creating environment descriptor '/home/aiv/ev_ws/perception/install/dbscan_clustering/share/dbscan_clustering/hook/ld_library_path_lib.dsv'
[0.353s] INFO:colcon.colcon_core.shell:Creating environment hook '/home/aiv/ev_ws/perception/install/dbscan_clustering/share/dbscan_clustering/hook/ld_library_path_lib.sh'
[0.353s] Level 1:colcon.colcon_core.environment:checking '/home/aiv/ev_ws/perception/install/dbscan_clustering/bin'
[0.353s] Level 1:colcon.colcon_core.environment:checking '/home/aiv/ev_ws/perception/install/dbscan_clustering/lib/pkgconfig/dbscan_clustering.pc'
[0.353s] Level 1:colcon.colcon_core.environment:checking '/home/aiv/ev_ws/perception/install/dbscan_clustering/lib/python3.10/site-packages'
[0.353s] Level 1:colcon.colcon_core.environment:checking '/home/aiv/ev_ws/perception/install/dbscan_clustering/bin'
[0.353s] INFO:colcon.colcon_core.shell:Creating package script '/home/aiv/ev_ws/perception/install/dbscan_clustering/share/dbscan_clustering/package.ps1'
[0.354s] INFO:colcon.colcon_core.shell:Creating package descriptor '/home/aiv/ev_ws/perception/install/dbscan_clustering/share/dbscan_clustering/package.dsv'
[0.354s] INFO:colcon.colcon_core.shell:Creating package script '/home/aiv/ev_ws/perception/install/dbscan_clustering/share/dbscan_clustering/package.sh'
[0.354s] INFO:colcon.colcon_core.shell:Creating package script '/home/aiv/ev_ws/perception/install/dbscan_clustering/share/dbscan_clustering/package.bash'
[0.354s] INFO:colcon.colcon_core.shell:Creating package script '/home/aiv/ev_ws/perception/install/dbscan_clustering/share/dbscan_clustering/package.zsh'
[0.355s] Level 1:colcon.colcon_core.environment:create_file_with_runtime_dependencies(/home/aiv/ev_ws/perception/install/dbscan_clustering/share/colcon-core/packages/dbscan_clustering)
[0.355s] Level 1:colcon.colcon_core.environment:create_environment_scripts_only(velodyne_laserscan)
[0.355s] Level 1:colcon.colcon_core.environment:checking '/home/aiv/ev_ws/perception/install/velodyne_laserscan' for CMake module files
[0.356s] DEBUG:colcon.colcon_core.event_handler.log_command:Invoked command in '/home/aiv/ev_ws/perception/build/velodyne_laserscan' returned '0': CMAKE_PREFIX_PATH=${CMAKE_PREFIX_PATH}:/opt/ros/humble /usr/bin/cmake --install /home/aiv/ev_ws/perception/build/velodyne_laserscan
[0.356s] Level 1:colcon.colcon_core.environment:checking '/home/aiv/ev_ws/perception/install/velodyne_laserscan' for CMake config files
[0.356s] Level 1:colcon.colcon_core.shell:create_environment_hook('velodyne_laserscan', 'cmake_prefix_path')
[0.356s] INFO:colcon.colcon_core.shell:Creating environment hook '/home/aiv/ev_ws/perception/install/velodyne_laserscan/share/velodyne_laserscan/hook/cmake_prefix_path.ps1'
[0.357s] INFO:colcon.colcon_core.shell:Creating environment descriptor '/home/aiv/ev_ws/perception/install/velodyne_laserscan/share/velodyne_laserscan/hook/cmake_prefix_path.dsv'
[0.357s] INFO:colcon.colcon_core.shell:Creating environment hook '/home/aiv/ev_ws/perception/install/velodyne_laserscan/share/velodyne_laserscan/hook/cmake_prefix_path.sh'
[0.358s] Level 1:colcon.colcon_core.environment:checking '/home/aiv/ev_ws/perception/install/velodyne_laserscan/lib'
[0.358s] Level 1:colcon.colcon_core.shell:create_environment_hook('velodyne_laserscan', 'ld_library_path_lib')
[0.358s] INFO:colcon.colcon_core.shell:Creating environment hook '/home/aiv/ev_ws/perception/install/velodyne_laserscan/share/velodyne_laserscan/hook/ld_library_path_lib.ps1'
[0.358s] INFO:colcon.colcon_core.shell:Creating environment descriptor '/home/aiv/ev_ws/perception/install/velodyne_laserscan/share/velodyne_laserscan/hook/ld_library_path_lib.dsv'
[0.359s] INFO:colcon.colcon_core.shell:Creating environment hook '/home/aiv/ev_ws/perception/install/velodyne_laserscan/share/velodyne_laserscan/hook/ld_library_path_lib.sh'
[0.359s] Level 1:colcon.colcon_core.environment:checking '/home/aiv/ev_ws/perception/install/velodyne_laserscan/bin'
[0.359s] Level 1:colcon.colcon_core.environment:checking '/home/aiv/ev_ws/perception/install/velodyne_laserscan/lib/pkgconfig/velodyne_laserscan.pc'
[0.359s] Level 1:colcon.colcon_core.environment:checking '/home/aiv/ev_ws/perception/install/velodyne_laserscan/lib/python3.10/site-packages'
[0.360s] Level 1:colcon.colcon_core.environment:checking '/home/aiv/ev_ws/perception/install/velodyne_laserscan/bin'
[0.360s] INFO:colcon.colcon_core.shell:Creating package script '/home/aiv/ev_ws/perception/install/velodyne_laserscan/share/velodyne_laserscan/package.ps1'
[0.360s] INFO:colcon.colcon_core.shell:Creating package descriptor '/home/aiv/ev_ws/perception/install/velodyne_laserscan/share/velodyne_laserscan/package.dsv'
[0.361s] INFO:colcon.colcon_core.shell:Creating package script '/home/aiv/ev_ws/perception/install/velodyne_laserscan/share/velodyne_laserscan/package.sh'
[0.361s] INFO:colcon.colcon_core.shell:Creating package script '/home/aiv/ev_ws/perception/install/velodyne_laserscan/share/velodyne_laserscan/package.bash'
[0.362s] INFO:colcon.colcon_core.shell:Creating package script '/home/aiv/ev_ws/perception/install/velodyne_laserscan/share/velodyne_laserscan/package.zsh'
[0.362s] Level 1:colcon.colcon_core.environment:create_file_with_runtime_dependencies(/home/aiv/ev_ws/perception/install/velodyne_laserscan/share/colcon-core/packages/velodyne_laserscan)
[0.362s] Level 1:colcon.colcon_core.environment:create_environment_scripts_only(velodyne_laserscan)
[0.362s] Level 1:colcon.colcon_core.environment:checking '/home/aiv/ev_ws/perception/install/velodyne_laserscan' for CMake module files
[0.362s] Level 1:colcon.colcon_core.environment:checking '/home/aiv/ev_ws/perception/install/velodyne_laserscan' for CMake config files
[0.363s] Level 1:colcon.colcon_core.shell:create_environment_hook('velodyne_laserscan', 'cmake_prefix_path')
[0.363s] INFO:colcon.colcon_core.shell:Creating environment hook '/home/aiv/ev_ws/perception/install/velodyne_laserscan/share/velodyne_laserscan/hook/cmake_prefix_path.ps1'
[0.363s] INFO:colcon.colcon_core.shell:Creating environment descriptor '/home/aiv/ev_ws/perception/install/velodyne_laserscan/share/velodyne_laserscan/hook/cmake_prefix_path.dsv'
[0.363s] INFO:colcon.colcon_core.shell:Creating environment hook '/home/aiv/ev_ws/perception/install/velodyne_laserscan/share/velodyne_laserscan/hook/cmake_prefix_path.sh'
[0.363s] Level 1:colcon.colcon_core.environment:checking '/home/aiv/ev_ws/perception/install/velodyne_laserscan/lib'
[0.363s] Level 1:colcon.colcon_core.shell:create_environment_hook('velodyne_laserscan', 'ld_library_path_lib')
[0.363s] INFO:colcon.colcon_core.shell:Creating environment hook '/home/aiv/ev_ws/perception/install/velodyne_laserscan/share/velodyne_laserscan/hook/ld_library_path_lib.ps1'
[0.364s] INFO:colcon.colcon_core.shell:Creating environment descriptor '/home/aiv/ev_ws/perception/install/velodyne_laserscan/share/velodyne_laserscan/hook/ld_library_path_lib.dsv'
[0.364s] INFO:colcon.colcon_core.shell:Creating environment hook '/home/aiv/ev_ws/perception/install/velodyne_laserscan/share/velodyne_laserscan/hook/ld_library_path_lib.sh'
[0.364s] Level 1:colcon.colcon_core.environment:checking '/home/aiv/ev_ws/perception/install/velodyne_laserscan/bin'
[0.364s] Level 1:colcon.colcon_core.environment:checking '/home/aiv/ev_ws/perception/install/velodyne_laserscan/lib/pkgconfig/velodyne_laserscan.pc'
[0.364s] Level 1:colcon.colcon_core.environment:checking '/home/aiv/ev_ws/perception/install/velodyne_laserscan/lib/python3.10/site-packages'
[0.364s] Level 1:colcon.colcon_core.environment:checking '/home/aiv/ev_ws/perception/install/velodyne_laserscan/bin'
[0.364s] INFO:colcon.colcon_core.shell:Creating package script '/home/aiv/ev_ws/perception/install/velodyne_laserscan/share/velodyne_laserscan/package.ps1'
[0.365s] INFO:colcon.colcon_core.shell:Creating package descriptor '/home/aiv/ev_ws/perception/install/velodyne_laserscan/share/velodyne_laserscan/package.dsv'
[0.365s] INFO:colcon.colcon_core.shell:Creating package script '/home/aiv/ev_ws/perception/install/velodyne_laserscan/share/velodyne_laserscan/package.sh'
[0.365s] INFO:colcon.colcon_core.shell:Creating package script '/home/aiv/ev_ws/perception/install/velodyne_laserscan/share/velodyne_laserscan/package.bash'
[0.365s] INFO:colcon.colcon_core.shell:Creating package script '/home/aiv/ev_ws/perception/install/velodyne_laserscan/share/velodyne_laserscan/package.zsh'
[0.365s] Level 1:colcon.colcon_core.environment:create_file_with_runtime_dependencies(/home/aiv/ev_ws/perception/install/velodyne_laserscan/share/colcon-core/packages/velodyne_laserscan)
[0.366s] Level 1:colcon.colcon_core.environment:create_environment_scripts_only(patchworkpp)
[0.366s] Level 1:colcon.colcon_core.environment:checking '/home/aiv/ev_ws/perception/install/patchworkpp' for CMake module files
[0.366s] DEBUG:colcon.colcon_core.event_handler.log_command:Invoked command in '/home/aiv/ev_ws/perception/build/patchworkpp' returned '0': CMAKE_PREFIX_PATH=${CMAKE_PREFIX_PATH}:/opt/ros/humble /usr/bin/cmake --install /home/aiv/ev_ws/perception/build/patchworkpp
[0.367s] Level 1:colcon.colcon_core.environment:checking '/home/aiv/ev_ws/perception/install/patchworkpp' for CMake config files
[0.367s] Level 1:colcon.colcon_core.shell:create_environment_hook('patchworkpp', 'cmake_prefix_path')
[0.367s] INFO:colcon.colcon_core.shell:Creating environment hook '/home/aiv/ev_ws/perception/install/patchworkpp/share/patchworkpp/hook/cmake_prefix_path.ps1'
[0.367s] INFO:colcon.colcon_core.shell:Creating environment descriptor '/home/aiv/ev_ws/perception/install/patchworkpp/share/patchworkpp/hook/cmake_prefix_path.dsv'
[0.367s] INFO:colcon.colcon_core.shell:Creating environment hook '/home/aiv/ev_ws/perception/install/patchworkpp/share/patchworkpp/hook/cmake_prefix_path.sh'
[0.368s] Level 1:colcon.colcon_core.environment:checking '/home/aiv/ev_ws/perception/install/patchworkpp/lib'
[0.368s] Level 1:colcon.colcon_core.shell:create_environment_hook('patchworkpp', 'ld_library_path_lib')
[0.368s] INFO:colcon.colcon_core.shell:Creating environment hook '/home/aiv/ev_ws/perception/install/patchworkpp/share/patchworkpp/hook/ld_library_path_lib.ps1'
[0.368s] INFO:colcon.colcon_core.shell:Creating environment descriptor '/home/aiv/ev_ws/perception/install/patchworkpp/share/patchworkpp/hook/ld_library_path_lib.dsv'
[0.368s] INFO:colcon.colcon_core.shell:Creating environment hook '/home/aiv/ev_ws/perception/install/patchworkpp/share/patchworkpp/hook/ld_library_path_lib.sh'
[0.368s] Level 1:colcon.colcon_core.environment:checking '/home/aiv/ev_ws/perception/install/patchworkpp/bin'
[0.368s] Level 1:colcon.colcon_core.environment:checking '/home/aiv/ev_ws/perception/install/patchworkpp/lib/pkgconfig/patchworkpp.pc'
[0.368s] Level 1:colcon.colcon_core.environment:checking '/home/aiv/ev_ws/perception/install/patchworkpp/lib/python3.10/site-packages'
[0.369s] Level 1:colcon.colcon_core.environment:checking '/home/aiv/ev_ws/perception/install/patchworkpp/bin'
[0.369s] INFO:colcon.colcon_core.shell:Creating package script '/home/aiv/ev_ws/perception/install/patchworkpp/share/patchworkpp/package.ps1'
[0.369s] INFO:colcon.colcon_core.shell:Creating package descriptor '/home/aiv/ev_ws/perception/install/patchworkpp/share/patchworkpp/package.dsv'
[0.369s] INFO:colcon.colcon_core.shell:Creating package script '/home/aiv/ev_ws/perception/install/patchworkpp/share/patchworkpp/package.sh'
[0.369s] INFO:colcon.colcon_core.shell:Creating package script '/home/aiv/ev_ws/perception/install/patchworkpp/share/patchworkpp/package.bash'
[0.370s] INFO:colcon.colcon_core.shell:Creating package script '/home/aiv/ev_ws/perception/install/patchworkpp/share/patchworkpp/package.zsh'
[0.370s] Level 1:colcon.colcon_core.environment:create_file_with_runtime_dependencies(/home/aiv/ev_ws/perception/install/patchworkpp/share/colcon-core/packages/patchworkpp)
[0.370s] Level 1:colcon.colcon_core.environment:create_environment_scripts_only(patchworkpp)
[0.370s] Level 1:colcon.colcon_core.environment:checking '/home/aiv/ev_ws/perception/install/patchworkpp' for CMake module files
[0.370s] Level 1:colcon.colcon_core.environment:checking '/home/aiv/ev_ws/perception/install/patchworkpp' for CMake config files
[0.371s] Level 1:colcon.colcon_core.shell:create_environment_hook('patchworkpp', 'cmake_prefix_path')
[0.371s] INFO:colcon.colcon_core.shell:Creating environment hook '/home/aiv/ev_ws/perception/install/patchworkpp/share/patchworkpp/hook/cmake_prefix_path.ps1'
[0.371s] INFO:colcon.colcon_core.shell:Creating environment descriptor '/home/aiv/ev_ws/perception/install/patchworkpp/share/patchworkpp/hook/cmake_prefix_path.dsv'
[0.371s] INFO:colcon.colcon_core.shell:Creating environment hook '/home/aiv/ev_ws/perception/install/patchworkpp/share/patchworkpp/hook/cmake_prefix_path.sh'
[0.371s] Level 1:colcon.colcon_core.environment:checking '/home/aiv/ev_ws/perception/install/patchworkpp/lib'
[0.371s] Level 1:colcon.colcon_core.shell:create_environment_hook('patchworkpp', 'ld_library_path_lib')
[0.371s] INFO:colcon.colcon_core.shell:Creating environment hook '/home/aiv/ev_ws/perception/install/patchworkpp/share/patchworkpp/hook/ld_library_path_lib.ps1'
[0.372s] INFO:colcon.colcon_core.shell:Creating environment descriptor '/home/aiv/ev_ws/perception/install/patchworkpp/share/patchworkpp/hook/ld_library_path_lib.dsv'
[0.372s] INFO:colcon.colcon_core.shell:Creating environment hook '/home/aiv/ev_ws/perception/install/patchworkpp/share/patchworkpp/hook/ld_library_path_lib.sh'
[0.372s] Level 1:colcon.colcon_core.environment:checking '/home/aiv/ev_ws/perception/install/patchworkpp/bin'
[0.372s] Level 1:colcon.colcon_core.environment:checking '/home/aiv/ev_ws/perception/install/patchworkpp/lib/pkgconfig/patchworkpp.pc'
[0.372s] Level 1:colcon.colcon_core.environment:checking '/home/aiv/ev_ws/perception/install/patchworkpp/lib/python3.10/site-packages'
[0.372s] Level 1:colcon.colcon_core.environment:checking '/home/aiv/ev_ws/perception/install/patchworkpp/bin'
[0.372s] INFO:colcon.colcon_core.shell:Creating package script '/home/aiv/ev_ws/perception/install/patchworkpp/share/patchworkpp/package.ps1'
[0.373s] INFO:colcon.colcon_core.shell:Creating package descriptor '/home/aiv/ev_ws/perception/install/patchworkpp/share/patchworkpp/package.dsv'
[0.373s] INFO:colcon.colcon_core.shell:Creating package script '/home/aiv/ev_ws/perception/install/patchworkpp/share/patchworkpp/package.sh'
[0.373s] INFO:colcon.colcon_core.shell:Creating package script '/home/aiv/ev_ws/perception/install/patchworkpp/share/patchworkpp/package.bash'
[0.373s] INFO:colcon.colcon_core.shell:Creating package script '/home/aiv/ev_ws/perception/install/patchworkpp/share/patchworkpp/package.zsh'
[0.373s] Level 1:colcon.colcon_core.environment:create_file_with_runtime_dependencies(/home/aiv/ev_ws/perception/install/patchworkpp/share/colcon-core/packages/patchworkpp)
[0.442s] DEBUG:colcon.colcon_core.event_handler.log_command:Invoked command in '/home/aiv/ev_ws/perception/build/velodyne_msgs' returned '0': CMAKE_PREFIX_PATH=${CMAKE_PREFIX_PATH}:/opt/ros/humble /usr/bin/cmake --build /home/aiv/ev_ws/perception/build/velodyne_msgs -- -j28 -l28
[0.443s] DEBUG:colcon.colcon_core.event_handler.log_command:Invoking command in '/home/aiv/ev_ws/perception/build/velodyne_msgs': CMAKE_PREFIX_PATH=${CMAKE_PREFIX_PATH}:/opt/ros/humble /usr/bin/cmake --install /home/aiv/ev_ws/perception/build/velodyne_msgs
[0.444s] DEBUG:colcon.colcon_core.event_handler.log_command:Invoked command in '/home/aiv/ev_ws/perception/build/lidar_interfaces' returned '0': CMAKE_PREFIX_PATH=${CMAKE_PREFIX_PATH}:/opt/ros/humble /usr/bin/cmake --build /home/aiv/ev_ws/perception/build/lidar_interfaces -- -j28 -l28
[0.445s] DEBUG:colcon.colcon_core.event_handler.log_command:Invoking command in '/home/aiv/ev_ws/perception/build/lidar_interfaces': CMAKE_PREFIX_PATH=${CMAKE_PREFIX_PATH}:/opt/ros/humble /usr/bin/cmake --install /home/aiv/ev_ws/perception/build/lidar_interfaces
[0.487s] Level 1:colcon.colcon_core.environment:create_environment_scripts_only(velodyne_msgs)
[0.487s] Level 1:colcon.colcon_core.environment:checking '/home/aiv/ev_ws/perception/install/velodyne_msgs' for CMake module files
[0.487s] DEBUG:colcon.colcon_core.event_handler.log_command:Invoked command in '/home/aiv/ev_ws/perception/build/velodyne_msgs' returned '0': CMAKE_PREFIX_PATH=${CMAKE_PREFIX_PATH}:/opt/ros/humble /usr/bin/cmake --install /home/aiv/ev_ws/perception/build/velodyne_msgs
[0.488s] Level 1:colcon.colcon_core.environment:checking '/home/aiv/ev_ws/perception/install/velodyne_msgs' for CMake config files
[0.489s] Level 1:colcon.colcon_core.shell:create_environment_hook('velodyne_msgs', 'cmake_prefix_path')
[0.489s] INFO:colcon.colcon_core.shell:Creating environment hook '/home/aiv/ev_ws/perception/install/velodyne_msgs/share/velodyne_msgs/hook/cmake_prefix_path.ps1'
[0.489s] INFO:colcon.colcon_core.shell:Creating environment descriptor '/home/aiv/ev_ws/perception/install/velodyne_msgs/share/velodyne_msgs/hook/cmake_prefix_path.dsv'
[0.489s] INFO:colcon.colcon_core.shell:Creating environment hook '/home/aiv/ev_ws/perception/install/velodyne_msgs/share/velodyne_msgs/hook/cmake_prefix_path.sh'
[0.490s] Level 1:colcon.colcon_core.environment:checking '/home/aiv/ev_ws/perception/install/velodyne_msgs/lib'
[0.490s] Level 1:colcon.colcon_core.shell:create_environment_hook('velodyne_msgs', 'ld_library_path_lib')
[0.490s] INFO:colcon.colcon_core.shell:Creating environment hook '/home/aiv/ev_ws/perception/install/velodyne_msgs/share/velodyne_msgs/hook/ld_library_path_lib.ps1'
[0.490s] INFO:colcon.colcon_core.shell:Creating environment descriptor '/home/aiv/ev_ws/perception/install/velodyne_msgs/share/velodyne_msgs/hook/ld_library_path_lib.dsv'
[0.490s] INFO:colcon.colcon_core.shell:Creating environment hook '/home/aiv/ev_ws/perception/install/velodyne_msgs/share/velodyne_msgs/hook/ld_library_path_lib.sh'
[0.490s] Level 1:colcon.colcon_core.environment:checking '/home/aiv/ev_ws/perception/install/velodyne_msgs/bin'
[0.490s] Level 1:colcon.colcon_core.environment:checking '/home/aiv/ev_ws/perception/install/velodyne_msgs/lib/pkgconfig/velodyne_msgs.pc'
[0.490s] Level 1:colcon.colcon_core.environment:checking '/home/aiv/ev_ws/perception/install/velodyne_msgs/lib/python3.10/site-packages'
[0.491s] Level 1:colcon.colcon_core.environment:checking '/home/aiv/ev_ws/perception/install/velodyne_msgs/bin'
[0.491s] INFO:colcon.colcon_core.shell:Creating package script '/home/aiv/ev_ws/perception/install/velodyne_msgs/share/velodyne_msgs/package.ps1'
[0.491s] INFO:colcon.colcon_core.shell:Creating package descriptor '/home/aiv/ev_ws/perception/install/velodyne_msgs/share/velodyne_msgs/package.dsv'
[0.491s] INFO:colcon.colcon_core.shell:Creating package script '/home/aiv/ev_ws/perception/install/velodyne_msgs/share/velodyne_msgs/package.sh'
[0.491s] INFO:colcon.colcon_core.shell:Creating package script '/home/aiv/ev_ws/perception/install/velodyne_msgs/share/velodyne_msgs/package.bash'
[0.492s] INFO:colcon.colcon_core.shell:Creating package script '/home/aiv/ev_ws/perception/install/velodyne_msgs/share/velodyne_msgs/package.zsh'
[0.492s] Level 1:colcon.colcon_core.environment:create_file_with_runtime_dependencies(/home/aiv/ev_ws/perception/install/velodyne_msgs/share/colcon-core/packages/velodyne_msgs)
[0.492s] Level 1:colcon.colcon_core.environment:create_environment_scripts_only(velodyne_msgs)
[0.492s] Level 1:colcon.colcon_core.environment:checking '/home/aiv/ev_ws/perception/install/velodyne_msgs' for CMake module files
[0.492s] Level 1:colcon.colcon_core.environment:checking '/home/aiv/ev_ws/perception/install/velodyne_msgs' for CMake config files
[0.493s] Level 1:colcon.colcon_core.shell:create_environment_hook('velodyne_msgs', 'cmake_prefix_path')
[0.493s] INFO:colcon.colcon_core.shell:Creating environment hook '/home/aiv/ev_ws/perception/install/velodyne_msgs/share/velodyne_msgs/hook/cmake_prefix_path.ps1'
[0.493s] INFO:colcon.colcon_core.shell:Creating environment descriptor '/home/aiv/ev_ws/perception/install/velodyne_msgs/share/velodyne_msgs/hook/cmake_prefix_path.dsv'
[0.493s] INFO:colcon.colcon_core.shell:Creating environment hook '/home/aiv/ev_ws/perception/install/velodyne_msgs/share/velodyne_msgs/hook/cmake_prefix_path.sh'
[0.493s] Level 1:colcon.colcon_core.environment:checking '/home/aiv/ev_ws/perception/install/velodyne_msgs/lib'
[0.493s] Level 1:colcon.colcon_core.shell:create_environment_hook('velodyne_msgs', 'ld_library_path_lib')
[0.494s] INFO:colcon.colcon_core.shell:Creating environment hook '/home/aiv/ev_ws/perception/install/velodyne_msgs/share/velodyne_msgs/hook/ld_library_path_lib.ps1'
[0.494s] INFO:colcon.colcon_core.shell:Creating environment descriptor '/home/aiv/ev_ws/perception/install/velodyne_msgs/share/velodyne_msgs/hook/ld_library_path_lib.dsv'
[0.494s] INFO:colcon.colcon_core.shell:Creating environment hook '/home/aiv/ev_ws/perception/install/velodyne_msgs/share/velodyne_msgs/hook/ld_library_path_lib.sh'
[0.494s] Level 1:colcon.colcon_core.environment:checking '/home/aiv/ev_ws/perception/install/velodyne_msgs/bin'
[0.494s] Level 1:colcon.colcon_core.environment:checking '/home/aiv/ev_ws/perception/install/velodyne_msgs/lib/pkgconfig/velodyne_msgs.pc'
[0.494s] Level 1:colcon.colcon_core.environment:checking '/home/aiv/ev_ws/perception/install/velodyne_msgs/lib/python3.10/site-packages'
[0.494s] Level 1:colcon.colcon_core.environment:checking '/home/aiv/ev_ws/perception/install/velodyne_msgs/bin'
[0.495s] INFO:colcon.colcon_core.shell:Creating package script '/home/aiv/ev_ws/perception/install/velodyne_msgs/share/velodyne_msgs/package.ps1'
[0.495s] INFO:colcon.colcon_core.shell:Creating package descriptor '/home/aiv/ev_ws/perception/install/velodyne_msgs/share/velodyne_msgs/package.dsv'
[0.495s] INFO:colcon.colcon_core.shell:Creating package script '/home/aiv/ev_ws/perception/install/velodyne_msgs/share/velodyne_msgs/package.sh'
[0.495s] INFO:colcon.colcon_core.shell:Creating package script '/home/aiv/ev_ws/perception/install/velodyne_msgs/share/velodyne_msgs/package.bash'
[0.495s] INFO:colcon.colcon_core.shell:Creating package script '/home/aiv/ev_ws/perception/install/velodyne_msgs/share/velodyne_msgs/package.zsh'
[0.496s] Level 1:colcon.colcon_core.environment:create_file_with_runtime_dependencies(/home/aiv/ev_ws/perception/install/velodyne_msgs/share/colcon-core/packages/velodyne_msgs)
[0.496s] INFO:colcon.colcon_ros.task.ament_cmake.build:Building ROS package in '/home/aiv/ev_ws/perception/src/lidar/velodyne_driver' with build type 'ament_cmake'
[0.496s] INFO:colcon.colcon_cmake.task.cmake.build:Building CMake package in '/home/aiv/ev_ws/perception/src/lidar/velodyne_driver'
[0.496s] INFO:colcon.colcon_core.shell:Skip shell extension 'powershell' for command environment: Not usable outside of PowerShell
[0.496s] DEBUG:colcon.colcon_core.shell:Skip shell extension 'dsv' for command environment
[0.499s] INFO:colcon.colcon_ros.task.ament_cmake.build:Building ROS package in '/home/aiv/ev_ws/perception/src/lidar/velodyne_pointcloud' with build type 'ament_cmake'
[0.499s] INFO:colcon.colcon_cmake.task.cmake.build:Building CMake package in '/home/aiv/ev_ws/perception/src/lidar/velodyne_pointcloud'
[0.499s] INFO:colcon.colcon_core.shell:Skip shell extension 'powershell' for command environment: Not usable outside of PowerShell
[0.499s] DEBUG:colcon.colcon_core.shell:Skip shell extension 'dsv' for command environment
[0.502s] Level 1:colcon.colcon_core.environment:create_environment_scripts_only(lidar_interfaces)
[0.502s] Level 1:colcon.colcon_core.environment:checking '/home/aiv/ev_ws/perception/install/lidar_interfaces' for CMake module files
[0.502s] DEBUG:colcon.colcon_core.event_handler.log_command:Invoked command in '/home/aiv/ev_ws/perception/build/lidar_interfaces' returned '0': CMAKE_PREFIX_PATH=${CMAKE_PREFIX_PATH}:/opt/ros/humble /usr/bin/cmake --install /home/aiv/ev_ws/perception/build/lidar_interfaces
[0.502s] Level 1:colcon.colcon_core.environment:checking '/home/aiv/ev_ws/perception/install/lidar_interfaces' for CMake config files
[0.503s] Level 1:colcon.colcon_core.shell:create_environment_hook('lidar_interfaces', 'cmake_prefix_path')
[0.503s] INFO:colcon.colcon_core.shell:Creating environment hook '/home/aiv/ev_ws/perception/install/lidar_interfaces/share/lidar_interfaces/hook/cmake_prefix_path.ps1'
[0.503s] INFO:colcon.colcon_core.shell:Creating environment descriptor '/home/aiv/ev_ws/perception/install/lidar_interfaces/share/lidar_interfaces/hook/cmake_prefix_path.dsv'
[0.503s] INFO:colcon.colcon_core.shell:Creating environment hook '/home/aiv/ev_ws/perception/install/lidar_interfaces/share/lidar_interfaces/hook/cmake_prefix_path.sh'
[0.503s] Level 1:colcon.colcon_core.environment:checking '/home/aiv/ev_ws/perception/install/lidar_interfaces/lib'
[0.504s] Level 1:colcon.colcon_core.shell:create_environment_hook('lidar_interfaces', 'ld_library_path_lib')
[0.504s] INFO:colcon.colcon_core.shell:Creating environment hook '/home/aiv/ev_ws/perception/install/lidar_interfaces/share/lidar_interfaces/hook/ld_library_path_lib.ps1'
[0.504s] INFO:colcon.colcon_core.shell:Creating environment descriptor '/home/aiv/ev_ws/perception/install/lidar_interfaces/share/lidar_interfaces/hook/ld_library_path_lib.dsv'
[0.504s] INFO:colcon.colcon_core.shell:Creating environment hook '/home/aiv/ev_ws/perception/install/lidar_interfaces/share/lidar_interfaces/hook/ld_library_path_lib.sh'
[0.504s] Level 1:colcon.colcon_core.environment:checking '/home/aiv/ev_ws/perception/install/lidar_interfaces/bin'
[0.504s] Level 1:colcon.colcon_core.environment:checking '/home/aiv/ev_ws/perception/install/lidar_interfaces/lib/pkgconfig/lidar_interfaces.pc'
[0.504s] Level 1:colcon.colcon_core.environment:checking '/home/aiv/ev_ws/perception/install/lidar_interfaces/lib/python3.10/site-packages'
[0.505s] Level 1:colcon.colcon_core.environment:checking '/home/aiv/ev_ws/perception/install/lidar_interfaces/bin'
[0.505s] INFO:colcon.colcon_core.shell:Creating package script '/home/aiv/ev_ws/perception/install/lidar_interfaces/share/lidar_interfaces/package.ps1'
[0.505s] INFO:colcon.colcon_core.shell:Creating package descriptor '/home/aiv/ev_ws/perception/install/lidar_interfaces/share/lidar_interfaces/package.dsv'
[0.505s] INFO:colcon.colcon_core.shell:Creating package script '/home/aiv/ev_ws/perception/install/lidar_interfaces/share/lidar_interfaces/package.sh'
[0.505s] INFO:colcon.colcon_core.shell:Creating package script '/home/aiv/ev_ws/perception/install/lidar_interfaces/share/lidar_interfaces/package.bash'
[0.506s] INFO:colcon.colcon_core.shell:Creating package script '/home/aiv/ev_ws/perception/install/lidar_interfaces/share/lidar_interfaces/package.zsh'
[0.506s] Level 1:colcon.colcon_core.environment:create_file_with_runtime_dependencies(/home/aiv/ev_ws/perception/install/lidar_interfaces/share/colcon-core/packages/lidar_interfaces)
[0.506s] Level 1:colcon.colcon_core.environment:create_environment_scripts_only(lidar_interfaces)
[0.506s] Level 1:colcon.colcon_core.environment:checking '/home/aiv/ev_ws/perception/install/lidar_interfaces' for CMake module files
[0.506s] Level 1:colcon.colcon_core.environment:checking '/home/aiv/ev_ws/perception/install/lidar_interfaces' for CMake config files
[0.507s] Level 1:colcon.colcon_core.shell:create_environment_hook('lidar_interfaces', 'cmake_prefix_path')
[0.507s] INFO:colcon.colcon_core.shell:Creating environment hook '/home/aiv/ev_ws/perception/install/lidar_interfaces/share/lidar_interfaces/hook/cmake_prefix_path.ps1'
[0.507s] INFO:colcon.colcon_core.shell:Creating environment descriptor '/home/aiv/ev_ws/perception/install/lidar_interfaces/share/lidar_interfaces/hook/cmake_prefix_path.dsv'
[0.507s] INFO:colcon.colcon_core.shell:Creating environment hook '/home/aiv/ev_ws/perception/install/lidar_interfaces/share/lidar_interfaces/hook/cmake_prefix_path.sh'
[0.508s] Level 1:colcon.colcon_core.environment:checking '/home/aiv/ev_ws/perception/install/lidar_interfaces/lib'
[0.508s] Level 1:colcon.colcon_core.shell:create_environment_hook('lidar_interfaces', 'ld_library_path_lib')
[0.508s] INFO:colcon.colcon_core.shell:Creating environment hook '/home/aiv/ev_ws/perception/install/lidar_interfaces/share/lidar_interfaces/hook/ld_library_path_lib.ps1'
[0.508s] INFO:colcon.colcon_core.shell:Creating environment descriptor '/home/aiv/ev_ws/perception/install/lidar_interfaces/share/lidar_interfaces/hook/ld_library_path_lib.dsv'
[0.508s] INFO:colcon.colcon_core.shell:Creating environment hook '/home/aiv/ev_ws/perception/install/lidar_interfaces/share/lidar_interfaces/hook/ld_library_path_lib.sh'
[0.508s] Level 1:colcon.colcon_core.environment:checking '/home/aiv/ev_ws/perception/install/lidar_interfaces/bin'
[0.508s] Level 1:colcon.colcon_core.environment:checking '/home/aiv/ev_ws/perception/install/lidar_interfaces/lib/pkgconfig/lidar_interfaces.pc'
[0.509s] Level 1:colcon.colcon_core.environment:checking '/home/aiv/ev_ws/perception/install/lidar_interfaces/lib/python3.10/site-packages'
[0.509s] Level 1:colcon.colcon_core.environment:checking '/home/aiv/ev_ws/perception/install/lidar_interfaces/bin'
[0.509s] INFO:colcon.colcon_core.shell:Creating package script '/home/aiv/ev_ws/perception/install/lidar_interfaces/share/lidar_interfaces/package.ps1'
[0.509s] INFO:colcon.colcon_core.shell:Creating package descriptor '/home/aiv/ev_ws/perception/install/lidar_interfaces/share/lidar_interfaces/package.dsv'
[0.509s] INFO:colcon.colcon_core.shell:Creating package script '/home/aiv/ev_ws/perception/install/lidar_interfaces/share/lidar_interfaces/package.sh'
[0.510s] INFO:colcon.colcon_core.shell:Creating package script '/home/aiv/ev_ws/perception/install/lidar_interfaces/share/lidar_interfaces/package.bash'
[0.510s] INFO:colcon.colcon_core.shell:Creating package script '/home/aiv/ev_ws/perception/install/lidar_interfaces/share/lidar_interfaces/package.zsh'
[0.510s] Level 1:colcon.colcon_core.environment:create_file_with_runtime_dependencies(/home/aiv/ev_ws/perception/install/lidar_interfaces/share/colcon-core/packages/lidar_interfaces)
[0.512s] DEBUG:colcon.colcon_core.event_handler.log_command:Invoking command in '/home/aiv/ev_ws/perception/build/velodyne_driver': CMAKE_PREFIX_PATH=/home/aiv/ev_ws/perception/install/velodyne_msgs:/home/aiv/ev_ws/perception/install/cluster_splitter:/home/aiv/ev_ws/perception/install/dbscan_clustering:/home/aiv/ev_ws/carsa_gazebo/install/carsa_gazebo:/home/aiv/ev_ws/erp42_ros/install/erp42_serial:/home/aiv/ev_ws/erp42_ros/install/erp42_rqt_plugin:/home/aiv/ev_ws/erp42_ros/install/erp42_gazebo:/home/aiv/ev_ws/erp42_ros/install/erp42_util:/home/aiv/ev_ws/erp42_ros/install/erp42_msgs:/home/aiv/ev_ws/erp42_ros/install/erp42_description:/home/aiv/ev_ws/erp42_ros/install/erp42_cmake:/home/aiv/ev_ws/perception/install/velodyne:/home/aiv/ev_ws/perception/install/lidar_launch:/home/aiv/ev_ws/perception/install/velodyne_pointcloud:/home/aiv/ev_ws/perception/install/velodyne_driver:/home/aiv/ev_ws/perception/install/velodyne_laserscan:/home/aiv/ev_ws/perception/install/velodyne_cropbox:/home/aiv/ev_ws/perception/install/patchworkpp:/home/aiv/ev_ws/perception/install/lidar_voxel_grid:/home/aiv/ev_ws/perception/install/lidar_tracking:/home/aiv/ev_ws/perception/install/cluster_filter:/home/aiv/ev_ws/perception/install/lidar_interfaces:/home/aiv/ev_ws/perception/install/lidar_clustering:/opt/ros/humble LD_LIBRARY_PATH=/home/aiv/ev_ws/perception/install/velodyne_msgs/lib:/home/aiv/ev_ws/perception/install/cluster_splitter/lib:/usr/local/cuda-12.6/lib64:/usr/local/cuda-12.6/lib64:/usr/local/cuda-12.6/lib64:/usr/local/cuda-12.6/lib64:/home/aiv/ev_ws/perception/install/dbscan_clustering/lib:/usr/local/cuda-12.6/lib64:/home/aiv/ev_ws/erp42_ros/install/erp42_serial/lib:/home/aiv/ev_ws/erp42_ros/install/erp42_rqt_plugin/lib:/home/aiv/ev_ws/erp42_ros/install/erp42_gazebo/lib:/home/aiv/ev_ws/erp42_ros/install/erp42_util/lib:/home/aiv/ev_ws/erp42_ros/install/erp42_msgs/lib:/home/aiv/ev_ws/perception/install/velodyne_pointcloud/lib:/home/aiv/ev_ws/perception/install/velodyne_driver/lib:/home/aiv/ev_ws/perception/install/velodyne_laserscan/lib:/home/aiv/ev_ws/perception/install/velodyne_cropbox/lib:/home/aiv/ev_ws/perception/install/patchworkpp/lib:/home/aiv/ev_ws/perception/install/lidar_voxel_grid/lib:/home/aiv/ev_ws/perception/install/lidar_tracking/lib:/home/aiv/ev_ws/perception/install/cluster_filter/lib:/home/aiv/ev_ws/perception/install/lidar_interfaces/lib:/home/aiv/ev_ws/perception/install/lidar_clustering/lib:/usr/lib/x86_64-linux-gnu/gazebo-11/plugins:/opt/ros/humble/opt/rviz_ogre_vendor/lib:/opt/ros/humble/lib/x86_64-linux-gnu:/opt/ros/humble/lib:/usr/local/cuda-12.6/lib64 /usr/bin/cmake --build /home/aiv/ev_ws/perception/build/velodyne_driver -- -j28 -l28
[0.513s] DEBUG:colcon.colcon_core.event_handler.log_command:Invoking command in '/home/aiv/ev_ws/perception/build/velodyne_pointcloud': CMAKE_PREFIX_PATH=/home/aiv/ev_ws/perception/install/velodyne_msgs:/home/aiv/ev_ws/perception/install/cluster_splitter:/home/aiv/ev_ws/perception/install/dbscan_clustering:/home/aiv/ev_ws/carsa_gazebo/install/carsa_gazebo:/home/aiv/ev_ws/erp42_ros/install/erp42_serial:/home/aiv/ev_ws/erp42_ros/install/erp42_rqt_plugin:/home/aiv/ev_ws/erp42_ros/install/erp42_gazebo:/home/aiv/ev_ws/erp42_ros/install/erp42_util:/home/aiv/ev_ws/erp42_ros/install/erp42_msgs:/home/aiv/ev_ws/erp42_ros/install/erp42_description:/home/aiv/ev_ws/erp42_ros/install/erp42_cmake:/home/aiv/ev_ws/perception/install/velodyne:/home/aiv/ev_ws/perception/install/lidar_launch:/home/aiv/ev_ws/perception/install/velodyne_pointcloud:/home/aiv/ev_ws/perception/install/velodyne_driver:/home/aiv/ev_ws/perception/install/velodyne_laserscan:/home/aiv/ev_ws/perception/install/velodyne_cropbox:/home/aiv/ev_ws/perception/install/patchworkpp:/home/aiv/ev_ws/perception/install/lidar_voxel_grid:/home/aiv/ev_ws/perception/install/lidar_tracking:/home/aiv/ev_ws/perception/install/cluster_filter:/home/aiv/ev_ws/perception/install/lidar_interfaces:/home/aiv/ev_ws/perception/install/lidar_clustering:/opt/ros/humble LD_LIBRARY_PATH=/home/aiv/ev_ws/perception/install/velodyne_msgs/lib:/home/aiv/ev_ws/perception/install/cluster_splitter/lib:/usr/local/cuda-12.6/lib64:/usr/local/cuda-12.6/lib64:/usr/local/cuda-12.6/lib64:/usr/local/cuda-12.6/lib64:/home/aiv/ev_ws/perception/install/dbscan_clustering/lib:/usr/local/cuda-12.6/lib64:/home/aiv/ev_ws/erp42_ros/install/erp42_serial/lib:/home/aiv/ev_ws/erp42_ros/install/erp42_rqt_plugin/lib:/home/aiv/ev_ws/erp42_ros/install/erp42_gazebo/lib:/home/aiv/ev_ws/erp42_ros/install/erp42_util/lib:/home/aiv/ev_ws/erp42_ros/install/erp42_msgs/lib:/home/aiv/ev_ws/perception/install/velodyne_pointcloud/lib:/home/aiv/ev_ws/perception/install/velodyne_driver/lib:/home/aiv/ev_ws/perception/install/velodyne_laserscan/lib:/home/aiv/ev_ws/perception/install/velodyne_cropbox/lib:/home/aiv/ev_ws/perception/install/patchworkpp/lib:/home/aiv/ev_ws/perception/install/lidar_voxel_grid/lib:/home/aiv/ev_ws/perception/install/lidar_tracking/lib:/home/aiv/ev_ws/perception/install/cluster_filter/lib:/home/aiv/ev_ws/perception/install/lidar_interfaces/lib:/home/aiv/ev_ws/perception/install/lidar_clustering/lib:/usr/lib/x86_64-linux-gnu/gazebo-11/plugins:/opt/ros/humble/opt/rviz_ogre_vendor/lib:/opt/ros/humble/lib/x86_64-linux-gnu:/opt/ros/humble/lib:/usr/local/cuda-12.6/lib64 /usr/bin/cmake --build /home/aiv/ev_ws/perception/build/velodyne_pointcloud -- -j28 -l28
[0.607s] DEBUG:colcon.colcon_core.event_handler.log_command:Invoked command in '/home/aiv/ev_ws/perception/build/velodyne_driver' returned '0': CMAKE_PREFIX_PATH=/home/aiv/ev_ws/perception/install/velodyne_msgs:/home/aiv/ev_ws/perception/install/cluster_splitter:/home/aiv/ev_ws/perception/install/dbscan_clustering:/home/aiv/ev_ws/carsa_gazebo/install/carsa_gazebo:/home/aiv/ev_ws/erp42_ros/install/erp42_serial:/home/aiv/ev_ws/erp42_ros/install/erp42_rqt_plugin:/home/aiv/ev_ws/erp42_ros/install/erp42_gazebo:/home/aiv/ev_ws/erp42_ros/install/erp42_util:/home/aiv/ev_ws/erp42_ros/install/erp42_msgs:/home/aiv/ev_ws/erp42_ros/install/erp42_description:/home/aiv/ev_ws/erp42_ros/install/erp42_cmake:/home/aiv/ev_ws/perception/install/velodyne:/home/aiv/ev_ws/perception/install/lidar_launch:/home/aiv/ev_ws/perception/install/velodyne_pointcloud:/home/aiv/ev_ws/perception/install/velodyne_driver:/home/aiv/ev_ws/perception/install/velodyne_laserscan:/home/aiv/ev_ws/perception/install/velodyne_cropbox:/home/aiv/ev_ws/perception/install/patchworkpp:/home/aiv/ev_ws/perception/install/lidar_voxel_grid:/home/aiv/ev_ws/perception/install/lidar_tracking:/home/aiv/ev_ws/perception/install/cluster_filter:/home/aiv/ev_ws/perception/install/lidar_interfaces:/home/aiv/ev_ws/perception/install/lidar_clustering:/opt/ros/humble LD_LIBRARY_PATH=/home/aiv/ev_ws/perception/install/velodyne_msgs/lib:/home/aiv/ev_ws/perception/install/cluster_splitter/lib:/usr/local/cuda-12.6/lib64:/usr/local/cuda-12.6/lib64:/usr/local/cuda-12.6/lib64:/usr/local/cuda-12.6/lib64:/home/aiv/ev_ws/perception/install/dbscan_clustering/lib:/usr/local/cuda-12.6/lib64:/home/aiv/ev_ws/erp42_ros/install/erp42_serial/lib:/home/aiv/ev_ws/erp42_ros/install/erp42_rqt_plugin/lib:/home/aiv/ev_ws/erp42_ros/install/erp42_gazebo/lib:/home/aiv/ev_ws/erp42_ros/install/erp42_util/lib:/home/aiv/ev_ws/erp42_ros/install/erp42_msgs/lib:/home/aiv/ev_ws/perception/install/velodyne_pointcloud/lib:/home/aiv/ev_ws/perception/install/velodyne_driver/lib:/home/aiv/ev_ws/perception/install/velodyne_laserscan/lib:/home/aiv/ev_ws/perception/install/velodyne_cropbox/lib:/home/aiv/ev_ws/perception/install/patchworkpp/lib:/home/aiv/ev_ws/perception/install/lidar_voxel_grid/lib:/home/aiv/ev_ws/perception/install/lidar_tracking/lib:/home/aiv/ev_ws/perception/install/cluster_filter/lib:/home/aiv/ev_ws/perception/install/lidar_interfaces/lib:/home/aiv/ev_ws/perception/install/lidar_clustering/lib:/usr/lib/x86_64-linux-gnu/gazebo-11/plugins:/opt/ros/humble/opt/rviz_ogre_vendor/lib:/opt/ros/humble/lib/x86_64-linux-gnu:/opt/ros/humble/lib:/usr/local/cuda-12.6/lib64 /usr/bin/cmake --build /home/aiv/ev_ws/perception/build/velodyne_driver -- -j28 -l28
[0.608s] DEBUG:colcon.colcon_core.event_handler.log_command:Invoking command in '/home/aiv/ev_ws/perception/build/velodyne_driver': CMAKE_PREFIX_PATH=/home/aiv/ev_ws/perception/install/velodyne_msgs:/home/aiv/ev_ws/perception/install/cluster_splitter:/home/aiv/ev_ws/perception/install/dbscan_clustering:/home/aiv/ev_ws/carsa_gazebo/install/carsa_gazebo:/home/aiv/ev_ws/erp42_ros/install/erp42_serial:/home/aiv/ev_ws/erp42_ros/install/erp42_rqt_plugin:/home/aiv/ev_ws/erp42_ros/install/erp42_gazebo:/home/aiv/ev_ws/erp42_ros/install/erp42_util:/home/aiv/ev_ws/erp42_ros/install/erp42_msgs:/home/aiv/ev_ws/erp42_ros/install/erp42_description:/home/aiv/ev_ws/erp42_ros/install/erp42_cmake:/home/aiv/ev_ws/perception/install/velodyne:/home/aiv/ev_ws/perception/install/lidar_launch:/home/aiv/ev_ws/perception/install/velodyne_pointcloud:/home/aiv/ev_ws/perception/install/velodyne_driver:/home/aiv/ev_ws/perception/install/velodyne_laserscan:/home/aiv/ev_ws/perception/install/velodyne_cropbox:/home/aiv/ev_ws/perception/install/patchworkpp:/home/aiv/ev_ws/perception/install/lidar_voxel_grid:/home/aiv/ev_ws/perception/install/lidar_tracking:/home/aiv/ev_ws/perception/install/cluster_filter:/home/aiv/ev_ws/perception/install/lidar_interfaces:/home/aiv/ev_ws/perception/install/lidar_clustering:/opt/ros/humble LD_LIBRARY_PATH=/home/aiv/ev_ws/perception/install/velodyne_msgs/lib:/home/aiv/ev_ws/perception/install/cluster_splitter/lib:/usr/local/cuda-12.6/lib64:/usr/local/cuda-12.6/lib64:/usr/local/cuda-12.6/lib64:/usr/local/cuda-12.6/lib64:/home/aiv/ev_ws/perception/install/dbscan_clustering/lib:/usr/local/cuda-12.6/lib64:/home/aiv/ev_ws/erp42_ros/install/erp42_serial/lib:/home/aiv/ev_ws/erp42_ros/install/erp42_rqt_plugin/lib:/home/aiv/ev_ws/erp42_ros/install/erp42_gazebo/lib:/home/aiv/ev_ws/erp42_ros/install/erp42_util/lib:/home/aiv/ev_ws/erp42_ros/install/erp42_msgs/lib:/home/aiv/ev_ws/perception/install/velodyne_pointcloud/lib:/home/aiv/ev_ws/perception/install/velodyne_driver/lib:/home/aiv/ev_ws/perception/install/velodyne_laserscan/lib:/home/aiv/ev_ws/perception/install/velodyne_cropbox/lib:/home/aiv/ev_ws/perception/install/patchworkpp/lib:/home/aiv/ev_ws/perception/install/lidar_voxel_grid/lib:/home/aiv/ev_ws/perception/install/lidar_tracking/lib:/home/aiv/ev_ws/perception/install/cluster_filter/lib:/home/aiv/ev_ws/perception/install/lidar_interfaces/lib:/home/aiv/ev_ws/perception/install/lidar_clustering/lib:/usr/lib/x86_64-linux-gnu/gazebo-11/plugins:/opt/ros/humble/opt/rviz_ogre_vendor/lib:/opt/ros/humble/lib/x86_64-linux-gnu:/opt/ros/humble/lib:/usr/local/cuda-12.6/lib64 /usr/bin/cmake --install /home/aiv/ev_ws/perception/build/velodyne_driver
[0.617s] DEBUG:colcon.colcon_core.event_handler.log_command:Invoked command in '/home/aiv/ev_ws/perception/build/velodyne_pointcloud' returned '0': CMAKE_PREFIX_PATH=/home/aiv/ev_ws/perception/install/velodyne_msgs:/home/aiv/ev_ws/perception/install/cluster_splitter:/home/aiv/ev_ws/perception/install/dbscan_clustering:/home/aiv/ev_ws/carsa_gazebo/install/carsa_gazebo:/home/aiv/ev_ws/erp42_ros/install/erp42_serial:/home/aiv/ev_ws/erp42_ros/install/erp42_rqt_plugin:/home/aiv/ev_ws/erp42_ros/install/erp42_gazebo:/home/aiv/ev_ws/erp42_ros/install/erp42_util:/home/aiv/ev_ws/erp42_ros/install/erp42_msgs:/home/aiv/ev_ws/erp42_ros/install/erp42_description:/home/aiv/ev_ws/erp42_ros/install/erp42_cmake:/home/aiv/ev_ws/perception/install/velodyne:/home/aiv/ev_ws/perception/install/lidar_launch:/home/aiv/ev_ws/perception/install/velodyne_pointcloud:/home/aiv/ev_ws/perception/install/velodyne_driver:/home/aiv/ev_ws/perception/install/velodyne_laserscan:/home/aiv/ev_ws/perception/install/velodyne_cropbox:/home/aiv/ev_ws/perception/install/patchworkpp:/home/aiv/ev_ws/perception/install/lidar_voxel_grid:/home/aiv/ev_ws/perception/install/lidar_tracking:/home/aiv/ev_ws/perception/install/cluster_filter:/home/aiv/ev_ws/perception/install/lidar_interfaces:/home/aiv/ev_ws/perception/install/lidar_clustering:/opt/ros/humble LD_LIBRARY_PATH=/home/aiv/ev_ws/perception/install/velodyne_msgs/lib:/home/aiv/ev_ws/perception/install/cluster_splitter/lib:/usr/local/cuda-12.6/lib64:/usr/local/cuda-12.6/lib64:/usr/local/cuda-12.6/lib64:/usr/local/cuda-12.6/lib64:/home/aiv/ev_ws/perception/install/dbscan_clustering/lib:/usr/local/cuda-12.6/lib64:/home/aiv/ev_ws/erp42_ros/install/erp42_serial/lib:/home/aiv/ev_ws/erp42_ros/install/erp42_rqt_plugin/lib:/home/aiv/ev_ws/erp42_ros/install/erp42_gazebo/lib:/home/aiv/ev_ws/erp42_ros/install/erp42_util/lib:/home/aiv/ev_ws/erp42_ros/install/erp42_msgs/lib:/home/aiv/ev_ws/perception/install/velodyne_pointcloud/lib:/home/aiv/ev_ws/perception/install/velodyne_driver/lib:/home/aiv/ev_ws/perception/install/velodyne_laserscan/lib:/home/aiv/ev_ws/perception/install/velodyne_cropbox/lib:/home/aiv/ev_ws/perception/install/patchworkpp/lib:/home/aiv/ev_ws/perception/install/lidar_voxel_grid/lib:/home/aiv/ev_ws/perception/install/lidar_tracking/lib:/home/aiv/ev_ws/perception/install/cluster_filter/lib:/home/aiv/ev_ws/perception/install/lidar_interfaces/lib:/home/aiv/ev_ws/perception/install/lidar_clustering/lib:/usr/lib/x86_64-linux-gnu/gazebo-11/plugins:/opt/ros/humble/opt/rviz_ogre_vendor/lib:/opt/ros/humble/lib/x86_64-linux-gnu:/opt/ros/humble/lib:/usr/local/cuda-12.6/lib64 /usr/bin/cmake --build /home/aiv/ev_ws/perception/build/velodyne_pointcloud -- -j28 -l28
[0.619s] DEBUG:colcon.colcon_core.event_handler.log_command:Invoking command in '/home/aiv/ev_ws/perception/build/velodyne_pointcloud': CMAKE_PREFIX_PATH=/home/aiv/ev_ws/perception/install/velodyne_msgs:/home/aiv/ev_ws/perception/install/cluster_splitter:/home/aiv/ev_ws/perception/install/dbscan_clustering:/home/aiv/ev_ws/carsa_gazebo/install/carsa_gazebo:/home/aiv/ev_ws/erp42_ros/install/erp42_serial:/home/aiv/ev_ws/erp42_ros/install/erp42_rqt_plugin:/home/aiv/ev_ws/erp42_ros/install/erp42_gazebo:/home/aiv/ev_ws/erp42_ros/install/erp42_util:/home/aiv/ev_ws/erp42_ros/install/erp42_msgs:/home/aiv/ev_ws/erp42_ros/install/erp42_description:/home/aiv/ev_ws/erp42_ros/install/erp42_cmake:/home/aiv/ev_ws/perception/install/velodyne:/home/aiv/ev_ws/perception/install/lidar_launch:/home/aiv/ev_ws/perception/install/velodyne_pointcloud:/home/aiv/ev_ws/perception/install/velodyne_driver:/home/aiv/ev_ws/perception/install/velodyne_laserscan:/home/aiv/ev_ws/perception/install/velodyne_cropbox:/home/aiv/ev_ws/perception/install/patchworkpp:/home/aiv/ev_ws/perception/install/lidar_voxel_grid:/home/aiv/ev_ws/perception/install/lidar_tracking:/home/aiv/ev_ws/perception/install/cluster_filter:/home/aiv/ev_ws/perception/install/lidar_interfaces:/home/aiv/ev_ws/perception/install/lidar_clustering:/opt/ros/humble LD_LIBRARY_PATH=/home/aiv/ev_ws/perception/install/velodyne_msgs/lib:/home/aiv/ev_ws/perception/install/cluster_splitter/lib:/usr/local/cuda-12.6/lib64:/usr/local/cuda-12.6/lib64:/usr/local/cuda-12.6/lib64:/usr/local/cuda-12.6/lib64:/home/aiv/ev_ws/perception/install/dbscan_clustering/lib:/usr/local/cuda-12.6/lib64:/home/aiv/ev_ws/erp42_ros/install/erp42_serial/lib:/home/aiv/ev_ws/erp42_ros/install/erp42_rqt_plugin/lib:/home/aiv/ev_ws/erp42_ros/install/erp42_gazebo/lib:/home/aiv/ev_ws/erp42_ros/install/erp42_util/lib:/home/aiv/ev_ws/erp42_ros/install/erp42_msgs/lib:/home/aiv/ev_ws/perception/install/velodyne_pointcloud/lib:/home/aiv/ev_ws/perception/install/velodyne_driver/lib:/home/aiv/ev_ws/perception/install/velodyne_laserscan/lib:/home/aiv/ev_ws/perception/install/velodyne_cropbox/lib:/home/aiv/ev_ws/perception/install/patchworkpp/lib:/home/aiv/ev_ws/perception/install/lidar_voxel_grid/lib:/home/aiv/ev_ws/perception/install/lidar_tracking/lib:/home/aiv/ev_ws/perception/install/cluster_filter/lib:/home/aiv/ev_ws/perception/install/lidar_interfaces/lib:/home/aiv/ev_ws/perception/install/lidar_clustering/lib:/usr/lib/x86_64-linux-gnu/gazebo-11/plugins:/opt/ros/humble/opt/rviz_ogre_vendor/lib:/opt/ros/humble/lib/x86_64-linux-gnu:/opt/ros/humble/lib:/usr/local/cuda-12.6/lib64 /usr/bin/cmake --install /home/aiv/ev_ws/perception/build/velodyne_pointcloud
[0.627s] Level 1:colcon.colcon_core.environment:create_environment_scripts_only(velodyne_driver)
[0.627s] Level 1:colcon.colcon_core.environment:checking '/home/aiv/ev_ws/perception/install/velodyne_driver' for CMake module files
[0.627s] DEBUG:colcon.colcon_core.event_handler.log_command:Invoked command in '/home/aiv/ev_ws/perception/build/velodyne_driver' returned '0': CMAKE_PREFIX_PATH=/home/aiv/ev_ws/perception/install/velodyne_msgs:/home/aiv/ev_ws/perception/install/cluster_splitter:/home/aiv/ev_ws/perception/install/dbscan_clustering:/home/aiv/ev_ws/carsa_gazebo/install/carsa_gazebo:/home/aiv/ev_ws/erp42_ros/install/erp42_serial:/home/aiv/ev_ws/erp42_ros/install/erp42_rqt_plugin:/home/aiv/ev_ws/erp42_ros/install/erp42_gazebo:/home/aiv/ev_ws/erp42_ros/install/erp42_util:/home/aiv/ev_ws/erp42_ros/install/erp42_msgs:/home/aiv/ev_ws/erp42_ros/install/erp42_description:/home/aiv/ev_ws/erp42_ros/install/erp42_cmake:/home/aiv/ev_ws/perception/install/velodyne:/home/aiv/ev_ws/perception/install/lidar_launch:/home/aiv/ev_ws/perception/install/velodyne_pointcloud:/home/aiv/ev_ws/perception/install/velodyne_driver:/home/aiv/ev_ws/perception/install/velodyne_laserscan:/home/aiv/ev_ws/perception/install/velodyne_cropbox:/home/aiv/ev_ws/perception/install/patchworkpp:/home/aiv/ev_ws/perception/install/lidar_voxel_grid:/home/aiv/ev_ws/perception/install/lidar_tracking:/home/aiv/ev_ws/perception/install/cluster_filter:/home/aiv/ev_ws/perception/install/lidar_interfaces:/home/aiv/ev_ws/perception/install/lidar_clustering:/opt/ros/humble LD_LIBRARY_PATH=/home/aiv/ev_ws/perception/install/velodyne_msgs/lib:/home/aiv/ev_ws/perception/install/cluster_splitter/lib:/usr/local/cuda-12.6/lib64:/usr/local/cuda-12.6/lib64:/usr/local/cuda-12.6/lib64:/usr/local/cuda-12.6/lib64:/home/aiv/ev_ws/perception/install/dbscan_clustering/lib:/usr/local/cuda-12.6/lib64:/home/aiv/ev_ws/erp42_ros/install/erp42_serial/lib:/home/aiv/ev_ws/erp42_ros/install/erp42_rqt_plugin/lib:/home/aiv/ev_ws/erp42_ros/install/erp42_gazebo/lib:/home/aiv/ev_ws/erp42_ros/install/erp42_util/lib:/home/aiv/ev_ws/erp42_ros/install/erp42_msgs/lib:/home/aiv/ev_ws/perception/install/velodyne_pointcloud/lib:/home/aiv/ev_ws/perception/install/velodyne_driver/lib:/home/aiv/ev_ws/perception/install/velodyne_laserscan/lib:/home/aiv/ev_ws/perception/install/velodyne_cropbox/lib:/home/aiv/ev_ws/perception/install/patchworkpp/lib:/home/aiv/ev_ws/perception/install/lidar_voxel_grid/lib:/home/aiv/ev_ws/perception/install/lidar_tracking/lib:/home/aiv/ev_ws/perception/install/cluster_filter/lib:/home/aiv/ev_ws/perception/install/lidar_interfaces/lib:/home/aiv/ev_ws/perception/install/lidar_clustering/lib:/usr/lib/x86_64-linux-gnu/gazebo-11/plugins:/opt/ros/humble/opt/rviz_ogre_vendor/lib:/opt/ros/humble/lib/x86_64-linux-gnu:/opt/ros/humble/lib:/usr/local/cuda-12.6/lib64 /usr/bin/cmake --install /home/aiv/ev_ws/perception/build/velodyne_driver
[0.627s] Level 1:colcon.colcon_core.environment:checking '/home/aiv/ev_ws/perception/install/velodyne_driver' for CMake config files
[0.628s] Level 1:colcon.colcon_core.shell:create_environment_hook('velodyne_driver', 'cmake_prefix_path')
[0.628s] INFO:colcon.colcon_core.shell:Creating environment hook '/home/aiv/ev_ws/perception/install/velodyne_driver/share/velodyne_driver/hook/cmake_prefix_path.ps1'
[0.628s] INFO:colcon.colcon_core.shell:Creating environment descriptor '/home/aiv/ev_ws/perception/install/velodyne_driver/share/velodyne_driver/hook/cmake_prefix_path.dsv'
[0.628s] INFO:colcon.colcon_core.shell:Creating environment hook '/home/aiv/ev_ws/perception/install/velodyne_driver/share/velodyne_driver/hook/cmake_prefix_path.sh'
[0.628s] Level 1:colcon.colcon_core.environment:checking '/home/aiv/ev_ws/perception/install/velodyne_driver/lib'
[0.629s] Level 1:colcon.colcon_core.shell:create_environment_hook('velodyne_driver', 'ld_library_path_lib')
[0.629s] INFO:colcon.colcon_core.shell:Creating environment hook '/home/aiv/ev_ws/perception/install/velodyne_driver/share/velodyne_driver/hook/ld_library_path_lib.ps1'
[0.629s] INFO:colcon.colcon_core.shell:Creating environment descriptor '/home/aiv/ev_ws/perception/install/velodyne_driver/share/velodyne_driver/hook/ld_library_path_lib.dsv'
[0.629s] INFO:colcon.colcon_core.shell:Creating environment hook '/home/aiv/ev_ws/perception/install/velodyne_driver/share/velodyne_driver/hook/ld_library_path_lib.sh'
[0.629s] Level 1:colcon.colcon_core.environment:checking '/home/aiv/ev_ws/perception/install/velodyne_driver/bin'
[0.629s] Level 1:colcon.colcon_core.environment:checking '/home/aiv/ev_ws/perception/install/velodyne_driver/lib/pkgconfig/velodyne_driver.pc'
[0.629s] Level 1:colcon.colcon_core.environment:checking '/home/aiv/ev_ws/perception/install/velodyne_driver/lib/python3.10/site-packages'
[0.630s] Level 1:colcon.colcon_core.environment:checking '/home/aiv/ev_ws/perception/install/velodyne_driver/bin'
[0.630s] INFO:colcon.colcon_core.shell:Creating package script '/home/aiv/ev_ws/perception/install/velodyne_driver/share/velodyne_driver/package.ps1'
[0.630s] INFO:colcon.colcon_core.shell:Creating package descriptor '/home/aiv/ev_ws/perception/install/velodyne_driver/share/velodyne_driver/package.dsv'
[0.630s] INFO:colcon.colcon_core.shell:Creating package script '/home/aiv/ev_ws/perception/install/velodyne_driver/share/velodyne_driver/package.sh'
[0.630s] INFO:colcon.colcon_core.shell:Creating package script '/home/aiv/ev_ws/perception/install/velodyne_driver/share/velodyne_driver/package.bash'
[0.631s] INFO:colcon.colcon_core.shell:Creating package script '/home/aiv/ev_ws/perception/install/velodyne_driver/share/velodyne_driver/package.zsh'
[0.631s] Level 1:colcon.colcon_core.environment:create_file_with_runtime_dependencies(/home/aiv/ev_ws/perception/install/velodyne_driver/share/colcon-core/packages/velodyne_driver)
[0.631s] Level 1:colcon.colcon_core.environment:create_environment_scripts_only(velodyne_driver)
[0.631s] Level 1:colcon.colcon_core.environment:checking '/home/aiv/ev_ws/perception/install/velodyne_driver' for CMake module files
[0.631s] Level 1:colcon.colcon_core.environment:checking '/home/aiv/ev_ws/perception/install/velodyne_driver' for CMake config files
[0.632s] Level 1:colcon.colcon_core.shell:create_environment_hook('velodyne_driver', 'cmake_prefix_path')
[0.632s] INFO:colcon.colcon_core.shell:Creating environment hook '/home/aiv/ev_ws/perception/install/velodyne_driver/share/velodyne_driver/hook/cmake_prefix_path.ps1'
[0.632s] INFO:colcon.colcon_core.shell:Creating environment descriptor '/home/aiv/ev_ws/perception/install/velodyne_driver/share/velodyne_driver/hook/cmake_prefix_path.dsv'
[0.632s] INFO:colcon.colcon_core.shell:Creating environment hook '/home/aiv/ev_ws/perception/install/velodyne_driver/share/velodyne_driver/hook/cmake_prefix_path.sh'
[0.632s] Level 1:colcon.colcon_core.environment:checking '/home/aiv/ev_ws/perception/install/velodyne_driver/lib'
[0.632s] Level 1:colcon.colcon_core.shell:create_environment_hook('velodyne_driver', 'ld_library_path_lib')
[0.633s] INFO:colcon.colcon_core.shell:Creating environment hook '/home/aiv/ev_ws/perception/install/velodyne_driver/share/velodyne_driver/hook/ld_library_path_lib.ps1'
[0.633s] INFO:colcon.colcon_core.shell:Creating environment descriptor '/home/aiv/ev_ws/perception/install/velodyne_driver/share/velodyne_driver/hook/ld_library_path_lib.dsv'
[0.633s] INFO:colcon.colcon_core.shell:Creating environment hook '/home/aiv/ev_ws/perception/install/velodyne_driver/share/velodyne_driver/hook/ld_library_path_lib.sh'
[0.633s] Level 1:colcon.colcon_core.environment:checking '/home/aiv/ev_ws/perception/install/velodyne_driver/bin'
[0.633s] Level 1:colcon.colcon_core.environment:checking '/home/aiv/ev_ws/perception/install/velodyne_driver/lib/pkgconfig/velodyne_driver.pc'
[0.634s] Level 1:colcon.colcon_core.environment:checking '/home/aiv/ev_ws/perception/install/velodyne_driver/lib/python3.10/site-packages'
[0.634s] Level 1:colcon.colcon_core.environment:checking '/home/aiv/ev_ws/perception/install/velodyne_driver/bin'
[0.634s] INFO:colcon.colcon_core.shell:Creating package script '/home/aiv/ev_ws/perception/install/velodyne_driver/share/velodyne_driver/package.ps1'
[0.635s] INFO:colcon.colcon_core.shell:Creating package descriptor '/home/aiv/ev_ws/perception/install/velodyne_driver/share/velodyne_driver/package.dsv'
[0.636s] INFO:colcon.colcon_core.shell:Creating package script '/home/aiv/ev_ws/perception/install/velodyne_driver/share/velodyne_driver/package.sh'
[0.637s] INFO:colcon.colcon_core.shell:Creating package script '/home/aiv/ev_ws/perception/install/velodyne_driver/share/velodyne_driver/package.bash'
[0.637s] INFO:colcon.colcon_core.shell:Creating package script '/home/aiv/ev_ws/perception/install/velodyne_driver/share/velodyne_driver/package.zsh'
[0.637s] Level 1:colcon.colcon_core.environment:create_file_with_runtime_dependencies(/home/aiv/ev_ws/perception/install/velodyne_driver/share/colcon-core/packages/velodyne_driver)
[0.638s] Level 1:colcon.colcon_core.environment:create_environment_scripts_only(velodyne_pointcloud)
[0.639s] Level 1:colcon.colcon_core.environment:checking '/home/aiv/ev_ws/perception/install/velodyne_pointcloud' for CMake module files
[0.639s] DEBUG:colcon.colcon_core.event_handler.log_command:Invoked command in '/home/aiv/ev_ws/perception/build/velodyne_pointcloud' returned '0': CMAKE_PREFIX_PATH=/home/aiv/ev_ws/perception/install/velodyne_msgs:/home/aiv/ev_ws/perception/install/cluster_splitter:/home/aiv/ev_ws/perception/install/dbscan_clustering:/home/aiv/ev_ws/carsa_gazebo/install/carsa_gazebo:/home/aiv/ev_ws/erp42_ros/install/erp42_serial:/home/aiv/ev_ws/erp42_ros/install/erp42_rqt_plugin:/home/aiv/ev_ws/erp42_ros/install/erp42_gazebo:/home/aiv/ev_ws/erp42_ros/install/erp42_util:/home/aiv/ev_ws/erp42_ros/install/erp42_msgs:/home/aiv/ev_ws/erp42_ros/install/erp42_description:/home/aiv/ev_ws/erp42_ros/install/erp42_cmake:/home/aiv/ev_ws/perception/install/velodyne:/home/aiv/ev_ws/perception/install/lidar_launch:/home/aiv/ev_ws/perception/install/velodyne_pointcloud:/home/aiv/ev_ws/perception/install/velodyne_driver:/home/aiv/ev_ws/perception/install/velodyne_laserscan:/home/aiv/ev_ws/perception/install/velodyne_cropbox:/home/aiv/ev_ws/perception/install/patchworkpp:/home/aiv/ev_ws/perception/install/lidar_voxel_grid:/home/aiv/ev_ws/perception/install/lidar_tracking:/home/aiv/ev_ws/perception/install/cluster_filter:/home/aiv/ev_ws/perception/install/lidar_interfaces:/home/aiv/ev_ws/perception/install/lidar_clustering:/opt/ros/humble LD_LIBRARY_PATH=/home/aiv/ev_ws/perception/install/velodyne_msgs/lib:/home/aiv/ev_ws/perception/install/cluster_splitter/lib:/usr/local/cuda-12.6/lib64:/usr/local/cuda-12.6/lib64:/usr/local/cuda-12.6/lib64:/usr/local/cuda-12.6/lib64:/home/aiv/ev_ws/perception/install/dbscan_clustering/lib:/usr/local/cuda-12.6/lib64:/home/aiv/ev_ws/erp42_ros/install/erp42_serial/lib:/home/aiv/ev_ws/erp42_ros/install/erp42_rqt_plugin/lib:/home/aiv/ev_ws/erp42_ros/install/erp42_gazebo/lib:/home/aiv/ev_ws/erp42_ros/install/erp42_util/lib:/home/aiv/ev_ws/erp42_ros/install/erp42_msgs/lib:/home/aiv/ev_ws/perception/install/velodyne_pointcloud/lib:/home/aiv/ev_ws/perception/install/velodyne_driver/lib:/home/aiv/ev_ws/perception/install/velodyne_laserscan/lib:/home/aiv/ev_ws/perception/install/velodyne_cropbox/lib:/home/aiv/ev_ws/perception/install/patchworkpp/lib:/home/aiv/ev_ws/perception/install/lidar_voxel_grid/lib:/home/aiv/ev_ws/perception/install/lidar_tracking/lib:/home/aiv/ev_ws/perception/install/cluster_filter/lib:/home/aiv/ev_ws/perception/install/lidar_interfaces/lib:/home/aiv/ev_ws/perception/install/lidar_clustering/lib:/usr/lib/x86_64-linux-gnu/gazebo-11/plugins:/opt/ros/humble/opt/rviz_ogre_vendor/lib:/opt/ros/humble/lib/x86_64-linux-gnu:/opt/ros/humble/lib:/usr/local/cuda-12.6/lib64 /usr/bin/cmake --install /home/aiv/ev_ws/perception/build/velodyne_pointcloud
[0.640s] Level 1:colcon.colcon_core.environment:checking '/home/aiv/ev_ws/perception/install/velodyne_pointcloud' for CMake config files
[0.640s] Level 1:colcon.colcon_core.shell:create_environment_hook('velodyne_pointcloud', 'cmake_prefix_path')
[0.640s] INFO:colcon.colcon_core.shell:Creating environment hook '/home/aiv/ev_ws/perception/install/velodyne_pointcloud/share/velodyne_pointcloud/hook/cmake_prefix_path.ps1'
[0.641s] INFO:colcon.colcon_core.shell:Creating environment descriptor '/home/aiv/ev_ws/perception/install/velodyne_pointcloud/share/velodyne_pointcloud/hook/cmake_prefix_path.dsv'
[0.641s] INFO:colcon.colcon_core.shell:Creating environment hook '/home/aiv/ev_ws/perception/install/velodyne_pointcloud/share/velodyne_pointcloud/hook/cmake_prefix_path.sh'
[0.641s] Level 1:colcon.colcon_core.environment:checking '/home/aiv/ev_ws/perception/install/velodyne_pointcloud/lib'
[0.641s] Level 1:colcon.colcon_core.shell:create_environment_hook('velodyne_pointcloud', 'ld_library_path_lib')
[0.642s] INFO:colcon.colcon_core.shell:Creating environment hook '/home/aiv/ev_ws/perception/install/velodyne_pointcloud/share/velodyne_pointcloud/hook/ld_library_path_lib.ps1'
[0.642s] INFO:colcon.colcon_core.shell:Creating environment descriptor '/home/aiv/ev_ws/perception/install/velodyne_pointcloud/share/velodyne_pointcloud/hook/ld_library_path_lib.dsv'
[0.642s] INFO:colcon.colcon_core.shell:Creating environment hook '/home/aiv/ev_ws/perception/install/velodyne_pointcloud/share/velodyne_pointcloud/hook/ld_library_path_lib.sh'
[0.643s] Level 1:colcon.colcon_core.environment:checking '/home/aiv/ev_ws/perception/install/velodyne_pointcloud/bin'
[0.643s] Level 1:colcon.colcon_core.environment:checking '/home/aiv/ev_ws/perception/install/velodyne_pointcloud/lib/pkgconfig/velodyne_pointcloud.pc'
[0.643s] Level 1:colcon.colcon_core.environment:checking '/home/aiv/ev_ws/perception/install/velodyne_pointcloud/lib/python3.10/site-packages'
[0.643s] Level 1:colcon.colcon_core.environment:checking '/home/aiv/ev_ws/perception/install/velodyne_pointcloud/bin'
[0.643s] INFO:colcon.colcon_core.shell:Creating package script '/home/aiv/ev_ws/perception/install/velodyne_pointcloud/share/velodyne_pointcloud/package.ps1'
[0.644s] INFO:colcon.colcon_core.shell:Creating package descriptor '/home/aiv/ev_ws/perception/install/velodyne_pointcloud/share/velodyne_pointcloud/package.dsv'
[0.644s] INFO:colcon.colcon_core.shell:Creating package script '/home/aiv/ev_ws/perception/install/velodyne_pointcloud/share/velodyne_pointcloud/package.sh'
[0.645s] INFO:colcon.colcon_core.shell:Creating package script '/home/aiv/ev_ws/perception/install/velodyne_pointcloud/share/velodyne_pointcloud/package.bash'
[0.645s] INFO:colcon.colcon_core.shell:Creating package script '/home/aiv/ev_ws/perception/install/velodyne_pointcloud/share/velodyne_pointcloud/package.zsh'
[0.645s] Level 1:colcon.colcon_core.environment:create_file_with_runtime_dependencies(/home/aiv/ev_ws/perception/install/velodyne_pointcloud/share/colcon-core/packages/velodyne_pointcloud)
[0.646s] Level 1:colcon.colcon_core.environment:create_environment_scripts_only(velodyne_pointcloud)
[0.646s] Level 1:colcon.colcon_core.environment:checking '/home/aiv/ev_ws/perception/install/velodyne_pointcloud' for CMake module files
[0.646s] Level 1:colcon.colcon_core.environment:checking '/home/aiv/ev_ws/perception/install/velodyne_pointcloud' for CMake config files
[0.647s] Level 1:colcon.colcon_core.shell:create_environment_hook('velodyne_pointcloud', 'cmake_prefix_path')
[0.647s] INFO:colcon.colcon_core.shell:Creating environment hook '/home/aiv/ev_ws/perception/install/velodyne_pointcloud/share/velodyne_pointcloud/hook/cmake_prefix_path.ps1'
[0.647s] INFO:colcon.colcon_core.shell:Creating environment descriptor '/home/aiv/ev_ws/perception/install/velodyne_pointcloud/share/velodyne_pointcloud/hook/cmake_prefix_path.dsv'
[0.648s] INFO:colcon.colcon_core.shell:Creating environment hook '/home/aiv/ev_ws/perception/install/velodyne_pointcloud/share/velodyne_pointcloud/hook/cmake_prefix_path.sh'
[0.648s] Level 1:colcon.colcon_core.environment:checking '/home/aiv/ev_ws/perception/install/velodyne_pointcloud/lib'
[0.648s] Level 1:colcon.colcon_core.shell:create_environment_hook('velodyne_pointcloud', 'ld_library_path_lib')
[0.648s] INFO:colcon.colcon_core.shell:Creating environment hook '/home/aiv/ev_ws/perception/install/velodyne_pointcloud/share/velodyne_pointcloud/hook/ld_library_path_lib.ps1'
[0.648s] INFO:colcon.colcon_core.shell:Creating environment descriptor '/home/aiv/ev_ws/perception/install/velodyne_pointcloud/share/velodyne_pointcloud/hook/ld_library_path_lib.dsv'
[0.649s] INFO:colcon.colcon_core.shell:Creating environment hook '/home/aiv/ev_ws/perception/install/velodyne_pointcloud/share/velodyne_pointcloud/hook/ld_library_path_lib.sh'
[0.649s] Level 1:colcon.colcon_core.environment:checking '/home/aiv/ev_ws/perception/install/velodyne_pointcloud/bin'
[0.649s] Level 1:colcon.colcon_core.environment:checking '/home/aiv/ev_ws/perception/install/velodyne_pointcloud/lib/pkgconfig/velodyne_pointcloud.pc'
[0.649s] Level 1:colcon.colcon_core.environment:checking '/home/aiv/ev_ws/perception/install/velodyne_pointcloud/lib/python3.10/site-packages'
[0.650s] Level 1:colcon.colcon_core.environment:checking '/home/aiv/ev_ws/perception/install/velodyne_pointcloud/bin'
[0.650s] INFO:colcon.colcon_core.shell:Creating package script '/home/aiv/ev_ws/perception/install/velodyne_pointcloud/share/velodyne_pointcloud/package.ps1'
[0.650s] INFO:colcon.colcon_core.shell:Creating package descriptor '/home/aiv/ev_ws/perception/install/velodyne_pointcloud/share/velodyne_pointcloud/package.dsv'
[0.651s] INFO:colcon.colcon_core.shell:Creating package script '/home/aiv/ev_ws/perception/install/velodyne_pointcloud/share/velodyne_pointcloud/package.sh'
[0.651s] INFO:colcon.colcon_core.shell:Creating package script '/home/aiv/ev_ws/perception/install/velodyne_pointcloud/share/velodyne_pointcloud/package.bash'
[0.652s] INFO:colcon.colcon_core.shell:Creating package script '/home/aiv/ev_ws/perception/install/velodyne_pointcloud/share/velodyne_pointcloud/package.zsh'
[0.652s] Level 1:colcon.colcon_core.environment:create_file_with_runtime_dependencies(/home/aiv/ev_ws/perception/install/velodyne_pointcloud/share/colcon-core/packages/velodyne_pointcloud)
[0.652s] INFO:colcon.colcon_ros.task.ament_cmake.build:Building ROS package in '/home/aiv/ev_ws/perception/src/lidar_launch' with build type 'ament_cmake'
[0.653s] INFO:colcon.colcon_cmake.task.cmake.build:Building CMake package in '/home/aiv/ev_ws/perception/src/lidar_launch'
[0.653s] INFO:colcon.colcon_core.shell:Skip shell extension 'powershell' for command environment: Not usable outside of PowerShell
[0.653s] DEBUG:colcon.colcon_core.shell:Skip shell extension 'dsv' for command environment
[0.656s] INFO:colcon.colcon_ros.task.ament_cmake.build:Building ROS package in '/home/aiv/ev_ws/perception/src/lidar/velodyne' with build type 'ament_cmake'
[0.656s] INFO:colcon.colcon_cmake.task.cmake.build:Building CMake package in '/home/aiv/ev_ws/perception/src/lidar/velodyne'
[0.656s] INFO:colcon.colcon_core.shell:Skip shell extension 'powershell' for command environment: Not usable outside of PowerShell
[0.656s] DEBUG:colcon.colcon_core.shell:Skip shell extension 'dsv' for command environment
[0.668s] DEBUG:colcon.colcon_core.event_handler.log_command:Invoking command in '/home/aiv/ev_ws/perception/build/lidar_launch': CMAKE_PREFIX_PATH=/home/aiv/ev_ws/perception/install/velodyne_pointcloud:/home/aiv/ev_ws/perception/install/velodyne_driver:/home/aiv/ev_ws/perception/install/velodyne_msgs:/home/aiv/ev_ws/perception/install/patchworkpp:/home/aiv/ev_ws/perception/install/lidar_voxel_grid:/home/aiv/ev_ws/perception/install/dbscan_clustering:/home/aiv/ev_ws/perception/install/cluster_splitter:/home/aiv/ev_ws/carsa_gazebo/install/carsa_gazebo:/home/aiv/ev_ws/erp42_ros/install/erp42_serial:/home/aiv/ev_ws/erp42_ros/install/erp42_rqt_plugin:/home/aiv/ev_ws/erp42_ros/install/erp42_gazebo:/home/aiv/ev_ws/erp42_ros/install/erp42_util:/home/aiv/ev_ws/erp42_ros/install/erp42_msgs:/home/aiv/ev_ws/erp42_ros/install/erp42_description:/home/aiv/ev_ws/erp42_ros/install/erp42_cmake:/home/aiv/ev_ws/perception/install/velodyne:/home/aiv/ev_ws/perception/install/lidar_launch:/home/aiv/ev_ws/perception/install/velodyne_laserscan:/home/aiv/ev_ws/perception/install/velodyne_cropbox:/home/aiv/ev_ws/perception/install/lidar_tracking:/home/aiv/ev_ws/perception/install/cluster_filter:/home/aiv/ev_ws/perception/install/lidar_interfaces:/home/aiv/ev_ws/perception/install/lidar_clustering:/opt/ros/humble LD_LIBRARY_PATH=/home/aiv/ev_ws/perception/install/velodyne_pointcloud/lib:/home/aiv/ev_ws/perception/install/velodyne_driver/lib:/home/aiv/ev_ws/perception/install/velodyne_msgs/lib:/home/aiv/ev_ws/perception/install/patchworkpp/lib:/home/aiv/ev_ws/perception/install/lidar_voxel_grid/lib:/home/aiv/ev_ws/perception/install/dbscan_clustering/lib:/home/aiv/ev_ws/perception/install/cluster_splitter/lib:/usr/local/cuda-12.6/lib64:/usr/local/cuda-12.6/lib64:/usr/local/cuda-12.6/lib64:/usr/local/cuda-12.6/lib64:/usr/local/cuda-12.6/lib64:/home/aiv/ev_ws/erp42_ros/install/erp42_serial/lib:/home/aiv/ev_ws/erp42_ros/install/erp42_rqt_plugin/lib:/home/aiv/ev_ws/erp42_ros/install/erp42_gazebo/lib:/home/aiv/ev_ws/erp42_ros/install/erp42_util/lib:/home/aiv/ev_ws/erp42_ros/install/erp42_msgs/lib:/home/aiv/ev_ws/perception/install/velodyne_laserscan/lib:/home/aiv/ev_ws/perception/install/velodyne_cropbox/lib:/home/aiv/ev_ws/perception/install/lidar_tracking/lib:/home/aiv/ev_ws/perception/install/cluster_filter/lib:/home/aiv/ev_ws/perception/install/lidar_interfaces/lib:/home/aiv/ev_ws/perception/install/lidar_clustering/lib:/usr/lib/x86_64-linux-gnu/gazebo-11/plugins:/opt/ros/humble/opt/rviz_ogre_vendor/lib:/opt/ros/humble/lib/x86_64-linux-gnu:/opt/ros/humble/lib:/usr/local/cuda-12.6/lib64 /usr/bin/cmake --build /home/aiv/ev_ws/perception/build/lidar_launch -- -j28 -l28
[0.669s] DEBUG:colcon.colcon_core.event_handler.log_command:Invoking command in '/home/aiv/ev_ws/perception/build/velodyne': CMAKE_PREFIX_PATH=/home/aiv/ev_ws/perception/install/velodyne_pointcloud:/home/aiv/ev_ws/perception/install/velodyne_driver:/home/aiv/ev_ws/perception/install/velodyne_msgs:/home/aiv/ev_ws/perception/install/velodyne_laserscan:/home/aiv/ev_ws/perception/install/cluster_splitter:/home/aiv/ev_ws/perception/install/dbscan_clustering:/home/aiv/ev_ws/carsa_gazebo/install/carsa_gazebo:/home/aiv/ev_ws/erp42_ros/install/erp42_serial:/home/aiv/ev_ws/erp42_ros/install/erp42_rqt_plugin:/home/aiv/ev_ws/erp42_ros/install/erp42_gazebo:/home/aiv/ev_ws/erp42_ros/install/erp42_util:/home/aiv/ev_ws/erp42_ros/install/erp42_msgs:/home/aiv/ev_ws/erp42_ros/install/erp42_description:/home/aiv/ev_ws/erp42_ros/install/erp42_cmake:/home/aiv/ev_ws/perception/install/velodyne:/home/aiv/ev_ws/perception/install/lidar_launch:/home/aiv/ev_ws/perception/install/velodyne_cropbox:/home/aiv/ev_ws/perception/install/patchworkpp:/home/aiv/ev_ws/perception/install/lidar_voxel_grid:/home/aiv/ev_ws/perception/install/lidar_tracking:/home/aiv/ev_ws/perception/install/cluster_filter:/home/aiv/ev_ws/perception/install/lidar_interfaces:/home/aiv/ev_ws/perception/install/lidar_clustering:/opt/ros/humble LD_LIBRARY_PATH=/home/aiv/ev_ws/perception/install/velodyne_pointcloud/lib:/home/aiv/ev_ws/perception/install/velodyne_driver/lib:/home/aiv/ev_ws/perception/install/velodyne_msgs/lib:/home/aiv/ev_ws/perception/install/velodyne_laserscan/lib:/home/aiv/ev_ws/perception/install/cluster_splitter/lib:/usr/local/cuda-12.6/lib64:/usr/local/cuda-12.6/lib64:/usr/local/cuda-12.6/lib64:/usr/local/cuda-12.6/lib64:/home/aiv/ev_ws/perception/install/dbscan_clustering/lib:/usr/local/cuda-12.6/lib64:/home/aiv/ev_ws/erp42_ros/install/erp42_serial/lib:/home/aiv/ev_ws/erp42_ros/install/erp42_rqt_plugin/lib:/home/aiv/ev_ws/erp42_ros/install/erp42_gazebo/lib:/home/aiv/ev_ws/erp42_ros/install/erp42_util/lib:/home/aiv/ev_ws/erp42_ros/install/erp42_msgs/lib:/home/aiv/ev_ws/perception/install/velodyne_cropbox/lib:/home/aiv/ev_ws/perception/install/patchworkpp/lib:/home/aiv/ev_ws/perception/install/lidar_voxel_grid/lib:/home/aiv/ev_ws/perception/install/lidar_tracking/lib:/home/aiv/ev_ws/perception/install/cluster_filter/lib:/home/aiv/ev_ws/perception/install/lidar_interfaces/lib:/home/aiv/ev_ws/perception/install/lidar_clustering/lib:/usr/lib/x86_64-linux-gnu/gazebo-11/plugins:/opt/ros/humble/opt/rviz_ogre_vendor/lib:/opt/ros/humble/lib/x86_64-linux-gnu:/opt/ros/humble/lib:/usr/local/cuda-12.6/lib64 /usr/bin/cmake --build /home/aiv/ev_ws/perception/build/velodyne -- -j28 -l28
[0.692s] DEBUG:colcon.colcon_core.event_handler.log_command:Invoked command in '/home/aiv/ev_ws/perception/build/lidar_launch' returned '0': CMAKE_PREFIX_PATH=/home/aiv/ev_ws/perception/install/velodyne_pointcloud:/home/aiv/ev_ws/perception/install/velodyne_driver:/home/aiv/ev_ws/perception/install/velodyne_msgs:/home/aiv/ev_ws/perception/install/patchworkpp:/home/aiv/ev_ws/perception/install/lidar_voxel_grid:/home/aiv/ev_ws/perception/install/dbscan_clustering:/home/aiv/ev_ws/perception/install/cluster_splitter:/home/aiv/ev_ws/carsa_gazebo/install/carsa_gazebo:/home/aiv/ev_ws/erp42_ros/install/erp42_serial:/home/aiv/ev_ws/erp42_ros/install/erp42_rqt_plugin:/home/aiv/ev_ws/erp42_ros/install/erp42_gazebo:/home/aiv/ev_ws/erp42_ros/install/erp42_util:/home/aiv/ev_ws/erp42_ros/install/erp42_msgs:/home/aiv/ev_ws/erp42_ros/install/erp42_description:/home/aiv/ev_ws/erp42_ros/install/erp42_cmake:/home/aiv/ev_ws/perception/install/velodyne:/home/aiv/ev_ws/perception/install/lidar_launch:/home/aiv/ev_ws/perception/install/velodyne_laserscan:/home/aiv/ev_ws/perception/install/velodyne_cropbox:/home/aiv/ev_ws/perception/install/lidar_tracking:/home/aiv/ev_ws/perception/install/cluster_filter:/home/aiv/ev_ws/perception/install/lidar_interfaces:/home/aiv/ev_ws/perception/install/lidar_clustering:/opt/ros/humble LD_LIBRARY_PATH=/home/aiv/ev_ws/perception/install/velodyne_pointcloud/lib:/home/aiv/ev_ws/perception/install/velodyne_driver/lib:/home/aiv/ev_ws/perception/install/velodyne_msgs/lib:/home/aiv/ev_ws/perception/install/patchworkpp/lib:/home/aiv/ev_ws/perception/install/lidar_voxel_grid/lib:/home/aiv/ev_ws/perception/install/dbscan_clustering/lib:/home/aiv/ev_ws/perception/install/cluster_splitter/lib:/usr/local/cuda-12.6/lib64:/usr/local/cuda-12.6/lib64:/usr/local/cuda-12.6/lib64:/usr/local/cuda-12.6/lib64:/usr/local/cuda-12.6/lib64:/home/aiv/ev_ws/erp42_ros/install/erp42_serial/lib:/home/aiv/ev_ws/erp42_ros/install/erp42_rqt_plugin/lib:/home/aiv/ev_ws/erp42_ros/install/erp42_gazebo/lib:/home/aiv/ev_ws/erp42_ros/install/erp42_util/lib:/home/aiv/ev_ws/erp42_ros/install/erp42_msgs/lib:/home/aiv/ev_ws/perception/install/velodyne_laserscan/lib:/home/aiv/ev_ws/perception/install/velodyne_cropbox/lib:/home/aiv/ev_ws/perception/install/lidar_tracking/lib:/home/aiv/ev_ws/perception/install/cluster_filter/lib:/home/aiv/ev_ws/perception/install/lidar_interfaces/lib:/home/aiv/ev_ws/perception/install/lidar_clustering/lib:/usr/lib/x86_64-linux-gnu/gazebo-11/plugins:/opt/ros/humble/opt/rviz_ogre_vendor/lib:/opt/ros/humble/lib/x86_64-linux-gnu:/opt/ros/humble/lib:/usr/local/cuda-12.6/lib64 /usr/bin/cmake --build /home/aiv/ev_ws/perception/build/lidar_launch -- -j28 -l28
[0.692s] DEBUG:colcon.colcon_core.event_handler.log_command:Invoking command in '/home/aiv/ev_ws/perception/build/lidar_launch': CMAKE_PREFIX_PATH=/home/aiv/ev_ws/perception/install/velodyne_pointcloud:/home/aiv/ev_ws/perception/install/velodyne_driver:/home/aiv/ev_ws/perception/install/velodyne_msgs:/home/aiv/ev_ws/perception/install/patchworkpp:/home/aiv/ev_ws/perception/install/lidar_voxel_grid:/home/aiv/ev_ws/perception/install/dbscan_clustering:/home/aiv/ev_ws/perception/install/cluster_splitter:/home/aiv/ev_ws/carsa_gazebo/install/carsa_gazebo:/home/aiv/ev_ws/erp42_ros/install/erp42_serial:/home/aiv/ev_ws/erp42_ros/install/erp42_rqt_plugin:/home/aiv/ev_ws/erp42_ros/install/erp42_gazebo:/home/aiv/ev_ws/erp42_ros/install/erp42_util:/home/aiv/ev_ws/erp42_ros/install/erp42_msgs:/home/aiv/ev_ws/erp42_ros/install/erp42_description:/home/aiv/ev_ws/erp42_ros/install/erp42_cmake:/home/aiv/ev_ws/perception/install/velodyne:/home/aiv/ev_ws/perception/install/lidar_launch:/home/aiv/ev_ws/perception/install/velodyne_laserscan:/home/aiv/ev_ws/perception/install/velodyne_cropbox:/home/aiv/ev_ws/perception/install/lidar_tracking:/home/aiv/ev_ws/perception/install/cluster_filter:/home/aiv/ev_ws/perception/install/lidar_interfaces:/home/aiv/ev_ws/perception/install/lidar_clustering:/opt/ros/humble LD_LIBRARY_PATH=/home/aiv/ev_ws/perception/install/velodyne_pointcloud/lib:/home/aiv/ev_ws/perception/install/velodyne_driver/lib:/home/aiv/ev_ws/perception/install/velodyne_msgs/lib:/home/aiv/ev_ws/perception/install/patchworkpp/lib:/home/aiv/ev_ws/perception/install/lidar_voxel_grid/lib:/home/aiv/ev_ws/perception/install/dbscan_clustering/lib:/home/aiv/ev_ws/perception/install/cluster_splitter/lib:/usr/local/cuda-12.6/lib64:/usr/local/cuda-12.6/lib64:/usr/local/cuda-12.6/lib64:/usr/local/cuda-12.6/lib64:/usr/local/cuda-12.6/lib64:/home/aiv/ev_ws/erp42_ros/install/erp42_serial/lib:/home/aiv/ev_ws/erp42_ros/install/erp42_rqt_plugin/lib:/home/aiv/ev_ws/erp42_ros/install/erp42_gazebo/lib:/home/aiv/ev_ws/erp42_ros/install/erp42_util/lib:/home/aiv/ev_ws/erp42_ros/install/erp42_msgs/lib:/home/aiv/ev_ws/perception/install/velodyne_laserscan/lib:/home/aiv/ev_ws/perception/install/velodyne_cropbox/lib:/home/aiv/ev_ws/perception/install/lidar_tracking/lib:/home/aiv/ev_ws/perception/install/cluster_filter/lib:/home/aiv/ev_ws/perception/install/lidar_interfaces/lib:/home/aiv/ev_ws/perception/install/lidar_clustering/lib:/usr/lib/x86_64-linux-gnu/gazebo-11/plugins:/opt/ros/humble/opt/rviz_ogre_vendor/lib:/opt/ros/humble/lib/x86_64-linux-gnu:/opt/ros/humble/lib:/usr/local/cuda-12.6/lib64 /usr/bin/cmake --install /home/aiv/ev_ws/perception/build/lidar_launch
[0.698s] DEBUG:colcon.colcon_core.event_handler.log_command:Invoked command in '/home/aiv/ev_ws/perception/build/velodyne' returned '0': CMAKE_PREFIX_PATH=/home/aiv/ev_ws/perception/install/velodyne_pointcloud:/home/aiv/ev_ws/perception/install/velodyne_driver:/home/aiv/ev_ws/perception/install/velodyne_msgs:/home/aiv/ev_ws/perception/install/velodyne_laserscan:/home/aiv/ev_ws/perception/install/cluster_splitter:/home/aiv/ev_ws/perception/install/dbscan_clustering:/home/aiv/ev_ws/carsa_gazebo/install/carsa_gazebo:/home/aiv/ev_ws/erp42_ros/install/erp42_serial:/home/aiv/ev_ws/erp42_ros/install/erp42_rqt_plugin:/home/aiv/ev_ws/erp42_ros/install/erp42_gazebo:/home/aiv/ev_ws/erp42_ros/install/erp42_util:/home/aiv/ev_ws/erp42_ros/install/erp42_msgs:/home/aiv/ev_ws/erp42_ros/install/erp42_description:/home/aiv/ev_ws/erp42_ros/install/erp42_cmake:/home/aiv/ev_ws/perception/install/velodyne:/home/aiv/ev_ws/perception/install/lidar_launch:/home/aiv/ev_ws/perception/install/velodyne_cropbox:/home/aiv/ev_ws/perception/install/patchworkpp:/home/aiv/ev_ws/perception/install/lidar_voxel_grid:/home/aiv/ev_ws/perception/install/lidar_tracking:/home/aiv/ev_ws/perception/install/cluster_filter:/home/aiv/ev_ws/perception/install/lidar_interfaces:/home/aiv/ev_ws/perception/install/lidar_clustering:/opt/ros/humble LD_LIBRARY_PATH=/home/aiv/ev_ws/perception/install/velodyne_pointcloud/lib:/home/aiv/ev_ws/perception/install/velodyne_driver/lib:/home/aiv/ev_ws/perception/install/velodyne_msgs/lib:/home/aiv/ev_ws/perception/install/velodyne_laserscan/lib:/home/aiv/ev_ws/perception/install/cluster_splitter/lib:/usr/local/cuda-12.6/lib64:/usr/local/cuda-12.6/lib64:/usr/local/cuda-12.6/lib64:/usr/local/cuda-12.6/lib64:/home/aiv/ev_ws/perception/install/dbscan_clustering/lib:/usr/local/cuda-12.6/lib64:/home/aiv/ev_ws/erp42_ros/install/erp42_serial/lib:/home/aiv/ev_ws/erp42_ros/install/erp42_rqt_plugin/lib:/home/aiv/ev_ws/erp42_ros/install/erp42_gazebo/lib:/home/aiv/ev_ws/erp42_ros/install/erp42_util/lib:/home/aiv/ev_ws/erp42_ros/install/erp42_msgs/lib:/home/aiv/ev_ws/perception/install/velodyne_cropbox/lib:/home/aiv/ev_ws/perception/install/patchworkpp/lib:/home/aiv/ev_ws/perception/install/lidar_voxel_grid/lib:/home/aiv/ev_ws/perception/install/lidar_tracking/lib:/home/aiv/ev_ws/perception/install/cluster_filter/lib:/home/aiv/ev_ws/perception/install/lidar_interfaces/lib:/home/aiv/ev_ws/perception/install/lidar_clustering/lib:/usr/lib/x86_64-linux-gnu/gazebo-11/plugins:/opt/ros/humble/opt/rviz_ogre_vendor/lib:/opt/ros/humble/lib/x86_64-linux-gnu:/opt/ros/humble/lib:/usr/local/cuda-12.6/lib64 /usr/bin/cmake --build /home/aiv/ev_ws/perception/build/velodyne -- -j28 -l28
[0.699s] DEBUG:colcon.colcon_core.event_handler.log_command:Invoking command in '/home/aiv/ev_ws/perception/build/velodyne': CMAKE_PREFIX_PATH=/home/aiv/ev_ws/perception/install/velodyne_pointcloud:/home/aiv/ev_ws/perception/install/velodyne_driver:/home/aiv/ev_ws/perception/install/velodyne_msgs:/home/aiv/ev_ws/perception/install/velodyne_laserscan:/home/aiv/ev_ws/perception/install/cluster_splitter:/home/aiv/ev_ws/perception/install/dbscan_clustering:/home/aiv/ev_ws/carsa_gazebo/install/carsa_gazebo:/home/aiv/ev_ws/erp42_ros/install/erp42_serial:/home/aiv/ev_ws/erp42_ros/install/erp42_rqt_plugin:/home/aiv/ev_ws/erp42_ros/install/erp42_gazebo:/home/aiv/ev_ws/erp42_ros/install/erp42_util:/home/aiv/ev_ws/erp42_ros/install/erp42_msgs:/home/aiv/ev_ws/erp42_ros/install/erp42_description:/home/aiv/ev_ws/erp42_ros/install/erp42_cmake:/home/aiv/ev_ws/perception/install/velodyne:/home/aiv/ev_ws/perception/install/lidar_launch:/home/aiv/ev_ws/perception/install/velodyne_cropbox:/home/aiv/ev_ws/perception/install/patchworkpp:/home/aiv/ev_ws/perception/install/lidar_voxel_grid:/home/aiv/ev_ws/perception/install/lidar_tracking:/home/aiv/ev_ws/perception/install/cluster_filter:/home/aiv/ev_ws/perception/install/lidar_interfaces:/home/aiv/ev_ws/perception/install/lidar_clustering:/opt/ros/humble LD_LIBRARY_PATH=/home/aiv/ev_ws/perception/install/velodyne_pointcloud/lib:/home/aiv/ev_ws/perception/install/velodyne_driver/lib:/home/aiv/ev_ws/perception/install/velodyne_msgs/lib:/home/aiv/ev_ws/perception/install/velodyne_laserscan/lib:/home/aiv/ev_ws/perception/install/cluster_splitter/lib:/usr/local/cuda-12.6/lib64:/usr/local/cuda-12.6/lib64:/usr/local/cuda-12.6/lib64:/usr/local/cuda-12.6/lib64:/home/aiv/ev_ws/perception/install/dbscan_clustering/lib:/usr/local/cuda-12.6/lib64:/home/aiv/ev_ws/erp42_ros/install/erp42_serial/lib:/home/aiv/ev_ws/erp42_ros/install/erp42_rqt_plugin/lib:/home/aiv/ev_ws/erp42_ros/install/erp42_gazebo/lib:/home/aiv/ev_ws/erp42_ros/install/erp42_util/lib:/home/aiv/ev_ws/erp42_ros/install/erp42_msgs/lib:/home/aiv/ev_ws/perception/install/velodyne_cropbox/lib:/home/aiv/ev_ws/perception/install/patchworkpp/lib:/home/aiv/ev_ws/perception/install/lidar_voxel_grid/lib:/home/aiv/ev_ws/perception/install/lidar_tracking/lib:/home/aiv/ev_ws/perception/install/cluster_filter/lib:/home/aiv/ev_ws/perception/install/lidar_interfaces/lib:/home/aiv/ev_ws/perception/install/lidar_clustering/lib:/usr/lib/x86_64-linux-gnu/gazebo-11/plugins:/opt/ros/humble/opt/rviz_ogre_vendor/lib:/opt/ros/humble/lib/x86_64-linux-gnu:/opt/ros/humble/lib:/usr/local/cuda-12.6/lib64 /usr/bin/cmake --install /home/aiv/ev_ws/perception/build/velodyne
[0.708s] Level 1:colcon.colcon_core.environment:create_environment_scripts_only(lidar_launch)
[0.709s] Level 1:colcon.colcon_core.environment:checking '/home/aiv/ev_ws/perception/install/lidar_launch' for CMake module files
[0.709s] DEBUG:colcon.colcon_core.event_handler.log_command:Invoked command in '/home/aiv/ev_ws/perception/build/lidar_launch' returned '0': CMAKE_PREFIX_PATH=/home/aiv/ev_ws/perception/install/velodyne_pointcloud:/home/aiv/ev_ws/perception/install/velodyne_driver:/home/aiv/ev_ws/perception/install/velodyne_msgs:/home/aiv/ev_ws/perception/install/patchworkpp:/home/aiv/ev_ws/perception/install/lidar_voxel_grid:/home/aiv/ev_ws/perception/install/dbscan_clustering:/home/aiv/ev_ws/perception/install/cluster_splitter:/home/aiv/ev_ws/carsa_gazebo/install/carsa_gazebo:/home/aiv/ev_ws/erp42_ros/install/erp42_serial:/home/aiv/ev_ws/erp42_ros/install/erp42_rqt_plugin:/home/aiv/ev_ws/erp42_ros/install/erp42_gazebo:/home/aiv/ev_ws/erp42_ros/install/erp42_util:/home/aiv/ev_ws/erp42_ros/install/erp42_msgs:/home/aiv/ev_ws/erp42_ros/install/erp42_description:/home/aiv/ev_ws/erp42_ros/install/erp42_cmake:/home/aiv/ev_ws/perception/install/velodyne:/home/aiv/ev_ws/perception/install/lidar_launch:/home/aiv/ev_ws/perception/install/velodyne_laserscan:/home/aiv/ev_ws/perception/install/velodyne_cropbox:/home/aiv/ev_ws/perception/install/lidar_tracking:/home/aiv/ev_ws/perception/install/cluster_filter:/home/aiv/ev_ws/perception/install/lidar_interfaces:/home/aiv/ev_ws/perception/install/lidar_clustering:/opt/ros/humble LD_LIBRARY_PATH=/home/aiv/ev_ws/perception/install/velodyne_pointcloud/lib:/home/aiv/ev_ws/perception/install/velodyne_driver/lib:/home/aiv/ev_ws/perception/install/velodyne_msgs/lib:/home/aiv/ev_ws/perception/install/patchworkpp/lib:/home/aiv/ev_ws/perception/install/lidar_voxel_grid/lib:/home/aiv/ev_ws/perception/install/dbscan_clustering/lib:/home/aiv/ev_ws/perception/install/cluster_splitter/lib:/usr/local/cuda-12.6/lib64:/usr/local/cuda-12.6/lib64:/usr/local/cuda-12.6/lib64:/usr/local/cuda-12.6/lib64:/usr/local/cuda-12.6/lib64:/home/aiv/ev_ws/erp42_ros/install/erp42_serial/lib:/home/aiv/ev_ws/erp42_ros/install/erp42_rqt_plugin/lib:/home/aiv/ev_ws/erp42_ros/install/erp42_gazebo/lib:/home/aiv/ev_ws/erp42_ros/install/erp42_util/lib:/home/aiv/ev_ws/erp42_ros/install/erp42_msgs/lib:/home/aiv/ev_ws/perception/install/velodyne_laserscan/lib:/home/aiv/ev_ws/perception/install/velodyne_cropbox/lib:/home/aiv/ev_ws/perception/install/lidar_tracking/lib:/home/aiv/ev_ws/perception/install/cluster_filter/lib:/home/aiv/ev_ws/perception/install/lidar_interfaces/lib:/home/aiv/ev_ws/perception/install/lidar_clustering/lib:/usr/lib/x86_64-linux-gnu/gazebo-11/plugins:/opt/ros/humble/opt/rviz_ogre_vendor/lib:/opt/ros/humble/lib/x86_64-linux-gnu:/opt/ros/humble/lib:/usr/local/cuda-12.6/lib64 /usr/bin/cmake --install /home/aiv/ev_ws/perception/build/lidar_launch
[0.709s] Level 1:colcon.colcon_core.environment:checking '/home/aiv/ev_ws/perception/install/lidar_launch' for CMake config files
[0.710s] Level 1:colcon.colcon_core.shell:create_environment_hook('lidar_launch', 'cmake_prefix_path')
[0.710s] INFO:colcon.colcon_core.shell:Creating environment hook '/home/aiv/ev_ws/perception/install/lidar_launch/share/lidar_launch/hook/cmake_prefix_path.ps1'
[0.710s] INFO:colcon.colcon_core.shell:Creating environment descriptor '/home/aiv/ev_ws/perception/install/lidar_launch/share/lidar_launch/hook/cmake_prefix_path.dsv'
[0.711s] INFO:colcon.colcon_core.shell:Creating environment hook '/home/aiv/ev_ws/perception/install/lidar_launch/share/lidar_launch/hook/cmake_prefix_path.sh'
[0.711s] Level 1:colcon.colcon_core.environment:checking '/home/aiv/ev_ws/perception/install/lidar_launch/bin'
[0.711s] Level 1:colcon.colcon_core.environment:checking '/home/aiv/ev_ws/perception/install/lidar_launch/lib/pkgconfig/lidar_launch.pc'
[0.711s] Level 1:colcon.colcon_core.environment:checking '/home/aiv/ev_ws/perception/install/lidar_launch/lib/python3.10/site-packages'
[0.712s] Level 1:colcon.colcon_core.environment:checking '/home/aiv/ev_ws/perception/install/lidar_launch/bin'
[0.712s] INFO:colcon.colcon_core.shell:Creating package script '/home/aiv/ev_ws/perception/install/lidar_launch/share/lidar_launch/package.ps1'
[0.712s] INFO:colcon.colcon_core.shell:Creating package descriptor '/home/aiv/ev_ws/perception/install/lidar_launch/share/lidar_launch/package.dsv'
[0.713s] INFO:colcon.colcon_core.shell:Creating package script '/home/aiv/ev_ws/perception/install/lidar_launch/share/lidar_launch/package.sh'
[0.713s] INFO:colcon.colcon_core.shell:Creating package script '/home/aiv/ev_ws/perception/install/lidar_launch/share/lidar_launch/package.bash'
[0.714s] INFO:colcon.colcon_core.shell:Creating package script '/home/aiv/ev_ws/perception/install/lidar_launch/share/lidar_launch/package.zsh'
[0.714s] Level 1:colcon.colcon_core.environment:create_file_with_runtime_dependencies(/home/aiv/ev_ws/perception/install/lidar_launch/share/colcon-core/packages/lidar_launch)
[0.714s] Level 1:colcon.colcon_core.environment:create_environment_scripts_only(lidar_launch)
[0.715s] Level 1:colcon.colcon_core.environment:checking '/home/aiv/ev_ws/perception/install/lidar_launch' for CMake module files
[0.715s] Level 1:colcon.colcon_core.environment:checking '/home/aiv/ev_ws/perception/install/lidar_launch' for CMake config files
[0.715s] Level 1:colcon.colcon_core.shell:create_environment_hook('lidar_launch', 'cmake_prefix_path')
[0.716s] INFO:colcon.colcon_core.shell:Creating environment hook '/home/aiv/ev_ws/perception/install/lidar_launch/share/lidar_launch/hook/cmake_prefix_path.ps1'
[0.716s] INFO:colcon.colcon_core.shell:Creating environment descriptor '/home/aiv/ev_ws/perception/install/lidar_launch/share/lidar_launch/hook/cmake_prefix_path.dsv'
[0.716s] INFO:colcon.colcon_core.shell:Creating environment hook '/home/aiv/ev_ws/perception/install/lidar_launch/share/lidar_launch/hook/cmake_prefix_path.sh'
[0.717s] Level 1:colcon.colcon_core.environment:checking '/home/aiv/ev_ws/perception/install/lidar_launch/bin'
[0.717s] Level 1:colcon.colcon_core.environment:checking '/home/aiv/ev_ws/perception/install/lidar_launch/lib/pkgconfig/lidar_launch.pc'
[0.717s] Level 1:colcon.colcon_core.environment:checking '/home/aiv/ev_ws/perception/install/lidar_launch/lib/python3.10/site-packages'
[0.717s] Level 1:colcon.colcon_core.environment:checking '/home/aiv/ev_ws/perception/install/lidar_launch/bin'
[0.717s] INFO:colcon.colcon_core.shell:Creating package script '/home/aiv/ev_ws/perception/install/lidar_launch/share/lidar_launch/package.ps1'
[0.718s] INFO:colcon.colcon_core.shell:Creating package descriptor '/home/aiv/ev_ws/perception/install/lidar_launch/share/lidar_launch/package.dsv'
[0.718s] INFO:colcon.colcon_core.shell:Creating package script '/home/aiv/ev_ws/perception/install/lidar_launch/share/lidar_launch/package.sh'
[0.718s] INFO:colcon.colcon_core.shell:Creating package script '/home/aiv/ev_ws/perception/install/lidar_launch/share/lidar_launch/package.bash'
[0.718s] INFO:colcon.colcon_core.shell:Creating package script '/home/aiv/ev_ws/perception/install/lidar_launch/share/lidar_launch/package.zsh'
[0.719s] Level 1:colcon.colcon_core.environment:create_file_with_runtime_dependencies(/home/aiv/ev_ws/perception/install/lidar_launch/share/colcon-core/packages/lidar_launch)
[0.719s] Level 1:colcon.colcon_core.environment:create_environment_scripts_only(velodyne)
[0.719s] Level 1:colcon.colcon_core.environment:checking '/home/aiv/ev_ws/perception/install/velodyne' for CMake module files
[0.720s] DEBUG:colcon.colcon_core.event_handler.log_command:Invoked command in '/home/aiv/ev_ws/perception/build/velodyne' returned '0': CMAKE_PREFIX_PATH=/home/aiv/ev_ws/perception/install/velodyne_pointcloud:/home/aiv/ev_ws/perception/install/velodyne_driver:/home/aiv/ev_ws/perception/install/velodyne_msgs:/home/aiv/ev_ws/perception/install/velodyne_laserscan:/home/aiv/ev_ws/perception/install/cluster_splitter:/home/aiv/ev_ws/perception/install/dbscan_clustering:/home/aiv/ev_ws/carsa_gazebo/install/carsa_gazebo:/home/aiv/ev_ws/erp42_ros/install/erp42_serial:/home/aiv/ev_ws/erp42_ros/install/erp42_rqt_plugin:/home/aiv/ev_ws/erp42_ros/install/erp42_gazebo:/home/aiv/ev_ws/erp42_ros/install/erp42_util:/home/aiv/ev_ws/erp42_ros/install/erp42_msgs:/home/aiv/ev_ws/erp42_ros/install/erp42_description:/home/aiv/ev_ws/erp42_ros/install/erp42_cmake:/home/aiv/ev_ws/perception/install/velodyne:/home/aiv/ev_ws/perception/install/lidar_launch:/home/aiv/ev_ws/perception/install/velodyne_cropbox:/home/aiv/ev_ws/perception/install/patchworkpp:/home/aiv/ev_ws/perception/install/lidar_voxel_grid:/home/aiv/ev_ws/perception/install/lidar_tracking:/home/aiv/ev_ws/perception/install/cluster_filter:/home/aiv/ev_ws/perception/install/lidar_interfaces:/home/aiv/ev_ws/perception/install/lidar_clustering:/opt/ros/humble LD_LIBRARY_PATH=/home/aiv/ev_ws/perception/install/velodyne_pointcloud/lib:/home/aiv/ev_ws/perception/install/velodyne_driver/lib:/home/aiv/ev_ws/perception/install/velodyne_msgs/lib:/home/aiv/ev_ws/perception/install/velodyne_laserscan/lib:/home/aiv/ev_ws/perception/install/cluster_splitter/lib:/usr/local/cuda-12.6/lib64:/usr/local/cuda-12.6/lib64:/usr/local/cuda-12.6/lib64:/usr/local/cuda-12.6/lib64:/home/aiv/ev_ws/perception/install/dbscan_clustering/lib:/usr/local/cuda-12.6/lib64:/home/aiv/ev_ws/erp42_ros/install/erp42_serial/lib:/home/aiv/ev_ws/erp42_ros/install/erp42_rqt_plugin/lib:/home/aiv/ev_ws/erp42_ros/install/erp42_gazebo/lib:/home/aiv/ev_ws/erp42_ros/install/erp42_util/lib:/home/aiv/ev_ws/erp42_ros/install/erp42_msgs/lib:/home/aiv/ev_ws/perception/install/velodyne_cropbox/lib:/home/aiv/ev_ws/perception/install/patchworkpp/lib:/home/aiv/ev_ws/perception/install/lidar_voxel_grid/lib:/home/aiv/ev_ws/perception/install/lidar_tracking/lib:/home/aiv/ev_ws/perception/install/cluster_filter/lib:/home/aiv/ev_ws/perception/install/lidar_interfaces/lib:/home/aiv/ev_ws/perception/install/lidar_clustering/lib:/usr/lib/x86_64-linux-gnu/gazebo-11/plugins:/opt/ros/humble/opt/rviz_ogre_vendor/lib:/opt/ros/humble/lib/x86_64-linux-gnu:/opt/ros/humble/lib:/usr/local/cuda-12.6/lib64 /usr/bin/cmake --install /home/aiv/ev_ws/perception/build/velodyne
[0.720s] Level 1:colcon.colcon_core.environment:checking '/home/aiv/ev_ws/perception/install/velodyne' for CMake config files
[0.720s] Level 1:colcon.colcon_core.shell:create_environment_hook('velodyne', 'cmake_prefix_path')
[0.720s] INFO:colcon.colcon_core.shell:Creating environment hook '/home/aiv/ev_ws/perception/install/velodyne/share/velodyne/hook/cmake_prefix_path.ps1'
[0.720s] INFO:colcon.colcon_core.shell:Creating environment descriptor '/home/aiv/ev_ws/perception/install/velodyne/share/velodyne/hook/cmake_prefix_path.dsv'
[0.720s] INFO:colcon.colcon_core.shell:Creating environment hook '/home/aiv/ev_ws/perception/install/velodyne/share/velodyne/hook/cmake_prefix_path.sh'
[0.721s] Level 1:colcon.colcon_core.environment:checking '/home/aiv/ev_ws/perception/install/velodyne/bin'
[0.721s] Level 1:colcon.colcon_core.environment:checking '/home/aiv/ev_ws/perception/install/velodyne/lib/pkgconfig/velodyne.pc'
[0.721s] Level 1:colcon.colcon_core.environment:checking '/home/aiv/ev_ws/perception/install/velodyne/lib/python3.10/site-packages'
[0.721s] Level 1:colcon.colcon_core.environment:checking '/home/aiv/ev_ws/perception/install/velodyne/bin'
[0.721s] INFO:colcon.colcon_core.shell:Creating package script '/home/aiv/ev_ws/perception/install/velodyne/share/velodyne/package.ps1'
[0.721s] INFO:colcon.colcon_core.shell:Creating package descriptor '/home/aiv/ev_ws/perception/install/velodyne/share/velodyne/package.dsv'
[0.722s] INFO:colcon.colcon_core.shell:Creating package script '/home/aiv/ev_ws/perception/install/velodyne/share/velodyne/package.sh'
[0.722s] INFO:colcon.colcon_core.shell:Creating package script '/home/aiv/ev_ws/perception/install/velodyne/share/velodyne/package.bash'
[0.722s] INFO:colcon.colcon_core.shell:Creating package script '/home/aiv/ev_ws/perception/install/velodyne/share/velodyne/package.zsh'
[0.722s] Level 1:colcon.colcon_core.environment:create_file_with_runtime_dependencies(/home/aiv/ev_ws/perception/install/velodyne/share/colcon-core/packages/velodyne)
[0.723s] Level 1:colcon.colcon_core.environment:create_environment_scripts_only(velodyne)
[0.723s] Level 1:colcon.colcon_core.environment:checking '/home/aiv/ev_ws/perception/install/velodyne' for CMake module files
[0.723s] Level 1:colcon.colcon_core.environment:checking '/home/aiv/ev_ws/perception/install/velodyne' for CMake config files
[0.723s] Level 1:colcon.colcon_core.shell:create_environment_hook('velodyne', 'cmake_prefix_path')
[0.723s] INFO:colcon.colcon_core.shell:Creating environment hook '/home/aiv/ev_ws/perception/install/velodyne/share/velodyne/hook/cmake_prefix_path.ps1'
[0.723s] INFO:colcon.colcon_core.shell:Creating environment descriptor '/home/aiv/ev_ws/perception/install/velodyne/share/velodyne/hook/cmake_prefix_path.dsv'
[0.724s] INFO:colcon.colcon_core.shell:Creating environment hook '/home/aiv/ev_ws/perception/install/velodyne/share/velodyne/hook/cmake_prefix_path.sh'
[0.724s] Level 1:colcon.colcon_core.environment:checking '/home/aiv/ev_ws/perception/install/velodyne/bin'
[0.724s] Level 1:colcon.colcon_core.environment:checking '/home/aiv/ev_ws/perception/install/velodyne/lib/pkgconfig/velodyne.pc'
[0.724s] Level 1:colcon.colcon_core.environment:checking '/home/aiv/ev_ws/perception/install/velodyne/lib/python3.10/site-packages'
[0.724s] Level 1:colcon.colcon_core.environment:checking '/home/aiv/ev_ws/perception/install/velodyne/bin'
[0.724s] INFO:colcon.colcon_core.shell:Creating package script '/home/aiv/ev_ws/perception/install/velodyne/share/velodyne/package.ps1'
[0.725s] INFO:colcon.colcon_core.shell:Creating package descriptor '/home/aiv/ev_ws/perception/install/velodyne/share/velodyne/package.dsv'
[0.725s] INFO:colcon.colcon_core.shell:Creating package script '/home/aiv/ev_ws/perception/install/velodyne/share/velodyne/package.sh'
[0.725s] INFO:colcon.colcon_core.shell:Creating package script '/home/aiv/ev_ws/perception/install/velodyne/share/velodyne/package.bash'
[0.725s] INFO:colcon.colcon_core.shell:Creating package script '/home/aiv/ev_ws/perception/install/velodyne/share/velodyne/package.zsh'
[0.725s] Level 1:colcon.colcon_core.environment:create_file_with_runtime_dependencies(/home/aiv/ev_ws/perception/install/velodyne/share/colcon-core/packages/velodyne)
[0.726s] DEBUG:colcon.colcon_parallel_executor.executor.parallel:closing loop
[0.726s] DEBUG:colcon.colcon_parallel_executor.executor.parallel:loop closed
[0.726s] DEBUG:colcon.colcon_parallel_executor.executor.parallel:run_until_complete finished with '0'
[0.726s] DEBUG:colcon.colcon_core.event_reactor:joining thread
[0.729s] INFO:colcon.colcon_core.plugin_system:Skipping extension 'colcon_notification.desktop_notification.terminal_notifier': Not used on non-Darwin systems
[0.729s] INFO:colcon.colcon_core.plugin_system:Skipping extension 'colcon_notification.desktop_notification.win32': Not used on non-Windows systems
[0.729s] INFO:colcon.colcon_notification.desktop_notification:Sending desktop notification using 'notify2'
[0.733s] DEBUG:colcon.colcon_core.event_reactor:joined thread
[0.733s] INFO:colcon.colcon_core.shell:Creating prefix script '/home/aiv/ev_ws/perception/install/local_setup.ps1'
[0.734s] INFO:colcon.colcon_core.shell:Creating prefix util module '/home/aiv/ev_ws/perception/install/_local_setup_util_ps1.py'
[0.735s] INFO:colcon.colcon_core.shell:Creating prefix chain script '/home/aiv/ev_ws/perception/install/setup.ps1'
[0.735s] INFO:colcon.colcon_core.shell:Creating prefix script '/home/aiv/ev_ws/perception/install/local_setup.sh'
[0.736s] INFO:colcon.colcon_core.shell:Creating prefix util module '/home/aiv/ev_ws/perception/install/_local_setup_util_sh.py'
[0.736s] INFO:colcon.colcon_core.shell:Creating prefix chain script '/home/aiv/ev_ws/perception/install/setup.sh'
[0.737s] INFO:colcon.colcon_core.shell:Creating prefix script '/home/aiv/ev_ws/perception/install/local_setup.bash'
[0.737s] INFO:colcon.colcon_core.shell:Creating prefix chain script '/home/aiv/ev_ws/perception/install/setup.bash'
[0.738s] INFO:colcon.colcon_core.shell:Creating prefix script '/home/aiv/ev_ws/perception/install/local_setup.zsh'
[0.738s] INFO:colcon.colcon_core.shell:Creating prefix chain script '/home/aiv/ev_ws/perception/install/setup.zsh'
