[0.147s] DEBUG:colcon:Command line arguments: ['/usr/bin/colcon', 'build', '--packages-select', 'carsa_gazebo', '--packages-skip', 'dbscan_clustering']
[0.148s] DEBUG:colcon:Parsed command line arguments: Namespace(log_base=None, log_level=None, verb_name='build', build_base='build', install_base='install', merge_install=False, symlink_install=False, test_result_base=None, continue_on_error=False, executor='parallel', parallel_workers=8, event_handlers=None, ignore_user_meta=False, metas=['./colcon.meta'], base_paths=['.'], packages_ignore=None, packages_ignore_regex=None, paths=None, packages_up_to=None, packages_up_to_regex=None, packages_above=None, packages_above_and_dependencies=None, packages_above_depth=None, packages_select_by_dep=None, packages_skip_by_dep=None, packages_skip_up_to=None, packages_select_build_failed=False, packages_skip_build_finished=False, packages_select_test_failures=False, packages_skip_test_passed=False, packages_select=['carsa_gazebo'], packages_skip=['dbscan_clustering'], packages_select_regex=None, packages_skip_regex=None, packages_start=None, packages_end=None, allow_overriding=[], cmake_args=None, cmake_target=None, cmake_target_skip_unavailable=False, cmake_clean_cache=False, cmake_clean_first=False, cmake_force_configure=False, ament_cmake_args=None, catkin_cmake_args=None, catkin_skip_building_tests=False, mixin_files=None, mixin=None, verb_parser=<colcon_mixin.mixin.mixin_argument.MixinArgumentDecorator object at 0x70fac0650040>, verb_extension=<colcon_core.verb.build.BuildVerb object at 0x70fac0755600>, main=<bound method BuildVerb.main of <colcon_core.verb.build.BuildVerb object at 0x70fac0755600>>, mixin_verb=('build',))
[0.362s] Level 1:colcon.colcon_core.package_discovery:discover_packages(colcon_meta) check parameters
[0.362s] Level 1:colcon.colcon_core.package_discovery:discover_packages(recursive) check parameters
[0.362s] Level 1:colcon.colcon_core.package_discovery:discover_packages(ignore) check parameters
[0.362s] Level 1:colcon.colcon_core.package_discovery:discover_packages(path) check parameters
[0.362s] Level 1:colcon.colcon_core.package_discovery:discover_packages(colcon_meta) discover
[0.362s] Level 1:colcon.colcon_core.package_discovery:discover_packages(recursive) discover
[0.362s] INFO:colcon.colcon_core.package_discovery:Crawling recursively for packages in '/home/kimsohee/ev-1-5/ev_ws'
[0.362s] Level 1:colcon.colcon_core.package_identification:_identify(.) by extensions ['ignore', 'ignore_ament_install']
[0.363s] Level 1:colcon.colcon_core.package_identification:_identify(.) by extension 'ignore'
[0.363s] Level 1:colcon.colcon_core.package_identification:_identify(.) by extension 'ignore_ament_install'
[0.363s] Level 1:colcon.colcon_core.package_identification:_identify(.) by extensions ['colcon_pkg']
[0.363s] Level 1:colcon.colcon_core.package_identification:_identify(.) by extension 'colcon_pkg'
[0.363s] Level 1:colcon.colcon_core.package_identification:_identify(.) by extensions ['colcon_meta']
[0.363s] Level 1:colcon.colcon_core.package_identification:_identify(.) by extension 'colcon_meta'
[0.363s] Level 1:colcon.colcon_core.package_identification:_identify(.) by extensions ['ros']
[0.363s] Level 1:colcon.colcon_core.package_identification:_identify(.) by extension 'ros'
[0.414s] Level 1:colcon.colcon_core.package_identification:_identify(.) by extensions ['cmake', 'python']
[0.414s] Level 1:colcon.colcon_core.package_identification:_identify(.) by extension 'cmake'
[0.414s] Level 1:colcon.colcon_core.package_identification:_identify(.) by extension 'python'
[0.414s] Level 1:colcon.colcon_core.package_identification:_identify(.) by extensions ['python_setup_py']
[0.414s] Level 1:colcon.colcon_core.package_identification:_identify(.) by extension 'python_setup_py'
[0.414s] Level 1:colcon.colcon_core.package_identification:_identify(build) by extensions ['ignore', 'ignore_ament_install']
[0.415s] Level 1:colcon.colcon_core.package_identification:_identify(build) by extension 'ignore'
[0.415s] Level 1:colcon.colcon_core.package_identification:_identify(build) ignored
[0.415s] Level 1:colcon.colcon_core.package_identification:_identify(carsa_gazebo) by extensions ['ignore', 'ignore_ament_install']
[0.415s] Level 1:colcon.colcon_core.package_identification:_identify(carsa_gazebo) by extension 'ignore'
[0.415s] Level 1:colcon.colcon_core.package_identification:_identify(carsa_gazebo) by extension 'ignore_ament_install'
[0.415s] Level 1:colcon.colcon_core.package_identification:_identify(carsa_gazebo) by extensions ['colcon_pkg']
[0.415s] Level 1:colcon.colcon_core.package_identification:_identify(carsa_gazebo) by extension 'colcon_pkg'
[0.415s] Level 1:colcon.colcon_core.package_identification:_identify(carsa_gazebo) by extensions ['colcon_meta']
[0.415s] Level 1:colcon.colcon_core.package_identification:_identify(carsa_gazebo) by extension 'colcon_meta'
[0.415s] Level 1:colcon.colcon_core.package_identification:_identify(carsa_gazebo) by extensions ['ros']
[0.415s] Level 1:colcon.colcon_core.package_identification:_identify(carsa_gazebo) by extension 'ros'
[0.419s] DEBUG:colcon.colcon_core.package_identification:Package 'carsa_gazebo' with type 'ros.ament_cmake' and name 'carsa_gazebo'
[0.419s] Level 1:colcon.colcon_core.package_identification:_identify(erp42_ros) by extensions ['ignore', 'ignore_ament_install']
[0.419s] Level 1:colcon.colcon_core.package_identification:_identify(erp42_ros) by extension 'ignore'
[0.419s] Level 1:colcon.colcon_core.package_identification:_identify(erp42_ros) by extension 'ignore_ament_install'
[0.419s] Level 1:colcon.colcon_core.package_identification:_identify(erp42_ros) by extensions ['colcon_pkg']
[0.419s] Level 1:colcon.colcon_core.package_identification:_identify(erp42_ros) by extension 'colcon_pkg'
[0.419s] Level 1:colcon.colcon_core.package_identification:_identify(erp42_ros) by extensions ['colcon_meta']
[0.419s] Level 1:colcon.colcon_core.package_identification:_identify(erp42_ros) by extension 'colcon_meta'
[0.420s] Level 1:colcon.colcon_core.package_identification:_identify(erp42_ros) by extensions ['ros']
[0.420s] Level 1:colcon.colcon_core.package_identification:_identify(erp42_ros) by extension 'ros'
[0.420s] Level 1:colcon.colcon_core.package_identification:_identify(erp42_ros) by extensions ['cmake', 'python']
[0.420s] Level 1:colcon.colcon_core.package_identification:_identify(erp42_ros) by extension 'cmake'
[0.420s] Level 1:colcon.colcon_core.package_identification:_identify(erp42_ros) by extension 'python'
[0.420s] Level 1:colcon.colcon_core.package_identification:_identify(erp42_ros) by extensions ['python_setup_py']
[0.420s] Level 1:colcon.colcon_core.package_identification:_identify(erp42_ros) by extension 'python_setup_py'
[0.420s] Level 1:colcon.colcon_core.package_identification:_identify(erp42_ros/docker) by extensions ['ignore', 'ignore_ament_install']
[0.420s] Level 1:colcon.colcon_core.package_identification:_identify(erp42_ros/docker) by extension 'ignore'
[0.420s] Level 1:colcon.colcon_core.package_identification:_identify(erp42_ros/docker) by extension 'ignore_ament_install'
[0.420s] Level 1:colcon.colcon_core.package_identification:_identify(erp42_ros/docker) by extensions ['colcon_pkg']
[0.420s] Level 1:colcon.colcon_core.package_identification:_identify(erp42_ros/docker) by extension 'colcon_pkg'
[0.420s] Level 1:colcon.colcon_core.package_identification:_identify(erp42_ros/docker) by extensions ['colcon_meta']
[0.420s] Level 1:colcon.colcon_core.package_identification:_identify(erp42_ros/docker) by extension 'colcon_meta'
[0.420s] Level 1:colcon.colcon_core.package_identification:_identify(erp42_ros/docker) by extensions ['ros']
[0.420s] Level 1:colcon.colcon_core.package_identification:_identify(erp42_ros/docker) by extension 'ros'
[0.421s] Level 1:colcon.colcon_core.package_identification:_identify(erp42_ros/docker) by extensions ['cmake', 'python']
[0.421s] Level 1:colcon.colcon_core.package_identification:_identify(erp42_ros/docker) by extension 'cmake'
[0.421s] Level 1:colcon.colcon_core.package_identification:_identify(erp42_ros/docker) by extension 'python'
[0.421s] Level 1:colcon.colcon_core.package_identification:_identify(erp42_ros/docker) by extensions ['python_setup_py']
[0.421s] Level 1:colcon.colcon_core.package_identification:_identify(erp42_ros/docker) by extension 'python_setup_py'
[0.421s] Level 1:colcon.colcon_core.package_identification:_identify(erp42_ros/src) by extensions ['ignore', 'ignore_ament_install']
[0.421s] Level 1:colcon.colcon_core.package_identification:_identify(erp42_ros/src) by extension 'ignore'
[0.421s] Level 1:colcon.colcon_core.package_identification:_identify(erp42_ros/src) by extension 'ignore_ament_install'
[0.421s] Level 1:colcon.colcon_core.package_identification:_identify(erp42_ros/src) by extensions ['colcon_pkg']
[0.421s] Level 1:colcon.colcon_core.package_identification:_identify(erp42_ros/src) by extension 'colcon_pkg'
[0.421s] Level 1:colcon.colcon_core.package_identification:_identify(erp42_ros/src) by extensions ['colcon_meta']
[0.421s] Level 1:colcon.colcon_core.package_identification:_identify(erp42_ros/src) by extension 'colcon_meta'
[0.421s] Level 1:colcon.colcon_core.package_identification:_identify(erp42_ros/src) by extensions ['ros']
[0.421s] Level 1:colcon.colcon_core.package_identification:_identify(erp42_ros/src) by extension 'ros'
[0.421s] Level 1:colcon.colcon_core.package_identification:_identify(erp42_ros/src) by extensions ['cmake', 'python']
[0.421s] Level 1:colcon.colcon_core.package_identification:_identify(erp42_ros/src) by extension 'cmake'
[0.421s] Level 1:colcon.colcon_core.package_identification:_identify(erp42_ros/src) by extension 'python'
[0.422s] Level 1:colcon.colcon_core.package_identification:_identify(erp42_ros/src) by extensions ['python_setup_py']
[0.422s] Level 1:colcon.colcon_core.package_identification:_identify(erp42_ros/src) by extension 'python_setup_py'
[0.422s] Level 1:colcon.colcon_core.package_identification:_identify(erp42_ros/src/erp42_cmake) by extensions ['ignore', 'ignore_ament_install']
[0.422s] Level 1:colcon.colcon_core.package_identification:_identify(erp42_ros/src/erp42_cmake) by extension 'ignore'
[0.422s] Level 1:colcon.colcon_core.package_identification:_identify(erp42_ros/src/erp42_cmake) by extension 'ignore_ament_install'
[0.422s] Level 1:colcon.colcon_core.package_identification:_identify(erp42_ros/src/erp42_cmake) by extensions ['colcon_pkg']
[0.422s] Level 1:colcon.colcon_core.package_identification:_identify(erp42_ros/src/erp42_cmake) by extension 'colcon_pkg'
[0.422s] Level 1:colcon.colcon_core.package_identification:_identify(erp42_ros/src/erp42_cmake) by extensions ['colcon_meta']
[0.422s] Level 1:colcon.colcon_core.package_identification:_identify(erp42_ros/src/erp42_cmake) by extension 'colcon_meta'
[0.422s] Level 1:colcon.colcon_core.package_identification:_identify(erp42_ros/src/erp42_cmake) by extensions ['ros']
[0.422s] Level 1:colcon.colcon_core.package_identification:_identify(erp42_ros/src/erp42_cmake) by extension 'ros'
[0.423s] DEBUG:colcon.colcon_core.package_identification:Package 'erp42_ros/src/erp42_cmake' with type 'ros.ament_cmake' and name 'erp42_cmake'
[0.423s] Level 1:colcon.colcon_core.package_identification:_identify(erp42_ros/src/erp42_description) by extensions ['ignore', 'ignore_ament_install']
[0.423s] Level 1:colcon.colcon_core.package_identification:_identify(erp42_ros/src/erp42_description) by extension 'ignore'
[0.423s] Level 1:colcon.colcon_core.package_identification:_identify(erp42_ros/src/erp42_description) by extension 'ignore_ament_install'
[0.423s] Level 1:colcon.colcon_core.package_identification:_identify(erp42_ros/src/erp42_description) by extensions ['colcon_pkg']
[0.423s] Level 1:colcon.colcon_core.package_identification:_identify(erp42_ros/src/erp42_description) by extension 'colcon_pkg'
[0.423s] Level 1:colcon.colcon_core.package_identification:_identify(erp42_ros/src/erp42_description) by extensions ['colcon_meta']
[0.423s] Level 1:colcon.colcon_core.package_identification:_identify(erp42_ros/src/erp42_description) by extension 'colcon_meta'
[0.423s] Level 1:colcon.colcon_core.package_identification:_identify(erp42_ros/src/erp42_description) by extensions ['ros']
[0.424s] Level 1:colcon.colcon_core.package_identification:_identify(erp42_ros/src/erp42_description) by extension 'ros'
[0.424s] DEBUG:colcon.colcon_core.package_identification:Package 'erp42_ros/src/erp42_description' with type 'ros.ament_cmake' and name 'erp42_description'
[0.424s] Level 1:colcon.colcon_core.package_identification:_identify(erp42_ros/src/erp42_gazebo) by extensions ['ignore', 'ignore_ament_install']
[0.424s] Level 1:colcon.colcon_core.package_identification:_identify(erp42_ros/src/erp42_gazebo) by extension 'ignore'
[0.424s] Level 1:colcon.colcon_core.package_identification:_identify(erp42_ros/src/erp42_gazebo) by extension 'ignore_ament_install'
[0.425s] Level 1:colcon.colcon_core.package_identification:_identify(erp42_ros/src/erp42_gazebo) by extensions ['colcon_pkg']
[0.425s] Level 1:colcon.colcon_core.package_identification:_identify(erp42_ros/src/erp42_gazebo) by extension 'colcon_pkg'
[0.425s] Level 1:colcon.colcon_core.package_identification:_identify(erp42_ros/src/erp42_gazebo) by extensions ['colcon_meta']
[0.425s] Level 1:colcon.colcon_core.package_identification:_identify(erp42_ros/src/erp42_gazebo) by extension 'colcon_meta'
[0.425s] Level 1:colcon.colcon_core.package_identification:_identify(erp42_ros/src/erp42_gazebo) by extensions ['ros']
[0.425s] Level 1:colcon.colcon_core.package_identification:_identify(erp42_ros/src/erp42_gazebo) by extension 'ros'
[0.427s] DEBUG:colcon.colcon_core.package_identification:Package 'erp42_ros/src/erp42_gazebo' with type 'ros.ament_cmake' and name 'erp42_gazebo'
[0.427s] Level 1:colcon.colcon_core.package_identification:_identify(erp42_ros/src/erp42_msgs) by extensions ['ignore', 'ignore_ament_install']
[0.427s] Level 1:colcon.colcon_core.package_identification:_identify(erp42_ros/src/erp42_msgs) by extension 'ignore'
[0.427s] Level 1:colcon.colcon_core.package_identification:_identify(erp42_ros/src/erp42_msgs) by extension 'ignore_ament_install'
[0.427s] Level 1:colcon.colcon_core.package_identification:_identify(erp42_ros/src/erp42_msgs) by extensions ['colcon_pkg']
[0.428s] Level 1:colcon.colcon_core.package_identification:_identify(erp42_ros/src/erp42_msgs) by extension 'colcon_pkg'
[0.428s] Level 1:colcon.colcon_core.package_identification:_identify(erp42_ros/src/erp42_msgs) by extensions ['colcon_meta']
[0.428s] Level 1:colcon.colcon_core.package_identification:_identify(erp42_ros/src/erp42_msgs) by extension 'colcon_meta'
[0.428s] Level 1:colcon.colcon_core.package_identification:_identify(erp42_ros/src/erp42_msgs) by extensions ['ros']
[0.428s] Level 1:colcon.colcon_core.package_identification:_identify(erp42_ros/src/erp42_msgs) by extension 'ros'
[0.429s] DEBUG:colcon.colcon_core.package_identification:Package 'erp42_ros/src/erp42_msgs' with type 'ros.ament_cmake' and name 'erp42_msgs'
[0.429s] Level 1:colcon.colcon_core.package_identification:_identify(erp42_ros/src/erp42_rqt_plugin) by extensions ['ignore', 'ignore_ament_install']
[0.429s] Level 1:colcon.colcon_core.package_identification:_identify(erp42_ros/src/erp42_rqt_plugin) by extension 'ignore'
[0.429s] Level 1:colcon.colcon_core.package_identification:_identify(erp42_ros/src/erp42_rqt_plugin) by extension 'ignore_ament_install'
[0.429s] Level 1:colcon.colcon_core.package_identification:_identify(erp42_ros/src/erp42_rqt_plugin) by extensions ['colcon_pkg']
[0.429s] Level 1:colcon.colcon_core.package_identification:_identify(erp42_ros/src/erp42_rqt_plugin) by extension 'colcon_pkg'
[0.429s] Level 1:colcon.colcon_core.package_identification:_identify(erp42_ros/src/erp42_rqt_plugin) by extensions ['colcon_meta']
[0.429s] Level 1:colcon.colcon_core.package_identification:_identify(erp42_ros/src/erp42_rqt_plugin) by extension 'colcon_meta'
[0.429s] Level 1:colcon.colcon_core.package_identification:_identify(erp42_ros/src/erp42_rqt_plugin) by extensions ['ros']
[0.429s] Level 1:colcon.colcon_core.package_identification:_identify(erp42_ros/src/erp42_rqt_plugin) by extension 'ros'
[0.430s] DEBUG:colcon.colcon_core.package_identification:Package 'erp42_ros/src/erp42_rqt_plugin' with type 'ros.ament_cmake' and name 'erp42_rqt_plugin'
[0.431s] Level 1:colcon.colcon_core.package_identification:_identify(erp42_ros/src/erp42_serial) by extensions ['ignore', 'ignore_ament_install']
[0.431s] Level 1:colcon.colcon_core.package_identification:_identify(erp42_ros/src/erp42_serial) by extension 'ignore'
[0.431s] Level 1:colcon.colcon_core.package_identification:_identify(erp42_ros/src/erp42_serial) by extension 'ignore_ament_install'
[0.431s] Level 1:colcon.colcon_core.package_identification:_identify(erp42_ros/src/erp42_serial) by extensions ['colcon_pkg']
[0.431s] Level 1:colcon.colcon_core.package_identification:_identify(erp42_ros/src/erp42_serial) by extension 'colcon_pkg'
[0.431s] Level 1:colcon.colcon_core.package_identification:_identify(erp42_ros/src/erp42_serial) by extensions ['colcon_meta']
[0.431s] Level 1:colcon.colcon_core.package_identification:_identify(erp42_ros/src/erp42_serial) by extension 'colcon_meta'
[0.431s] Level 1:colcon.colcon_core.package_identification:_identify(erp42_ros/src/erp42_serial) by extensions ['ros']
[0.431s] Level 1:colcon.colcon_core.package_identification:_identify(erp42_ros/src/erp42_serial) by extension 'ros'
[0.432s] DEBUG:colcon.colcon_core.package_identification:Package 'erp42_ros/src/erp42_serial' with type 'ros.ament_cmake' and name 'erp42_serial'
[0.432s] Level 1:colcon.colcon_core.package_identification:_identify(erp42_ros/src/erp42_util) by extensions ['ignore', 'ignore_ament_install']
[0.432s] Level 1:colcon.colcon_core.package_identification:_identify(erp42_ros/src/erp42_util) by extension 'ignore'
[0.433s] Level 1:colcon.colcon_core.package_identification:_identify(erp42_ros/src/erp42_util) by extension 'ignore_ament_install'
[0.433s] Level 1:colcon.colcon_core.package_identification:_identify(erp42_ros/src/erp42_util) by extensions ['colcon_pkg']
[0.433s] Level 1:colcon.colcon_core.package_identification:_identify(erp42_ros/src/erp42_util) by extension 'colcon_pkg'
[0.433s] Level 1:colcon.colcon_core.package_identification:_identify(erp42_ros/src/erp42_util) by extensions ['colcon_meta']
[0.433s] Level 1:colcon.colcon_core.package_identification:_identify(erp42_ros/src/erp42_util) by extension 'colcon_meta'
[0.433s] Level 1:colcon.colcon_core.package_identification:_identify(erp42_ros/src/erp42_util) by extensions ['ros']
[0.433s] Level 1:colcon.colcon_core.package_identification:_identify(erp42_ros/src/erp42_util) by extension 'ros'
[0.433s] DEBUG:colcon.colcon_core.package_identification:Package 'erp42_ros/src/erp42_util' with type 'ros.ament_cmake' and name 'erp42_util'
[0.434s] Level 1:colcon.colcon_core.package_identification:_identify(ev_msgs) by extensions ['ignore', 'ignore_ament_install']
[0.434s] Level 1:colcon.colcon_core.package_identification:_identify(ev_msgs) by extension 'ignore'
[0.434s] Level 1:colcon.colcon_core.package_identification:_identify(ev_msgs) by extension 'ignore_ament_install'
[0.434s] Level 1:colcon.colcon_core.package_identification:_identify(ev_msgs) by extensions ['colcon_pkg']
[0.434s] Level 1:colcon.colcon_core.package_identification:_identify(ev_msgs) by extension 'colcon_pkg'
[0.434s] Level 1:colcon.colcon_core.package_identification:_identify(ev_msgs) by extensions ['colcon_meta']
[0.434s] Level 1:colcon.colcon_core.package_identification:_identify(ev_msgs) by extension 'colcon_meta'
[0.434s] Level 1:colcon.colcon_core.package_identification:_identify(ev_msgs) by extensions ['ros']
[0.434s] Level 1:colcon.colcon_core.package_identification:_identify(ev_msgs) by extension 'ros'
[0.435s] DEBUG:colcon.colcon_core.package_identification:Package 'ev_msgs' with type 'ros.ament_cmake' and name 'ev_msgs'
[0.435s] Level 1:colcon.colcon_core.package_identification:_identify(install) by extensions ['ignore', 'ignore_ament_install']
[0.435s] Level 1:colcon.colcon_core.package_identification:_identify(install) by extension 'ignore'
[0.435s] Level 1:colcon.colcon_core.package_identification:_identify(install) ignored
[0.435s] Level 1:colcon.colcon_core.package_identification:_identify(localization) by extensions ['ignore', 'ignore_ament_install']
[0.435s] Level 1:colcon.colcon_core.package_identification:_identify(localization) by extension 'ignore'
[0.435s] Level 1:colcon.colcon_core.package_identification:_identify(localization) by extension 'ignore_ament_install'
[0.436s] Level 1:colcon.colcon_core.package_identification:_identify(localization) by extensions ['colcon_pkg']
[0.436s] Level 1:colcon.colcon_core.package_identification:_identify(localization) by extension 'colcon_pkg'
[0.436s] Level 1:colcon.colcon_core.package_identification:_identify(localization) by extensions ['colcon_meta']
[0.436s] Level 1:colcon.colcon_core.package_identification:_identify(localization) by extension 'colcon_meta'
[0.436s] Level 1:colcon.colcon_core.package_identification:_identify(localization) by extensions ['ros']
[0.436s] Level 1:colcon.colcon_core.package_identification:_identify(localization) by extension 'ros'
[0.436s] Level 1:colcon.colcon_core.package_identification:_identify(localization) by extensions ['cmake', 'python']
[0.436s] Level 1:colcon.colcon_core.package_identification:_identify(localization) by extension 'cmake'
[0.436s] Level 1:colcon.colcon_core.package_identification:_identify(localization) by extension 'python'
[0.436s] Level 1:colcon.colcon_core.package_identification:_identify(localization) by extensions ['python_setup_py']
[0.436s] Level 1:colcon.colcon_core.package_identification:_identify(localization) by extension 'python_setup_py'
[0.436s] Level 1:colcon.colcon_core.package_identification:_identify(localization/build) by extensions ['ignore', 'ignore_ament_install']
[0.436s] Level 1:colcon.colcon_core.package_identification:_identify(localization/build) by extension 'ignore'
[0.436s] Level 1:colcon.colcon_core.package_identification:_identify(localization/build) ignored
[0.436s] Level 1:colcon.colcon_core.package_identification:_identify(localization/install) by extensions ['ignore', 'ignore_ament_install']
[0.436s] Level 1:colcon.colcon_core.package_identification:_identify(localization/install) by extension 'ignore'
[0.437s] Level 1:colcon.colcon_core.package_identification:_identify(localization/install) ignored
[0.437s] Level 1:colcon.colcon_core.package_identification:_identify(localization/log) by extensions ['ignore', 'ignore_ament_install']
[0.437s] Level 1:colcon.colcon_core.package_identification:_identify(localization/log) by extension 'ignore'
[0.437s] Level 1:colcon.colcon_core.package_identification:_identify(localization/log) ignored
[0.437s] Level 1:colcon.colcon_core.package_identification:_identify(localization/src) by extensions ['ignore', 'ignore_ament_install']
[0.437s] Level 1:colcon.colcon_core.package_identification:_identify(localization/src) by extension 'ignore'
[0.437s] Level 1:colcon.colcon_core.package_identification:_identify(localization/src) by extension 'ignore_ament_install'
[0.437s] Level 1:colcon.colcon_core.package_identification:_identify(localization/src) by extensions ['colcon_pkg']
[0.437s] Level 1:colcon.colcon_core.package_identification:_identify(localization/src) by extension 'colcon_pkg'
[0.437s] Level 1:colcon.colcon_core.package_identification:_identify(localization/src) by extensions ['colcon_meta']
[0.437s] Level 1:colcon.colcon_core.package_identification:_identify(localization/src) by extension 'colcon_meta'
[0.437s] Level 1:colcon.colcon_core.package_identification:_identify(localization/src) by extensions ['ros']
[0.437s] Level 1:colcon.colcon_core.package_identification:_identify(localization/src) by extension 'ros'
[0.437s] Level 1:colcon.colcon_core.package_identification:_identify(localization/src) by extensions ['cmake', 'python']
[0.437s] Level 1:colcon.colcon_core.package_identification:_identify(localization/src) by extension 'cmake'
[0.437s] Level 1:colcon.colcon_core.package_identification:_identify(localization/src) by extension 'python'
[0.437s] Level 1:colcon.colcon_core.package_identification:_identify(localization/src) by extensions ['python_setup_py']
[0.438s] Level 1:colcon.colcon_core.package_identification:_identify(localization/src) by extension 'python_setup_py'
[0.438s] Level 1:colcon.colcon_core.package_identification:_identify(localization/src/gps_localization) by extensions ['ignore', 'ignore_ament_install']
[0.438s] Level 1:colcon.colcon_core.package_identification:_identify(localization/src/gps_localization) by extension 'ignore'
[0.438s] Level 1:colcon.colcon_core.package_identification:_identify(localization/src/gps_localization) by extension 'ignore_ament_install'
[0.438s] Level 1:colcon.colcon_core.package_identification:_identify(localization/src/gps_localization) by extensions ['colcon_pkg']
[0.438s] Level 1:colcon.colcon_core.package_identification:_identify(localization/src/gps_localization) by extension 'colcon_pkg'
[0.438s] Level 1:colcon.colcon_core.package_identification:_identify(localization/src/gps_localization) by extensions ['colcon_meta']
[0.438s] Level 1:colcon.colcon_core.package_identification:_identify(localization/src/gps_localization) by extension 'colcon_meta'
[0.438s] Level 1:colcon.colcon_core.package_identification:_identify(localization/src/gps_localization) by extensions ['ros']
[0.438s] Level 1:colcon.colcon_core.package_identification:_identify(localization/src/gps_localization) by extension 'ros'
[0.439s] DEBUG:colcon.colcon_core.package_identification:Package 'localization/src/gps_localization' with type 'ros.ament_cmake' and name 'gps_localization'
[0.439s] Level 1:colcon.colcon_core.package_identification:_identify(log) by extensions ['ignore', 'ignore_ament_install']
[0.439s] Level 1:colcon.colcon_core.package_identification:_identify(log) by extension 'ignore'
[0.439s] Level 1:colcon.colcon_core.package_identification:_identify(log) ignored
[0.439s] Level 1:colcon.colcon_core.package_identification:_identify(perception) by extensions ['ignore', 'ignore_ament_install']
[0.439s] Level 1:colcon.colcon_core.package_identification:_identify(perception) by extension 'ignore'
[0.440s] Level 1:colcon.colcon_core.package_identification:_identify(perception) by extension 'ignore_ament_install'
[0.440s] Level 1:colcon.colcon_core.package_identification:_identify(perception) by extensions ['colcon_pkg']
[0.440s] Level 1:colcon.colcon_core.package_identification:_identify(perception) by extension 'colcon_pkg'
[0.440s] Level 1:colcon.colcon_core.package_identification:_identify(perception) by extensions ['colcon_meta']
[0.440s] Level 1:colcon.colcon_core.package_identification:_identify(perception) by extension 'colcon_meta'
[0.440s] Level 1:colcon.colcon_core.package_identification:_identify(perception) by extensions ['ros']
[0.440s] Level 1:colcon.colcon_core.package_identification:_identify(perception) by extension 'ros'
[0.440s] Level 1:colcon.colcon_core.package_identification:_identify(perception) by extensions ['cmake', 'python']
[0.440s] Level 1:colcon.colcon_core.package_identification:_identify(perception) by extension 'cmake'
[0.440s] Level 1:colcon.colcon_core.package_identification:_identify(perception) by extension 'python'
[0.440s] Level 1:colcon.colcon_core.package_identification:_identify(perception) by extensions ['python_setup_py']
[0.440s] Level 1:colcon.colcon_core.package_identification:_identify(perception) by extension 'python_setup_py'
[0.440s] Level 1:colcon.colcon_core.package_identification:_identify(perception/build) by extensions ['ignore', 'ignore_ament_install']
[0.440s] Level 1:colcon.colcon_core.package_identification:_identify(perception/build) by extension 'ignore'
[0.440s] Level 1:colcon.colcon_core.package_identification:_identify(perception/build) ignored
[0.440s] Level 1:colcon.colcon_core.package_identification:_identify(perception/install) by extensions ['ignore', 'ignore_ament_install']
[0.441s] Level 1:colcon.colcon_core.package_identification:_identify(perception/install) by extension 'ignore'
[0.441s] Level 1:colcon.colcon_core.package_identification:_identify(perception/install) ignored
[0.441s] Level 1:colcon.colcon_core.package_identification:_identify(perception/log) by extensions ['ignore', 'ignore_ament_install']
[0.441s] Level 1:colcon.colcon_core.package_identification:_identify(perception/log) by extension 'ignore'
[0.441s] Level 1:colcon.colcon_core.package_identification:_identify(perception/log) ignored
[0.441s] Level 1:colcon.colcon_core.package_identification:_identify(perception/src) by extensions ['ignore', 'ignore_ament_install']
[0.441s] Level 1:colcon.colcon_core.package_identification:_identify(perception/src) by extension 'ignore'
[0.441s] Level 1:colcon.colcon_core.package_identification:_identify(perception/src) by extension 'ignore_ament_install'
[0.441s] Level 1:colcon.colcon_core.package_identification:_identify(perception/src) by extensions ['colcon_pkg']
[0.441s] Level 1:colcon.colcon_core.package_identification:_identify(perception/src) by extension 'colcon_pkg'
[0.441s] Level 1:colcon.colcon_core.package_identification:_identify(perception/src) by extensions ['colcon_meta']
[0.441s] Level 1:colcon.colcon_core.package_identification:_identify(perception/src) by extension 'colcon_meta'
[0.441s] Level 1:colcon.colcon_core.package_identification:_identify(perception/src) by extensions ['ros']
[0.441s] Level 1:colcon.colcon_core.package_identification:_identify(perception/src) by extension 'ros'
[0.442s] Level 1:colcon.colcon_core.package_identification:_identify(perception/src) by extensions ['cmake', 'python']
[0.442s] Level 1:colcon.colcon_core.package_identification:_identify(perception/src) by extension 'cmake'
[0.442s] Level 1:colcon.colcon_core.package_identification:_identify(perception/src) by extension 'python'
[0.442s] Level 1:colcon.colcon_core.package_identification:_identify(perception/src) by extensions ['python_setup_py']
[0.442s] Level 1:colcon.colcon_core.package_identification:_identify(perception/src) by extension 'python_setup_py'
[0.442s] Level 1:colcon.colcon_core.package_identification:_identify(perception/src/lidar) by extensions ['ignore', 'ignore_ament_install']
[0.442s] Level 1:colcon.colcon_core.package_identification:_identify(perception/src/lidar) by extension 'ignore'
[0.442s] Level 1:colcon.colcon_core.package_identification:_identify(perception/src/lidar) by extension 'ignore_ament_install'
[0.442s] Level 1:colcon.colcon_core.package_identification:_identify(perception/src/lidar) by extensions ['colcon_pkg']
[0.442s] Level 1:colcon.colcon_core.package_identification:_identify(perception/src/lidar) by extension 'colcon_pkg'
[0.442s] Level 1:colcon.colcon_core.package_identification:_identify(perception/src/lidar) by extensions ['colcon_meta']
[0.442s] Level 1:colcon.colcon_core.package_identification:_identify(perception/src/lidar) by extension 'colcon_meta'
[0.442s] Level 1:colcon.colcon_core.package_identification:_identify(perception/src/lidar) by extensions ['ros']
[0.442s] Level 1:colcon.colcon_core.package_identification:_identify(perception/src/lidar) by extension 'ros'
[0.442s] Level 1:colcon.colcon_core.package_identification:_identify(perception/src/lidar) by extensions ['cmake', 'python']
[0.442s] Level 1:colcon.colcon_core.package_identification:_identify(perception/src/lidar) by extension 'cmake'
[0.442s] Level 1:colcon.colcon_core.package_identification:_identify(perception/src/lidar) by extension 'python'
[0.442s] Level 1:colcon.colcon_core.package_identification:_identify(perception/src/lidar) by extensions ['python_setup_py']
[0.442s] Level 1:colcon.colcon_core.package_identification:_identify(perception/src/lidar) by extension 'python_setup_py'
[0.443s] Level 1:colcon.colcon_core.package_identification:_identify(perception/src/lidar/cluster_splitter) by extensions ['ignore', 'ignore_ament_install']
[0.443s] Level 1:colcon.colcon_core.package_identification:_identify(perception/src/lidar/cluster_splitter) by extension 'ignore'
[0.443s] Level 1:colcon.colcon_core.package_identification:_identify(perception/src/lidar/cluster_splitter) by extension 'ignore_ament_install'
[0.443s] Level 1:colcon.colcon_core.package_identification:_identify(perception/src/lidar/cluster_splitter) by extensions ['colcon_pkg']
[0.443s] Level 1:colcon.colcon_core.package_identification:_identify(perception/src/lidar/cluster_splitter) by extension 'colcon_pkg'
[0.443s] Level 1:colcon.colcon_core.package_identification:_identify(perception/src/lidar/cluster_splitter) by extensions ['colcon_meta']
[0.443s] Level 1:colcon.colcon_core.package_identification:_identify(perception/src/lidar/cluster_splitter) by extension 'colcon_meta'
[0.443s] Level 1:colcon.colcon_core.package_identification:_identify(perception/src/lidar/cluster_splitter) by extensions ['ros']
[0.443s] Level 1:colcon.colcon_core.package_identification:_identify(perception/src/lidar/cluster_splitter) by extension 'ros'
[0.444s] DEBUG:colcon.colcon_core.package_identification:Package 'perception/src/lidar/cluster_splitter' with type 'ros.ament_cmake' and name 'cluster_splitter'
[0.444s] Level 1:colcon.colcon_core.package_identification:_identify(perception/src/lidar/dbscan_clustering) by extensions ['ignore', 'ignore_ament_install']
[0.444s] Level 1:colcon.colcon_core.package_identification:_identify(perception/src/lidar/dbscan_clustering) by extension 'ignore'
[0.444s] Level 1:colcon.colcon_core.package_identification:_identify(perception/src/lidar/dbscan_clustering) by extension 'ignore_ament_install'
[0.444s] Level 1:colcon.colcon_core.package_identification:_identify(perception/src/lidar/dbscan_clustering) by extensions ['colcon_pkg']
[0.444s] Level 1:colcon.colcon_core.package_identification:_identify(perception/src/lidar/dbscan_clustering) by extension 'colcon_pkg'
[0.444s] Level 1:colcon.colcon_core.package_identification:_identify(perception/src/lidar/dbscan_clustering) by extensions ['colcon_meta']
[0.444s] Level 1:colcon.colcon_core.package_identification:_identify(perception/src/lidar/dbscan_clustering) by extension 'colcon_meta'
[0.444s] Level 1:colcon.colcon_core.package_identification:_identify(perception/src/lidar/dbscan_clustering) by extensions ['ros']
[0.445s] Level 1:colcon.colcon_core.package_identification:_identify(perception/src/lidar/dbscan_clustering) by extension 'ros'
[0.445s] DEBUG:colcon.colcon_core.package_identification:Package 'perception/src/lidar/dbscan_clustering' with type 'ros.ament_cmake' and name 'dbscan_clustering'
[0.446s] Level 1:colcon.colcon_core.package_identification:_identify(perception/src/lidar/lidar_voxel_grid) by extensions ['ignore', 'ignore_ament_install']
[0.446s] Level 1:colcon.colcon_core.package_identification:_identify(perception/src/lidar/lidar_voxel_grid) by extension 'ignore'
[0.446s] Level 1:colcon.colcon_core.package_identification:_identify(perception/src/lidar/lidar_voxel_grid) by extension 'ignore_ament_install'
[0.446s] Level 1:colcon.colcon_core.package_identification:_identify(perception/src/lidar/lidar_voxel_grid) by extensions ['colcon_pkg']
[0.446s] Level 1:colcon.colcon_core.package_identification:_identify(perception/src/lidar/lidar_voxel_grid) by extension 'colcon_pkg'
[0.446s] Level 1:colcon.colcon_core.package_identification:_identify(perception/src/lidar/lidar_voxel_grid) by extensions ['colcon_meta']
[0.446s] Level 1:colcon.colcon_core.package_identification:_identify(perception/src/lidar/lidar_voxel_grid) by extension 'colcon_meta'
[0.446s] Level 1:colcon.colcon_core.package_identification:_identify(perception/src/lidar/lidar_voxel_grid) by extensions ['ros']
[0.446s] Level 1:colcon.colcon_core.package_identification:_identify(perception/src/lidar/lidar_voxel_grid) by extension 'ros'
[0.447s] DEBUG:colcon.colcon_core.package_identification:Package 'perception/src/lidar/lidar_voxel_grid' with type 'ros.ament_cmake' and name 'lidar_voxel_grid'
[0.447s] Level 1:colcon.colcon_core.package_identification:_identify(perception/src/lidar/make_bbox) by extensions ['ignore', 'ignore_ament_install']
[0.447s] Level 1:colcon.colcon_core.package_identification:_identify(perception/src/lidar/make_bbox) by extension 'ignore'
[0.447s] Level 1:colcon.colcon_core.package_identification:_identify(perception/src/lidar/make_bbox) by extension 'ignore_ament_install'
[0.447s] Level 1:colcon.colcon_core.package_identification:_identify(perception/src/lidar/make_bbox) by extensions ['colcon_pkg']
[0.447s] Level 1:colcon.colcon_core.package_identification:_identify(perception/src/lidar/make_bbox) by extension 'colcon_pkg'
[0.447s] Level 1:colcon.colcon_core.package_identification:_identify(perception/src/lidar/make_bbox) by extensions ['colcon_meta']
[0.448s] Level 1:colcon.colcon_core.package_identification:_identify(perception/src/lidar/make_bbox) by extension 'colcon_meta'
[0.448s] Level 1:colcon.colcon_core.package_identification:_identify(perception/src/lidar/make_bbox) by extensions ['ros']
[0.448s] Level 1:colcon.colcon_core.package_identification:_identify(perception/src/lidar/make_bbox) by extension 'ros'
[0.449s] DEBUG:colcon.colcon_core.package_identification:Package 'perception/src/lidar/make_bbox' with type 'ros.ament_cmake' and name 'make_bbox'
[0.449s] Level 1:colcon.colcon_core.package_identification:_identify(perception/src/lidar/patchwork-plusplus-master) by extensions ['ignore', 'ignore_ament_install']
[0.449s] Level 1:colcon.colcon_core.package_identification:_identify(perception/src/lidar/patchwork-plusplus-master) by extension 'ignore'
[0.449s] Level 1:colcon.colcon_core.package_identification:_identify(perception/src/lidar/patchwork-plusplus-master) by extension 'ignore_ament_install'
[0.449s] Level 1:colcon.colcon_core.package_identification:_identify(perception/src/lidar/patchwork-plusplus-master) by extensions ['colcon_pkg']
[0.449s] Level 1:colcon.colcon_core.package_identification:_identify(perception/src/lidar/patchwork-plusplus-master) by extension 'colcon_pkg'
[0.449s] Level 1:colcon.colcon_core.package_identification:_identify(perception/src/lidar/patchwork-plusplus-master) by extensions ['colcon_meta']
[0.449s] Level 1:colcon.colcon_core.package_identification:_identify(perception/src/lidar/patchwork-plusplus-master) by extension 'colcon_meta'
[0.449s] Level 1:colcon.colcon_core.package_identification:_identify(perception/src/lidar/patchwork-plusplus-master) by extensions ['ros']
[0.449s] Level 1:colcon.colcon_core.package_identification:_identify(perception/src/lidar/patchwork-plusplus-master) by extension 'ros'
[0.449s] Level 1:colcon.colcon_core.package_identification:_identify(perception/src/lidar/patchwork-plusplus-master) by extensions ['cmake', 'python']
[0.449s] Level 1:colcon.colcon_core.package_identification:_identify(perception/src/lidar/patchwork-plusplus-master) by extension 'cmake'
[0.450s] Level 1:colcon.colcon_core.package_identification:_identify(perception/src/lidar/patchwork-plusplus-master) by extension 'python'
[0.450s] Level 1:colcon.colcon_core.package_identification:_identify(perception/src/lidar/patchwork-plusplus-master) by extensions ['python_setup_py']
[0.450s] Level 1:colcon.colcon_core.package_identification:_identify(perception/src/lidar/patchwork-plusplus-master) by extension 'python_setup_py'
[0.450s] Level 1:colcon.colcon_core.package_identification:_identify(perception/src/lidar/patchwork-plusplus-master/patchwork-plusplus-master) by extensions ['ignore', 'ignore_ament_install']
[0.450s] Level 1:colcon.colcon_core.package_identification:_identify(perception/src/lidar/patchwork-plusplus-master/patchwork-plusplus-master) by extension 'ignore'
[0.450s] Level 1:colcon.colcon_core.package_identification:_identify(perception/src/lidar/patchwork-plusplus-master/patchwork-plusplus-master) by extension 'ignore_ament_install'
[0.450s] Level 1:colcon.colcon_core.package_identification:_identify(perception/src/lidar/patchwork-plusplus-master/patchwork-plusplus-master) by extensions ['colcon_pkg']
[0.450s] Level 1:colcon.colcon_core.package_identification:_identify(perception/src/lidar/patchwork-plusplus-master/patchwork-plusplus-master) by extension 'colcon_pkg'
[0.450s] Level 1:colcon.colcon_core.package_identification:_identify(perception/src/lidar/patchwork-plusplus-master/patchwork-plusplus-master) by extensions ['colcon_meta']
[0.450s] Level 1:colcon.colcon_core.package_identification:_identify(perception/src/lidar/patchwork-plusplus-master/patchwork-plusplus-master) by extension 'colcon_meta'
[0.450s] Level 1:colcon.colcon_core.package_identification:_identify(perception/src/lidar/patchwork-plusplus-master/patchwork-plusplus-master) by extensions ['ros']
[0.450s] Level 1:colcon.colcon_core.package_identification:_identify(perception/src/lidar/patchwork-plusplus-master/patchwork-plusplus-master) by extension 'ros'
[0.450s] Level 1:colcon.colcon_core.package_identification:_identify(perception/src/lidar/patchwork-plusplus-master/patchwork-plusplus-master) by extensions ['cmake', 'python']
[0.450s] Level 1:colcon.colcon_core.package_identification:_identify(perception/src/lidar/patchwork-plusplus-master/patchwork-plusplus-master) by extension 'cmake'
[0.450s] Level 1:colcon.colcon_core.package_identification:_identify(perception/src/lidar/patchwork-plusplus-master/patchwork-plusplus-master) by extension 'python'
[0.450s] Level 1:colcon.colcon_core.package_identification:_identify(perception/src/lidar/patchwork-plusplus-master/patchwork-plusplus-master) by extensions ['python_setup_py']
[0.450s] Level 1:colcon.colcon_core.package_identification:_identify(perception/src/lidar/patchwork-plusplus-master/patchwork-plusplus-master) by extension 'python_setup_py'
[0.451s] Level 1:colcon.colcon_core.package_identification:_identify(perception/src/lidar/patchwork-plusplus-master/patchwork-plusplus-master/cpp) by extensions ['ignore', 'ignore_ament_install']
[0.451s] Level 1:colcon.colcon_core.package_identification:_identify(perception/src/lidar/patchwork-plusplus-master/patchwork-plusplus-master/cpp) by extension 'ignore'
[0.451s] Level 1:colcon.colcon_core.package_identification:_identify(perception/src/lidar/patchwork-plusplus-master/patchwork-plusplus-master/cpp) ignored
[0.451s] Level 1:colcon.colcon_core.package_identification:_identify(perception/src/lidar/patchwork-plusplus-master/patchwork-plusplus-master/data) by extensions ['ignore', 'ignore_ament_install']
[0.451s] Level 1:colcon.colcon_core.package_identification:_identify(perception/src/lidar/patchwork-plusplus-master/patchwork-plusplus-master/data) by extension 'ignore'
[0.451s] Level 1:colcon.colcon_core.package_identification:_identify(perception/src/lidar/patchwork-plusplus-master/patchwork-plusplus-master/data) by extension 'ignore_ament_install'
[0.451s] Level 1:colcon.colcon_core.package_identification:_identify(perception/src/lidar/patchwork-plusplus-master/patchwork-plusplus-master/data) by extensions ['colcon_pkg']
[0.451s] Level 1:colcon.colcon_core.package_identification:_identify(perception/src/lidar/patchwork-plusplus-master/patchwork-plusplus-master/data) by extension 'colcon_pkg'
[0.451s] Level 1:colcon.colcon_core.package_identification:_identify(perception/src/lidar/patchwork-plusplus-master/patchwork-plusplus-master/data) by extensions ['colcon_meta']
[0.451s] Level 1:colcon.colcon_core.package_identification:_identify(perception/src/lidar/patchwork-plusplus-master/patchwork-plusplus-master/data) by extension 'colcon_meta'
[0.451s] Level 1:colcon.colcon_core.package_identification:_identify(perception/src/lidar/patchwork-plusplus-master/patchwork-plusplus-master/data) by extensions ['ros']
[0.451s] Level 1:colcon.colcon_core.package_identification:_identify(perception/src/lidar/patchwork-plusplus-master/patchwork-plusplus-master/data) by extension 'ros'
[0.451s] Level 1:colcon.colcon_core.package_identification:_identify(perception/src/lidar/patchwork-plusplus-master/patchwork-plusplus-master/data) by extensions ['cmake', 'python']
[0.451s] Level 1:colcon.colcon_core.package_identification:_identify(perception/src/lidar/patchwork-plusplus-master/patchwork-plusplus-master/data) by extension 'cmake'
[0.451s] Level 1:colcon.colcon_core.package_identification:_identify(perception/src/lidar/patchwork-plusplus-master/patchwork-plusplus-master/data) by extension 'python'
[0.451s] Level 1:colcon.colcon_core.package_identification:_identify(perception/src/lidar/patchwork-plusplus-master/patchwork-plusplus-master/data) by extensions ['python_setup_py']
[0.451s] Level 1:colcon.colcon_core.package_identification:_identify(perception/src/lidar/patchwork-plusplus-master/patchwork-plusplus-master/data) by extension 'python_setup_py'
[0.452s] Level 1:colcon.colcon_core.package_identification:_identify(perception/src/lidar/patchwork-plusplus-master/patchwork-plusplus-master/pictures) by extensions ['ignore', 'ignore_ament_install']
[0.452s] Level 1:colcon.colcon_core.package_identification:_identify(perception/src/lidar/patchwork-plusplus-master/patchwork-plusplus-master/pictures) by extension 'ignore'
[0.452s] Level 1:colcon.colcon_core.package_identification:_identify(perception/src/lidar/patchwork-plusplus-master/patchwork-plusplus-master/pictures) by extension 'ignore_ament_install'
[0.452s] Level 1:colcon.colcon_core.package_identification:_identify(perception/src/lidar/patchwork-plusplus-master/patchwork-plusplus-master/pictures) by extensions ['colcon_pkg']
[0.452s] Level 1:colcon.colcon_core.package_identification:_identify(perception/src/lidar/patchwork-plusplus-master/patchwork-plusplus-master/pictures) by extension 'colcon_pkg'
[0.452s] Level 1:colcon.colcon_core.package_identification:_identify(perception/src/lidar/patchwork-plusplus-master/patchwork-plusplus-master/pictures) by extensions ['colcon_meta']
[0.452s] Level 1:colcon.colcon_core.package_identification:_identify(perception/src/lidar/patchwork-plusplus-master/patchwork-plusplus-master/pictures) by extension 'colcon_meta'
[0.452s] Level 1:colcon.colcon_core.package_identification:_identify(perception/src/lidar/patchwork-plusplus-master/patchwork-plusplus-master/pictures) by extensions ['ros']
[0.452s] Level 1:colcon.colcon_core.package_identification:_identify(perception/src/lidar/patchwork-plusplus-master/patchwork-plusplus-master/pictures) by extension 'ros'
[0.452s] Level 1:colcon.colcon_core.package_identification:_identify(perception/src/lidar/patchwork-plusplus-master/patchwork-plusplus-master/pictures) by extensions ['cmake', 'python']
[0.452s] Level 1:colcon.colcon_core.package_identification:_identify(perception/src/lidar/patchwork-plusplus-master/patchwork-plusplus-master/pictures) by extension 'cmake'
[0.452s] Level 1:colcon.colcon_core.package_identification:_identify(perception/src/lidar/patchwork-plusplus-master/patchwork-plusplus-master/pictures) by extension 'python'
[0.452s] Level 1:colcon.colcon_core.package_identification:_identify(perception/src/lidar/patchwork-plusplus-master/patchwork-plusplus-master/pictures) by extensions ['python_setup_py']
[0.452s] Level 1:colcon.colcon_core.package_identification:_identify(perception/src/lidar/patchwork-plusplus-master/patchwork-plusplus-master/pictures) by extension 'python_setup_py'
[0.452s] Level 1:colcon.colcon_core.package_identification:_identify(perception/src/lidar/patchwork-plusplus-master/patchwork-plusplus-master/python) by extensions ['ignore', 'ignore_ament_install']
[0.452s] Level 1:colcon.colcon_core.package_identification:_identify(perception/src/lidar/patchwork-plusplus-master/patchwork-plusplus-master/python) by extension 'ignore'
[0.452s] Level 1:colcon.colcon_core.package_identification:_identify(perception/src/lidar/patchwork-plusplus-master/patchwork-plusplus-master/python) ignored
[0.453s] Level 1:colcon.colcon_core.package_identification:_identify(perception/src/lidar/patchwork-plusplus-master/patchwork-plusplus-master/ros) by extensions ['ignore', 'ignore_ament_install']
[0.453s] Level 1:colcon.colcon_core.package_identification:_identify(perception/src/lidar/patchwork-plusplus-master/patchwork-plusplus-master/ros) by extension 'ignore'
[0.453s] Level 1:colcon.colcon_core.package_identification:_identify(perception/src/lidar/patchwork-plusplus-master/patchwork-plusplus-master/ros) by extension 'ignore_ament_install'
[0.453s] Level 1:colcon.colcon_core.package_identification:_identify(perception/src/lidar/patchwork-plusplus-master/patchwork-plusplus-master/ros) by extensions ['colcon_pkg']
[0.453s] Level 1:colcon.colcon_core.package_identification:_identify(perception/src/lidar/patchwork-plusplus-master/patchwork-plusplus-master/ros) by extension 'colcon_pkg'
[0.453s] Level 1:colcon.colcon_core.package_identification:_identify(perception/src/lidar/patchwork-plusplus-master/patchwork-plusplus-master/ros) by extensions ['colcon_meta']
[0.453s] Level 1:colcon.colcon_core.package_identification:_identify(perception/src/lidar/patchwork-plusplus-master/patchwork-plusplus-master/ros) by extension 'colcon_meta'
[0.453s] Level 1:colcon.colcon_core.package_identification:_identify(perception/src/lidar/patchwork-plusplus-master/patchwork-plusplus-master/ros) by extensions ['ros']
[0.453s] Level 1:colcon.colcon_core.package_identification:_identify(perception/src/lidar/patchwork-plusplus-master/patchwork-plusplus-master/ros) by extension 'ros'
[0.454s] DEBUG:colcon.colcon_core.package_identification:Package 'perception/src/lidar/patchwork-plusplus-master/patchwork-plusplus-master/ros' with type 'ros.ament_cmake' and name 'patchworkpp'
[0.454s] Level 1:colcon.colcon_core.package_identification:_identify(perception/src/lidar/patchwork-plusplus-master/patchwork-plusplus-master/scripts) by extensions ['ignore', 'ignore_ament_install']
[0.455s] Level 1:colcon.colcon_core.package_identification:_identify(perception/src/lidar/patchwork-plusplus-master/patchwork-plusplus-master/scripts) by extension 'ignore'
[0.455s] Level 1:colcon.colcon_core.package_identification:_identify(perception/src/lidar/patchwork-plusplus-master/patchwork-plusplus-master/scripts) by extension 'ignore_ament_install'
[0.455s] Level 1:colcon.colcon_core.package_identification:_identify(perception/src/lidar/patchwork-plusplus-master/patchwork-plusplus-master/scripts) by extensions ['colcon_pkg']
[0.455s] Level 1:colcon.colcon_core.package_identification:_identify(perception/src/lidar/patchwork-plusplus-master/patchwork-plusplus-master/scripts) by extension 'colcon_pkg'
[0.455s] Level 1:colcon.colcon_core.package_identification:_identify(perception/src/lidar/patchwork-plusplus-master/patchwork-plusplus-master/scripts) by extensions ['colcon_meta']
[0.455s] Level 1:colcon.colcon_core.package_identification:_identify(perception/src/lidar/patchwork-plusplus-master/patchwork-plusplus-master/scripts) by extension 'colcon_meta'
[0.455s] Level 1:colcon.colcon_core.package_identification:_identify(perception/src/lidar/patchwork-plusplus-master/patchwork-plusplus-master/scripts) by extensions ['ros']
[0.455s] Level 1:colcon.colcon_core.package_identification:_identify(perception/src/lidar/patchwork-plusplus-master/patchwork-plusplus-master/scripts) by extension 'ros'
[0.455s] Level 1:colcon.colcon_core.package_identification:_identify(perception/src/lidar/patchwork-plusplus-master/patchwork-plusplus-master/scripts) by extensions ['cmake', 'python']
[0.455s] Level 1:colcon.colcon_core.package_identification:_identify(perception/src/lidar/patchwork-plusplus-master/patchwork-plusplus-master/scripts) by extension 'cmake'
[0.455s] Level 1:colcon.colcon_core.package_identification:_identify(perception/src/lidar/patchwork-plusplus-master/patchwork-plusplus-master/scripts) by extension 'python'
[0.455s] Level 1:colcon.colcon_core.package_identification:_identify(perception/src/lidar/patchwork-plusplus-master/patchwork-plusplus-master/scripts) by extensions ['python_setup_py']
[0.455s] Level 1:colcon.colcon_core.package_identification:_identify(perception/src/lidar/patchwork-plusplus-master/patchwork-plusplus-master/scripts) by extension 'python_setup_py'
[0.455s] Level 1:colcon.colcon_core.package_identification:_identify(perception/src/lidar/velodyne) by extensions ['ignore', 'ignore_ament_install']
[0.455s] Level 1:colcon.colcon_core.package_identification:_identify(perception/src/lidar/velodyne) by extension 'ignore'
[0.455s] Level 1:colcon.colcon_core.package_identification:_identify(perception/src/lidar/velodyne) by extension 'ignore_ament_install'
[0.455s] Level 1:colcon.colcon_core.package_identification:_identify(perception/src/lidar/velodyne) by extensions ['colcon_pkg']
[0.455s] Level 1:colcon.colcon_core.package_identification:_identify(perception/src/lidar/velodyne) by extension 'colcon_pkg'
[0.456s] Level 1:colcon.colcon_core.package_identification:_identify(perception/src/lidar/velodyne) by extensions ['colcon_meta']
[0.456s] Level 1:colcon.colcon_core.package_identification:_identify(perception/src/lidar/velodyne) by extension 'colcon_meta'
[0.456s] Level 1:colcon.colcon_core.package_identification:_identify(perception/src/lidar/velodyne) by extensions ['ros']
[0.456s] Level 1:colcon.colcon_core.package_identification:_identify(perception/src/lidar/velodyne) by extension 'ros'
[0.456s] DEBUG:colcon.colcon_core.package_identification:Package 'perception/src/lidar/velodyne' with type 'ros.ament_cmake' and name 'velodyne'
[0.457s] Level 1:colcon.colcon_core.package_identification:_identify(perception/src/lidar/velodyne_cropbox) by extensions ['ignore', 'ignore_ament_install']
[0.457s] Level 1:colcon.colcon_core.package_identification:_identify(perception/src/lidar/velodyne_cropbox) by extension 'ignore'
[0.457s] Level 1:colcon.colcon_core.package_identification:_identify(perception/src/lidar/velodyne_cropbox) by extension 'ignore_ament_install'
[0.457s] Level 1:colcon.colcon_core.package_identification:_identify(perception/src/lidar/velodyne_cropbox) by extensions ['colcon_pkg']
[0.457s] Level 1:colcon.colcon_core.package_identification:_identify(perception/src/lidar/velodyne_cropbox) by extension 'colcon_pkg'
[0.457s] Level 1:colcon.colcon_core.package_identification:_identify(perception/src/lidar/velodyne_cropbox) by extensions ['colcon_meta']
[0.457s] Level 1:colcon.colcon_core.package_identification:_identify(perception/src/lidar/velodyne_cropbox) by extension 'colcon_meta'
[0.457s] Level 1:colcon.colcon_core.package_identification:_identify(perception/src/lidar/velodyne_cropbox) by extensions ['ros']
[0.457s] Level 1:colcon.colcon_core.package_identification:_identify(perception/src/lidar/velodyne_cropbox) by extension 'ros'
[0.458s] DEBUG:colcon.colcon_core.package_identification:Package 'perception/src/lidar/velodyne_cropbox' with type 'ros.ament_cmake' and name 'velodyne_cropbox'
[0.458s] Level 1:colcon.colcon_core.package_identification:_identify(perception/src/lidar/velodyne_driver) by extensions ['ignore', 'ignore_ament_install']
[0.458s] Level 1:colcon.colcon_core.package_identification:_identify(perception/src/lidar/velodyne_driver) by extension 'ignore'
[0.458s] Level 1:colcon.colcon_core.package_identification:_identify(perception/src/lidar/velodyne_driver) by extension 'ignore_ament_install'
[0.458s] Level 1:colcon.colcon_core.package_identification:_identify(perception/src/lidar/velodyne_driver) by extensions ['colcon_pkg']
[0.458s] Level 1:colcon.colcon_core.package_identification:_identify(perception/src/lidar/velodyne_driver) by extension 'colcon_pkg'
[0.458s] Level 1:colcon.colcon_core.package_identification:_identify(perception/src/lidar/velodyne_driver) by extensions ['colcon_meta']
[0.458s] Level 1:colcon.colcon_core.package_identification:_identify(perception/src/lidar/velodyne_driver) by extension 'colcon_meta'
[0.458s] Level 1:colcon.colcon_core.package_identification:_identify(perception/src/lidar/velodyne_driver) by extensions ['ros']
[0.458s] Level 1:colcon.colcon_core.package_identification:_identify(perception/src/lidar/velodyne_driver) by extension 'ros'
[0.460s] DEBUG:colcon.colcon_core.package_identification:Package 'perception/src/lidar/velodyne_driver' with type 'ros.ament_cmake' and name 'velodyne_driver'
[0.460s] Level 1:colcon.colcon_core.package_identification:_identify(perception/src/lidar/velodyne_msgs) by extensions ['ignore', 'ignore_ament_install']
[0.460s] Level 1:colcon.colcon_core.package_identification:_identify(perception/src/lidar/velodyne_msgs) by extension 'ignore'
[0.460s] Level 1:colcon.colcon_core.package_identification:_identify(perception/src/lidar/velodyne_msgs) by extension 'ignore_ament_install'
[0.460s] Level 1:colcon.colcon_core.package_identification:_identify(perception/src/lidar/velodyne_msgs) by extensions ['colcon_pkg']
[0.460s] Level 1:colcon.colcon_core.package_identification:_identify(perception/src/lidar/velodyne_msgs) by extension 'colcon_pkg'
[0.460s] Level 1:colcon.colcon_core.package_identification:_identify(perception/src/lidar/velodyne_msgs) by extensions ['colcon_meta']
[0.460s] Level 1:colcon.colcon_core.package_identification:_identify(perception/src/lidar/velodyne_msgs) by extension 'colcon_meta'
[0.460s] Level 1:colcon.colcon_core.package_identification:_identify(perception/src/lidar/velodyne_msgs) by extensions ['ros']
[0.460s] Level 1:colcon.colcon_core.package_identification:_identify(perception/src/lidar/velodyne_msgs) by extension 'ros'
[0.461s] DEBUG:colcon.colcon_core.package_identification:Package 'perception/src/lidar/velodyne_msgs' with type 'ros.ament_cmake' and name 'velodyne_msgs'
[0.461s] Level 1:colcon.colcon_core.package_identification:_identify(perception/src/lidar/velodyne_pointcloud) by extensions ['ignore', 'ignore_ament_install']
[0.462s] Level 1:colcon.colcon_core.package_identification:_identify(perception/src/lidar/velodyne_pointcloud) by extension 'ignore'
[0.462s] Level 1:colcon.colcon_core.package_identification:_identify(perception/src/lidar/velodyne_pointcloud) by extension 'ignore_ament_install'
[0.462s] Level 1:colcon.colcon_core.package_identification:_identify(perception/src/lidar/velodyne_pointcloud) by extensions ['colcon_pkg']
[0.462s] Level 1:colcon.colcon_core.package_identification:_identify(perception/src/lidar/velodyne_pointcloud) by extension 'colcon_pkg'
[0.462s] Level 1:colcon.colcon_core.package_identification:_identify(perception/src/lidar/velodyne_pointcloud) by extensions ['colcon_meta']
[0.462s] Level 1:colcon.colcon_core.package_identification:_identify(perception/src/lidar/velodyne_pointcloud) by extension 'colcon_meta'
[0.462s] Level 1:colcon.colcon_core.package_identification:_identify(perception/src/lidar/velodyne_pointcloud) by extensions ['ros']
[0.462s] Level 1:colcon.colcon_core.package_identification:_identify(perception/src/lidar/velodyne_pointcloud) by extension 'ros'
[0.464s] DEBUG:colcon.colcon_core.package_identification:Package 'perception/src/lidar/velodyne_pointcloud' with type 'ros.ament_cmake' and name 'velodyne_pointcloud'
[0.464s] Level 1:colcon.colcon_core.package_identification:_identify(perception/src/lidar_launch) by extensions ['ignore', 'ignore_ament_install']
[0.464s] Level 1:colcon.colcon_core.package_identification:_identify(perception/src/lidar_launch) by extension 'ignore'
[0.464s] Level 1:colcon.colcon_core.package_identification:_identify(perception/src/lidar_launch) by extension 'ignore_ament_install'
[0.464s] Level 1:colcon.colcon_core.package_identification:_identify(perception/src/lidar_launch) by extensions ['colcon_pkg']
[0.464s] Level 1:colcon.colcon_core.package_identification:_identify(perception/src/lidar_launch) by extension 'colcon_pkg'
[0.464s] Level 1:colcon.colcon_core.package_identification:_identify(perception/src/lidar_launch) by extensions ['colcon_meta']
[0.464s] Level 1:colcon.colcon_core.package_identification:_identify(perception/src/lidar_launch) by extension 'colcon_meta'
[0.464s] Level 1:colcon.colcon_core.package_identification:_identify(perception/src/lidar_launch) by extensions ['ros']
[0.464s] Level 1:colcon.colcon_core.package_identification:_identify(perception/src/lidar_launch) by extension 'ros'
[0.465s] DEBUG:colcon.colcon_core.package_identification:Package 'perception/src/lidar_launch' with type 'ros.ament_cmake' and name 'lidar_launch'
[0.465s] Level 1:colcon.colcon_core.package_identification:_identify(planning) by extensions ['ignore', 'ignore_ament_install']
[0.465s] Level 1:colcon.colcon_core.package_identification:_identify(planning) by extension 'ignore'
[0.465s] Level 1:colcon.colcon_core.package_identification:_identify(planning) by extension 'ignore_ament_install'
[0.465s] Level 1:colcon.colcon_core.package_identification:_identify(planning) by extensions ['colcon_pkg']
[0.465s] Level 1:colcon.colcon_core.package_identification:_identify(planning) by extension 'colcon_pkg'
[0.465s] Level 1:colcon.colcon_core.package_identification:_identify(planning) by extensions ['colcon_meta']
[0.465s] Level 1:colcon.colcon_core.package_identification:_identify(planning) by extension 'colcon_meta'
[0.465s] Level 1:colcon.colcon_core.package_identification:_identify(planning) by extensions ['ros']
[0.465s] Level 1:colcon.colcon_core.package_identification:_identify(planning) by extension 'ros'
[0.466s] Level 1:colcon.colcon_core.package_identification:_identify(planning) by extensions ['cmake', 'python']
[0.466s] Level 1:colcon.colcon_core.package_identification:_identify(planning) by extension 'cmake'
[0.466s] Level 1:colcon.colcon_core.package_identification:_identify(planning) by extension 'python'
[0.466s] Level 1:colcon.colcon_core.package_identification:_identify(planning) by extensions ['python_setup_py']
[0.466s] Level 1:colcon.colcon_core.package_identification:_identify(planning) by extension 'python_setup_py'
[0.466s] Level 1:colcon.colcon_core.package_identification:_identify(planning/build) by extensions ['ignore', 'ignore_ament_install']
[0.466s] Level 1:colcon.colcon_core.package_identification:_identify(planning/build) by extension 'ignore'
[0.466s] Level 1:colcon.colcon_core.package_identification:_identify(planning/build) ignored
[0.466s] Level 1:colcon.colcon_core.package_identification:_identify(planning/install) by extensions ['ignore', 'ignore_ament_install']
[0.466s] Level 1:colcon.colcon_core.package_identification:_identify(planning/install) by extension 'ignore'
[0.466s] Level 1:colcon.colcon_core.package_identification:_identify(planning/install) ignored
[0.466s] Level 1:colcon.colcon_core.package_identification:_identify(planning/log) by extensions ['ignore', 'ignore_ament_install']
[0.466s] Level 1:colcon.colcon_core.package_identification:_identify(planning/log) by extension 'ignore'
[0.467s] Level 1:colcon.colcon_core.package_identification:_identify(planning/log) ignored
[0.467s] Level 1:colcon.colcon_core.package_identification:_identify(planning/src) by extensions ['ignore', 'ignore_ament_install']
[0.467s] Level 1:colcon.colcon_core.package_identification:_identify(planning/src) by extension 'ignore'
[0.467s] Level 1:colcon.colcon_core.package_identification:_identify(planning/src) by extension 'ignore_ament_install'
[0.467s] Level 1:colcon.colcon_core.package_identification:_identify(planning/src) by extensions ['colcon_pkg']
[0.467s] Level 1:colcon.colcon_core.package_identification:_identify(planning/src) by extension 'colcon_pkg'
[0.467s] Level 1:colcon.colcon_core.package_identification:_identify(planning/src) by extensions ['colcon_meta']
[0.467s] Level 1:colcon.colcon_core.package_identification:_identify(planning/src) by extension 'colcon_meta'
[0.467s] Level 1:colcon.colcon_core.package_identification:_identify(planning/src) by extensions ['ros']
[0.467s] Level 1:colcon.colcon_core.package_identification:_identify(planning/src) by extension 'ros'
[0.467s] Level 1:colcon.colcon_core.package_identification:_identify(planning/src) by extensions ['cmake', 'python']
[0.467s] Level 1:colcon.colcon_core.package_identification:_identify(planning/src) by extension 'cmake'
[0.467s] Level 1:colcon.colcon_core.package_identification:_identify(planning/src) by extension 'python'
[0.467s] Level 1:colcon.colcon_core.package_identification:_identify(planning/src) by extensions ['python_setup_py']
[0.467s] Level 1:colcon.colcon_core.package_identification:_identify(planning/src) by extension 'python_setup_py'
[0.467s] Level 1:colcon.colcon_core.package_identification:_identify(planning/src/chaining_costmap_ver) by extensions ['ignore', 'ignore_ament_install']
[0.468s] Level 1:colcon.colcon_core.package_identification:_identify(planning/src/chaining_costmap_ver) by extension 'ignore'
[0.468s] Level 1:colcon.colcon_core.package_identification:_identify(planning/src/chaining_costmap_ver) by extension 'ignore_ament_install'
[0.468s] Level 1:colcon.colcon_core.package_identification:_identify(planning/src/chaining_costmap_ver) by extensions ['colcon_pkg']
[0.468s] Level 1:colcon.colcon_core.package_identification:_identify(planning/src/chaining_costmap_ver) by extension 'colcon_pkg'
[0.468s] Level 1:colcon.colcon_core.package_identification:_identify(planning/src/chaining_costmap_ver) by extensions ['colcon_meta']
[0.468s] Level 1:colcon.colcon_core.package_identification:_identify(planning/src/chaining_costmap_ver) by extension 'colcon_meta'
[0.468s] Level 1:colcon.colcon_core.package_identification:_identify(planning/src/chaining_costmap_ver) by extensions ['ros']
[0.468s] Level 1:colcon.colcon_core.package_identification:_identify(planning/src/chaining_costmap_ver) by extension 'ros'
[0.469s] DEBUG:colcon.colcon_core.package_identification:Package 'planning/src/chaining_costmap_ver' with type 'ros.ament_cmake' and name 'chaining_costmap_ver'
[0.469s] Level 1:colcon.colcon_core.package_identification:_identify(t870_ros) by extensions ['ignore', 'ignore_ament_install']
[0.469s] Level 1:colcon.colcon_core.package_identification:_identify(t870_ros) by extension 'ignore'
[0.469s] Level 1:colcon.colcon_core.package_identification:_identify(t870_ros) by extension 'ignore_ament_install'
[0.469s] Level 1:colcon.colcon_core.package_identification:_identify(t870_ros) by extensions ['colcon_pkg']
[0.470s] Level 1:colcon.colcon_core.package_identification:_identify(t870_ros) by extension 'colcon_pkg'
[0.470s] Level 1:colcon.colcon_core.package_identification:_identify(t870_ros) by extensions ['colcon_meta']
[0.470s] Level 1:colcon.colcon_core.package_identification:_identify(t870_ros) by extension 'colcon_meta'
[0.470s] Level 1:colcon.colcon_core.package_identification:_identify(t870_ros) by extensions ['ros']
[0.470s] Level 1:colcon.colcon_core.package_identification:_identify(t870_ros) by extension 'ros'
[0.470s] Level 1:colcon.colcon_core.package_identification:_identify(t870_ros) by extensions ['cmake', 'python']
[0.470s] Level 1:colcon.colcon_core.package_identification:_identify(t870_ros) by extension 'cmake'
[0.470s] Level 1:colcon.colcon_core.package_identification:_identify(t870_ros) by extension 'python'
[0.470s] Level 1:colcon.colcon_core.package_identification:_identify(t870_ros) by extensions ['python_setup_py']
[0.470s] Level 1:colcon.colcon_core.package_identification:_identify(t870_ros) by extension 'python_setup_py'
[0.470s] Level 1:colcon.colcon_core.package_identification:_identify(t870_ros/docker) by extensions ['ignore', 'ignore_ament_install']
[0.470s] Level 1:colcon.colcon_core.package_identification:_identify(t870_ros/docker) by extension 'ignore'
[0.470s] Level 1:colcon.colcon_core.package_identification:_identify(t870_ros/docker) by extension 'ignore_ament_install'
[0.470s] Level 1:colcon.colcon_core.package_identification:_identify(t870_ros/docker) by extensions ['colcon_pkg']
[0.470s] Level 1:colcon.colcon_core.package_identification:_identify(t870_ros/docker) by extension 'colcon_pkg'
[0.470s] Level 1:colcon.colcon_core.package_identification:_identify(t870_ros/docker) by extensions ['colcon_meta']
[0.470s] Level 1:colcon.colcon_core.package_identification:_identify(t870_ros/docker) by extension 'colcon_meta'
[0.470s] Level 1:colcon.colcon_core.package_identification:_identify(t870_ros/docker) by extensions ['ros']
[0.470s] Level 1:colcon.colcon_core.package_identification:_identify(t870_ros/docker) by extension 'ros'
[0.471s] Level 1:colcon.colcon_core.package_identification:_identify(t870_ros/docker) by extensions ['cmake', 'python']
[0.471s] Level 1:colcon.colcon_core.package_identification:_identify(t870_ros/docker) by extension 'cmake'
[0.471s] Level 1:colcon.colcon_core.package_identification:_identify(t870_ros/docker) by extension 'python'
[0.471s] Level 1:colcon.colcon_core.package_identification:_identify(t870_ros/docker) by extensions ['python_setup_py']
[0.471s] Level 1:colcon.colcon_core.package_identification:_identify(t870_ros/docker) by extension 'python_setup_py'
[0.471s] Level 1:colcon.colcon_core.package_identification:_identify(t870_ros/src) by extensions ['ignore', 'ignore_ament_install']
[0.471s] Level 1:colcon.colcon_core.package_identification:_identify(t870_ros/src) by extension 'ignore'
[0.471s] Level 1:colcon.colcon_core.package_identification:_identify(t870_ros/src) by extension 'ignore_ament_install'
[0.471s] Level 1:colcon.colcon_core.package_identification:_identify(t870_ros/src) by extensions ['colcon_pkg']
[0.471s] Level 1:colcon.colcon_core.package_identification:_identify(t870_ros/src) by extension 'colcon_pkg'
[0.471s] Level 1:colcon.colcon_core.package_identification:_identify(t870_ros/src) by extensions ['colcon_meta']
[0.471s] Level 1:colcon.colcon_core.package_identification:_identify(t870_ros/src) by extension 'colcon_meta'
[0.471s] Level 1:colcon.colcon_core.package_identification:_identify(t870_ros/src) by extensions ['ros']
[0.471s] Level 1:colcon.colcon_core.package_identification:_identify(t870_ros/src) by extension 'ros'
[0.471s] Level 1:colcon.colcon_core.package_identification:_identify(t870_ros/src) by extensions ['cmake', 'python']
[0.471s] Level 1:colcon.colcon_core.package_identification:_identify(t870_ros/src) by extension 'cmake'
[0.471s] Level 1:colcon.colcon_core.package_identification:_identify(t870_ros/src) by extension 'python'
[0.471s] Level 1:colcon.colcon_core.package_identification:_identify(t870_ros/src) by extensions ['python_setup_py']
[0.472s] Level 1:colcon.colcon_core.package_identification:_identify(t870_ros/src) by extension 'python_setup_py'
[0.472s] Level 1:colcon.colcon_core.package_identification:_identify(t870_ros/src/t870_cmake) by extensions ['ignore', 'ignore_ament_install']
[0.472s] Level 1:colcon.colcon_core.package_identification:_identify(t870_ros/src/t870_cmake) by extension 'ignore'
[0.472s] Level 1:colcon.colcon_core.package_identification:_identify(t870_ros/src/t870_cmake) by extension 'ignore_ament_install'
[0.472s] Level 1:colcon.colcon_core.package_identification:_identify(t870_ros/src/t870_cmake) by extensions ['colcon_pkg']
[0.472s] Level 1:colcon.colcon_core.package_identification:_identify(t870_ros/src/t870_cmake) by extension 'colcon_pkg'
[0.472s] Level 1:colcon.colcon_core.package_identification:_identify(t870_ros/src/t870_cmake) by extensions ['colcon_meta']
[0.472s] Level 1:colcon.colcon_core.package_identification:_identify(t870_ros/src/t870_cmake) by extension 'colcon_meta'
[0.472s] Level 1:colcon.colcon_core.package_identification:_identify(t870_ros/src/t870_cmake) by extensions ['ros']
[0.472s] Level 1:colcon.colcon_core.package_identification:_identify(t870_ros/src/t870_cmake) by extension 'ros'
[0.473s] DEBUG:colcon.colcon_core.package_identification:Package 't870_ros/src/t870_cmake' with type 'ros.ament_cmake' and name 't870_cmake'
[0.473s] Level 1:colcon.colcon_core.package_identification:_identify(t870_ros/src/t870_msgs) by extensions ['ignore', 'ignore_ament_install']
[0.473s] Level 1:colcon.colcon_core.package_identification:_identify(t870_ros/src/t870_msgs) by extension 'ignore'
[0.473s] Level 1:colcon.colcon_core.package_identification:_identify(t870_ros/src/t870_msgs) by extension 'ignore_ament_install'
[0.473s] Level 1:colcon.colcon_core.package_identification:_identify(t870_ros/src/t870_msgs) by extensions ['colcon_pkg']
[0.473s] Level 1:colcon.colcon_core.package_identification:_identify(t870_ros/src/t870_msgs) by extension 'colcon_pkg'
[0.473s] Level 1:colcon.colcon_core.package_identification:_identify(t870_ros/src/t870_msgs) by extensions ['colcon_meta']
[0.473s] Level 1:colcon.colcon_core.package_identification:_identify(t870_ros/src/t870_msgs) by extension 'colcon_meta'
[0.473s] Level 1:colcon.colcon_core.package_identification:_identify(t870_ros/src/t870_msgs) by extensions ['ros']
[0.474s] Level 1:colcon.colcon_core.package_identification:_identify(t870_ros/src/t870_msgs) by extension 'ros'
[0.474s] DEBUG:colcon.colcon_core.package_identification:Package 't870_ros/src/t870_msgs' with type 'ros.ament_cmake' and name 't870_msgs'
[0.475s] Level 1:colcon.colcon_core.package_identification:_identify(t870_ros/src/t870_rqt_plugin) by extensions ['ignore', 'ignore_ament_install']
[0.475s] Level 1:colcon.colcon_core.package_identification:_identify(t870_ros/src/t870_rqt_plugin) by extension 'ignore'
[0.475s] Level 1:colcon.colcon_core.package_identification:_identify(t870_ros/src/t870_rqt_plugin) by extension 'ignore_ament_install'
[0.475s] Level 1:colcon.colcon_core.package_identification:_identify(t870_ros/src/t870_rqt_plugin) by extensions ['colcon_pkg']
[0.475s] Level 1:colcon.colcon_core.package_identification:_identify(t870_ros/src/t870_rqt_plugin) by extension 'colcon_pkg'
[0.475s] Level 1:colcon.colcon_core.package_identification:_identify(t870_ros/src/t870_rqt_plugin) by extensions ['colcon_meta']
[0.475s] Level 1:colcon.colcon_core.package_identification:_identify(t870_ros/src/t870_rqt_plugin) by extension 'colcon_meta'
[0.475s] Level 1:colcon.colcon_core.package_identification:_identify(t870_ros/src/t870_rqt_plugin) by extensions ['ros']
[0.475s] Level 1:colcon.colcon_core.package_identification:_identify(t870_ros/src/t870_rqt_plugin) by extension 'ros'
[0.476s] DEBUG:colcon.colcon_core.package_identification:Package 't870_ros/src/t870_rqt_plugin' with type 'ros.ament_cmake' and name 't870_rqt_plugin'
[0.476s] Level 1:colcon.colcon_core.package_identification:_identify(t870_ros/src/t870_serial) by extensions ['ignore', 'ignore_ament_install']
[0.476s] Level 1:colcon.colcon_core.package_identification:_identify(t870_ros/src/t870_serial) by extension 'ignore'
[0.476s] Level 1:colcon.colcon_core.package_identification:_identify(t870_ros/src/t870_serial) by extension 'ignore_ament_install'
[0.477s] Level 1:colcon.colcon_core.package_identification:_identify(t870_ros/src/t870_serial) by extensions ['colcon_pkg']
[0.477s] Level 1:colcon.colcon_core.package_identification:_identify(t870_ros/src/t870_serial) by extension 'colcon_pkg'
[0.477s] Level 1:colcon.colcon_core.package_identification:_identify(t870_ros/src/t870_serial) by extensions ['colcon_meta']
[0.477s] Level 1:colcon.colcon_core.package_identification:_identify(t870_ros/src/t870_serial) by extension 'colcon_meta'
[0.477s] Level 1:colcon.colcon_core.package_identification:_identify(t870_ros/src/t870_serial) by extensions ['ros']
[0.477s] Level 1:colcon.colcon_core.package_identification:_identify(t870_ros/src/t870_serial) by extension 'ros'
[0.478s] DEBUG:colcon.colcon_core.package_identification:Package 't870_ros/src/t870_serial' with type 'ros.ament_cmake' and name 't870_serial'
[0.478s] Level 1:colcon.colcon_core.package_identification:_identify(t870_ros/src/t870_util) by extensions ['ignore', 'ignore_ament_install']
[0.478s] Level 1:colcon.colcon_core.package_identification:_identify(t870_ros/src/t870_util) by extension 'ignore'
[0.478s] Level 1:colcon.colcon_core.package_identification:_identify(t870_ros/src/t870_util) by extension 'ignore_ament_install'
[0.478s] Level 1:colcon.colcon_core.package_identification:_identify(t870_ros/src/t870_util) by extensions ['colcon_pkg']
[0.478s] Level 1:colcon.colcon_core.package_identification:_identify(t870_ros/src/t870_util) by extension 'colcon_pkg'
[0.478s] Level 1:colcon.colcon_core.package_identification:_identify(t870_ros/src/t870_util) by extensions ['colcon_meta']
[0.478s] Level 1:colcon.colcon_core.package_identification:_identify(t870_ros/src/t870_util) by extension 'colcon_meta'
[0.478s] Level 1:colcon.colcon_core.package_identification:_identify(t870_ros/src/t870_util) by extensions ['ros']
[0.478s] Level 1:colcon.colcon_core.package_identification:_identify(t870_ros/src/t870_util) by extension 'ros'
[0.479s] DEBUG:colcon.colcon_core.package_identification:Package 't870_ros/src/t870_util' with type 'ros.ament_cmake' and name 't870_util'
[0.479s] Level 1:colcon.colcon_core.package_discovery:discover_packages(recursive) using defaults
[0.479s] Level 1:colcon.colcon_core.package_discovery:discover_packages(ignore) discover
[0.479s] Level 1:colcon.colcon_core.package_discovery:discover_packages(ignore) using defaults
[0.479s] Level 1:colcon.colcon_core.package_discovery:discover_packages(path) discover
[0.479s] Level 1:colcon.colcon_core.package_discovery:discover_packages(path) using defaults
[0.513s] INFO:colcon.colcon_core.package_selection:Skipping not selected package 'cluster_splitter' in 'perception/src/lidar/cluster_splitter'
[0.513s] INFO:colcon.colcon_core.package_selection:Skipping package 'dbscan_clustering' in 'perception/src/lidar/dbscan_clustering'
[0.513s] INFO:colcon.colcon_core.package_selection:Skipping not selected package 'erp42_cmake' in 'erp42_ros/src/erp42_cmake'
[0.513s] INFO:colcon.colcon_core.package_selection:Skipping not selected package 'erp42_msgs' in 'erp42_ros/src/erp42_msgs'
[0.513s] INFO:colcon.colcon_core.package_selection:Skipping not selected package 'ev_msgs' in 'ev_msgs'
[0.513s] INFO:colcon.colcon_core.package_selection:Skipping not selected package 'gps_localization' in 'localization/src/gps_localization'
[0.513s] INFO:colcon.colcon_core.package_selection:Skipping not selected package 'lidar_voxel_grid' in 'perception/src/lidar/lidar_voxel_grid'
[0.513s] INFO:colcon.colcon_core.package_selection:Skipping not selected package 'patchworkpp' in 'perception/src/lidar/patchwork-plusplus-master/patchwork-plusplus-master/ros'
[0.513s] INFO:colcon.colcon_core.package_selection:Skipping not selected package 't870_cmake' in 't870_ros/src/t870_cmake'
[0.513s] INFO:colcon.colcon_core.package_selection:Skipping not selected package 't870_msgs' in 't870_ros/src/t870_msgs'
[0.513s] INFO:colcon.colcon_core.package_selection:Skipping not selected package 'velodyne_cropbox' in 'perception/src/lidar/velodyne_cropbox'
[0.513s] INFO:colcon.colcon_core.package_selection:Skipping not selected package 'velodyne_msgs' in 'perception/src/lidar/velodyne_msgs'
[0.513s] INFO:colcon.colcon_core.package_selection:Skipping not selected package 'chaining_costmap_ver' in 'planning/src/chaining_costmap_ver'
[0.513s] INFO:colcon.colcon_core.package_selection:Skipping not selected package 'erp42_description' in 'erp42_ros/src/erp42_description'
[0.513s] INFO:colcon.colcon_core.package_selection:Skipping not selected package 'erp42_util' in 'erp42_ros/src/erp42_util'
[0.513s] INFO:colcon.colcon_core.package_selection:Skipping not selected package 'make_bbox' in 'perception/src/lidar/make_bbox'
[0.513s] INFO:colcon.colcon_core.package_selection:Skipping not selected package 't870_util' in 't870_ros/src/t870_util'
[0.513s] INFO:colcon.colcon_core.package_selection:Skipping not selected package 'velodyne_driver' in 'perception/src/lidar/velodyne_driver'
[0.513s] INFO:colcon.colcon_core.package_selection:Skipping not selected package 'velodyne_pointcloud' in 'perception/src/lidar/velodyne_pointcloud'
[0.513s] INFO:colcon.colcon_core.package_selection:Skipping not selected package 'erp42_gazebo' in 'erp42_ros/src/erp42_gazebo'
[0.514s] INFO:colcon.colcon_core.package_selection:Skipping not selected package 'erp42_rqt_plugin' in 'erp42_ros/src/erp42_rqt_plugin'
[0.514s] INFO:colcon.colcon_core.package_selection:Skipping not selected package 'erp42_serial' in 'erp42_ros/src/erp42_serial'
[0.514s] INFO:colcon.colcon_core.package_selection:Skipping not selected package 'lidar_launch' in 'perception/src/lidar_launch'
[0.514s] INFO:colcon.colcon_core.package_selection:Skipping not selected package 't870_rqt_plugin' in 't870_ros/src/t870_rqt_plugin'
[0.514s] INFO:colcon.colcon_core.package_selection:Skipping not selected package 't870_serial' in 't870_ros/src/t870_serial'
[0.514s] INFO:colcon.colcon_core.package_selection:Skipping not selected package 'velodyne' in 'perception/src/lidar/velodyne'
[0.514s] Level 1:colcon.colcon_core.package_discovery:discover_packages(prefix_path) check parameters
[0.514s] Level 1:colcon.colcon_core.package_discovery:discover_packages(prefix_path) discover
[0.515s] WARNING:colcon.colcon_ros.prefix_path.ament:The path '/home/kimsohee/ev-1-5/ev_ws/install/velodyne' in the environment variable AMENT_PREFIX_PATH doesn't exist
[0.515s] WARNING:colcon.colcon_ros.prefix_path.ament:The path '/home/kimsohee/ev-1-5/ev_ws/install/lidar_launch' in the environment variable AMENT_PREFIX_PATH doesn't exist
[0.516s] WARNING:colcon.colcon_ros.prefix_path.ament:The path '/home/kimsohee/ev-1-5/ev_ws/install/velodyne_pointcloud' in the environment variable AMENT_PREFIX_PATH doesn't exist
[0.516s] WARNING:colcon.colcon_ros.prefix_path.ament:The path '/home/kimsohee/ev-1-5/ev_ws/install/velodyne_driver' in the environment variable AMENT_PREFIX_PATH doesn't exist
[0.516s] WARNING:colcon.colcon_ros.prefix_path.ament:The path '/home/kimsohee/ev-1-5/ev_ws/install/velodyne_msgs' in the environment variable AMENT_PREFIX_PATH doesn't exist
[0.516s] WARNING:colcon.colcon_ros.prefix_path.ament:The path '/home/kimsohee/ev-1-5/ev_ws/install/velodyne_cropbox' in the environment variable AMENT_PREFIX_PATH doesn't exist
[0.516s] WARNING:colcon.colcon_ros.prefix_path.ament:The path '/home/kimsohee/ev-1-5/ev_ws/install/t870_serial' in the environment variable AMENT_PREFIX_PATH doesn't exist
[0.516s] WARNING:colcon.colcon_ros.prefix_path.ament:The path '/home/kimsohee/ev-1-5/ev_ws/install/t870_rqt_plugin' in the environment variable AMENT_PREFIX_PATH doesn't exist
[0.516s] WARNING:colcon.colcon_ros.prefix_path.ament:The path '/home/kimsohee/ev-1-5/ev_ws/install/t870_util' in the environment variable AMENT_PREFIX_PATH doesn't exist
[0.516s] WARNING:colcon.colcon_ros.prefix_path.ament:The path '/home/kimsohee/ev-1-5/ev_ws/install/t870_msgs' in the environment variable AMENT_PREFIX_PATH doesn't exist
[0.516s] WARNING:colcon.colcon_ros.prefix_path.ament:The path '/home/kimsohee/ev-1-5/ev_ws/install/t870_cmake' in the environment variable AMENT_PREFIX_PATH doesn't exist
[0.516s] WARNING:colcon.colcon_ros.prefix_path.ament:The path '/home/kimsohee/ev-1-5/ev_ws/install/patchworkpp' in the environment variable AMENT_PREFIX_PATH doesn't exist
[0.516s] WARNING:colcon.colcon_ros.prefix_path.ament:The path '/home/kimsohee/ev-1-5/ev_ws/install/make_bbox' in the environment variable AMENT_PREFIX_PATH doesn't exist
[0.516s] WARNING:colcon.colcon_ros.prefix_path.ament:The path '/home/kimsohee/ev-1-5/ev_ws/install/lidar_voxel_grid' in the environment variable AMENT_PREFIX_PATH doesn't exist
[0.516s] WARNING:colcon.colcon_ros.prefix_path.ament:The path '/home/kimsohee/ev-1-5/ev_ws/install/gps_localization' in the environment variable AMENT_PREFIX_PATH doesn't exist
[0.516s] WARNING:colcon.colcon_ros.prefix_path.ament:The path '/home/kimsohee/ev-1-5/ev_ws/install/chaining_costmap_ver' in the environment variable AMENT_PREFIX_PATH doesn't exist
[0.516s] WARNING:colcon.colcon_ros.prefix_path.ament:The path '/home/kimsohee/ev-1-5/ev_ws/install/ev_msgs' in the environment variable AMENT_PREFIX_PATH doesn't exist
[0.516s] WARNING:colcon.colcon_ros.prefix_path.ament:The path '/home/kimsohee/ev-1-5/ev_ws/install/erp42_serial' in the environment variable AMENT_PREFIX_PATH doesn't exist
[0.516s] WARNING:colcon.colcon_ros.prefix_path.ament:The path '/home/kimsohee/ev-1-5/ev_ws/install/erp42_rqt_plugin' in the environment variable AMENT_PREFIX_PATH doesn't exist
[0.516s] WARNING:colcon.colcon_ros.prefix_path.ament:The path '/home/kimsohee/ev-1-5/ev_ws/install/erp42_util' in the environment variable AMENT_PREFIX_PATH doesn't exist
[0.516s] WARNING:colcon.colcon_ros.prefix_path.ament:The path '/home/kimsohee/ev-1-5/ev_ws/install/erp42_msgs' in the environment variable AMENT_PREFIX_PATH doesn't exist
[0.516s] WARNING:colcon.colcon_ros.prefix_path.ament:The path '/home/kimsohee/ev-1-5/ev_ws/install/erp42_description' in the environment variable AMENT_PREFIX_PATH doesn't exist
[0.516s] WARNING:colcon.colcon_ros.prefix_path.ament:The path '/home/kimsohee/ev-1-5/ev_ws/install/erp42_cmake' in the environment variable AMENT_PREFIX_PATH doesn't exist
[0.516s] WARNING:colcon.colcon_ros.prefix_path.ament:The path '/home/kimsohee/ev-1-5/ev_ws/install/cluster_splitter' in the environment variable AMENT_PREFIX_PATH doesn't exist
[0.517s] WARNING:colcon.colcon_ros.prefix_path.catkin:The path '/home/kimsohee/ev-1-5/ev_ws/install/velodyne' in the environment variable CMAKE_PREFIX_PATH doesn't exist
[0.517s] WARNING:colcon.colcon_ros.prefix_path.catkin:The path '/home/kimsohee/ev-1-5/ev_ws/install/lidar_launch' in the environment variable CMAKE_PREFIX_PATH doesn't exist
[0.517s] WARNING:colcon.colcon_ros.prefix_path.catkin:The path '/home/kimsohee/ev-1-5/ev_ws/install/velodyne_pointcloud' in the environment variable CMAKE_PREFIX_PATH doesn't exist
[0.517s] WARNING:colcon.colcon_ros.prefix_path.catkin:The path '/home/kimsohee/ev-1-5/ev_ws/install/velodyne_driver' in the environment variable CMAKE_PREFIX_PATH doesn't exist
[0.517s] WARNING:colcon.colcon_ros.prefix_path.catkin:The path '/home/kimsohee/ev-1-5/ev_ws/install/velodyne_msgs' in the environment variable CMAKE_PREFIX_PATH doesn't exist
[0.517s] WARNING:colcon.colcon_ros.prefix_path.catkin:The path '/home/kimsohee/ev-1-5/ev_ws/install/velodyne_cropbox' in the environment variable CMAKE_PREFIX_PATH doesn't exist
[0.517s] WARNING:colcon.colcon_ros.prefix_path.catkin:The path '/home/kimsohee/ev-1-5/ev_ws/install/t870_serial' in the environment variable CMAKE_PREFIX_PATH doesn't exist
[0.517s] WARNING:colcon.colcon_ros.prefix_path.catkin:The path '/home/kimsohee/ev-1-5/ev_ws/install/t870_rqt_plugin' in the environment variable CMAKE_PREFIX_PATH doesn't exist
[0.517s] WARNING:colcon.colcon_ros.prefix_path.catkin:The path '/home/kimsohee/ev-1-5/ev_ws/install/t870_util' in the environment variable CMAKE_PREFIX_PATH doesn't exist
[0.517s] WARNING:colcon.colcon_ros.prefix_path.catkin:The path '/home/kimsohee/ev-1-5/ev_ws/install/t870_msgs' in the environment variable CMAKE_PREFIX_PATH doesn't exist
[0.517s] WARNING:colcon.colcon_ros.prefix_path.catkin:The path '/home/kimsohee/ev-1-5/ev_ws/install/t870_cmake' in the environment variable CMAKE_PREFIX_PATH doesn't exist
[0.517s] WARNING:colcon.colcon_ros.prefix_path.catkin:The path '/home/kimsohee/ev-1-5/ev_ws/install/patchworkpp' in the environment variable CMAKE_PREFIX_PATH doesn't exist
[0.517s] WARNING:colcon.colcon_ros.prefix_path.catkin:The path '/home/kimsohee/ev-1-5/ev_ws/install/make_bbox' in the environment variable CMAKE_PREFIX_PATH doesn't exist
[0.517s] WARNING:colcon.colcon_ros.prefix_path.catkin:The path '/home/kimsohee/ev-1-5/ev_ws/install/lidar_voxel_grid' in the environment variable CMAKE_PREFIX_PATH doesn't exist
[0.517s] WARNING:colcon.colcon_ros.prefix_path.catkin:The path '/home/kimsohee/ev-1-5/ev_ws/install/gps_localization' in the environment variable CMAKE_PREFIX_PATH doesn't exist
[0.517s] WARNING:colcon.colcon_ros.prefix_path.catkin:The path '/home/kimsohee/ev-1-5/ev_ws/install/chaining_costmap_ver' in the environment variable CMAKE_PREFIX_PATH doesn't exist
[0.517s] WARNING:colcon.colcon_ros.prefix_path.catkin:The path '/home/kimsohee/ev-1-5/ev_ws/install/ev_msgs' in the environment variable CMAKE_PREFIX_PATH doesn't exist
[0.517s] WARNING:colcon.colcon_ros.prefix_path.catkin:The path '/home/kimsohee/ev-1-5/ev_ws/install/erp42_serial' in the environment variable CMAKE_PREFIX_PATH doesn't exist
[0.517s] WARNING:colcon.colcon_ros.prefix_path.catkin:The path '/home/kimsohee/ev-1-5/ev_ws/install/erp42_rqt_plugin' in the environment variable CMAKE_PREFIX_PATH doesn't exist
[0.518s] WARNING:colcon.colcon_ros.prefix_path.catkin:The path '/home/kimsohee/ev-1-5/ev_ws/install/erp42_util' in the environment variable CMAKE_PREFIX_PATH doesn't exist
[0.518s] WARNING:colcon.colcon_ros.prefix_path.catkin:The path '/home/kimsohee/ev-1-5/ev_ws/install/erp42_msgs' in the environment variable CMAKE_PREFIX_PATH doesn't exist
[0.518s] WARNING:colcon.colcon_ros.prefix_path.catkin:The path '/home/kimsohee/ev-1-5/ev_ws/install/erp42_description' in the environment variable CMAKE_PREFIX_PATH doesn't exist
[0.518s] WARNING:colcon.colcon_ros.prefix_path.catkin:The path '/home/kimsohee/ev-1-5/ev_ws/install/erp42_cmake' in the environment variable CMAKE_PREFIX_PATH doesn't exist
[0.518s] WARNING:colcon.colcon_ros.prefix_path.catkin:The path '/home/kimsohee/ev-1-5/ev_ws/install/cluster_splitter' in the environment variable CMAKE_PREFIX_PATH doesn't exist
[0.519s] DEBUG:colcon.colcon_installed_package_information.package_discovery:Found 2 installed packages in /home/kimsohee/ev-1-5/ev_ws/install
[0.519s] DEBUG:colcon.colcon_installed_package_information.package_discovery:Found 7 installed packages in /home/kimsohee/workspace/ros2/erp42_ros/install
[0.521s] DEBUG:colcon.colcon_installed_package_information.package_discovery:Found 288 installed packages in /opt/ros/humble
[0.523s] Level 1:colcon.colcon_core.package_discovery:discover_packages(prefix_path) using defaults
[0.568s] Level 5:colcon.colcon_core.verb:set package 'carsa_gazebo' build argument 'cmake_args' from command line to 'None'
[0.568s] Level 5:colcon.colcon_core.verb:set package 'carsa_gazebo' build argument 'cmake_target' from command line to 'None'
[0.569s] Level 5:colcon.colcon_core.verb:set package 'carsa_gazebo' build argument 'cmake_target_skip_unavailable' from command line to 'False'
[0.569s] Level 5:colcon.colcon_core.verb:set package 'carsa_gazebo' build argument 'cmake_clean_cache' from command line to 'False'
[0.569s] Level 5:colcon.colcon_core.verb:set package 'carsa_gazebo' build argument 'cmake_clean_first' from command line to 'False'
[0.569s] Level 5:colcon.colcon_core.verb:set package 'carsa_gazebo' build argument 'cmake_force_configure' from command line to 'False'
[0.569s] Level 5:colcon.colcon_core.verb:set package 'carsa_gazebo' build argument 'ament_cmake_args' from command line to 'None'
[0.569s] Level 5:colcon.colcon_core.verb:set package 'carsa_gazebo' build argument 'catkin_cmake_args' from command line to 'None'
[0.569s] Level 5:colcon.colcon_core.verb:set package 'carsa_gazebo' build argument 'catkin_skip_building_tests' from command line to 'False'
[0.569s] DEBUG:colcon.colcon_core.verb:Building package 'carsa_gazebo' with the following arguments: {'ament_cmake_args': None, 'build_base': '/home/kimsohee/ev-1-5/ev_ws/build/carsa_gazebo', 'catkin_cmake_args': None, 'catkin_skip_building_tests': False, 'cmake_args': None, 'cmake_clean_cache': False, 'cmake_clean_first': False, 'cmake_force_configure': False, 'cmake_target': None, 'cmake_target_skip_unavailable': False, 'install_base': '/home/kimsohee/ev-1-5/ev_ws/install/carsa_gazebo', 'merge_install': False, 'path': '/home/kimsohee/ev-1-5/ev_ws/carsa_gazebo', 'symlink_install': False, 'test_result_base': None}
[0.569s] INFO:colcon.colcon_core.executor:Executing jobs using 'parallel' executor
[0.571s] DEBUG:colcon.colcon_parallel_executor.executor.parallel:run_until_complete
[0.571s] INFO:colcon.colcon_ros.task.ament_cmake.build:Building ROS package in '/home/kimsohee/ev-1-5/ev_ws/carsa_gazebo' with build type 'ament_cmake'
[0.571s] INFO:colcon.colcon_cmake.task.cmake.build:Building CMake package in '/home/kimsohee/ev-1-5/ev_ws/carsa_gazebo'
[0.578s] INFO:colcon.colcon_core.plugin_system:Skipping extension 'colcon_core.shell.bat': Not used on non-Windows systems
[0.578s] INFO:colcon.colcon_core.shell:Skip shell extension 'powershell' for command environment: Not usable outside of PowerShell
[0.579s] DEBUG:colcon.colcon_core.shell:Skip shell extension 'dsv' for command environment
[0.597s] DEBUG:colcon.colcon_core.event_handler.log_command:Invoking command in '/home/kimsohee/ev-1-5/ev_ws/build/carsa_gazebo': CMAKE_PREFIX_PATH=${CMAKE_PREFIX_PATH}:/opt/ros/humble /usr/bin/cmake --build /home/kimsohee/ev-1-5/ev_ws/build/carsa_gazebo -- -j8 -l8
[0.662s] DEBUG:colcon.colcon_core.event_handler.log_command:Invoked command in '/home/kimsohee/ev-1-5/ev_ws/build/carsa_gazebo' returned '0': CMAKE_PREFIX_PATH=${CMAKE_PREFIX_PATH}:/opt/ros/humble /usr/bin/cmake --build /home/kimsohee/ev-1-5/ev_ws/build/carsa_gazebo -- -j8 -l8
[0.677s] DEBUG:colcon.colcon_core.event_handler.log_command:Invoking command in '/home/kimsohee/ev-1-5/ev_ws/build/carsa_gazebo': CMAKE_PREFIX_PATH=${CMAKE_PREFIX_PATH}:/opt/ros/humble /usr/bin/cmake --install /home/kimsohee/ev-1-5/ev_ws/build/carsa_gazebo
[0.699s] Level 1:colcon.colcon_core.environment:create_environment_scripts_only(carsa_gazebo)
[0.699s] DEBUG:colcon.colcon_core.event_handler.log_command:Invoked command in '/home/kimsohee/ev-1-5/ev_ws/build/carsa_gazebo' returned '0': CMAKE_PREFIX_PATH=${CMAKE_PREFIX_PATH}:/opt/ros/humble /usr/bin/cmake --install /home/kimsohee/ev-1-5/ev_ws/build/carsa_gazebo
[0.705s] Level 1:colcon.colcon_core.environment:checking '/home/kimsohee/ev-1-5/ev_ws/install/carsa_gazebo' for CMake module files
[0.706s] Level 1:colcon.colcon_core.environment:checking '/home/kimsohee/ev-1-5/ev_ws/install/carsa_gazebo' for CMake config files
[0.707s] Level 1:colcon.colcon_core.shell:create_environment_hook('carsa_gazebo', 'cmake_prefix_path')
[0.707s] INFO:colcon.colcon_core.shell:Creating environment hook '/home/kimsohee/ev-1-5/ev_ws/install/carsa_gazebo/share/carsa_gazebo/hook/cmake_prefix_path.ps1'
[0.708s] INFO:colcon.colcon_core.shell:Creating environment descriptor '/home/kimsohee/ev-1-5/ev_ws/install/carsa_gazebo/share/carsa_gazebo/hook/cmake_prefix_path.dsv'
[0.709s] INFO:colcon.colcon_core.shell:Creating environment hook '/home/kimsohee/ev-1-5/ev_ws/install/carsa_gazebo/share/carsa_gazebo/hook/cmake_prefix_path.sh'
[0.710s] Level 1:colcon.colcon_core.environment:checking '/home/kimsohee/ev-1-5/ev_ws/install/carsa_gazebo/bin'
[0.710s] Level 1:colcon.colcon_core.environment:checking '/home/kimsohee/ev-1-5/ev_ws/install/carsa_gazebo/lib/pkgconfig/carsa_gazebo.pc'
[0.711s] Level 1:colcon.colcon_core.environment:checking '/home/kimsohee/ev-1-5/ev_ws/install/carsa_gazebo/lib/python3.10/site-packages'
[0.711s] Level 1:colcon.colcon_core.environment:checking '/home/kimsohee/ev-1-5/ev_ws/install/carsa_gazebo/bin'
[0.712s] INFO:colcon.colcon_core.shell:Creating package script '/home/kimsohee/ev-1-5/ev_ws/install/carsa_gazebo/share/carsa_gazebo/package.ps1'
[0.713s] INFO:colcon.colcon_core.shell:Creating package descriptor '/home/kimsohee/ev-1-5/ev_ws/install/carsa_gazebo/share/carsa_gazebo/package.dsv'
[0.713s] INFO:colcon.colcon_core.shell:Creating package script '/home/kimsohee/ev-1-5/ev_ws/install/carsa_gazebo/share/carsa_gazebo/package.sh'
[0.714s] INFO:colcon.colcon_core.shell:Creating package script '/home/kimsohee/ev-1-5/ev_ws/install/carsa_gazebo/share/carsa_gazebo/package.bash'
[0.715s] INFO:colcon.colcon_core.shell:Creating package script '/home/kimsohee/ev-1-5/ev_ws/install/carsa_gazebo/share/carsa_gazebo/package.zsh'
[0.716s] Level 1:colcon.colcon_core.environment:create_file_with_runtime_dependencies(/home/kimsohee/ev-1-5/ev_ws/install/carsa_gazebo/share/colcon-core/packages/carsa_gazebo)
[0.716s] Level 1:colcon.colcon_core.environment:create_environment_scripts_only(carsa_gazebo)
[0.717s] Level 1:colcon.colcon_core.environment:checking '/home/kimsohee/ev-1-5/ev_ws/install/carsa_gazebo' for CMake module files
[0.717s] Level 1:colcon.colcon_core.environment:checking '/home/kimsohee/ev-1-5/ev_ws/install/carsa_gazebo' for CMake config files
[0.718s] Level 1:colcon.colcon_core.shell:create_environment_hook('carsa_gazebo', 'cmake_prefix_path')
[0.718s] INFO:colcon.colcon_core.shell:Creating environment hook '/home/kimsohee/ev-1-5/ev_ws/install/carsa_gazebo/share/carsa_gazebo/hook/cmake_prefix_path.ps1'
[0.718s] INFO:colcon.colcon_core.shell:Creating environment descriptor '/home/kimsohee/ev-1-5/ev_ws/install/carsa_gazebo/share/carsa_gazebo/hook/cmake_prefix_path.dsv'
[0.719s] INFO:colcon.colcon_core.shell:Creating environment hook '/home/kimsohee/ev-1-5/ev_ws/install/carsa_gazebo/share/carsa_gazebo/hook/cmake_prefix_path.sh'
[0.719s] Level 1:colcon.colcon_core.environment:checking '/home/kimsohee/ev-1-5/ev_ws/install/carsa_gazebo/bin'
[0.719s] Level 1:colcon.colcon_core.environment:checking '/home/kimsohee/ev-1-5/ev_ws/install/carsa_gazebo/lib/pkgconfig/carsa_gazebo.pc'
[0.720s] Level 1:colcon.colcon_core.environment:checking '/home/kimsohee/ev-1-5/ev_ws/install/carsa_gazebo/lib/python3.10/site-packages'
[0.720s] Level 1:colcon.colcon_core.environment:checking '/home/kimsohee/ev-1-5/ev_ws/install/carsa_gazebo/bin'
[0.721s] INFO:colcon.colcon_core.shell:Creating package script '/home/kimsohee/ev-1-5/ev_ws/install/carsa_gazebo/share/carsa_gazebo/package.ps1'
[0.721s] INFO:colcon.colcon_core.shell:Creating package descriptor '/home/kimsohee/ev-1-5/ev_ws/install/carsa_gazebo/share/carsa_gazebo/package.dsv'
[0.722s] INFO:colcon.colcon_core.shell:Creating package script '/home/kimsohee/ev-1-5/ev_ws/install/carsa_gazebo/share/carsa_gazebo/package.sh'
[0.722s] INFO:colcon.colcon_core.shell:Creating package script '/home/kimsohee/ev-1-5/ev_ws/install/carsa_gazebo/share/carsa_gazebo/package.bash'
[0.723s] INFO:colcon.colcon_core.shell:Creating package script '/home/kimsohee/ev-1-5/ev_ws/install/carsa_gazebo/share/carsa_gazebo/package.zsh'
[0.723s] Level 1:colcon.colcon_core.environment:create_file_with_runtime_dependencies(/home/kimsohee/ev-1-5/ev_ws/install/carsa_gazebo/share/colcon-core/packages/carsa_gazebo)
[0.724s] DEBUG:colcon.colcon_parallel_executor.executor.parallel:closing loop
[0.724s] DEBUG:colcon.colcon_parallel_executor.executor.parallel:loop closed
[0.724s] DEBUG:colcon.colcon_parallel_executor.executor.parallel:run_until_complete finished with '0'
[0.724s] DEBUG:colcon.colcon_core.event_reactor:joining thread
[0.731s] INFO:colcon.colcon_core.plugin_system:Skipping extension 'colcon_notification.desktop_notification.terminal_notifier': Not used on non-Darwin systems
[0.732s] INFO:colcon.colcon_core.plugin_system:Skipping extension 'colcon_notification.desktop_notification.win32': Not used on non-Windows systems
[0.732s] INFO:colcon.colcon_notification.desktop_notification:Sending desktop notification using 'notify2'
[0.746s] DEBUG:colcon.colcon_core.event_reactor:joined thread
[0.746s] INFO:colcon.colcon_core.shell:Creating prefix script '/home/kimsohee/ev-1-5/ev_ws/install/local_setup.ps1'
[0.748s] INFO:colcon.colcon_core.shell:Creating prefix util module '/home/kimsohee/ev-1-5/ev_ws/install/_local_setup_util_ps1.py'
[0.750s] INFO:colcon.colcon_core.shell:Creating prefix chain script '/home/kimsohee/ev-1-5/ev_ws/install/setup.ps1'
[0.751s] INFO:colcon.colcon_core.shell:Creating prefix script '/home/kimsohee/ev-1-5/ev_ws/install/local_setup.sh'
[0.752s] INFO:colcon.colcon_core.shell:Creating prefix util module '/home/kimsohee/ev-1-5/ev_ws/install/_local_setup_util_sh.py'
[0.753s] INFO:colcon.colcon_core.shell:Creating prefix chain script '/home/kimsohee/ev-1-5/ev_ws/install/setup.sh'
[0.754s] INFO:colcon.colcon_core.shell:Creating prefix script '/home/kimsohee/ev-1-5/ev_ws/install/local_setup.bash'
[0.755s] INFO:colcon.colcon_core.shell:Creating prefix chain script '/home/kimsohee/ev-1-5/ev_ws/install/setup.bash'
[0.757s] INFO:colcon.colcon_core.shell:Creating prefix script '/home/kimsohee/ev-1-5/ev_ws/install/local_setup.zsh'
[0.757s] INFO:colcon.colcon_core.shell:Creating prefix chain script '/home/kimsohee/ev-1-5/ev_ws/install/setup.zsh'
