[0.052s] DEBUG:colcon:Command line arguments: ['/usr/bin/colcon', 'build', '--symlink-install']
[0.052s] DEBUG:colcon:Parsed command line arguments: Namespace(log_base=None, log_level=None, verb_name='build', build_base='build', install_base='install', merge_install=False, symlink_install=True, test_result_base=None, continue_on_error=False, executor='parallel', parallel_workers=28, event_handlers=None, ignore_user_meta=False, metas=['./colcon.meta'], base_paths=['.'], packages_ignore=None, packages_ignore_regex=None, paths=None, packages_up_to=None, packages_up_to_regex=None, packages_above=None, packages_above_and_dependencies=None, packages_above_depth=None, packages_select_by_dep=None, packages_skip_by_dep=None, packages_skip_up_to=None, packages_select_build_failed=False, packages_skip_build_finished=False, packages_select_test_failures=False, packages_skip_test_passed=False, packages_select=None, packages_skip=None, packages_select_regex=None, packages_skip_regex=None, packages_start=None, packages_end=None, allow_overriding=[], cmake_args=None, cmake_target=None, cmake_target_skip_unavailable=False, cmake_clean_cache=False, cmake_clean_first=False, cmake_force_configure=False, ament_cmake_args=None, catkin_cmake_args=None, catkin_skip_building_tests=False, mixin_files=None, mixin=None, verb_parser=<colcon_mixin.mixin.mixin_argument.MixinArgumentDecorator object at 0x75dfbcd4ba60>, verb_extension=<colcon_core.verb.build.BuildVerb object at 0x75dfbcd4b4f0>, main=<bound method BuildVerb.main of <colcon_core.verb.build.BuildVerb object at 0x75dfbcd4b4f0>>, mixin_verb=('build',))
[0.132s] Level 1:colcon.colcon_core.package_discovery:discover_packages(colcon_meta) check parameters
[0.132s] Level 1:colcon.colcon_core.package_discovery:discover_packages(recursive) check parameters
[0.132s] Level 1:colcon.colcon_core.package_discovery:discover_packages(ignore) check parameters
[0.132s] Level 1:colcon.colcon_core.package_discovery:discover_packages(path) check parameters
[0.132s] Level 1:colcon.colcon_core.package_discovery:discover_packages(colcon_meta) discover
[0.132s] Level 1:colcon.colcon_core.package_discovery:discover_packages(recursive) discover
[0.132s] INFO:colcon.colcon_core.package_discovery:Crawling recursively for packages in '/home/aiv/ev_ws/perception'
[0.132s] Level 1:colcon.colcon_core.package_identification:_identify(.) by extensions ['ignore', 'ignore_ament_install']
[0.133s] Level 1:colcon.colcon_core.package_identification:_identify(.) by extension 'ignore'
[0.133s] Level 1:colcon.colcon_core.package_identification:_identify(.) by extension 'ignore_ament_install'
[0.133s] Level 1:colcon.colcon_core.package_identification:_identify(.) by extensions ['colcon_pkg']
[0.133s] Level 1:colcon.colcon_core.package_identification:_identify(.) by extension 'colcon_pkg'
[0.133s] Level 1:colcon.colcon_core.package_identification:_identify(.) by extensions ['colcon_meta']
[0.133s] Level 1:colcon.colcon_core.package_identification:_identify(.) by extension 'colcon_meta'
[0.133s] Level 1:colcon.colcon_core.package_identification:_identify(.) by extensions ['ros']
[0.133s] Level 1:colcon.colcon_core.package_identification:_identify(.) by extension 'ros'
[0.138s] Level 1:colcon.colcon_core.package_identification:_identify(.) by extensions ['cmake', 'python']
[0.138s] Level 1:colcon.colcon_core.package_identification:_identify(.) by extension 'cmake'
[0.138s] Level 1:colcon.colcon_core.package_identification:_identify(.) by extension 'python'
[0.138s] Level 1:colcon.colcon_core.package_identification:_identify(.) by extensions ['python_setup_py']
[0.138s] Level 1:colcon.colcon_core.package_identification:_identify(.) by extension 'python_setup_py'
[0.139s] Level 1:colcon.colcon_core.package_identification:_identify(build) by extensions ['ignore', 'ignore_ament_install']
[0.139s] Level 1:colcon.colcon_core.package_identification:_identify(build) by extension 'ignore'
[0.139s] Level 1:colcon.colcon_core.package_identification:_identify(build) ignored
[0.139s] Level 1:colcon.colcon_core.package_identification:_identify(install) by extensions ['ignore', 'ignore_ament_install']
[0.139s] Level 1:colcon.colcon_core.package_identification:_identify(install) by extension 'ignore'
[0.139s] Level 1:colcon.colcon_core.package_identification:_identify(install) ignored
[0.139s] Level 1:colcon.colcon_core.package_identification:_identify(log) by extensions ['ignore', 'ignore_ament_install']
[0.139s] Level 1:colcon.colcon_core.package_identification:_identify(log) by extension 'ignore'
[0.139s] Level 1:colcon.colcon_core.package_identification:_identify(log) ignored
[0.139s] Level 1:colcon.colcon_core.package_identification:_identify(rosbag) by extensions ['ignore', 'ignore_ament_install']
[0.139s] Level 1:colcon.colcon_core.package_identification:_identify(rosbag) by extension 'ignore'
[0.139s] Level 1:colcon.colcon_core.package_identification:_identify(rosbag) by extension 'ignore_ament_install'
[0.139s] Level 1:colcon.colcon_core.package_identification:_identify(rosbag) by extensions ['colcon_pkg']
[0.139s] Level 1:colcon.colcon_core.package_identification:_identify(rosbag) by extension 'colcon_pkg'
[0.139s] Level 1:colcon.colcon_core.package_identification:_identify(rosbag) by extensions ['colcon_meta']
[0.139s] Level 1:colcon.colcon_core.package_identification:_identify(rosbag) by extension 'colcon_meta'
[0.139s] Level 1:colcon.colcon_core.package_identification:_identify(rosbag) by extensions ['ros']
[0.139s] Level 1:colcon.colcon_core.package_identification:_identify(rosbag) by extension 'ros'
[0.139s] Level 1:colcon.colcon_core.package_identification:_identify(rosbag) by extensions ['cmake', 'python']
[0.139s] Level 1:colcon.colcon_core.package_identification:_identify(rosbag) by extension 'cmake'
[0.139s] Level 1:colcon.colcon_core.package_identification:_identify(rosbag) by extension 'python'
[0.139s] Level 1:colcon.colcon_core.package_identification:_identify(rosbag) by extensions ['python_setup_py']
[0.139s] Level 1:colcon.colcon_core.package_identification:_identify(rosbag) by extension 'python_setup_py'
[0.139s] Level 1:colcon.colcon_core.package_identification:_identify(rosbag/playground) by extensions ['ignore', 'ignore_ament_install']
[0.139s] Level 1:colcon.colcon_core.package_identification:_identify(rosbag/playground) by extension 'ignore'
[0.139s] Level 1:colcon.colcon_core.package_identification:_identify(rosbag/playground) by extension 'ignore_ament_install'
[0.139s] Level 1:colcon.colcon_core.package_identification:_identify(rosbag/playground) by extensions ['colcon_pkg']
[0.139s] Level 1:colcon.colcon_core.package_identification:_identify(rosbag/playground) by extension 'colcon_pkg'
[0.139s] Level 1:colcon.colcon_core.package_identification:_identify(rosbag/playground) by extensions ['colcon_meta']
[0.139s] Level 1:colcon.colcon_core.package_identification:_identify(rosbag/playground) by extension 'colcon_meta'
[0.139s] Level 1:colcon.colcon_core.package_identification:_identify(rosbag/playground) by extensions ['ros']
[0.139s] Level 1:colcon.colcon_core.package_identification:_identify(rosbag/playground) by extension 'ros'
[0.139s] Level 1:colcon.colcon_core.package_identification:_identify(rosbag/playground) by extensions ['cmake', 'python']
[0.139s] Level 1:colcon.colcon_core.package_identification:_identify(rosbag/playground) by extension 'cmake'
[0.139s] Level 1:colcon.colcon_core.package_identification:_identify(rosbag/playground) by extension 'python'
[0.139s] Level 1:colcon.colcon_core.package_identification:_identify(rosbag/playground) by extensions ['python_setup_py']
[0.139s] Level 1:colcon.colcon_core.package_identification:_identify(rosbag/playground) by extension 'python_setup_py'
[0.139s] Level 1:colcon.colcon_core.package_identification:_identify(rosbag/playground2_good) by extensions ['ignore', 'ignore_ament_install']
[0.139s] Level 1:colcon.colcon_core.package_identification:_identify(rosbag/playground2_good) by extension 'ignore'
[0.139s] Level 1:colcon.colcon_core.package_identification:_identify(rosbag/playground2_good) by extension 'ignore_ament_install'
[0.139s] Level 1:colcon.colcon_core.package_identification:_identify(rosbag/playground2_good) by extensions ['colcon_pkg']
[0.139s] Level 1:colcon.colcon_core.package_identification:_identify(rosbag/playground2_good) by extension 'colcon_pkg'
[0.139s] Level 1:colcon.colcon_core.package_identification:_identify(rosbag/playground2_good) by extensions ['colcon_meta']
[0.139s] Level 1:colcon.colcon_core.package_identification:_identify(rosbag/playground2_good) by extension 'colcon_meta'
[0.139s] Level 1:colcon.colcon_core.package_identification:_identify(rosbag/playground2_good) by extensions ['ros']
[0.139s] Level 1:colcon.colcon_core.package_identification:_identify(rosbag/playground2_good) by extension 'ros'
[0.139s] Level 1:colcon.colcon_core.package_identification:_identify(rosbag/playground2_good) by extensions ['cmake', 'python']
[0.139s] Level 1:colcon.colcon_core.package_identification:_identify(rosbag/playground2_good) by extension 'cmake'
[0.140s] Level 1:colcon.colcon_core.package_identification:_identify(rosbag/playground2_good) by extension 'python'
[0.140s] Level 1:colcon.colcon_core.package_identification:_identify(rosbag/playground2_good) by extensions ['python_setup_py']
[0.140s] Level 1:colcon.colcon_core.package_identification:_identify(rosbag/playground2_good) by extension 'python_setup_py'
[0.140s] Level 1:colcon.colcon_core.package_identification:_identify(rosbag/playground3_good) by extensions ['ignore', 'ignore_ament_install']
[0.140s] Level 1:colcon.colcon_core.package_identification:_identify(rosbag/playground3_good) by extension 'ignore'
[0.140s] Level 1:colcon.colcon_core.package_identification:_identify(rosbag/playground3_good) by extension 'ignore_ament_install'
[0.140s] Level 1:colcon.colcon_core.package_identification:_identify(rosbag/playground3_good) by extensions ['colcon_pkg']
[0.140s] Level 1:colcon.colcon_core.package_identification:_identify(rosbag/playground3_good) by extension 'colcon_pkg'
[0.140s] Level 1:colcon.colcon_core.package_identification:_identify(rosbag/playground3_good) by extensions ['colcon_meta']
[0.140s] Level 1:colcon.colcon_core.package_identification:_identify(rosbag/playground3_good) by extension 'colcon_meta'
[0.140s] Level 1:colcon.colcon_core.package_identification:_identify(rosbag/playground3_good) by extensions ['ros']
[0.140s] Level 1:colcon.colcon_core.package_identification:_identify(rosbag/playground3_good) by extension 'ros'
[0.140s] Level 1:colcon.colcon_core.package_identification:_identify(rosbag/playground3_good) by extensions ['cmake', 'python']
[0.140s] Level 1:colcon.colcon_core.package_identification:_identify(rosbag/playground3_good) by extension 'cmake'
[0.140s] Level 1:colcon.colcon_core.package_identification:_identify(rosbag/playground3_good) by extension 'python'
[0.140s] Level 1:colcon.colcon_core.package_identification:_identify(rosbag/playground3_good) by extensions ['python_setup_py']
[0.140s] Level 1:colcon.colcon_core.package_identification:_identify(rosbag/playground3_good) by extension 'python_setup_py'
[0.140s] Level 1:colcon.colcon_core.package_identification:_identify(src) by extensions ['ignore', 'ignore_ament_install']
[0.140s] Level 1:colcon.colcon_core.package_identification:_identify(src) by extension 'ignore'
[0.140s] Level 1:colcon.colcon_core.package_identification:_identify(src) by extension 'ignore_ament_install'
[0.140s] Level 1:colcon.colcon_core.package_identification:_identify(src) by extensions ['colcon_pkg']
[0.140s] Level 1:colcon.colcon_core.package_identification:_identify(src) by extension 'colcon_pkg'
[0.140s] Level 1:colcon.colcon_core.package_identification:_identify(src) by extensions ['colcon_meta']
[0.140s] Level 1:colcon.colcon_core.package_identification:_identify(src) by extension 'colcon_meta'
[0.140s] Level 1:colcon.colcon_core.package_identification:_identify(src) by extensions ['ros']
[0.140s] Level 1:colcon.colcon_core.package_identification:_identify(src) by extension 'ros'
[0.140s] Level 1:colcon.colcon_core.package_identification:_identify(src) by extensions ['cmake', 'python']
[0.140s] Level 1:colcon.colcon_core.package_identification:_identify(src) by extension 'cmake'
[0.140s] Level 1:colcon.colcon_core.package_identification:_identify(src) by extension 'python'
[0.140s] Level 1:colcon.colcon_core.package_identification:_identify(src) by extensions ['python_setup_py']
[0.140s] Level 1:colcon.colcon_core.package_identification:_identify(src) by extension 'python_setup_py'
[0.140s] Level 1:colcon.colcon_core.package_identification:_identify(src/lidar) by extensions ['ignore', 'ignore_ament_install']
[0.140s] Level 1:colcon.colcon_core.package_identification:_identify(src/lidar) by extension 'ignore'
[0.140s] Level 1:colcon.colcon_core.package_identification:_identify(src/lidar) by extension 'ignore_ament_install'
[0.140s] Level 1:colcon.colcon_core.package_identification:_identify(src/lidar) by extensions ['colcon_pkg']
[0.140s] Level 1:colcon.colcon_core.package_identification:_identify(src/lidar) by extension 'colcon_pkg'
[0.140s] Level 1:colcon.colcon_core.package_identification:_identify(src/lidar) by extensions ['colcon_meta']
[0.140s] Level 1:colcon.colcon_core.package_identification:_identify(src/lidar) by extension 'colcon_meta'
[0.140s] Level 1:colcon.colcon_core.package_identification:_identify(src/lidar) by extensions ['ros']
[0.140s] Level 1:colcon.colcon_core.package_identification:_identify(src/lidar) by extension 'ros'
[0.140s] Level 1:colcon.colcon_core.package_identification:_identify(src/lidar) by extensions ['cmake', 'python']
[0.140s] Level 1:colcon.colcon_core.package_identification:_identify(src/lidar) by extension 'cmake'
[0.140s] Level 1:colcon.colcon_core.package_identification:_identify(src/lidar) by extension 'python'
[0.140s] Level 1:colcon.colcon_core.package_identification:_identify(src/lidar) by extensions ['python_setup_py']
[0.140s] Level 1:colcon.colcon_core.package_identification:_identify(src/lidar) by extension 'python_setup_py'
[0.140s] Level 1:colcon.colcon_core.package_identification:_identify(src/lidar/cluster_splitter) by extensions ['ignore', 'ignore_ament_install']
[0.140s] Level 1:colcon.colcon_core.package_identification:_identify(src/lidar/cluster_splitter) by extension 'ignore'
[0.140s] Level 1:colcon.colcon_core.package_identification:_identify(src/lidar/cluster_splitter) by extension 'ignore_ament_install'
[0.140s] Level 1:colcon.colcon_core.package_identification:_identify(src/lidar/cluster_splitter) by extensions ['colcon_pkg']
[0.140s] Level 1:colcon.colcon_core.package_identification:_identify(src/lidar/cluster_splitter) by extension 'colcon_pkg'
[0.140s] Level 1:colcon.colcon_core.package_identification:_identify(src/lidar/cluster_splitter) by extensions ['colcon_meta']
[0.140s] Level 1:colcon.colcon_core.package_identification:_identify(src/lidar/cluster_splitter) by extension 'colcon_meta'
[0.140s] Level 1:colcon.colcon_core.package_identification:_identify(src/lidar/cluster_splitter) by extensions ['ros']
[0.140s] Level 1:colcon.colcon_core.package_identification:_identify(src/lidar/cluster_splitter) by extension 'ros'
[0.142s] DEBUG:colcon.colcon_core.package_identification:Package 'src/lidar/cluster_splitter' with type 'ros.ament_cmake' and name 'cluster_splitter'
[0.142s] Level 1:colcon.colcon_core.package_identification:_identify(src/lidar/dbscan_clustering) by extensions ['ignore', 'ignore_ament_install']
[0.142s] Level 1:colcon.colcon_core.package_identification:_identify(src/lidar/dbscan_clustering) by extension 'ignore'
[0.142s] Level 1:colcon.colcon_core.package_identification:_identify(src/lidar/dbscan_clustering) by extension 'ignore_ament_install'
[0.142s] Level 1:colcon.colcon_core.package_identification:_identify(src/lidar/dbscan_clustering) by extensions ['colcon_pkg']
[0.142s] Level 1:colcon.colcon_core.package_identification:_identify(src/lidar/dbscan_clustering) by extension 'colcon_pkg'
[0.143s] Level 1:colcon.colcon_core.package_identification:_identify(src/lidar/dbscan_clustering) by extensions ['colcon_meta']
[0.143s] Level 1:colcon.colcon_core.package_identification:_identify(src/lidar/dbscan_clustering) by extension 'colcon_meta'
[0.143s] Level 1:colcon.colcon_core.package_identification:_identify(src/lidar/dbscan_clustering) by extensions ['ros']
[0.143s] Level 1:colcon.colcon_core.package_identification:_identify(src/lidar/dbscan_clustering) by extension 'ros'
[0.143s] DEBUG:colcon.colcon_core.package_identification:Package 'src/lidar/dbscan_clustering' with type 'ros.ament_cmake' and name 'dbscan_clustering'
[0.143s] Level 1:colcon.colcon_core.package_identification:_identify(src/lidar/lidar_voxel_grid) by extensions ['ignore', 'ignore_ament_install']
[0.143s] Level 1:colcon.colcon_core.package_identification:_identify(src/lidar/lidar_voxel_grid) by extension 'ignore'
[0.143s] Level 1:colcon.colcon_core.package_identification:_identify(src/lidar/lidar_voxel_grid) by extension 'ignore_ament_install'
[0.143s] Level 1:colcon.colcon_core.package_identification:_identify(src/lidar/lidar_voxel_grid) by extensions ['colcon_pkg']
[0.143s] Level 1:colcon.colcon_core.package_identification:_identify(src/lidar/lidar_voxel_grid) by extension 'colcon_pkg'
[0.143s] Level 1:colcon.colcon_core.package_identification:_identify(src/lidar/lidar_voxel_grid) by extensions ['colcon_meta']
[0.143s] Level 1:colcon.colcon_core.package_identification:_identify(src/lidar/lidar_voxel_grid) by extension 'colcon_meta'
[0.143s] Level 1:colcon.colcon_core.package_identification:_identify(src/lidar/lidar_voxel_grid) by extensions ['ros']
[0.143s] Level 1:colcon.colcon_core.package_identification:_identify(src/lidar/lidar_voxel_grid) by extension 'ros'
[0.143s] DEBUG:colcon.colcon_core.package_identification:Package 'src/lidar/lidar_voxel_grid' with type 'ros.ament_cmake' and name 'lidar_voxel_grid'
[0.143s] Level 1:colcon.colcon_core.package_identification:_identify(src/lidar/make_bbox) by extensions ['ignore', 'ignore_ament_install']
[0.144s] Level 1:colcon.colcon_core.package_identification:_identify(src/lidar/make_bbox) by extension 'ignore'
[0.144s] Level 1:colcon.colcon_core.package_identification:_identify(src/lidar/make_bbox) by extension 'ignore_ament_install'
[0.144s] Level 1:colcon.colcon_core.package_identification:_identify(src/lidar/make_bbox) by extensions ['colcon_pkg']
[0.144s] Level 1:colcon.colcon_core.package_identification:_identify(src/lidar/make_bbox) by extension 'colcon_pkg'
[0.144s] Level 1:colcon.colcon_core.package_identification:_identify(src/lidar/make_bbox) by extensions ['colcon_meta']
[0.144s] Level 1:colcon.colcon_core.package_identification:_identify(src/lidar/make_bbox) by extension 'colcon_meta'
[0.144s] Level 1:colcon.colcon_core.package_identification:_identify(src/lidar/make_bbox) by extensions ['ros']
[0.144s] Level 1:colcon.colcon_core.package_identification:_identify(src/lidar/make_bbox) by extension 'ros'
[0.144s] DEBUG:colcon.colcon_core.package_identification:Package 'src/lidar/make_bbox' with type 'ros.ament_cmake' and name 'make_bbox'
[0.144s] Level 1:colcon.colcon_core.package_identification:_identify(src/lidar/patchwork-plusplus-master) by extensions ['ignore', 'ignore_ament_install']
[0.144s] Level 1:colcon.colcon_core.package_identification:_identify(src/lidar/patchwork-plusplus-master) by extension 'ignore'
[0.144s] Level 1:colcon.colcon_core.package_identification:_identify(src/lidar/patchwork-plusplus-master) by extension 'ignore_ament_install'
[0.144s] Level 1:colcon.colcon_core.package_identification:_identify(src/lidar/patchwork-plusplus-master) by extensions ['colcon_pkg']
[0.144s] Level 1:colcon.colcon_core.package_identification:_identify(src/lidar/patchwork-plusplus-master) by extension 'colcon_pkg'
[0.144s] Level 1:colcon.colcon_core.package_identification:_identify(src/lidar/patchwork-plusplus-master) by extensions ['colcon_meta']
[0.144s] Level 1:colcon.colcon_core.package_identification:_identify(src/lidar/patchwork-plusplus-master) by extension 'colcon_meta'
[0.144s] Level 1:colcon.colcon_core.package_identification:_identify(src/lidar/patchwork-plusplus-master) by extensions ['ros']
[0.144s] Level 1:colcon.colcon_core.package_identification:_identify(src/lidar/patchwork-plusplus-master) by extension 'ros'
[0.144s] Level 1:colcon.colcon_core.package_identification:_identify(src/lidar/patchwork-plusplus-master) by extensions ['cmake', 'python']
[0.144s] Level 1:colcon.colcon_core.package_identification:_identify(src/lidar/patchwork-plusplus-master) by extension 'cmake'
[0.144s] Level 1:colcon.colcon_core.package_identification:_identify(src/lidar/patchwork-plusplus-master) by extension 'python'
[0.144s] Level 1:colcon.colcon_core.package_identification:_identify(src/lidar/patchwork-plusplus-master) by extensions ['python_setup_py']
[0.144s] Level 1:colcon.colcon_core.package_identification:_identify(src/lidar/patchwork-plusplus-master) by extension 'python_setup_py'
[0.144s] Level 1:colcon.colcon_core.package_identification:_identify(src/lidar/patchwork-plusplus-master/patchwork-plusplus-master) by extensions ['ignore', 'ignore_ament_install']
[0.144s] Level 1:colcon.colcon_core.package_identification:_identify(src/lidar/patchwork-plusplus-master/patchwork-plusplus-master) by extension 'ignore'
[0.144s] Level 1:colcon.colcon_core.package_identification:_identify(src/lidar/patchwork-plusplus-master/patchwork-plusplus-master) by extension 'ignore_ament_install'
[0.144s] Level 1:colcon.colcon_core.package_identification:_identify(src/lidar/patchwork-plusplus-master/patchwork-plusplus-master) by extensions ['colcon_pkg']
[0.144s] Level 1:colcon.colcon_core.package_identification:_identify(src/lidar/patchwork-plusplus-master/patchwork-plusplus-master) by extension 'colcon_pkg'
[0.144s] Level 1:colcon.colcon_core.package_identification:_identify(src/lidar/patchwork-plusplus-master/patchwork-plusplus-master) by extensions ['colcon_meta']
[0.144s] Level 1:colcon.colcon_core.package_identification:_identify(src/lidar/patchwork-plusplus-master/patchwork-plusplus-master) by extension 'colcon_meta'
[0.144s] Level 1:colcon.colcon_core.package_identification:_identify(src/lidar/patchwork-plusplus-master/patchwork-plusplus-master) by extensions ['ros']
[0.145s] Level 1:colcon.colcon_core.package_identification:_identify(src/lidar/patchwork-plusplus-master/patchwork-plusplus-master) by extension 'ros'
[0.145s] Level 1:colcon.colcon_core.package_identification:_identify(src/lidar/patchwork-plusplus-master/patchwork-plusplus-master) by extensions ['cmake', 'python']
[0.145s] Level 1:colcon.colcon_core.package_identification:_identify(src/lidar/patchwork-plusplus-master/patchwork-plusplus-master) by extension 'cmake'
[0.145s] Level 1:colcon.colcon_core.package_identification:_identify(src/lidar/patchwork-plusplus-master/patchwork-plusplus-master) by extension 'python'
[0.145s] Level 1:colcon.colcon_core.package_identification:_identify(src/lidar/patchwork-plusplus-master/patchwork-plusplus-master) by extensions ['python_setup_py']
[0.145s] Level 1:colcon.colcon_core.package_identification:_identify(src/lidar/patchwork-plusplus-master/patchwork-plusplus-master) by extension 'python_setup_py'
[0.145s] Level 1:colcon.colcon_core.package_identification:_identify(src/lidar/patchwork-plusplus-master/patchwork-plusplus-master/cpp) by extensions ['ignore', 'ignore_ament_install']
[0.145s] Level 1:colcon.colcon_core.package_identification:_identify(src/lidar/patchwork-plusplus-master/patchwork-plusplus-master/cpp) by extension 'ignore'
[0.145s] Level 1:colcon.colcon_core.package_identification:_identify(src/lidar/patchwork-plusplus-master/patchwork-plusplus-master/cpp) ignored
[0.145s] Level 1:colcon.colcon_core.package_identification:_identify(src/lidar/patchwork-plusplus-master/patchwork-plusplus-master/data) by extensions ['ignore', 'ignore_ament_install']
[0.145s] Level 1:colcon.colcon_core.package_identification:_identify(src/lidar/patchwork-plusplus-master/patchwork-plusplus-master/data) by extension 'ignore'
[0.145s] Level 1:colcon.colcon_core.package_identification:_identify(src/lidar/patchwork-plusplus-master/patchwork-plusplus-master/data) by extension 'ignore_ament_install'
[0.145s] Level 1:colcon.colcon_core.package_identification:_identify(src/lidar/patchwork-plusplus-master/patchwork-plusplus-master/data) by extensions ['colcon_pkg']
[0.145s] Level 1:colcon.colcon_core.package_identification:_identify(src/lidar/patchwork-plusplus-master/patchwork-plusplus-master/data) by extension 'colcon_pkg'
[0.145s] Level 1:colcon.colcon_core.package_identification:_identify(src/lidar/patchwork-plusplus-master/patchwork-plusplus-master/data) by extensions ['colcon_meta']
[0.145s] Level 1:colcon.colcon_core.package_identification:_identify(src/lidar/patchwork-plusplus-master/patchwork-plusplus-master/data) by extension 'colcon_meta'
[0.145s] Level 1:colcon.colcon_core.package_identification:_identify(src/lidar/patchwork-plusplus-master/patchwork-plusplus-master/data) by extensions ['ros']
[0.145s] Level 1:colcon.colcon_core.package_identification:_identify(src/lidar/patchwork-plusplus-master/patchwork-plusplus-master/data) by extension 'ros'
[0.145s] Level 1:colcon.colcon_core.package_identification:_identify(src/lidar/patchwork-plusplus-master/patchwork-plusplus-master/data) by extensions ['cmake', 'python']
[0.145s] Level 1:colcon.colcon_core.package_identification:_identify(src/lidar/patchwork-plusplus-master/patchwork-plusplus-master/data) by extension 'cmake'
[0.145s] Level 1:colcon.colcon_core.package_identification:_identify(src/lidar/patchwork-plusplus-master/patchwork-plusplus-master/data) by extension 'python'
[0.145s] Level 1:colcon.colcon_core.package_identification:_identify(src/lidar/patchwork-plusplus-master/patchwork-plusplus-master/data) by extensions ['python_setup_py']
[0.145s] Level 1:colcon.colcon_core.package_identification:_identify(src/lidar/patchwork-plusplus-master/patchwork-plusplus-master/data) by extension 'python_setup_py'
[0.145s] Level 1:colcon.colcon_core.package_identification:_identify(src/lidar/patchwork-plusplus-master/patchwork-plusplus-master/pictures) by extensions ['ignore', 'ignore_ament_install']
[0.145s] Level 1:colcon.colcon_core.package_identification:_identify(src/lidar/patchwork-plusplus-master/patchwork-plusplus-master/pictures) by extension 'ignore'
[0.145s] Level 1:colcon.colcon_core.package_identification:_identify(src/lidar/patchwork-plusplus-master/patchwork-plusplus-master/pictures) by extension 'ignore_ament_install'
[0.145s] Level 1:colcon.colcon_core.package_identification:_identify(src/lidar/patchwork-plusplus-master/patchwork-plusplus-master/pictures) by extensions ['colcon_pkg']
[0.145s] Level 1:colcon.colcon_core.package_identification:_identify(src/lidar/patchwork-plusplus-master/patchwork-plusplus-master/pictures) by extension 'colcon_pkg'
[0.145s] Level 1:colcon.colcon_core.package_identification:_identify(src/lidar/patchwork-plusplus-master/patchwork-plusplus-master/pictures) by extensions ['colcon_meta']
[0.145s] Level 1:colcon.colcon_core.package_identification:_identify(src/lidar/patchwork-plusplus-master/patchwork-plusplus-master/pictures) by extension 'colcon_meta'
[0.145s] Level 1:colcon.colcon_core.package_identification:_identify(src/lidar/patchwork-plusplus-master/patchwork-plusplus-master/pictures) by extensions ['ros']
[0.145s] Level 1:colcon.colcon_core.package_identification:_identify(src/lidar/patchwork-plusplus-master/patchwork-plusplus-master/pictures) by extension 'ros'
[0.145s] Level 1:colcon.colcon_core.package_identification:_identify(src/lidar/patchwork-plusplus-master/patchwork-plusplus-master/pictures) by extensions ['cmake', 'python']
[0.145s] Level 1:colcon.colcon_core.package_identification:_identify(src/lidar/patchwork-plusplus-master/patchwork-plusplus-master/pictures) by extension 'cmake'
[0.145s] Level 1:colcon.colcon_core.package_identification:_identify(src/lidar/patchwork-plusplus-master/patchwork-plusplus-master/pictures) by extension 'python'
[0.145s] Level 1:colcon.colcon_core.package_identification:_identify(src/lidar/patchwork-plusplus-master/patchwork-plusplus-master/pictures) by extensions ['python_setup_py']
[0.145s] Level 1:colcon.colcon_core.package_identification:_identify(src/lidar/patchwork-plusplus-master/patchwork-plusplus-master/pictures) by extension 'python_setup_py'
[0.145s] Level 1:colcon.colcon_core.package_identification:_identify(src/lidar/patchwork-plusplus-master/patchwork-plusplus-master/python) by extensions ['ignore', 'ignore_ament_install']
[0.145s] Level 1:colcon.colcon_core.package_identification:_identify(src/lidar/patchwork-plusplus-master/patchwork-plusplus-master/python) by extension 'ignore'
[0.145s] Level 1:colcon.colcon_core.package_identification:_identify(src/lidar/patchwork-plusplus-master/patchwork-plusplus-master/python) ignored
[0.145s] Level 1:colcon.colcon_core.package_identification:_identify(src/lidar/patchwork-plusplus-master/patchwork-plusplus-master/ros) by extensions ['ignore', 'ignore_ament_install']
[0.145s] Level 1:colcon.colcon_core.package_identification:_identify(src/lidar/patchwork-plusplus-master/patchwork-plusplus-master/ros) by extension 'ignore'
[0.145s] Level 1:colcon.colcon_core.package_identification:_identify(src/lidar/patchwork-plusplus-master/patchwork-plusplus-master/ros) by extension 'ignore_ament_install'
[0.145s] Level 1:colcon.colcon_core.package_identification:_identify(src/lidar/patchwork-plusplus-master/patchwork-plusplus-master/ros) by extensions ['colcon_pkg']
[0.145s] Level 1:colcon.colcon_core.package_identification:_identify(src/lidar/patchwork-plusplus-master/patchwork-plusplus-master/ros) by extension 'colcon_pkg'
[0.145s] Level 1:colcon.colcon_core.package_identification:_identify(src/lidar/patchwork-plusplus-master/patchwork-plusplus-master/ros) by extensions ['colcon_meta']
[0.145s] Level 1:colcon.colcon_core.package_identification:_identify(src/lidar/patchwork-plusplus-master/patchwork-plusplus-master/ros) by extension 'colcon_meta'
[0.145s] Level 1:colcon.colcon_core.package_identification:_identify(src/lidar/patchwork-plusplus-master/patchwork-plusplus-master/ros) by extensions ['ros']
[0.145s] Level 1:colcon.colcon_core.package_identification:_identify(src/lidar/patchwork-plusplus-master/patchwork-plusplus-master/ros) by extension 'ros'
[0.150s] DEBUG:colcon.colcon_core.package_identification:Package 'src/lidar/patchwork-plusplus-master/patchwork-plusplus-master/ros' with type 'ros.ament_cmake' and name 'patchworkpp'
[0.150s] Level 1:colcon.colcon_core.package_identification:_identify(src/lidar/patchwork-plusplus-master/patchwork-plusplus-master/scripts) by extensions ['ignore', 'ignore_ament_install']
[0.150s] Level 1:colcon.colcon_core.package_identification:_identify(src/lidar/patchwork-plusplus-master/patchwork-plusplus-master/scripts) by extension 'ignore'
[0.150s] Level 1:colcon.colcon_core.package_identification:_identify(src/lidar/patchwork-plusplus-master/patchwork-plusplus-master/scripts) by extension 'ignore_ament_install'
[0.150s] Level 1:colcon.colcon_core.package_identification:_identify(src/lidar/patchwork-plusplus-master/patchwork-plusplus-master/scripts) by extensions ['colcon_pkg']
[0.150s] Level 1:colcon.colcon_core.package_identification:_identify(src/lidar/patchwork-plusplus-master/patchwork-plusplus-master/scripts) by extension 'colcon_pkg'
[0.150s] Level 1:colcon.colcon_core.package_identification:_identify(src/lidar/patchwork-plusplus-master/patchwork-plusplus-master/scripts) by extensions ['colcon_meta']
[0.150s] Level 1:colcon.colcon_core.package_identification:_identify(src/lidar/patchwork-plusplus-master/patchwork-plusplus-master/scripts) by extension 'colcon_meta'
[0.151s] Level 1:colcon.colcon_core.package_identification:_identify(src/lidar/patchwork-plusplus-master/patchwork-plusplus-master/scripts) by extensions ['ros']
[0.151s] Level 1:colcon.colcon_core.package_identification:_identify(src/lidar/patchwork-plusplus-master/patchwork-plusplus-master/scripts) by extension 'ros'
[0.151s] Level 1:colcon.colcon_core.package_identification:_identify(src/lidar/patchwork-plusplus-master/patchwork-plusplus-master/scripts) by extensions ['cmake', 'python']
[0.151s] Level 1:colcon.colcon_core.package_identification:_identify(src/lidar/patchwork-plusplus-master/patchwork-plusplus-master/scripts) by extension 'cmake'
[0.151s] Level 1:colcon.colcon_core.package_identification:_identify(src/lidar/patchwork-plusplus-master/patchwork-plusplus-master/scripts) by extension 'python'
[0.151s] Level 1:colcon.colcon_core.package_identification:_identify(src/lidar/patchwork-plusplus-master/patchwork-plusplus-master/scripts) by extensions ['python_setup_py']
[0.151s] Level 1:colcon.colcon_core.package_identification:_identify(src/lidar/patchwork-plusplus-master/patchwork-plusplus-master/scripts) by extension 'python_setup_py'
[0.151s] Level 1:colcon.colcon_core.package_identification:_identify(src/lidar/velodyne) by extensions ['ignore', 'ignore_ament_install']
[0.151s] Level 1:colcon.colcon_core.package_identification:_identify(src/lidar/velodyne) by extension 'ignore'
[0.151s] Level 1:colcon.colcon_core.package_identification:_identify(src/lidar/velodyne) by extension 'ignore_ament_install'
[0.151s] Level 1:colcon.colcon_core.package_identification:_identify(src/lidar/velodyne) by extensions ['colcon_pkg']
[0.151s] Level 1:colcon.colcon_core.package_identification:_identify(src/lidar/velodyne) by extension 'colcon_pkg'
[0.151s] Level 1:colcon.colcon_core.package_identification:_identify(src/lidar/velodyne) by extensions ['colcon_meta']
[0.151s] Level 1:colcon.colcon_core.package_identification:_identify(src/lidar/velodyne) by extension 'colcon_meta'
[0.151s] Level 1:colcon.colcon_core.package_identification:_identify(src/lidar/velodyne) by extensions ['ros']
[0.151s] Level 1:colcon.colcon_core.package_identification:_identify(src/lidar/velodyne) by extension 'ros'
[0.151s] DEBUG:colcon.colcon_core.package_identification:Package 'src/lidar/velodyne' with type 'ros.ament_cmake' and name 'velodyne'
[0.151s] Level 1:colcon.colcon_core.package_identification:_identify(src/lidar/velodyne_cropbox) by extensions ['ignore', 'ignore_ament_install']
[0.151s] Level 1:colcon.colcon_core.package_identification:_identify(src/lidar/velodyne_cropbox) by extension 'ignore'
[0.151s] Level 1:colcon.colcon_core.package_identification:_identify(src/lidar/velodyne_cropbox) by extension 'ignore_ament_install'
[0.151s] Level 1:colcon.colcon_core.package_identification:_identify(src/lidar/velodyne_cropbox) by extensions ['colcon_pkg']
[0.151s] Level 1:colcon.colcon_core.package_identification:_identify(src/lidar/velodyne_cropbox) by extension 'colcon_pkg'
[0.151s] Level 1:colcon.colcon_core.package_identification:_identify(src/lidar/velodyne_cropbox) by extensions ['colcon_meta']
[0.151s] Level 1:colcon.colcon_core.package_identification:_identify(src/lidar/velodyne_cropbox) by extension 'colcon_meta'
[0.151s] Level 1:colcon.colcon_core.package_identification:_identify(src/lidar/velodyne_cropbox) by extensions ['ros']
[0.151s] Level 1:colcon.colcon_core.package_identification:_identify(src/lidar/velodyne_cropbox) by extension 'ros'
[0.152s] DEBUG:colcon.colcon_core.package_identification:Package 'src/lidar/velodyne_cropbox' with type 'ros.ament_cmake' and name 'velodyne_cropbox'
[0.152s] Level 1:colcon.colcon_core.package_identification:_identify(src/lidar/velodyne_driver) by extensions ['ignore', 'ignore_ament_install']
[0.152s] Level 1:colcon.colcon_core.package_identification:_identify(src/lidar/velodyne_driver) by extension 'ignore'
[0.152s] Level 1:colcon.colcon_core.package_identification:_identify(src/lidar/velodyne_driver) by extension 'ignore_ament_install'
[0.152s] Level 1:colcon.colcon_core.package_identification:_identify(src/lidar/velodyne_driver) by extensions ['colcon_pkg']
[0.152s] Level 1:colcon.colcon_core.package_identification:_identify(src/lidar/velodyne_driver) by extension 'colcon_pkg'
[0.152s] Level 1:colcon.colcon_core.package_identification:_identify(src/lidar/velodyne_driver) by extensions ['colcon_meta']
[0.152s] Level 1:colcon.colcon_core.package_identification:_identify(src/lidar/velodyne_driver) by extension 'colcon_meta'
[0.152s] Level 1:colcon.colcon_core.package_identification:_identify(src/lidar/velodyne_driver) by extensions ['ros']
[0.152s] Level 1:colcon.colcon_core.package_identification:_identify(src/lidar/velodyne_driver) by extension 'ros'
[0.152s] DEBUG:colcon.colcon_core.package_identification:Package 'src/lidar/velodyne_driver' with type 'ros.ament_cmake' and name 'velodyne_driver'
[0.152s] Level 1:colcon.colcon_core.package_identification:_identify(src/lidar/velodyne_laserscan) by extensions ['ignore', 'ignore_ament_install']
[0.152s] Level 1:colcon.colcon_core.package_identification:_identify(src/lidar/velodyne_laserscan) by extension 'ignore'
[0.152s] Level 1:colcon.colcon_core.package_identification:_identify(src/lidar/velodyne_laserscan) by extension 'ignore_ament_install'
[0.152s] Level 1:colcon.colcon_core.package_identification:_identify(src/lidar/velodyne_laserscan) by extensions ['colcon_pkg']
[0.152s] Level 1:colcon.colcon_core.package_identification:_identify(src/lidar/velodyne_laserscan) by extension 'colcon_pkg'
[0.152s] Level 1:colcon.colcon_core.package_identification:_identify(src/lidar/velodyne_laserscan) by extensions ['colcon_meta']
[0.152s] Level 1:colcon.colcon_core.package_identification:_identify(src/lidar/velodyne_laserscan) by extension 'colcon_meta'
[0.152s] Level 1:colcon.colcon_core.package_identification:_identify(src/lidar/velodyne_laserscan) by extensions ['ros']
[0.152s] Level 1:colcon.colcon_core.package_identification:_identify(src/lidar/velodyne_laserscan) by extension 'ros'
[0.153s] DEBUG:colcon.colcon_core.package_identification:Package 'src/lidar/velodyne_laserscan' with type 'ros.ament_cmake' and name 'velodyne_laserscan'
[0.153s] Level 1:colcon.colcon_core.package_identification:_identify(src/lidar/velodyne_msgs) by extensions ['ignore', 'ignore_ament_install']
[0.153s] Level 1:colcon.colcon_core.package_identification:_identify(src/lidar/velodyne_msgs) by extension 'ignore'
[0.153s] Level 1:colcon.colcon_core.package_identification:_identify(src/lidar/velodyne_msgs) by extension 'ignore_ament_install'
[0.153s] Level 1:colcon.colcon_core.package_identification:_identify(src/lidar/velodyne_msgs) by extensions ['colcon_pkg']
[0.153s] Level 1:colcon.colcon_core.package_identification:_identify(src/lidar/velodyne_msgs) by extension 'colcon_pkg'
[0.153s] Level 1:colcon.colcon_core.package_identification:_identify(src/lidar/velodyne_msgs) by extensions ['colcon_meta']
[0.153s] Level 1:colcon.colcon_core.package_identification:_identify(src/lidar/velodyne_msgs) by extension 'colcon_meta'
[0.153s] Level 1:colcon.colcon_core.package_identification:_identify(src/lidar/velodyne_msgs) by extensions ['ros']
[0.153s] Level 1:colcon.colcon_core.package_identification:_identify(src/lidar/velodyne_msgs) by extension 'ros'
[0.153s] DEBUG:colcon.colcon_core.package_identification:Package 'src/lidar/velodyne_msgs' with type 'ros.ament_cmake' and name 'velodyne_msgs'
[0.153s] Level 1:colcon.colcon_core.package_identification:_identify(src/lidar/velodyne_pointcloud) by extensions ['ignore', 'ignore_ament_install']
[0.153s] Level 1:colcon.colcon_core.package_identification:_identify(src/lidar/velodyne_pointcloud) by extension 'ignore'
[0.153s] Level 1:colcon.colcon_core.package_identification:_identify(src/lidar/velodyne_pointcloud) by extension 'ignore_ament_install'
[0.153s] Level 1:colcon.colcon_core.package_identification:_identify(src/lidar/velodyne_pointcloud) by extensions ['colcon_pkg']
[0.153s] Level 1:colcon.colcon_core.package_identification:_identify(src/lidar/velodyne_pointcloud) by extension 'colcon_pkg'
[0.154s] Level 1:colcon.colcon_core.package_identification:_identify(src/lidar/velodyne_pointcloud) by extensions ['colcon_meta']
[0.154s] Level 1:colcon.colcon_core.package_identification:_identify(src/lidar/velodyne_pointcloud) by extension 'colcon_meta'
[0.154s] Level 1:colcon.colcon_core.package_identification:_identify(src/lidar/velodyne_pointcloud) by extensions ['ros']
[0.154s] Level 1:colcon.colcon_core.package_identification:_identify(src/lidar/velodyne_pointcloud) by extension 'ros'
[0.154s] DEBUG:colcon.colcon_core.package_identification:Package 'src/lidar/velodyne_pointcloud' with type 'ros.ament_cmake' and name 'velodyne_pointcloud'
[0.154s] Level 1:colcon.colcon_core.package_identification:_identify(src/lidar_launch) by extensions ['ignore', 'ignore_ament_install']
[0.154s] Level 1:colcon.colcon_core.package_identification:_identify(src/lidar_launch) by extension 'ignore'
[0.154s] Level 1:colcon.colcon_core.package_identification:_identify(src/lidar_launch) by extension 'ignore_ament_install'
[0.154s] Level 1:colcon.colcon_core.package_identification:_identify(src/lidar_launch) by extensions ['colcon_pkg']
[0.154s] Level 1:colcon.colcon_core.package_identification:_identify(src/lidar_launch) by extension 'colcon_pkg'
[0.154s] Level 1:colcon.colcon_core.package_identification:_identify(src/lidar_launch) by extensions ['colcon_meta']
[0.154s] Level 1:colcon.colcon_core.package_identification:_identify(src/lidar_launch) by extension 'colcon_meta'
[0.154s] Level 1:colcon.colcon_core.package_identification:_identify(src/lidar_launch) by extensions ['ros']
[0.154s] Level 1:colcon.colcon_core.package_identification:_identify(src/lidar_launch) by extension 'ros'
[0.155s] DEBUG:colcon.colcon_core.package_identification:Package 'src/lidar_launch' with type 'ros.ament_cmake' and name 'lidar_launch'
[0.155s] Level 1:colcon.colcon_core.package_discovery:discover_packages(recursive) using defaults
[0.155s] Level 1:colcon.colcon_core.package_discovery:discover_packages(ignore) discover
[0.155s] Level 1:colcon.colcon_core.package_discovery:discover_packages(ignore) using defaults
[0.155s] Level 1:colcon.colcon_core.package_discovery:discover_packages(path) discover
[0.155s] Level 1:colcon.colcon_core.package_discovery:discover_packages(path) using defaults
[0.165s] Level 1:colcon.colcon_core.package_discovery:discover_packages(prefix_path) check parameters
[0.165s] Level 1:colcon.colcon_core.package_discovery:discover_packages(prefix_path) discover
[0.166s] WARNING:colcon.colcon_ros.prefix_path.ament:The path '/home/aiv/ev_ws/perception/install/make_bbox' in the environment variable AMENT_PREFIX_PATH doesn't exist
[0.166s] WARNING:colcon.colcon_ros.prefix_path.ament:The path '/home/aiv/ev_ws/perception/install/velodyne' in the environment variable AMENT_PREFIX_PATH doesn't exist
[0.166s] WARNING:colcon.colcon_ros.prefix_path.ament:The path '/home/aiv/ev_ws/perception/install/lidar_launch' in the environment variable AMENT_PREFIX_PATH doesn't exist
[0.166s] WARNING:colcon.colcon_ros.prefix_path.ament:The path '/home/aiv/ev_ws/perception/install/velodyne_pointcloud' in the environment variable AMENT_PREFIX_PATH doesn't exist
[0.166s] WARNING:colcon.colcon_ros.prefix_path.ament:The path '/home/aiv/ev_ws/perception/install/velodyne_driver' in the environment variable AMENT_PREFIX_PATH doesn't exist
[0.166s] WARNING:colcon.colcon_ros.prefix_path.ament:The path '/home/aiv/ev_ws/perception/install/velodyne_msgs' in the environment variable AMENT_PREFIX_PATH doesn't exist
[0.166s] WARNING:colcon.colcon_ros.prefix_path.ament:The path '/home/aiv/ev_ws/perception/install/velodyne_laserscan' in the environment variable AMENT_PREFIX_PATH doesn't exist
[0.166s] WARNING:colcon.colcon_ros.prefix_path.ament:The path '/home/aiv/ev_ws/perception/install/velodyne_cropbox' in the environment variable AMENT_PREFIX_PATH doesn't exist
[0.166s] WARNING:colcon.colcon_ros.prefix_path.ament:The path '/home/aiv/ev_ws/perception/install/patchworkpp' in the environment variable AMENT_PREFIX_PATH doesn't exist
[0.166s] WARNING:colcon.colcon_ros.prefix_path.ament:The path '/home/aiv/ev_ws/perception/install/make_cylinder' in the environment variable AMENT_PREFIX_PATH doesn't exist
[0.166s] WARNING:colcon.colcon_ros.prefix_path.ament:The path '/home/aiv/ev_ws/perception/install/lidar_voxel_grid' in the environment variable AMENT_PREFIX_PATH doesn't exist
[0.166s] WARNING:colcon.colcon_ros.prefix_path.ament:The path '/home/aiv/ev_ws/perception/install/dbscan_clustering' in the environment variable AMENT_PREFIX_PATH doesn't exist
[0.166s] WARNING:colcon.colcon_ros.prefix_path.ament:The path '/home/aiv/ev_ws/perception/install/cluster_splitter' in the environment variable AMENT_PREFIX_PATH doesn't exist
[0.166s] WARNING:colcon.colcon_ros.prefix_path.catkin:The path '/home/aiv/ev_ws/perception/install/make_bbox' in the environment variable CMAKE_PREFIX_PATH doesn't exist
[0.166s] WARNING:colcon.colcon_ros.prefix_path.catkin:The path '/home/aiv/ev_ws/perception/install/velodyne' in the environment variable CMAKE_PREFIX_PATH doesn't exist
[0.166s] WARNING:colcon.colcon_ros.prefix_path.catkin:The path '/home/aiv/ev_ws/perception/install/lidar_launch' in the environment variable CMAKE_PREFIX_PATH doesn't exist
[0.166s] WARNING:colcon.colcon_ros.prefix_path.catkin:The path '/home/aiv/ev_ws/perception/install/velodyne_pointcloud' in the environment variable CMAKE_PREFIX_PATH doesn't exist
[0.166s] WARNING:colcon.colcon_ros.prefix_path.catkin:The path '/home/aiv/ev_ws/perception/install/velodyne_driver' in the environment variable CMAKE_PREFIX_PATH doesn't exist
[0.166s] WARNING:colcon.colcon_ros.prefix_path.catkin:The path '/home/aiv/ev_ws/perception/install/velodyne_msgs' in the environment variable CMAKE_PREFIX_PATH doesn't exist
[0.166s] WARNING:colcon.colcon_ros.prefix_path.catkin:The path '/home/aiv/ev_ws/perception/install/velodyne_laserscan' in the environment variable CMAKE_PREFIX_PATH doesn't exist
[0.166s] WARNING:colcon.colcon_ros.prefix_path.catkin:The path '/home/aiv/ev_ws/perception/install/velodyne_cropbox' in the environment variable CMAKE_PREFIX_PATH doesn't exist
[0.166s] WARNING:colcon.colcon_ros.prefix_path.catkin:The path '/home/aiv/ev_ws/perception/install/patchworkpp' in the environment variable CMAKE_PREFIX_PATH doesn't exist
[0.166s] WARNING:colcon.colcon_ros.prefix_path.catkin:The path '/home/aiv/ev_ws/perception/install/make_cylinder' in the environment variable CMAKE_PREFIX_PATH doesn't exist
[0.166s] WARNING:colcon.colcon_ros.prefix_path.catkin:The path '/home/aiv/ev_ws/perception/install/lidar_voxel_grid' in the environment variable CMAKE_PREFIX_PATH doesn't exist
[0.166s] WARNING:colcon.colcon_ros.prefix_path.catkin:The path '/home/aiv/ev_ws/perception/install/dbscan_clustering' in the environment variable CMAKE_PREFIX_PATH doesn't exist
[0.166s] WARNING:colcon.colcon_ros.prefix_path.catkin:The path '/home/aiv/ev_ws/perception/install/cluster_splitter' in the environment variable CMAKE_PREFIX_PATH doesn't exist
[0.167s] DEBUG:colcon.colcon_installed_package_information.package_discovery:Found 0 installed packages in /home/aiv/ev_ws/perception/install
[0.167s] DEBUG:colcon.colcon_installed_package_information.package_discovery:Found 1 installed packages in /home/aiv/ev_ws/install
[0.167s] DEBUG:colcon.colcon_installed_package_information.package_discovery:Found 1 installed packages in /home/aiv/ev_ws/planning/install
[0.167s] DEBUG:colcon.colcon_installed_package_information.package_discovery:Found 1 installed packages in /home/aiv/ev_ws/ev_msgs/install
[0.167s] DEBUG:colcon.colcon_installed_package_information.package_discovery:Found 1 installed packages in /home/aiv/ev_ws/carsa_gazebo/install
[0.167s] DEBUG:colcon.colcon_installed_package_information.package_discovery:Found 7 installed packages in /home/aiv/ev_ws/erp42_ros/install
[0.168s] DEBUG:colcon.colcon_installed_package_information.package_discovery:Found 302 installed packages in /opt/ros/humble
[0.169s] Level 1:colcon.colcon_core.package_discovery:discover_packages(prefix_path) using defaults
[0.186s] Level 5:colcon.colcon_core.verb:set package 'cluster_splitter' build argument 'cmake_args' from command line to 'None'
[0.186s] Level 5:colcon.colcon_core.verb:set package 'cluster_splitter' build argument 'cmake_target' from command line to 'None'
[0.186s] Level 5:colcon.colcon_core.verb:set package 'cluster_splitter' build argument 'cmake_target_skip_unavailable' from command line to 'False'
[0.186s] Level 5:colcon.colcon_core.verb:set package 'cluster_splitter' build argument 'cmake_clean_cache' from command line to 'False'
[0.186s] Level 5:colcon.colcon_core.verb:set package 'cluster_splitter' build argument 'cmake_clean_first' from command line to 'False'
[0.186s] Level 5:colcon.colcon_core.verb:set package 'cluster_splitter' build argument 'cmake_force_configure' from command line to 'False'
[0.186s] Level 5:colcon.colcon_core.verb:set package 'cluster_splitter' build argument 'ament_cmake_args' from command line to 'None'
[0.186s] Level 5:colcon.colcon_core.verb:set package 'cluster_splitter' build argument 'catkin_cmake_args' from command line to 'None'
[0.186s] Level 5:colcon.colcon_core.verb:set package 'cluster_splitter' build argument 'catkin_skip_building_tests' from command line to 'False'
[0.187s] DEBUG:colcon.colcon_core.verb:Building package 'cluster_splitter' with the following arguments: {'ament_cmake_args': None, 'build_base': '/home/aiv/ev_ws/perception/build/cluster_splitter', 'catkin_cmake_args': None, 'catkin_skip_building_tests': False, 'cmake_args': None, 'cmake_clean_cache': False, 'cmake_clean_first': False, 'cmake_force_configure': False, 'cmake_target': None, 'cmake_target_skip_unavailable': False, 'install_base': '/home/aiv/ev_ws/perception/install/cluster_splitter', 'merge_install': False, 'path': '/home/aiv/ev_ws/perception/src/lidar/cluster_splitter', 'symlink_install': True, 'test_result_base': None}
[0.187s] Level 5:colcon.colcon_core.verb:set package 'dbscan_clustering' build argument 'cmake_args' from command line to 'None'
[0.187s] Level 5:colcon.colcon_core.verb:set package 'dbscan_clustering' build argument 'cmake_target' from command line to 'None'
[0.187s] Level 5:colcon.colcon_core.verb:set package 'dbscan_clustering' build argument 'cmake_target_skip_unavailable' from command line to 'False'
[0.187s] Level 5:colcon.colcon_core.verb:set package 'dbscan_clustering' build argument 'cmake_clean_cache' from command line to 'False'
[0.187s] Level 5:colcon.colcon_core.verb:set package 'dbscan_clustering' build argument 'cmake_clean_first' from command line to 'False'
[0.187s] Level 5:colcon.colcon_core.verb:set package 'dbscan_clustering' build argument 'cmake_force_configure' from command line to 'False'
[0.187s] Level 5:colcon.colcon_core.verb:set package 'dbscan_clustering' build argument 'ament_cmake_args' from command line to 'None'
[0.187s] Level 5:colcon.colcon_core.verb:set package 'dbscan_clustering' build argument 'catkin_cmake_args' from command line to 'None'
[0.187s] Level 5:colcon.colcon_core.verb:set package 'dbscan_clustering' build argument 'catkin_skip_building_tests' from command line to 'False'
[0.187s] DEBUG:colcon.colcon_core.verb:Building package 'dbscan_clustering' with the following arguments: {'ament_cmake_args': None, 'build_base': '/home/aiv/ev_ws/perception/build/dbscan_clustering', 'catkin_cmake_args': None, 'catkin_skip_building_tests': False, 'cmake_args': None, 'cmake_clean_cache': False, 'cmake_clean_first': False, 'cmake_force_configure': False, 'cmake_target': None, 'cmake_target_skip_unavailable': False, 'install_base': '/home/aiv/ev_ws/perception/install/dbscan_clustering', 'merge_install': False, 'path': '/home/aiv/ev_ws/perception/src/lidar/dbscan_clustering', 'symlink_install': True, 'test_result_base': None}
[0.187s] Level 5:colcon.colcon_core.verb:set package 'lidar_voxel_grid' build argument 'cmake_args' from command line to 'None'
[0.187s] Level 5:colcon.colcon_core.verb:set package 'lidar_voxel_grid' build argument 'cmake_target' from command line to 'None'
[0.187s] Level 5:colcon.colcon_core.verb:set package 'lidar_voxel_grid' build argument 'cmake_target_skip_unavailable' from command line to 'False'
[0.187s] Level 5:colcon.colcon_core.verb:set package 'lidar_voxel_grid' build argument 'cmake_clean_cache' from command line to 'False'
[0.187s] Level 5:colcon.colcon_core.verb:set package 'lidar_voxel_grid' build argument 'cmake_clean_first' from command line to 'False'
[0.187s] Level 5:colcon.colcon_core.verb:set package 'lidar_voxel_grid' build argument 'cmake_force_configure' from command line to 'False'
[0.187s] Level 5:colcon.colcon_core.verb:set package 'lidar_voxel_grid' build argument 'ament_cmake_args' from command line to 'None'
[0.187s] Level 5:colcon.colcon_core.verb:set package 'lidar_voxel_grid' build argument 'catkin_cmake_args' from command line to 'None'
[0.187s] Level 5:colcon.colcon_core.verb:set package 'lidar_voxel_grid' build argument 'catkin_skip_building_tests' from command line to 'False'
[0.187s] DEBUG:colcon.colcon_core.verb:Building package 'lidar_voxel_grid' with the following arguments: {'ament_cmake_args': None, 'build_base': '/home/aiv/ev_ws/perception/build/lidar_voxel_grid', 'catkin_cmake_args': None, 'catkin_skip_building_tests': False, 'cmake_args': None, 'cmake_clean_cache': False, 'cmake_clean_first': False, 'cmake_force_configure': False, 'cmake_target': None, 'cmake_target_skip_unavailable': False, 'install_base': '/home/aiv/ev_ws/perception/install/lidar_voxel_grid', 'merge_install': False, 'path': '/home/aiv/ev_ws/perception/src/lidar/lidar_voxel_grid', 'symlink_install': True, 'test_result_base': None}
[0.187s] Level 5:colcon.colcon_core.verb:set package 'make_bbox' build argument 'cmake_args' from command line to 'None'
[0.187s] Level 5:colcon.colcon_core.verb:set package 'make_bbox' build argument 'cmake_target' from command line to 'None'
[0.187s] Level 5:colcon.colcon_core.verb:set package 'make_bbox' build argument 'cmake_target_skip_unavailable' from command line to 'False'
[0.187s] Level 5:colcon.colcon_core.verb:set package 'make_bbox' build argument 'cmake_clean_cache' from command line to 'False'
[0.187s] Level 5:colcon.colcon_core.verb:set package 'make_bbox' build argument 'cmake_clean_first' from command line to 'False'
[0.187s] Level 5:colcon.colcon_core.verb:set package 'make_bbox' build argument 'cmake_force_configure' from command line to 'False'
[0.187s] Level 5:colcon.colcon_core.verb:set package 'make_bbox' build argument 'ament_cmake_args' from command line to 'None'
[0.187s] Level 5:colcon.colcon_core.verb:set package 'make_bbox' build argument 'catkin_cmake_args' from command line to 'None'
[0.187s] Level 5:colcon.colcon_core.verb:set package 'make_bbox' build argument 'catkin_skip_building_tests' from command line to 'False'
[0.187s] DEBUG:colcon.colcon_core.verb:Building package 'make_bbox' with the following arguments: {'ament_cmake_args': None, 'build_base': '/home/aiv/ev_ws/perception/build/make_bbox', 'catkin_cmake_args': None, 'catkin_skip_building_tests': False, 'cmake_args': None, 'cmake_clean_cache': False, 'cmake_clean_first': False, 'cmake_force_configure': False, 'cmake_target': None, 'cmake_target_skip_unavailable': False, 'install_base': '/home/aiv/ev_ws/perception/install/make_bbox', 'merge_install': False, 'path': '/home/aiv/ev_ws/perception/src/lidar/make_bbox', 'symlink_install': True, 'test_result_base': None}
[0.187s] Level 5:colcon.colcon_core.verb:set package 'patchworkpp' build argument 'cmake_args' from command line to 'None'
[0.187s] Level 5:colcon.colcon_core.verb:set package 'patchworkpp' build argument 'cmake_target' from command line to 'None'
[0.187s] Level 5:colcon.colcon_core.verb:set package 'patchworkpp' build argument 'cmake_target_skip_unavailable' from command line to 'False'
[0.187s] Level 5:colcon.colcon_core.verb:set package 'patchworkpp' build argument 'cmake_clean_cache' from command line to 'False'
[0.187s] Level 5:colcon.colcon_core.verb:set package 'patchworkpp' build argument 'cmake_clean_first' from command line to 'False'
[0.187s] Level 5:colcon.colcon_core.verb:set package 'patchworkpp' build argument 'cmake_force_configure' from command line to 'False'
[0.187s] Level 5:colcon.colcon_core.verb:set package 'patchworkpp' build argument 'ament_cmake_args' from command line to 'None'
[0.187s] Level 5:colcon.colcon_core.verb:set package 'patchworkpp' build argument 'catkin_cmake_args' from command line to 'None'
[0.187s] Level 5:colcon.colcon_core.verb:set package 'patchworkpp' build argument 'catkin_skip_building_tests' from command line to 'False'
[0.188s] DEBUG:colcon.colcon_core.verb:Building package 'patchworkpp' with the following arguments: {'ament_cmake_args': None, 'build_base': '/home/aiv/ev_ws/perception/build/patchworkpp', 'catkin_cmake_args': None, 'catkin_skip_building_tests': False, 'cmake_args': None, 'cmake_clean_cache': False, 'cmake_clean_first': False, 'cmake_force_configure': False, 'cmake_target': None, 'cmake_target_skip_unavailable': False, 'install_base': '/home/aiv/ev_ws/perception/install/patchworkpp', 'merge_install': False, 'path': '/home/aiv/ev_ws/perception/src/lidar/patchwork-plusplus-master/patchwork-plusplus-master/ros', 'symlink_install': True, 'test_result_base': None}
[0.188s] Level 5:colcon.colcon_core.verb:set package 'velodyne_cropbox' build argument 'cmake_args' from command line to 'None'
[0.188s] Level 5:colcon.colcon_core.verb:set package 'velodyne_cropbox' build argument 'cmake_target' from command line to 'None'
[0.188s] Level 5:colcon.colcon_core.verb:set package 'velodyne_cropbox' build argument 'cmake_target_skip_unavailable' from command line to 'False'
[0.188s] Level 5:colcon.colcon_core.verb:set package 'velodyne_cropbox' build argument 'cmake_clean_cache' from command line to 'False'
[0.188s] Level 5:colcon.colcon_core.verb:set package 'velodyne_cropbox' build argument 'cmake_clean_first' from command line to 'False'
[0.188s] Level 5:colcon.colcon_core.verb:set package 'velodyne_cropbox' build argument 'cmake_force_configure' from command line to 'False'
[0.188s] Level 5:colcon.colcon_core.verb:set package 'velodyne_cropbox' build argument 'ament_cmake_args' from command line to 'None'
[0.188s] Level 5:colcon.colcon_core.verb:set package 'velodyne_cropbox' build argument 'catkin_cmake_args' from command line to 'None'
[0.188s] Level 5:colcon.colcon_core.verb:set package 'velodyne_cropbox' build argument 'catkin_skip_building_tests' from command line to 'False'
[0.188s] DEBUG:colcon.colcon_core.verb:Building package 'velodyne_cropbox' with the following arguments: {'ament_cmake_args': None, 'build_base': '/home/aiv/ev_ws/perception/build/velodyne_cropbox', 'catkin_cmake_args': None, 'catkin_skip_building_tests': False, 'cmake_args': None, 'cmake_clean_cache': False, 'cmake_clean_first': False, 'cmake_force_configure': False, 'cmake_target': None, 'cmake_target_skip_unavailable': False, 'install_base': '/home/aiv/ev_ws/perception/install/velodyne_cropbox', 'merge_install': False, 'path': '/home/aiv/ev_ws/perception/src/lidar/velodyne_cropbox', 'symlink_install': True, 'test_result_base': None}
[0.188s] Level 5:colcon.colcon_core.verb:set package 'velodyne_laserscan' build argument 'cmake_args' from command line to 'None'
[0.188s] Level 5:colcon.colcon_core.verb:set package 'velodyne_laserscan' build argument 'cmake_target' from command line to 'None'
[0.188s] Level 5:colcon.colcon_core.verb:set package 'velodyne_laserscan' build argument 'cmake_target_skip_unavailable' from command line to 'False'
[0.188s] Level 5:colcon.colcon_core.verb:set package 'velodyne_laserscan' build argument 'cmake_clean_cache' from command line to 'False'
[0.188s] Level 5:colcon.colcon_core.verb:set package 'velodyne_laserscan' build argument 'cmake_clean_first' from command line to 'False'
[0.188s] Level 5:colcon.colcon_core.verb:set package 'velodyne_laserscan' build argument 'cmake_force_configure' from command line to 'False'
[0.188s] Level 5:colcon.colcon_core.verb:set package 'velodyne_laserscan' build argument 'ament_cmake_args' from command line to 'None'
[0.188s] Level 5:colcon.colcon_core.verb:set package 'velodyne_laserscan' build argument 'catkin_cmake_args' from command line to 'None'
[0.188s] Level 5:colcon.colcon_core.verb:set package 'velodyne_laserscan' build argument 'catkin_skip_building_tests' from command line to 'False'
[0.188s] DEBUG:colcon.colcon_core.verb:Building package 'velodyne_laserscan' with the following arguments: {'ament_cmake_args': None, 'build_base': '/home/aiv/ev_ws/perception/build/velodyne_laserscan', 'catkin_cmake_args': None, 'catkin_skip_building_tests': False, 'cmake_args': None, 'cmake_clean_cache': False, 'cmake_clean_first': False, 'cmake_force_configure': False, 'cmake_target': None, 'cmake_target_skip_unavailable': False, 'install_base': '/home/aiv/ev_ws/perception/install/velodyne_laserscan', 'merge_install': False, 'path': '/home/aiv/ev_ws/perception/src/lidar/velodyne_laserscan', 'symlink_install': True, 'test_result_base': None}
[0.188s] Level 5:colcon.colcon_core.verb:set package 'velodyne_msgs' build argument 'cmake_args' from command line to 'None'
[0.188s] Level 5:colcon.colcon_core.verb:set package 'velodyne_msgs' build argument 'cmake_target' from command line to 'None'
[0.188s] Level 5:colcon.colcon_core.verb:set package 'velodyne_msgs' build argument 'cmake_target_skip_unavailable' from command line to 'False'
[0.188s] Level 5:colcon.colcon_core.verb:set package 'velodyne_msgs' build argument 'cmake_clean_cache' from command line to 'False'
[0.188s] Level 5:colcon.colcon_core.verb:set package 'velodyne_msgs' build argument 'cmake_clean_first' from command line to 'False'
[0.188s] Level 5:colcon.colcon_core.verb:set package 'velodyne_msgs' build argument 'cmake_force_configure' from command line to 'False'
[0.188s] Level 5:colcon.colcon_core.verb:set package 'velodyne_msgs' build argument 'ament_cmake_args' from command line to 'None'
[0.188s] Level 5:colcon.colcon_core.verb:set package 'velodyne_msgs' build argument 'catkin_cmake_args' from command line to 'None'
[0.188s] Level 5:colcon.colcon_core.verb:set package 'velodyne_msgs' build argument 'catkin_skip_building_tests' from command line to 'False'
[0.188s] DEBUG:colcon.colcon_core.verb:Building package 'velodyne_msgs' with the following arguments: {'ament_cmake_args': None, 'build_base': '/home/aiv/ev_ws/perception/build/velodyne_msgs', 'catkin_cmake_args': None, 'catkin_skip_building_tests': False, 'cmake_args': None, 'cmake_clean_cache': False, 'cmake_clean_first': False, 'cmake_force_configure': False, 'cmake_target': None, 'cmake_target_skip_unavailable': False, 'install_base': '/home/aiv/ev_ws/perception/install/velodyne_msgs', 'merge_install': False, 'path': '/home/aiv/ev_ws/perception/src/lidar/velodyne_msgs', 'symlink_install': True, 'test_result_base': None}
[0.188s] Level 5:colcon.colcon_core.verb:set package 'velodyne_driver' build argument 'cmake_args' from command line to 'None'
[0.188s] Level 5:colcon.colcon_core.verb:set package 'velodyne_driver' build argument 'cmake_target' from command line to 'None'
[0.188s] Level 5:colcon.colcon_core.verb:set package 'velodyne_driver' build argument 'cmake_target_skip_unavailable' from command line to 'False'
[0.188s] Level 5:colcon.colcon_core.verb:set package 'velodyne_driver' build argument 'cmake_clean_cache' from command line to 'False'
[0.188s] Level 5:colcon.colcon_core.verb:set package 'velodyne_driver' build argument 'cmake_clean_first' from command line to 'False'
[0.188s] Level 5:colcon.colcon_core.verb:set package 'velodyne_driver' build argument 'cmake_force_configure' from command line to 'False'
[0.188s] Level 5:colcon.colcon_core.verb:set package 'velodyne_driver' build argument 'ament_cmake_args' from command line to 'None'
[0.188s] Level 5:colcon.colcon_core.verb:set package 'velodyne_driver' build argument 'catkin_cmake_args' from command line to 'None'
[0.188s] Level 5:colcon.colcon_core.verb:set package 'velodyne_driver' build argument 'catkin_skip_building_tests' from command line to 'False'
[0.188s] DEBUG:colcon.colcon_core.verb:Building package 'velodyne_driver' with the following arguments: {'ament_cmake_args': None, 'build_base': '/home/aiv/ev_ws/perception/build/velodyne_driver', 'catkin_cmake_args': None, 'catkin_skip_building_tests': False, 'cmake_args': None, 'cmake_clean_cache': False, 'cmake_clean_first': False, 'cmake_force_configure': False, 'cmake_target': None, 'cmake_target_skip_unavailable': False, 'install_base': '/home/aiv/ev_ws/perception/install/velodyne_driver', 'merge_install': False, 'path': '/home/aiv/ev_ws/perception/src/lidar/velodyne_driver', 'symlink_install': True, 'test_result_base': None}
[0.189s] Level 5:colcon.colcon_core.verb:set package 'velodyne_pointcloud' build argument 'cmake_args' from command line to 'None'
[0.189s] Level 5:colcon.colcon_core.verb:set package 'velodyne_pointcloud' build argument 'cmake_target' from command line to 'None'
[0.189s] Level 5:colcon.colcon_core.verb:set package 'velodyne_pointcloud' build argument 'cmake_target_skip_unavailable' from command line to 'False'
[0.189s] Level 5:colcon.colcon_core.verb:set package 'velodyne_pointcloud' build argument 'cmake_clean_cache' from command line to 'False'
[0.189s] Level 5:colcon.colcon_core.verb:set package 'velodyne_pointcloud' build argument 'cmake_clean_first' from command line to 'False'
[0.189s] Level 5:colcon.colcon_core.verb:set package 'velodyne_pointcloud' build argument 'cmake_force_configure' from command line to 'False'
[0.189s] Level 5:colcon.colcon_core.verb:set package 'velodyne_pointcloud' build argument 'ament_cmake_args' from command line to 'None'
[0.189s] Level 5:colcon.colcon_core.verb:set package 'velodyne_pointcloud' build argument 'catkin_cmake_args' from command line to 'None'
[0.189s] Level 5:colcon.colcon_core.verb:set package 'velodyne_pointcloud' build argument 'catkin_skip_building_tests' from command line to 'False'
[0.189s] DEBUG:colcon.colcon_core.verb:Building package 'velodyne_pointcloud' with the following arguments: {'ament_cmake_args': None, 'build_base': '/home/aiv/ev_ws/perception/build/velodyne_pointcloud', 'catkin_cmake_args': None, 'catkin_skip_building_tests': False, 'cmake_args': None, 'cmake_clean_cache': False, 'cmake_clean_first': False, 'cmake_force_configure': False, 'cmake_target': None, 'cmake_target_skip_unavailable': False, 'install_base': '/home/aiv/ev_ws/perception/install/velodyne_pointcloud', 'merge_install': False, 'path': '/home/aiv/ev_ws/perception/src/lidar/velodyne_pointcloud', 'symlink_install': True, 'test_result_base': None}
[0.189s] Level 5:colcon.colcon_core.verb:set package 'lidar_launch' build argument 'cmake_args' from command line to 'None'
[0.189s] Level 5:colcon.colcon_core.verb:set package 'lidar_launch' build argument 'cmake_target' from command line to 'None'
[0.189s] Level 5:colcon.colcon_core.verb:set package 'lidar_launch' build argument 'cmake_target_skip_unavailable' from command line to 'False'
[0.189s] Level 5:colcon.colcon_core.verb:set package 'lidar_launch' build argument 'cmake_clean_cache' from command line to 'False'
[0.189s] Level 5:colcon.colcon_core.verb:set package 'lidar_launch' build argument 'cmake_clean_first' from command line to 'False'
[0.189s] Level 5:colcon.colcon_core.verb:set package 'lidar_launch' build argument 'cmake_force_configure' from command line to 'False'
[0.189s] Level 5:colcon.colcon_core.verb:set package 'lidar_launch' build argument 'ament_cmake_args' from command line to 'None'
[0.189s] Level 5:colcon.colcon_core.verb:set package 'lidar_launch' build argument 'catkin_cmake_args' from command line to 'None'
[0.189s] Level 5:colcon.colcon_core.verb:set package 'lidar_launch' build argument 'catkin_skip_building_tests' from command line to 'False'
[0.189s] DEBUG:colcon.colcon_core.verb:Building package 'lidar_launch' with the following arguments: {'ament_cmake_args': None, 'build_base': '/home/aiv/ev_ws/perception/build/lidar_launch', 'catkin_cmake_args': None, 'catkin_skip_building_tests': False, 'cmake_args': None, 'cmake_clean_cache': False, 'cmake_clean_first': False, 'cmake_force_configure': False, 'cmake_target': None, 'cmake_target_skip_unavailable': False, 'install_base': '/home/aiv/ev_ws/perception/install/lidar_launch', 'merge_install': False, 'path': '/home/aiv/ev_ws/perception/src/lidar_launch', 'symlink_install': True, 'test_result_base': None}
[0.189s] Level 5:colcon.colcon_core.verb:set package 'velodyne' build argument 'cmake_args' from command line to 'None'
[0.189s] Level 5:colcon.colcon_core.verb:set package 'velodyne' build argument 'cmake_target' from command line to 'None'
[0.189s] Level 5:colcon.colcon_core.verb:set package 'velodyne' build argument 'cmake_target_skip_unavailable' from command line to 'False'
[0.189s] Level 5:colcon.colcon_core.verb:set package 'velodyne' build argument 'cmake_clean_cache' from command line to 'False'
[0.189s] Level 5:colcon.colcon_core.verb:set package 'velodyne' build argument 'cmake_clean_first' from command line to 'False'
[0.189s] Level 5:colcon.colcon_core.verb:set package 'velodyne' build argument 'cmake_force_configure' from command line to 'False'
[0.189s] Level 5:colcon.colcon_core.verb:set package 'velodyne' build argument 'ament_cmake_args' from command line to 'None'
[0.189s] Level 5:colcon.colcon_core.verb:set package 'velodyne' build argument 'catkin_cmake_args' from command line to 'None'
[0.189s] Level 5:colcon.colcon_core.verb:set package 'velodyne' build argument 'catkin_skip_building_tests' from command line to 'False'
[0.189s] DEBUG:colcon.colcon_core.verb:Building package 'velodyne' with the following arguments: {'ament_cmake_args': None, 'build_base': '/home/aiv/ev_ws/perception/build/velodyne', 'catkin_cmake_args': None, 'catkin_skip_building_tests': False, 'cmake_args': None, 'cmake_clean_cache': False, 'cmake_clean_first': False, 'cmake_force_configure': False, 'cmake_target': None, 'cmake_target_skip_unavailable': False, 'install_base': '/home/aiv/ev_ws/perception/install/velodyne', 'merge_install': False, 'path': '/home/aiv/ev_ws/perception/src/lidar/velodyne', 'symlink_install': True, 'test_result_base': None}
[0.189s] INFO:colcon.colcon_core.executor:Executing jobs using 'parallel' executor
[0.190s] DEBUG:colcon.colcon_parallel_executor.executor.parallel:run_until_complete
[0.190s] INFO:colcon.colcon_ros.task.ament_cmake.build:Building ROS package in '/home/aiv/ev_ws/perception/src/lidar/velodyne_msgs' with build type 'ament_cmake'
[0.190s] INFO:colcon.colcon_cmake.task.cmake.build:Building CMake package in '/home/aiv/ev_ws/perception/src/lidar/velodyne_msgs'
[0.191s] INFO:colcon.colcon_core.plugin_system:Skipping extension 'colcon_core.shell.bat': Not used on non-Windows systems
[0.191s] INFO:colcon.colcon_core.shell:Skip shell extension 'powershell' for command environment: Not usable outside of PowerShell
[0.191s] DEBUG:colcon.colcon_core.shell:Skip shell extension 'dsv' for command environment
[0.194s] INFO:colcon.colcon_ros.task.ament_cmake.build:Building ROS package in '/home/aiv/ev_ws/perception/src/lidar/cluster_splitter' with build type 'ament_cmake'
[0.194s] INFO:colcon.colcon_cmake.task.cmake.build:Building CMake package in '/home/aiv/ev_ws/perception/src/lidar/cluster_splitter'
[0.194s] INFO:colcon.colcon_core.shell:Skip shell extension 'powershell' for command environment: Not usable outside of PowerShell
[0.194s] DEBUG:colcon.colcon_core.shell:Skip shell extension 'dsv' for command environment
[0.196s] INFO:colcon.colcon_ros.task.ament_cmake.build:Building ROS package in '/home/aiv/ev_ws/perception/src/lidar/dbscan_clustering' with build type 'ament_cmake'
[0.196s] INFO:colcon.colcon_cmake.task.cmake.build:Building CMake package in '/home/aiv/ev_ws/perception/src/lidar/dbscan_clustering'
[0.196s] INFO:colcon.colcon_core.shell:Skip shell extension 'powershell' for command environment: Not usable outside of PowerShell
[0.196s] DEBUG:colcon.colcon_core.shell:Skip shell extension 'dsv' for command environment
[0.198s] INFO:colcon.colcon_ros.task.ament_cmake.build:Building ROS package in '/home/aiv/ev_ws/perception/src/lidar/lidar_voxel_grid' with build type 'ament_cmake'
[0.198s] INFO:colcon.colcon_cmake.task.cmake.build:Building CMake package in '/home/aiv/ev_ws/perception/src/lidar/lidar_voxel_grid'
[0.199s] INFO:colcon.colcon_core.shell:Skip shell extension 'powershell' for command environment: Not usable outside of PowerShell
[0.199s] DEBUG:colcon.colcon_core.shell:Skip shell extension 'dsv' for command environment
[0.201s] INFO:colcon.colcon_ros.task.ament_cmake.build:Building ROS package in '/home/aiv/ev_ws/perception/src/lidar/make_bbox' with build type 'ament_cmake'
[0.201s] INFO:colcon.colcon_cmake.task.cmake.build:Building CMake package in '/home/aiv/ev_ws/perception/src/lidar/make_bbox'
[0.201s] INFO:colcon.colcon_core.shell:Skip shell extension 'powershell' for command environment: Not usable outside of PowerShell
[0.201s] DEBUG:colcon.colcon_core.shell:Skip shell extension 'dsv' for command environment
[0.203s] INFO:colcon.colcon_ros.task.ament_cmake.build:Building ROS package in '/home/aiv/ev_ws/perception/src/lidar/patchwork-plusplus-master/patchwork-plusplus-master/ros' with build type 'ament_cmake'
[0.203s] INFO:colcon.colcon_cmake.task.cmake.build:Building CMake package in '/home/aiv/ev_ws/perception/src/lidar/patchwork-plusplus-master/patchwork-plusplus-master/ros'
[0.203s] INFO:colcon.colcon_core.shell:Skip shell extension 'powershell' for command environment: Not usable outside of PowerShell
[0.203s] DEBUG:colcon.colcon_core.shell:Skip shell extension 'dsv' for command environment
[0.205s] INFO:colcon.colcon_ros.task.ament_cmake.build:Building ROS package in '/home/aiv/ev_ws/perception/src/lidar/velodyne_laserscan' with build type 'ament_cmake'
[0.205s] INFO:colcon.colcon_cmake.task.cmake.build:Building CMake package in '/home/aiv/ev_ws/perception/src/lidar/velodyne_laserscan'
[0.205s] INFO:colcon.colcon_core.shell:Skip shell extension 'powershell' for command environment: Not usable outside of PowerShell
[0.205s] DEBUG:colcon.colcon_core.shell:Skip shell extension 'dsv' for command environment
[0.207s] INFO:colcon.colcon_ros.task.ament_cmake.build:Building ROS package in '/home/aiv/ev_ws/perception/src/lidar/velodyne_cropbox' with build type 'ament_cmake'
[0.208s] INFO:colcon.colcon_cmake.task.cmake.build:Building CMake package in '/home/aiv/ev_ws/perception/src/lidar/velodyne_cropbox'
[0.208s] INFO:colcon.colcon_core.shell:Skip shell extension 'powershell' for command environment: Not usable outside of PowerShell
[0.208s] DEBUG:colcon.colcon_core.shell:Skip shell extension 'dsv' for command environment
[0.212s] DEBUG:colcon.colcon_core.event_handler.log_command:Invoking command in '/home/aiv/ev_ws/perception/build/velodyne_msgs': CMAKE_PREFIX_PATH=${CMAKE_PREFIX_PATH}:/opt/ros/humble /usr/bin/cmake /home/aiv/ev_ws/perception/src/lidar/velodyne_msgs -DAMENT_CMAKE_SYMLINK_INSTALL=1 -DCMAKE_INSTALL_PREFIX=/home/aiv/ev_ws/perception/install/velodyne_msgs
[0.213s] DEBUG:colcon.colcon_core.event_handler.log_command:Invoking command in '/home/aiv/ev_ws/perception/build/cluster_splitter': CMAKE_PREFIX_PATH=${CMAKE_PREFIX_PATH}:/opt/ros/humble /usr/bin/cmake /home/aiv/ev_ws/perception/src/lidar/cluster_splitter -DAMENT_CMAKE_SYMLINK_INSTALL=1 -DCMAKE_INSTALL_PREFIX=/home/aiv/ev_ws/perception/install/cluster_splitter
[0.214s] DEBUG:colcon.colcon_core.event_handler.log_command:Invoking command in '/home/aiv/ev_ws/perception/build/dbscan_clustering': CMAKE_PREFIX_PATH=${CMAKE_PREFIX_PATH}:/opt/ros/humble /usr/bin/cmake /home/aiv/ev_ws/perception/src/lidar/dbscan_clustering -DAMENT_CMAKE_SYMLINK_INSTALL=1 -DCMAKE_INSTALL_PREFIX=/home/aiv/ev_ws/perception/install/dbscan_clustering
[0.215s] DEBUG:colcon.colcon_core.event_handler.log_command:Invoking command in '/home/aiv/ev_ws/perception/build/lidar_voxel_grid': CMAKE_PREFIX_PATH=${CMAKE_PREFIX_PATH}:/opt/ros/humble /usr/bin/cmake /home/aiv/ev_ws/perception/src/lidar/lidar_voxel_grid -DAMENT_CMAKE_SYMLINK_INSTALL=1 -DCMAKE_INSTALL_PREFIX=/home/aiv/ev_ws/perception/install/lidar_voxel_grid
[0.216s] DEBUG:colcon.colcon_core.event_handler.log_command:Invoking command in '/home/aiv/ev_ws/perception/build/make_bbox': CMAKE_PREFIX_PATH=${CMAKE_PREFIX_PATH}:/opt/ros/humble /usr/bin/cmake /home/aiv/ev_ws/perception/src/lidar/make_bbox -DAMENT_CMAKE_SYMLINK_INSTALL=1 -DCMAKE_INSTALL_PREFIX=/home/aiv/ev_ws/perception/install/make_bbox
[0.217s] DEBUG:colcon.colcon_core.event_handler.log_command:Invoking command in '/home/aiv/ev_ws/perception/build/patchworkpp': CMAKE_PREFIX_PATH=${CMAKE_PREFIX_PATH}:/opt/ros/humble /usr/bin/cmake /home/aiv/ev_ws/perception/src/lidar/patchwork-plusplus-master/patchwork-plusplus-master/ros -DAMENT_CMAKE_SYMLINK_INSTALL=1 -DCMAKE_INSTALL_PREFIX=/home/aiv/ev_ws/perception/install/patchworkpp
[0.218s] DEBUG:colcon.colcon_core.event_handler.log_command:Invoking command in '/home/aiv/ev_ws/perception/build/velodyne_laserscan': CMAKE_PREFIX_PATH=${CMAKE_PREFIX_PATH}:/opt/ros/humble /usr/bin/cmake /home/aiv/ev_ws/perception/src/lidar/velodyne_laserscan -DAMENT_CMAKE_SYMLINK_INSTALL=1 -DCMAKE_INSTALL_PREFIX=/home/aiv/ev_ws/perception/install/velodyne_laserscan
[0.222s] DEBUG:colcon.colcon_core.event_handler.log_command:Invoking command in '/home/aiv/ev_ws/perception/build/velodyne_cropbox': CMAKE_PREFIX_PATH=${CMAKE_PREFIX_PATH}:/opt/ros/humble /usr/bin/cmake /home/aiv/ev_ws/perception/src/lidar/velodyne_cropbox -DAMENT_CMAKE_SYMLINK_INSTALL=1 -DCMAKE_INSTALL_PREFIX=/home/aiv/ev_ws/perception/install/velodyne_cropbox
[0.995s] DEBUG:colcon.colcon_core.event_handler.log_command:Invoked command in '/home/aiv/ev_ws/perception/build/make_bbox' returned '0': CMAKE_PREFIX_PATH=${CMAKE_PREFIX_PATH}:/opt/ros/humble /usr/bin/cmake /home/aiv/ev_ws/perception/src/lidar/make_bbox -DAMENT_CMAKE_SYMLINK_INSTALL=1 -DCMAKE_INSTALL_PREFIX=/home/aiv/ev_ws/perception/install/make_bbox
[0.997s] DEBUG:colcon.colcon_core.event_handler.log_command:Invoking command in '/home/aiv/ev_ws/perception/build/make_bbox': CMAKE_PREFIX_PATH=${CMAKE_PREFIX_PATH}:/opt/ros/humble /usr/bin/cmake --build /home/aiv/ev_ws/perception/build/make_bbox -- -j28 -l28
[1.003s] DEBUG:colcon.colcon_core.event_handler.log_command:Invoked command in '/home/aiv/ev_ws/perception/build/velodyne_cropbox' returned '0': CMAKE_PREFIX_PATH=${CMAKE_PREFIX_PATH}:/opt/ros/humble /usr/bin/cmake /home/aiv/ev_ws/perception/src/lidar/velodyne_cropbox -DAMENT_CMAKE_SYMLINK_INSTALL=1 -DCMAKE_INSTALL_PREFIX=/home/aiv/ev_ws/perception/install/velodyne_cropbox
[1.004s] DEBUG:colcon.colcon_core.event_handler.log_command:Invoking command in '/home/aiv/ev_ws/perception/build/velodyne_cropbox': CMAKE_PREFIX_PATH=${CMAKE_PREFIX_PATH}:/opt/ros/humble /usr/bin/cmake --build /home/aiv/ev_ws/perception/build/velodyne_cropbox -- -j28 -l28
[1.036s] DEBUG:colcon.colcon_core.event_handler.log_command:Invoked command in '/home/aiv/ev_ws/perception/build/cluster_splitter' returned '0': CMAKE_PREFIX_PATH=${CMAKE_PREFIX_PATH}:/opt/ros/humble /usr/bin/cmake /home/aiv/ev_ws/perception/src/lidar/cluster_splitter -DAMENT_CMAKE_SYMLINK_INSTALL=1 -DCMAKE_INSTALL_PREFIX=/home/aiv/ev_ws/perception/install/cluster_splitter
[1.038s] DEBUG:colcon.colcon_core.event_handler.log_command:Invoking command in '/home/aiv/ev_ws/perception/build/cluster_splitter': CMAKE_PREFIX_PATH=${CMAKE_PREFIX_PATH}:/opt/ros/humble /usr/bin/cmake --build /home/aiv/ev_ws/perception/build/cluster_splitter -- -j28 -l28
[1.039s] DEBUG:colcon.colcon_core.event_handler.log_command:Invoked command in '/home/aiv/ev_ws/perception/build/velodyne_laserscan' returned '0': CMAKE_PREFIX_PATH=${CMAKE_PREFIX_PATH}:/opt/ros/humble /usr/bin/cmake /home/aiv/ev_ws/perception/src/lidar/velodyne_laserscan -DAMENT_CMAKE_SYMLINK_INSTALL=1 -DCMAKE_INSTALL_PREFIX=/home/aiv/ev_ws/perception/install/velodyne_laserscan
[1.040s] DEBUG:colcon.colcon_core.event_handler.log_command:Invoking command in '/home/aiv/ev_ws/perception/build/velodyne_laserscan': CMAKE_PREFIX_PATH=${CMAKE_PREFIX_PATH}:/opt/ros/humble /usr/bin/cmake --build /home/aiv/ev_ws/perception/build/velodyne_laserscan -- -j28 -l28
[1.104s] DEBUG:colcon.colcon_core.event_handler.log_command:Invoked command in '/home/aiv/ev_ws/perception/build/patchworkpp' returned '0': CMAKE_PREFIX_PATH=${CMAKE_PREFIX_PATH}:/opt/ros/humble /usr/bin/cmake /home/aiv/ev_ws/perception/src/lidar/patchwork-plusplus-master/patchwork-plusplus-master/ros -DAMENT_CMAKE_SYMLINK_INSTALL=1 -DCMAKE_INSTALL_PREFIX=/home/aiv/ev_ws/perception/install/patchworkpp
[1.105s] DEBUG:colcon.colcon_core.event_handler.log_command:Invoking command in '/home/aiv/ev_ws/perception/build/patchworkpp': CMAKE_PREFIX_PATH=${CMAKE_PREFIX_PATH}:/opt/ros/humble /usr/bin/cmake --build /home/aiv/ev_ws/perception/build/patchworkpp -- -j28 -l28
[1.366s] DEBUG:colcon.colcon_core.event_handler.log_command:Invoked command in '/home/aiv/ev_ws/perception/build/velodyne_msgs' returned '0': CMAKE_PREFIX_PATH=${CMAKE_PREFIX_PATH}:/opt/ros/humble /usr/bin/cmake /home/aiv/ev_ws/perception/src/lidar/velodyne_msgs -DAMENT_CMAKE_SYMLINK_INSTALL=1 -DCMAKE_INSTALL_PREFIX=/home/aiv/ev_ws/perception/install/velodyne_msgs
[1.368s] DEBUG:colcon.colcon_core.event_handler.log_command:Invoking command in '/home/aiv/ev_ws/perception/build/velodyne_msgs': CMAKE_PREFIX_PATH=${CMAKE_PREFIX_PATH}:/opt/ros/humble /usr/bin/cmake --build /home/aiv/ev_ws/perception/build/velodyne_msgs -- -j28 -l28
[2.198s] DEBUG:colcon.colcon_core.event_handler.log_command:Invoked command in '/home/aiv/ev_ws/perception/build/dbscan_clustering' returned '0': CMAKE_PREFIX_PATH=${CMAKE_PREFIX_PATH}:/opt/ros/humble /usr/bin/cmake /home/aiv/ev_ws/perception/src/lidar/dbscan_clustering -DAMENT_CMAKE_SYMLINK_INSTALL=1 -DCMAKE_INSTALL_PREFIX=/home/aiv/ev_ws/perception/install/dbscan_clustering
[2.200s] DEBUG:colcon.colcon_core.event_handler.log_command:Invoking command in '/home/aiv/ev_ws/perception/build/dbscan_clustering': CMAKE_PREFIX_PATH=${CMAKE_PREFIX_PATH}:/opt/ros/humble /usr/bin/cmake --build /home/aiv/ev_ws/perception/build/dbscan_clustering -- -j28 -l28
[2.667s] DEBUG:colcon.colcon_core.event_handler.log_command:Invoked command in '/home/aiv/ev_ws/perception/build/lidar_voxel_grid' returned '0': CMAKE_PREFIX_PATH=${CMAKE_PREFIX_PATH}:/opt/ros/humble /usr/bin/cmake /home/aiv/ev_ws/perception/src/lidar/lidar_voxel_grid -DAMENT_CMAKE_SYMLINK_INSTALL=1 -DCMAKE_INSTALL_PREFIX=/home/aiv/ev_ws/perception/install/lidar_voxel_grid
[2.668s] DEBUG:colcon.colcon_core.event_handler.log_command:Invoking command in '/home/aiv/ev_ws/perception/build/lidar_voxel_grid': CMAKE_PREFIX_PATH=${CMAKE_PREFIX_PATH}:/opt/ros/humble /usr/bin/cmake --build /home/aiv/ev_ws/perception/build/lidar_voxel_grid -- -j28 -l28
[3.093s] DEBUG:colcon.colcon_core.event_handler.log_command:Invoked command in '/home/aiv/ev_ws/perception/build/velodyne_msgs' returned '0': CMAKE_PREFIX_PATH=${CMAKE_PREFIX_PATH}:/opt/ros/humble /usr/bin/cmake --build /home/aiv/ev_ws/perception/build/velodyne_msgs -- -j28 -l28
[3.105s] DEBUG:colcon.colcon_core.event_handler.log_command:Invoking command in '/home/aiv/ev_ws/perception/build/velodyne_msgs': CMAKE_PREFIX_PATH=${CMAKE_PREFIX_PATH}:/opt/ros/humble /usr/bin/cmake --install /home/aiv/ev_ws/perception/build/velodyne_msgs
[3.833s] Level 1:colcon.colcon_core.environment:create_environment_scripts_only(velodyne_msgs)
[3.834s] DEBUG:colcon.colcon_core.event_handler.log_command:Invoked command in '/home/aiv/ev_ws/perception/build/velodyne_msgs' returned '0': CMAKE_PREFIX_PATH=${CMAKE_PREFIX_PATH}:/opt/ros/humble /usr/bin/cmake --install /home/aiv/ev_ws/perception/build/velodyne_msgs
[3.836s] Level 1:colcon.colcon_core.environment:checking '/home/aiv/ev_ws/perception/install/velodyne_msgs' for CMake module files
[3.836s] Level 1:colcon.colcon_core.environment:checking '/home/aiv/ev_ws/perception/install/velodyne_msgs' for CMake config files
[3.837s] Level 1:colcon.colcon_core.shell:create_environment_hook('velodyne_msgs', 'cmake_prefix_path')
[3.837s] INFO:colcon.colcon_core.shell:Creating environment hook '/home/aiv/ev_ws/perception/install/velodyne_msgs/share/velodyne_msgs/hook/cmake_prefix_path.ps1'
[3.838s] INFO:colcon.colcon_core.shell:Creating environment descriptor '/home/aiv/ev_ws/perception/install/velodyne_msgs/share/velodyne_msgs/hook/cmake_prefix_path.dsv'
[3.838s] INFO:colcon.colcon_core.shell:Creating environment hook '/home/aiv/ev_ws/perception/install/velodyne_msgs/share/velodyne_msgs/hook/cmake_prefix_path.sh'
[3.839s] Level 1:colcon.colcon_core.environment:checking '/home/aiv/ev_ws/perception/install/velodyne_msgs/lib'
[3.839s] Level 1:colcon.colcon_core.shell:create_environment_hook('velodyne_msgs', 'ld_library_path_lib')
[3.839s] INFO:colcon.colcon_core.shell:Creating environment hook '/home/aiv/ev_ws/perception/install/velodyne_msgs/share/velodyne_msgs/hook/ld_library_path_lib.ps1'
[3.840s] INFO:colcon.colcon_core.shell:Creating environment descriptor '/home/aiv/ev_ws/perception/install/velodyne_msgs/share/velodyne_msgs/hook/ld_library_path_lib.dsv'
[3.840s] INFO:colcon.colcon_core.shell:Creating environment hook '/home/aiv/ev_ws/perception/install/velodyne_msgs/share/velodyne_msgs/hook/ld_library_path_lib.sh'
[3.840s] Level 1:colcon.colcon_core.environment:checking '/home/aiv/ev_ws/perception/install/velodyne_msgs/bin'
[3.840s] Level 1:colcon.colcon_core.environment:checking '/home/aiv/ev_ws/perception/install/velodyne_msgs/lib/pkgconfig/velodyne_msgs.pc'
[3.841s] Level 1:colcon.colcon_core.environment:checking '/home/aiv/ev_ws/perception/install/velodyne_msgs/lib/python3.10/site-packages'
[3.841s] Level 1:colcon.colcon_core.environment:checking '/home/aiv/ev_ws/perception/install/velodyne_msgs/bin'
[3.841s] INFO:colcon.colcon_core.shell:Creating package script '/home/aiv/ev_ws/perception/install/velodyne_msgs/share/velodyne_msgs/package.ps1'
[3.842s] INFO:colcon.colcon_core.shell:Creating package descriptor '/home/aiv/ev_ws/perception/install/velodyne_msgs/share/velodyne_msgs/package.dsv'
[3.842s] INFO:colcon.colcon_core.shell:Creating package script '/home/aiv/ev_ws/perception/install/velodyne_msgs/share/velodyne_msgs/package.sh'
[3.843s] INFO:colcon.colcon_core.shell:Creating package script '/home/aiv/ev_ws/perception/install/velodyne_msgs/share/velodyne_msgs/package.bash'
[3.843s] INFO:colcon.colcon_core.shell:Creating package script '/home/aiv/ev_ws/perception/install/velodyne_msgs/share/velodyne_msgs/package.zsh'
[3.844s] Level 1:colcon.colcon_core.environment:create_file_with_runtime_dependencies(/home/aiv/ev_ws/perception/install/velodyne_msgs/share/colcon-core/packages/velodyne_msgs)
[3.844s] Level 1:colcon.colcon_core.environment:create_environment_scripts_only(velodyne_msgs)
[3.845s] Level 1:colcon.colcon_core.environment:checking '/home/aiv/ev_ws/perception/install/velodyne_msgs' for CMake module files
[3.845s] Level 1:colcon.colcon_core.environment:checking '/home/aiv/ev_ws/perception/install/velodyne_msgs' for CMake config files
[3.846s] Level 1:colcon.colcon_core.shell:create_environment_hook('velodyne_msgs', 'cmake_prefix_path')
[3.846s] INFO:colcon.colcon_core.shell:Creating environment hook '/home/aiv/ev_ws/perception/install/velodyne_msgs/share/velodyne_msgs/hook/cmake_prefix_path.ps1'
[3.846s] INFO:colcon.colcon_core.shell:Creating environment descriptor '/home/aiv/ev_ws/perception/install/velodyne_msgs/share/velodyne_msgs/hook/cmake_prefix_path.dsv'
[3.846s] INFO:colcon.colcon_core.shell:Creating environment hook '/home/aiv/ev_ws/perception/install/velodyne_msgs/share/velodyne_msgs/hook/cmake_prefix_path.sh'
[3.847s] Level 1:colcon.colcon_core.environment:checking '/home/aiv/ev_ws/perception/install/velodyne_msgs/lib'
[3.847s] Level 1:colcon.colcon_core.shell:create_environment_hook('velodyne_msgs', 'ld_library_path_lib')
[3.847s] INFO:colcon.colcon_core.shell:Creating environment hook '/home/aiv/ev_ws/perception/install/velodyne_msgs/share/velodyne_msgs/hook/ld_library_path_lib.ps1'
[3.847s] INFO:colcon.colcon_core.shell:Creating environment descriptor '/home/aiv/ev_ws/perception/install/velodyne_msgs/share/velodyne_msgs/hook/ld_library_path_lib.dsv'
[3.848s] INFO:colcon.colcon_core.shell:Creating environment hook '/home/aiv/ev_ws/perception/install/velodyne_msgs/share/velodyne_msgs/hook/ld_library_path_lib.sh'
[3.848s] Level 1:colcon.colcon_core.environment:checking '/home/aiv/ev_ws/perception/install/velodyne_msgs/bin'
[3.848s] Level 1:colcon.colcon_core.environment:checking '/home/aiv/ev_ws/perception/install/velodyne_msgs/lib/pkgconfig/velodyne_msgs.pc'
[3.848s] Level 1:colcon.colcon_core.environment:checking '/home/aiv/ev_ws/perception/install/velodyne_msgs/lib/python3.10/site-packages'
[3.848s] Level 1:colcon.colcon_core.environment:checking '/home/aiv/ev_ws/perception/install/velodyne_msgs/bin'
[3.849s] INFO:colcon.colcon_core.shell:Creating package script '/home/aiv/ev_ws/perception/install/velodyne_msgs/share/velodyne_msgs/package.ps1'
[3.849s] INFO:colcon.colcon_core.shell:Creating package descriptor '/home/aiv/ev_ws/perception/install/velodyne_msgs/share/velodyne_msgs/package.dsv'
[3.850s] INFO:colcon.colcon_core.shell:Creating package script '/home/aiv/ev_ws/perception/install/velodyne_msgs/share/velodyne_msgs/package.sh'
[3.850s] INFO:colcon.colcon_core.shell:Creating package script '/home/aiv/ev_ws/perception/install/velodyne_msgs/share/velodyne_msgs/package.bash'
[3.850s] INFO:colcon.colcon_core.shell:Creating package script '/home/aiv/ev_ws/perception/install/velodyne_msgs/share/velodyne_msgs/package.zsh'
[3.850s] Level 1:colcon.colcon_core.environment:create_file_with_runtime_dependencies(/home/aiv/ev_ws/perception/install/velodyne_msgs/share/colcon-core/packages/velodyne_msgs)
[3.851s] INFO:colcon.colcon_ros.task.ament_cmake.build:Building ROS package in '/home/aiv/ev_ws/perception/src/lidar/velodyne_driver' with build type 'ament_cmake'
[3.851s] INFO:colcon.colcon_cmake.task.cmake.build:Building CMake package in '/home/aiv/ev_ws/perception/src/lidar/velodyne_driver'
[3.851s] INFO:colcon.colcon_core.shell:Skip shell extension 'powershell' for command environment: Not usable outside of PowerShell
[3.851s] DEBUG:colcon.colcon_core.shell:Skip shell extension 'dsv' for command environment
[3.856s] INFO:colcon.colcon_ros.task.ament_cmake.build:Building ROS package in '/home/aiv/ev_ws/perception/src/lidar/velodyne_pointcloud' with build type 'ament_cmake'
[3.856s] INFO:colcon.colcon_cmake.task.cmake.build:Building CMake package in '/home/aiv/ev_ws/perception/src/lidar/velodyne_pointcloud'
[3.857s] INFO:colcon.colcon_core.shell:Skip shell extension 'powershell' for command environment: Not usable outside of PowerShell
[3.857s] DEBUG:colcon.colcon_core.shell:Skip shell extension 'dsv' for command environment
[3.864s] DEBUG:colcon.colcon_core.event_handler.log_command:Invoking command in '/home/aiv/ev_ws/perception/build/velodyne_driver': CMAKE_PREFIX_PATH=/home/aiv/ev_ws/perception/install/velodyne_msgs:/home/aiv/ev_ws/install/ev_msgs:/home/aiv/ev_ws/perception/install/make_bbox:/home/aiv/ev_ws/ev_msgs/install/ev_msgs:/home/aiv/ev_ws/carsa_gazebo/install/carsa_gazebo:/home/aiv/ev_ws/planning/install/planning_lc_ver:/home/aiv/ev_ws/erp42_ros/install/erp42_serial:/home/aiv/ev_ws/erp42_ros/install/erp42_rqt_plugin:/home/aiv/ev_ws/erp42_ros/install/erp42_gazebo:/home/aiv/ev_ws/erp42_ros/install/erp42_util:/home/aiv/ev_ws/erp42_ros/install/erp42_msgs:/home/aiv/ev_ws/erp42_ros/install/erp42_description:/home/aiv/ev_ws/erp42_ros/install/erp42_cmake:/home/aiv/ev_ws/perception/install/velodyne:/home/aiv/ev_ws/perception/install/lidar_launch:/home/aiv/ev_ws/perception/install/velodyne_pointcloud:/home/aiv/ev_ws/perception/install/velodyne_driver:/home/aiv/ev_ws/perception/install/velodyne_laserscan:/home/aiv/ev_ws/perception/install/velodyne_cropbox:/home/aiv/ev_ws/perception/install/patchworkpp:/home/aiv/ev_ws/perception/install/make_cylinder:/home/aiv/ev_ws/perception/install/lidar_voxel_grid:/home/aiv/ev_ws/perception/install/dbscan_clustering:/home/aiv/ev_ws/perception/install/cluster_splitter:/opt/ros/humble LD_LIBRARY_PATH=/home/aiv/ev_ws/perception/install/velodyne_msgs/lib:/home/aiv/ev_ws/install/ev_msgs/lib:/usr/local/cuda-12.6/lib64:/home/aiv/ev_ws/perception/install/make_bbox/lib:/usr/local/cuda-12.6/lib64:/home/aiv/ev_ws/ev_msgs/install/ev_msgs/lib:/home/aiv/ev_ws/planning/install/planning_lc_ver/lib:/home/aiv/ev_ws/erp42_ros/install/erp42_serial/lib:/home/aiv/ev_ws/erp42_ros/install/erp42_rqt_plugin/lib:/home/aiv/ev_ws/erp42_ros/install/erp42_gazebo/lib:/home/aiv/ev_ws/erp42_ros/install/erp42_util/lib:/home/aiv/ev_ws/erp42_ros/install/erp42_msgs/lib:/home/aiv/ev_ws/perception/install/velodyne_pointcloud/lib:/home/aiv/ev_ws/perception/install/velodyne_driver/lib:/home/aiv/ev_ws/perception/install/velodyne_laserscan/lib:/home/aiv/ev_ws/perception/install/velodyne_cropbox/lib:/home/aiv/ev_ws/perception/install/patchworkpp/lib:/home/aiv/ev_ws/perception/install/make_cylinder/lib:/home/aiv/ev_ws/perception/install/lidar_voxel_grid/lib:/home/aiv/ev_ws/perception/install/dbscan_clustering/lib:/home/aiv/ev_ws/perception/install/cluster_splitter/lib:/usr/lib/x86_64-linux-gnu/gazebo-11/plugins:/opt/ros/humble/opt/rviz_ogre_vendor/lib:/opt/ros/humble/lib/x86_64-linux-gnu:/opt/ros/humble/lib:/usr/local/cuda-12.6/lib64 /usr/bin/cmake /home/aiv/ev_ws/perception/src/lidar/velodyne_driver -DAMENT_CMAKE_SYMLINK_INSTALL=1 -DCMAKE_INSTALL_PREFIX=/home/aiv/ev_ws/perception/install/velodyne_driver
[3.867s] DEBUG:colcon.colcon_core.event_handler.log_command:Invoking command in '/home/aiv/ev_ws/perception/build/velodyne_pointcloud': CMAKE_PREFIX_PATH=/home/aiv/ev_ws/perception/install/velodyne_msgs:/home/aiv/ev_ws/install/ev_msgs:/home/aiv/ev_ws/perception/install/make_bbox:/home/aiv/ev_ws/ev_msgs/install/ev_msgs:/home/aiv/ev_ws/carsa_gazebo/install/carsa_gazebo:/home/aiv/ev_ws/planning/install/planning_lc_ver:/home/aiv/ev_ws/erp42_ros/install/erp42_serial:/home/aiv/ev_ws/erp42_ros/install/erp42_rqt_plugin:/home/aiv/ev_ws/erp42_ros/install/erp42_gazebo:/home/aiv/ev_ws/erp42_ros/install/erp42_util:/home/aiv/ev_ws/erp42_ros/install/erp42_msgs:/home/aiv/ev_ws/erp42_ros/install/erp42_description:/home/aiv/ev_ws/erp42_ros/install/erp42_cmake:/home/aiv/ev_ws/perception/install/velodyne:/home/aiv/ev_ws/perception/install/lidar_launch:/home/aiv/ev_ws/perception/install/velodyne_pointcloud:/home/aiv/ev_ws/perception/install/velodyne_driver:/home/aiv/ev_ws/perception/install/velodyne_laserscan:/home/aiv/ev_ws/perception/install/velodyne_cropbox:/home/aiv/ev_ws/perception/install/patchworkpp:/home/aiv/ev_ws/perception/install/make_cylinder:/home/aiv/ev_ws/perception/install/lidar_voxel_grid:/home/aiv/ev_ws/perception/install/dbscan_clustering:/home/aiv/ev_ws/perception/install/cluster_splitter:/opt/ros/humble LD_LIBRARY_PATH=/home/aiv/ev_ws/perception/install/velodyne_msgs/lib:/home/aiv/ev_ws/install/ev_msgs/lib:/usr/local/cuda-12.6/lib64:/home/aiv/ev_ws/perception/install/make_bbox/lib:/usr/local/cuda-12.6/lib64:/home/aiv/ev_ws/ev_msgs/install/ev_msgs/lib:/home/aiv/ev_ws/planning/install/planning_lc_ver/lib:/home/aiv/ev_ws/erp42_ros/install/erp42_serial/lib:/home/aiv/ev_ws/erp42_ros/install/erp42_rqt_plugin/lib:/home/aiv/ev_ws/erp42_ros/install/erp42_gazebo/lib:/home/aiv/ev_ws/erp42_ros/install/erp42_util/lib:/home/aiv/ev_ws/erp42_ros/install/erp42_msgs/lib:/home/aiv/ev_ws/perception/install/velodyne_pointcloud/lib:/home/aiv/ev_ws/perception/install/velodyne_driver/lib:/home/aiv/ev_ws/perception/install/velodyne_laserscan/lib:/home/aiv/ev_ws/perception/install/velodyne_cropbox/lib:/home/aiv/ev_ws/perception/install/patchworkpp/lib:/home/aiv/ev_ws/perception/install/make_cylinder/lib:/home/aiv/ev_ws/perception/install/lidar_voxel_grid/lib:/home/aiv/ev_ws/perception/install/dbscan_clustering/lib:/home/aiv/ev_ws/perception/install/cluster_splitter/lib:/usr/lib/x86_64-linux-gnu/gazebo-11/plugins:/opt/ros/humble/opt/rviz_ogre_vendor/lib:/opt/ros/humble/lib/x86_64-linux-gnu:/opt/ros/humble/lib:/usr/local/cuda-12.6/lib64 /usr/bin/cmake /home/aiv/ev_ws/perception/src/lidar/velodyne_pointcloud -DAMENT_CMAKE_SYMLINK_INSTALL=1 -DCMAKE_INSTALL_PREFIX=/home/aiv/ev_ws/perception/install/velodyne_pointcloud
[5.075s] DEBUG:colcon.colcon_core.event_handler.log_command:Invoked command in '/home/aiv/ev_ws/perception/build/velodyne_driver' returned '0': CMAKE_PREFIX_PATH=/home/aiv/ev_ws/perception/install/velodyne_msgs:/home/aiv/ev_ws/install/ev_msgs:/home/aiv/ev_ws/perception/install/make_bbox:/home/aiv/ev_ws/ev_msgs/install/ev_msgs:/home/aiv/ev_ws/carsa_gazebo/install/carsa_gazebo:/home/aiv/ev_ws/planning/install/planning_lc_ver:/home/aiv/ev_ws/erp42_ros/install/erp42_serial:/home/aiv/ev_ws/erp42_ros/install/erp42_rqt_plugin:/home/aiv/ev_ws/erp42_ros/install/erp42_gazebo:/home/aiv/ev_ws/erp42_ros/install/erp42_util:/home/aiv/ev_ws/erp42_ros/install/erp42_msgs:/home/aiv/ev_ws/erp42_ros/install/erp42_description:/home/aiv/ev_ws/erp42_ros/install/erp42_cmake:/home/aiv/ev_ws/perception/install/velodyne:/home/aiv/ev_ws/perception/install/lidar_launch:/home/aiv/ev_ws/perception/install/velodyne_pointcloud:/home/aiv/ev_ws/perception/install/velodyne_driver:/home/aiv/ev_ws/perception/install/velodyne_laserscan:/home/aiv/ev_ws/perception/install/velodyne_cropbox:/home/aiv/ev_ws/perception/install/patchworkpp:/home/aiv/ev_ws/perception/install/make_cylinder:/home/aiv/ev_ws/perception/install/lidar_voxel_grid:/home/aiv/ev_ws/perception/install/dbscan_clustering:/home/aiv/ev_ws/perception/install/cluster_splitter:/opt/ros/humble LD_LIBRARY_PATH=/home/aiv/ev_ws/perception/install/velodyne_msgs/lib:/home/aiv/ev_ws/install/ev_msgs/lib:/usr/local/cuda-12.6/lib64:/home/aiv/ev_ws/perception/install/make_bbox/lib:/usr/local/cuda-12.6/lib64:/home/aiv/ev_ws/ev_msgs/install/ev_msgs/lib:/home/aiv/ev_ws/planning/install/planning_lc_ver/lib:/home/aiv/ev_ws/erp42_ros/install/erp42_serial/lib:/home/aiv/ev_ws/erp42_ros/install/erp42_rqt_plugin/lib:/home/aiv/ev_ws/erp42_ros/install/erp42_gazebo/lib:/home/aiv/ev_ws/erp42_ros/install/erp42_util/lib:/home/aiv/ev_ws/erp42_ros/install/erp42_msgs/lib:/home/aiv/ev_ws/perception/install/velodyne_pointcloud/lib:/home/aiv/ev_ws/perception/install/velodyne_driver/lib:/home/aiv/ev_ws/perception/install/velodyne_laserscan/lib:/home/aiv/ev_ws/perception/install/velodyne_cropbox/lib:/home/aiv/ev_ws/perception/install/patchworkpp/lib:/home/aiv/ev_ws/perception/install/make_cylinder/lib:/home/aiv/ev_ws/perception/install/lidar_voxel_grid/lib:/home/aiv/ev_ws/perception/install/dbscan_clustering/lib:/home/aiv/ev_ws/perception/install/cluster_splitter/lib:/usr/lib/x86_64-linux-gnu/gazebo-11/plugins:/opt/ros/humble/opt/rviz_ogre_vendor/lib:/opt/ros/humble/lib/x86_64-linux-gnu:/opt/ros/humble/lib:/usr/local/cuda-12.6/lib64 /usr/bin/cmake /home/aiv/ev_ws/perception/src/lidar/velodyne_driver -DAMENT_CMAKE_SYMLINK_INSTALL=1 -DCMAKE_INSTALL_PREFIX=/home/aiv/ev_ws/perception/install/velodyne_driver
[5.076s] DEBUG:colcon.colcon_core.event_handler.log_command:Invoking command in '/home/aiv/ev_ws/perception/build/velodyne_driver': CMAKE_PREFIX_PATH=/home/aiv/ev_ws/perception/install/velodyne_msgs:/home/aiv/ev_ws/install/ev_msgs:/home/aiv/ev_ws/perception/install/make_bbox:/home/aiv/ev_ws/ev_msgs/install/ev_msgs:/home/aiv/ev_ws/carsa_gazebo/install/carsa_gazebo:/home/aiv/ev_ws/planning/install/planning_lc_ver:/home/aiv/ev_ws/erp42_ros/install/erp42_serial:/home/aiv/ev_ws/erp42_ros/install/erp42_rqt_plugin:/home/aiv/ev_ws/erp42_ros/install/erp42_gazebo:/home/aiv/ev_ws/erp42_ros/install/erp42_util:/home/aiv/ev_ws/erp42_ros/install/erp42_msgs:/home/aiv/ev_ws/erp42_ros/install/erp42_description:/home/aiv/ev_ws/erp42_ros/install/erp42_cmake:/home/aiv/ev_ws/perception/install/velodyne:/home/aiv/ev_ws/perception/install/lidar_launch:/home/aiv/ev_ws/perception/install/velodyne_pointcloud:/home/aiv/ev_ws/perception/install/velodyne_driver:/home/aiv/ev_ws/perception/install/velodyne_laserscan:/home/aiv/ev_ws/perception/install/velodyne_cropbox:/home/aiv/ev_ws/perception/install/patchworkpp:/home/aiv/ev_ws/perception/install/make_cylinder:/home/aiv/ev_ws/perception/install/lidar_voxel_grid:/home/aiv/ev_ws/perception/install/dbscan_clustering:/home/aiv/ev_ws/perception/install/cluster_splitter:/opt/ros/humble LD_LIBRARY_PATH=/home/aiv/ev_ws/perception/install/velodyne_msgs/lib:/home/aiv/ev_ws/install/ev_msgs/lib:/usr/local/cuda-12.6/lib64:/home/aiv/ev_ws/perception/install/make_bbox/lib:/usr/local/cuda-12.6/lib64:/home/aiv/ev_ws/ev_msgs/install/ev_msgs/lib:/home/aiv/ev_ws/planning/install/planning_lc_ver/lib:/home/aiv/ev_ws/erp42_ros/install/erp42_serial/lib:/home/aiv/ev_ws/erp42_ros/install/erp42_rqt_plugin/lib:/home/aiv/ev_ws/erp42_ros/install/erp42_gazebo/lib:/home/aiv/ev_ws/erp42_ros/install/erp42_util/lib:/home/aiv/ev_ws/erp42_ros/install/erp42_msgs/lib:/home/aiv/ev_ws/perception/install/velodyne_pointcloud/lib:/home/aiv/ev_ws/perception/install/velodyne_driver/lib:/home/aiv/ev_ws/perception/install/velodyne_laserscan/lib:/home/aiv/ev_ws/perception/install/velodyne_cropbox/lib:/home/aiv/ev_ws/perception/install/patchworkpp/lib:/home/aiv/ev_ws/perception/install/make_cylinder/lib:/home/aiv/ev_ws/perception/install/lidar_voxel_grid/lib:/home/aiv/ev_ws/perception/install/dbscan_clustering/lib:/home/aiv/ev_ws/perception/install/cluster_splitter/lib:/usr/lib/x86_64-linux-gnu/gazebo-11/plugins:/opt/ros/humble/opt/rviz_ogre_vendor/lib:/opt/ros/humble/lib/x86_64-linux-gnu:/opt/ros/humble/lib:/usr/local/cuda-12.6/lib64 /usr/bin/cmake --build /home/aiv/ev_ws/perception/build/velodyne_driver -- -j28 -l28
[5.140s] DEBUG:colcon.colcon_core.event_handler.log_command:Invoked command in '/home/aiv/ev_ws/perception/build/velodyne_pointcloud' returned '0': CMAKE_PREFIX_PATH=/home/aiv/ev_ws/perception/install/velodyne_msgs:/home/aiv/ev_ws/install/ev_msgs:/home/aiv/ev_ws/perception/install/make_bbox:/home/aiv/ev_ws/ev_msgs/install/ev_msgs:/home/aiv/ev_ws/carsa_gazebo/install/carsa_gazebo:/home/aiv/ev_ws/planning/install/planning_lc_ver:/home/aiv/ev_ws/erp42_ros/install/erp42_serial:/home/aiv/ev_ws/erp42_ros/install/erp42_rqt_plugin:/home/aiv/ev_ws/erp42_ros/install/erp42_gazebo:/home/aiv/ev_ws/erp42_ros/install/erp42_util:/home/aiv/ev_ws/erp42_ros/install/erp42_msgs:/home/aiv/ev_ws/erp42_ros/install/erp42_description:/home/aiv/ev_ws/erp42_ros/install/erp42_cmake:/home/aiv/ev_ws/perception/install/velodyne:/home/aiv/ev_ws/perception/install/lidar_launch:/home/aiv/ev_ws/perception/install/velodyne_pointcloud:/home/aiv/ev_ws/perception/install/velodyne_driver:/home/aiv/ev_ws/perception/install/velodyne_laserscan:/home/aiv/ev_ws/perception/install/velodyne_cropbox:/home/aiv/ev_ws/perception/install/patchworkpp:/home/aiv/ev_ws/perception/install/make_cylinder:/home/aiv/ev_ws/perception/install/lidar_voxel_grid:/home/aiv/ev_ws/perception/install/dbscan_clustering:/home/aiv/ev_ws/perception/install/cluster_splitter:/opt/ros/humble LD_LIBRARY_PATH=/home/aiv/ev_ws/perception/install/velodyne_msgs/lib:/home/aiv/ev_ws/install/ev_msgs/lib:/usr/local/cuda-12.6/lib64:/home/aiv/ev_ws/perception/install/make_bbox/lib:/usr/local/cuda-12.6/lib64:/home/aiv/ev_ws/ev_msgs/install/ev_msgs/lib:/home/aiv/ev_ws/planning/install/planning_lc_ver/lib:/home/aiv/ev_ws/erp42_ros/install/erp42_serial/lib:/home/aiv/ev_ws/erp42_ros/install/erp42_rqt_plugin/lib:/home/aiv/ev_ws/erp42_ros/install/erp42_gazebo/lib:/home/aiv/ev_ws/erp42_ros/install/erp42_util/lib:/home/aiv/ev_ws/erp42_ros/install/erp42_msgs/lib:/home/aiv/ev_ws/perception/install/velodyne_pointcloud/lib:/home/aiv/ev_ws/perception/install/velodyne_driver/lib:/home/aiv/ev_ws/perception/install/velodyne_laserscan/lib:/home/aiv/ev_ws/perception/install/velodyne_cropbox/lib:/home/aiv/ev_ws/perception/install/patchworkpp/lib:/home/aiv/ev_ws/perception/install/make_cylinder/lib:/home/aiv/ev_ws/perception/install/lidar_voxel_grid/lib:/home/aiv/ev_ws/perception/install/dbscan_clustering/lib:/home/aiv/ev_ws/perception/install/cluster_splitter/lib:/usr/lib/x86_64-linux-gnu/gazebo-11/plugins:/opt/ros/humble/opt/rviz_ogre_vendor/lib:/opt/ros/humble/lib/x86_64-linux-gnu:/opt/ros/humble/lib:/usr/local/cuda-12.6/lib64 /usr/bin/cmake /home/aiv/ev_ws/perception/src/lidar/velodyne_pointcloud -DAMENT_CMAKE_SYMLINK_INSTALL=1 -DCMAKE_INSTALL_PREFIX=/home/aiv/ev_ws/perception/install/velodyne_pointcloud
[5.141s] DEBUG:colcon.colcon_core.event_handler.log_command:Invoking command in '/home/aiv/ev_ws/perception/build/velodyne_pointcloud': CMAKE_PREFIX_PATH=/home/aiv/ev_ws/perception/install/velodyne_msgs:/home/aiv/ev_ws/install/ev_msgs:/home/aiv/ev_ws/perception/install/make_bbox:/home/aiv/ev_ws/ev_msgs/install/ev_msgs:/home/aiv/ev_ws/carsa_gazebo/install/carsa_gazebo:/home/aiv/ev_ws/planning/install/planning_lc_ver:/home/aiv/ev_ws/erp42_ros/install/erp42_serial:/home/aiv/ev_ws/erp42_ros/install/erp42_rqt_plugin:/home/aiv/ev_ws/erp42_ros/install/erp42_gazebo:/home/aiv/ev_ws/erp42_ros/install/erp42_util:/home/aiv/ev_ws/erp42_ros/install/erp42_msgs:/home/aiv/ev_ws/erp42_ros/install/erp42_description:/home/aiv/ev_ws/erp42_ros/install/erp42_cmake:/home/aiv/ev_ws/perception/install/velodyne:/home/aiv/ev_ws/perception/install/lidar_launch:/home/aiv/ev_ws/perception/install/velodyne_pointcloud:/home/aiv/ev_ws/perception/install/velodyne_driver:/home/aiv/ev_ws/perception/install/velodyne_laserscan:/home/aiv/ev_ws/perception/install/velodyne_cropbox:/home/aiv/ev_ws/perception/install/patchworkpp:/home/aiv/ev_ws/perception/install/make_cylinder:/home/aiv/ev_ws/perception/install/lidar_voxel_grid:/home/aiv/ev_ws/perception/install/dbscan_clustering:/home/aiv/ev_ws/perception/install/cluster_splitter:/opt/ros/humble LD_LIBRARY_PATH=/home/aiv/ev_ws/perception/install/velodyne_msgs/lib:/home/aiv/ev_ws/install/ev_msgs/lib:/usr/local/cuda-12.6/lib64:/home/aiv/ev_ws/perception/install/make_bbox/lib:/usr/local/cuda-12.6/lib64:/home/aiv/ev_ws/ev_msgs/install/ev_msgs/lib:/home/aiv/ev_ws/planning/install/planning_lc_ver/lib:/home/aiv/ev_ws/erp42_ros/install/erp42_serial/lib:/home/aiv/ev_ws/erp42_ros/install/erp42_rqt_plugin/lib:/home/aiv/ev_ws/erp42_ros/install/erp42_gazebo/lib:/home/aiv/ev_ws/erp42_ros/install/erp42_util/lib:/home/aiv/ev_ws/erp42_ros/install/erp42_msgs/lib:/home/aiv/ev_ws/perception/install/velodyne_pointcloud/lib:/home/aiv/ev_ws/perception/install/velodyne_driver/lib:/home/aiv/ev_ws/perception/install/velodyne_laserscan/lib:/home/aiv/ev_ws/perception/install/velodyne_cropbox/lib:/home/aiv/ev_ws/perception/install/patchworkpp/lib:/home/aiv/ev_ws/perception/install/make_cylinder/lib:/home/aiv/ev_ws/perception/install/lidar_voxel_grid/lib:/home/aiv/ev_ws/perception/install/dbscan_clustering/lib:/home/aiv/ev_ws/perception/install/cluster_splitter/lib:/usr/lib/x86_64-linux-gnu/gazebo-11/plugins:/opt/ros/humble/opt/rviz_ogre_vendor/lib:/opt/ros/humble/lib/x86_64-linux-gnu:/opt/ros/humble/lib:/usr/local/cuda-12.6/lib64 /usr/bin/cmake --build /home/aiv/ev_ws/perception/build/velodyne_pointcloud -- -j28 -l28
[6.617s] DEBUG:colcon.colcon_core.event_handler.log_command:Invoked command in '/home/aiv/ev_ws/perception/build/velodyne_cropbox' returned '0': CMAKE_PREFIX_PATH=${CMAKE_PREFIX_PATH}:/opt/ros/humble /usr/bin/cmake --build /home/aiv/ev_ws/perception/build/velodyne_cropbox -- -j28 -l28
[6.619s] DEBUG:colcon.colcon_core.event_handler.log_command:Invoking command in '/home/aiv/ev_ws/perception/build/velodyne_cropbox': CMAKE_PREFIX_PATH=${CMAKE_PREFIX_PATH}:/opt/ros/humble /usr/bin/cmake --install /home/aiv/ev_ws/perception/build/velodyne_cropbox
[6.868s] Level 1:colcon.colcon_core.environment:create_environment_scripts_only(velodyne_cropbox)
[6.868s] Level 1:colcon.colcon_core.environment:checking '/home/aiv/ev_ws/perception/install/velodyne_cropbox' for CMake module files
[6.869s] DEBUG:colcon.colcon_core.event_handler.log_command:Invoked command in '/home/aiv/ev_ws/perception/build/velodyne_cropbox' returned '0': CMAKE_PREFIX_PATH=${CMAKE_PREFIX_PATH}:/opt/ros/humble /usr/bin/cmake --install /home/aiv/ev_ws/perception/build/velodyne_cropbox
[6.869s] Level 1:colcon.colcon_core.environment:checking '/home/aiv/ev_ws/perception/install/velodyne_cropbox' for CMake config files
[6.869s] Level 1:colcon.colcon_core.shell:create_environment_hook('velodyne_cropbox', 'cmake_prefix_path')
[6.870s] INFO:colcon.colcon_core.shell:Creating environment hook '/home/aiv/ev_ws/perception/install/velodyne_cropbox/share/velodyne_cropbox/hook/cmake_prefix_path.ps1'
[6.870s] INFO:colcon.colcon_core.shell:Creating environment descriptor '/home/aiv/ev_ws/perception/install/velodyne_cropbox/share/velodyne_cropbox/hook/cmake_prefix_path.dsv'
[6.870s] INFO:colcon.colcon_core.shell:Creating environment hook '/home/aiv/ev_ws/perception/install/velodyne_cropbox/share/velodyne_cropbox/hook/cmake_prefix_path.sh'
[6.871s] Level 1:colcon.colcon_core.environment:checking '/home/aiv/ev_ws/perception/install/velodyne_cropbox/lib'
[6.871s] Level 1:colcon.colcon_core.shell:create_environment_hook('velodyne_cropbox', 'ld_library_path_lib')
[6.871s] INFO:colcon.colcon_core.shell:Creating environment hook '/home/aiv/ev_ws/perception/install/velodyne_cropbox/share/velodyne_cropbox/hook/ld_library_path_lib.ps1'
[6.872s] INFO:colcon.colcon_core.shell:Creating environment descriptor '/home/aiv/ev_ws/perception/install/velodyne_cropbox/share/velodyne_cropbox/hook/ld_library_path_lib.dsv'
[6.872s] INFO:colcon.colcon_core.shell:Creating environment hook '/home/aiv/ev_ws/perception/install/velodyne_cropbox/share/velodyne_cropbox/hook/ld_library_path_lib.sh'
[6.872s] Level 1:colcon.colcon_core.environment:checking '/home/aiv/ev_ws/perception/install/velodyne_cropbox/bin'
[6.872s] Level 1:colcon.colcon_core.environment:checking '/home/aiv/ev_ws/perception/install/velodyne_cropbox/lib/pkgconfig/velodyne_cropbox.pc'
[6.873s] Level 1:colcon.colcon_core.environment:checking '/home/aiv/ev_ws/perception/install/velodyne_cropbox/lib/python3.10/site-packages'
[6.873s] Level 1:colcon.colcon_core.environment:checking '/home/aiv/ev_ws/perception/install/velodyne_cropbox/bin'
[6.873s] INFO:colcon.colcon_core.shell:Creating package script '/home/aiv/ev_ws/perception/install/velodyne_cropbox/share/velodyne_cropbox/package.ps1'
[6.874s] INFO:colcon.colcon_core.shell:Creating package descriptor '/home/aiv/ev_ws/perception/install/velodyne_cropbox/share/velodyne_cropbox/package.dsv'
[6.874s] INFO:colcon.colcon_core.shell:Creating package script '/home/aiv/ev_ws/perception/install/velodyne_cropbox/share/velodyne_cropbox/package.sh'
[6.874s] INFO:colcon.colcon_core.shell:Creating package script '/home/aiv/ev_ws/perception/install/velodyne_cropbox/share/velodyne_cropbox/package.bash'
[6.875s] INFO:colcon.colcon_core.shell:Creating package script '/home/aiv/ev_ws/perception/install/velodyne_cropbox/share/velodyne_cropbox/package.zsh'
[6.875s] Level 1:colcon.colcon_core.environment:create_file_with_runtime_dependencies(/home/aiv/ev_ws/perception/install/velodyne_cropbox/share/colcon-core/packages/velodyne_cropbox)
[6.876s] Level 1:colcon.colcon_core.environment:create_environment_scripts_only(velodyne_cropbox)
[6.876s] Level 1:colcon.colcon_core.environment:checking '/home/aiv/ev_ws/perception/install/velodyne_cropbox' for CMake module files
[6.876s] Level 1:colcon.colcon_core.environment:checking '/home/aiv/ev_ws/perception/install/velodyne_cropbox' for CMake config files
[6.877s] Level 1:colcon.colcon_core.shell:create_environment_hook('velodyne_cropbox', 'cmake_prefix_path')
[6.877s] INFO:colcon.colcon_core.shell:Creating environment hook '/home/aiv/ev_ws/perception/install/velodyne_cropbox/share/velodyne_cropbox/hook/cmake_prefix_path.ps1'
[6.877s] INFO:colcon.colcon_core.shell:Creating environment descriptor '/home/aiv/ev_ws/perception/install/velodyne_cropbox/share/velodyne_cropbox/hook/cmake_prefix_path.dsv'
[6.878s] INFO:colcon.colcon_core.shell:Creating environment hook '/home/aiv/ev_ws/perception/install/velodyne_cropbox/share/velodyne_cropbox/hook/cmake_prefix_path.sh'
[6.878s] Level 1:colcon.colcon_core.environment:checking '/home/aiv/ev_ws/perception/install/velodyne_cropbox/lib'
[6.878s] Level 1:colcon.colcon_core.shell:create_environment_hook('velodyne_cropbox', 'ld_library_path_lib')
[6.878s] INFO:colcon.colcon_core.shell:Creating environment hook '/home/aiv/ev_ws/perception/install/velodyne_cropbox/share/velodyne_cropbox/hook/ld_library_path_lib.ps1'
[6.879s] INFO:colcon.colcon_core.shell:Creating environment descriptor '/home/aiv/ev_ws/perception/install/velodyne_cropbox/share/velodyne_cropbox/hook/ld_library_path_lib.dsv'
[6.879s] INFO:colcon.colcon_core.shell:Creating environment hook '/home/aiv/ev_ws/perception/install/velodyne_cropbox/share/velodyne_cropbox/hook/ld_library_path_lib.sh'
[6.879s] Level 1:colcon.colcon_core.environment:checking '/home/aiv/ev_ws/perception/install/velodyne_cropbox/bin'
[6.880s] Level 1:colcon.colcon_core.environment:checking '/home/aiv/ev_ws/perception/install/velodyne_cropbox/lib/pkgconfig/velodyne_cropbox.pc'
[6.880s] Level 1:colcon.colcon_core.environment:checking '/home/aiv/ev_ws/perception/install/velodyne_cropbox/lib/python3.10/site-packages'
[6.880s] Level 1:colcon.colcon_core.environment:checking '/home/aiv/ev_ws/perception/install/velodyne_cropbox/bin'
[6.880s] INFO:colcon.colcon_core.shell:Creating package script '/home/aiv/ev_ws/perception/install/velodyne_cropbox/share/velodyne_cropbox/package.ps1'
[6.881s] INFO:colcon.colcon_core.shell:Creating package descriptor '/home/aiv/ev_ws/perception/install/velodyne_cropbox/share/velodyne_cropbox/package.dsv'
[6.882s] INFO:colcon.colcon_core.shell:Creating package script '/home/aiv/ev_ws/perception/install/velodyne_cropbox/share/velodyne_cropbox/package.sh'
[6.882s] INFO:colcon.colcon_core.shell:Creating package script '/home/aiv/ev_ws/perception/install/velodyne_cropbox/share/velodyne_cropbox/package.bash'
[6.882s] INFO:colcon.colcon_core.shell:Creating package script '/home/aiv/ev_ws/perception/install/velodyne_cropbox/share/velodyne_cropbox/package.zsh'
[6.883s] Level 1:colcon.colcon_core.environment:create_file_with_runtime_dependencies(/home/aiv/ev_ws/perception/install/velodyne_cropbox/share/colcon-core/packages/velodyne_cropbox)
[8.247s] DEBUG:colcon.colcon_core.event_handler.log_command:Invoked command in '/home/aiv/ev_ws/perception/build/cluster_splitter' returned '0': CMAKE_PREFIX_PATH=${CMAKE_PREFIX_PATH}:/opt/ros/humble /usr/bin/cmake --build /home/aiv/ev_ws/perception/build/cluster_splitter -- -j28 -l28
[8.249s] DEBUG:colcon.colcon_core.event_handler.log_command:Invoking command in '/home/aiv/ev_ws/perception/build/cluster_splitter': CMAKE_PREFIX_PATH=${CMAKE_PREFIX_PATH}:/opt/ros/humble /usr/bin/cmake --install /home/aiv/ev_ws/perception/build/cluster_splitter
[8.441s] Level 1:colcon.colcon_core.environment:create_environment_scripts_only(cluster_splitter)
[8.441s] Level 1:colcon.colcon_core.environment:checking '/home/aiv/ev_ws/perception/install/cluster_splitter' for CMake module files
[8.441s] DEBUG:colcon.colcon_core.event_handler.log_command:Invoked command in '/home/aiv/ev_ws/perception/build/cluster_splitter' returned '0': CMAKE_PREFIX_PATH=${CMAKE_PREFIX_PATH}:/opt/ros/humble /usr/bin/cmake --install /home/aiv/ev_ws/perception/build/cluster_splitter
[8.442s] Level 1:colcon.colcon_core.environment:checking '/home/aiv/ev_ws/perception/install/cluster_splitter' for CMake config files
[8.442s] Level 1:colcon.colcon_core.shell:create_environment_hook('cluster_splitter', 'cmake_prefix_path')
[8.442s] INFO:colcon.colcon_core.shell:Creating environment hook '/home/aiv/ev_ws/perception/install/cluster_splitter/share/cluster_splitter/hook/cmake_prefix_path.ps1'
[8.443s] INFO:colcon.colcon_core.shell:Creating environment descriptor '/home/aiv/ev_ws/perception/install/cluster_splitter/share/cluster_splitter/hook/cmake_prefix_path.dsv'
[8.443s] INFO:colcon.colcon_core.shell:Creating environment hook '/home/aiv/ev_ws/perception/install/cluster_splitter/share/cluster_splitter/hook/cmake_prefix_path.sh'
[8.444s] Level 1:colcon.colcon_core.environment:checking '/home/aiv/ev_ws/perception/install/cluster_splitter/lib'
[8.444s] Level 1:colcon.colcon_core.shell:create_environment_hook('cluster_splitter', 'ld_library_path_lib')
[8.444s] INFO:colcon.colcon_core.shell:Creating environment hook '/home/aiv/ev_ws/perception/install/cluster_splitter/share/cluster_splitter/hook/ld_library_path_lib.ps1'
[8.445s] INFO:colcon.colcon_core.shell:Creating environment descriptor '/home/aiv/ev_ws/perception/install/cluster_splitter/share/cluster_splitter/hook/ld_library_path_lib.dsv'
[8.445s] INFO:colcon.colcon_core.shell:Creating environment hook '/home/aiv/ev_ws/perception/install/cluster_splitter/share/cluster_splitter/hook/ld_library_path_lib.sh'
[8.445s] Level 1:colcon.colcon_core.environment:checking '/home/aiv/ev_ws/perception/install/cluster_splitter/bin'
[8.445s] Level 1:colcon.colcon_core.environment:checking '/home/aiv/ev_ws/perception/install/cluster_splitter/lib/pkgconfig/cluster_splitter.pc'
[8.445s] Level 1:colcon.colcon_core.environment:checking '/home/aiv/ev_ws/perception/install/cluster_splitter/lib/python3.10/site-packages'
[8.446s] Level 1:colcon.colcon_core.environment:checking '/home/aiv/ev_ws/perception/install/cluster_splitter/bin'
[8.446s] INFO:colcon.colcon_core.shell:Creating package script '/home/aiv/ev_ws/perception/install/cluster_splitter/share/cluster_splitter/package.ps1'
[8.447s] INFO:colcon.colcon_core.shell:Creating package descriptor '/home/aiv/ev_ws/perception/install/cluster_splitter/share/cluster_splitter/package.dsv'
[8.447s] INFO:colcon.colcon_core.shell:Creating package script '/home/aiv/ev_ws/perception/install/cluster_splitter/share/cluster_splitter/package.sh'
[8.447s] INFO:colcon.colcon_core.shell:Creating package script '/home/aiv/ev_ws/perception/install/cluster_splitter/share/cluster_splitter/package.bash'
[8.448s] INFO:colcon.colcon_core.shell:Creating package script '/home/aiv/ev_ws/perception/install/cluster_splitter/share/cluster_splitter/package.zsh'
[8.448s] Level 1:colcon.colcon_core.environment:create_file_with_runtime_dependencies(/home/aiv/ev_ws/perception/install/cluster_splitter/share/colcon-core/packages/cluster_splitter)
[8.449s] Level 1:colcon.colcon_core.environment:create_environment_scripts_only(cluster_splitter)
[8.449s] Level 1:colcon.colcon_core.environment:checking '/home/aiv/ev_ws/perception/install/cluster_splitter' for CMake module files
[8.449s] Level 1:colcon.colcon_core.environment:checking '/home/aiv/ev_ws/perception/install/cluster_splitter' for CMake config files
[8.450s] Level 1:colcon.colcon_core.shell:create_environment_hook('cluster_splitter', 'cmake_prefix_path')
[8.450s] INFO:colcon.colcon_core.shell:Creating environment hook '/home/aiv/ev_ws/perception/install/cluster_splitter/share/cluster_splitter/hook/cmake_prefix_path.ps1'
[8.450s] INFO:colcon.colcon_core.shell:Creating environment descriptor '/home/aiv/ev_ws/perception/install/cluster_splitter/share/cluster_splitter/hook/cmake_prefix_path.dsv'
[8.451s] INFO:colcon.colcon_core.shell:Creating environment hook '/home/aiv/ev_ws/perception/install/cluster_splitter/share/cluster_splitter/hook/cmake_prefix_path.sh'
[8.451s] Level 1:colcon.colcon_core.environment:checking '/home/aiv/ev_ws/perception/install/cluster_splitter/lib'
[8.451s] Level 1:colcon.colcon_core.shell:create_environment_hook('cluster_splitter', 'ld_library_path_lib')
[8.452s] INFO:colcon.colcon_core.shell:Creating environment hook '/home/aiv/ev_ws/perception/install/cluster_splitter/share/cluster_splitter/hook/ld_library_path_lib.ps1'
[8.452s] INFO:colcon.colcon_core.shell:Creating environment descriptor '/home/aiv/ev_ws/perception/install/cluster_splitter/share/cluster_splitter/hook/ld_library_path_lib.dsv'
[8.452s] INFO:colcon.colcon_core.shell:Creating environment hook '/home/aiv/ev_ws/perception/install/cluster_splitter/share/cluster_splitter/hook/ld_library_path_lib.sh'
[8.453s] Level 1:colcon.colcon_core.environment:checking '/home/aiv/ev_ws/perception/install/cluster_splitter/bin'
[8.453s] Level 1:colcon.colcon_core.environment:checking '/home/aiv/ev_ws/perception/install/cluster_splitter/lib/pkgconfig/cluster_splitter.pc'
[8.453s] Level 1:colcon.colcon_core.environment:checking '/home/aiv/ev_ws/perception/install/cluster_splitter/lib/python3.10/site-packages'
[8.453s] Level 1:colcon.colcon_core.environment:checking '/home/aiv/ev_ws/perception/install/cluster_splitter/bin'
[8.454s] INFO:colcon.colcon_core.shell:Creating package script '/home/aiv/ev_ws/perception/install/cluster_splitter/share/cluster_splitter/package.ps1'
[8.454s] INFO:colcon.colcon_core.shell:Creating package descriptor '/home/aiv/ev_ws/perception/install/cluster_splitter/share/cluster_splitter/package.dsv'
[8.455s] INFO:colcon.colcon_core.shell:Creating package script '/home/aiv/ev_ws/perception/install/cluster_splitter/share/cluster_splitter/package.sh'
[8.455s] INFO:colcon.colcon_core.shell:Creating package script '/home/aiv/ev_ws/perception/install/cluster_splitter/share/cluster_splitter/package.bash'
[8.455s] INFO:colcon.colcon_core.shell:Creating package script '/home/aiv/ev_ws/perception/install/cluster_splitter/share/cluster_splitter/package.zsh'
[8.456s] Level 1:colcon.colcon_core.environment:create_file_with_runtime_dependencies(/home/aiv/ev_ws/perception/install/cluster_splitter/share/colcon-core/packages/cluster_splitter)
[9.133s] DEBUG:colcon.colcon_core.event_handler.log_command:Invoked command in '/home/aiv/ev_ws/perception/build/velodyne_laserscan' returned '0': CMAKE_PREFIX_PATH=${CMAKE_PREFIX_PATH}:/opt/ros/humble /usr/bin/cmake --build /home/aiv/ev_ws/perception/build/velodyne_laserscan -- -j28 -l28
[9.134s] DEBUG:colcon.colcon_core.event_handler.log_command:Invoking command in '/home/aiv/ev_ws/perception/build/velodyne_laserscan': CMAKE_PREFIX_PATH=${CMAKE_PREFIX_PATH}:/opt/ros/humble /usr/bin/cmake --install /home/aiv/ev_ws/perception/build/velodyne_laserscan
[9.328s] Level 1:colcon.colcon_core.environment:create_environment_scripts_only(velodyne_laserscan)
[9.329s] Level 1:colcon.colcon_core.environment:checking '/home/aiv/ev_ws/perception/install/velodyne_laserscan' for CMake module files
[9.329s] DEBUG:colcon.colcon_core.event_handler.log_command:Invoked command in '/home/aiv/ev_ws/perception/build/velodyne_laserscan' returned '0': CMAKE_PREFIX_PATH=${CMAKE_PREFIX_PATH}:/opt/ros/humble /usr/bin/cmake --install /home/aiv/ev_ws/perception/build/velodyne_laserscan
[9.329s] Level 1:colcon.colcon_core.environment:checking '/home/aiv/ev_ws/perception/install/velodyne_laserscan' for CMake config files
[9.329s] Level 1:colcon.colcon_core.shell:create_environment_hook('velodyne_laserscan', 'cmake_prefix_path')
[9.330s] INFO:colcon.colcon_core.shell:Creating environment hook '/home/aiv/ev_ws/perception/install/velodyne_laserscan/share/velodyne_laserscan/hook/cmake_prefix_path.ps1'
[9.330s] INFO:colcon.colcon_core.shell:Creating environment descriptor '/home/aiv/ev_ws/perception/install/velodyne_laserscan/share/velodyne_laserscan/hook/cmake_prefix_path.dsv'
[9.330s] INFO:colcon.colcon_core.shell:Creating environment hook '/home/aiv/ev_ws/perception/install/velodyne_laserscan/share/velodyne_laserscan/hook/cmake_prefix_path.sh'
[9.331s] Level 1:colcon.colcon_core.environment:checking '/home/aiv/ev_ws/perception/install/velodyne_laserscan/lib'
[9.331s] Level 1:colcon.colcon_core.shell:create_environment_hook('velodyne_laserscan', 'ld_library_path_lib')
[9.331s] INFO:colcon.colcon_core.shell:Creating environment hook '/home/aiv/ev_ws/perception/install/velodyne_laserscan/share/velodyne_laserscan/hook/ld_library_path_lib.ps1'
[9.331s] INFO:colcon.colcon_core.shell:Creating environment descriptor '/home/aiv/ev_ws/perception/install/velodyne_laserscan/share/velodyne_laserscan/hook/ld_library_path_lib.dsv'
[9.332s] INFO:colcon.colcon_core.shell:Creating environment hook '/home/aiv/ev_ws/perception/install/velodyne_laserscan/share/velodyne_laserscan/hook/ld_library_path_lib.sh'
[9.332s] Level 1:colcon.colcon_core.environment:checking '/home/aiv/ev_ws/perception/install/velodyne_laserscan/bin'
[9.332s] Level 1:colcon.colcon_core.environment:checking '/home/aiv/ev_ws/perception/install/velodyne_laserscan/lib/pkgconfig/velodyne_laserscan.pc'
[9.332s] Level 1:colcon.colcon_core.environment:checking '/home/aiv/ev_ws/perception/install/velodyne_laserscan/lib/python3.10/site-packages'
[9.332s] Level 1:colcon.colcon_core.environment:checking '/home/aiv/ev_ws/perception/install/velodyne_laserscan/bin'
[9.333s] INFO:colcon.colcon_core.shell:Creating package script '/home/aiv/ev_ws/perception/install/velodyne_laserscan/share/velodyne_laserscan/package.ps1'
[9.333s] INFO:colcon.colcon_core.shell:Creating package descriptor '/home/aiv/ev_ws/perception/install/velodyne_laserscan/share/velodyne_laserscan/package.dsv'
[9.334s] INFO:colcon.colcon_core.shell:Creating package script '/home/aiv/ev_ws/perception/install/velodyne_laserscan/share/velodyne_laserscan/package.sh'
[9.334s] INFO:colcon.colcon_core.shell:Creating package script '/home/aiv/ev_ws/perception/install/velodyne_laserscan/share/velodyne_laserscan/package.bash'
[9.334s] INFO:colcon.colcon_core.shell:Creating package script '/home/aiv/ev_ws/perception/install/velodyne_laserscan/share/velodyne_laserscan/package.zsh'
[9.334s] Level 1:colcon.colcon_core.environment:create_file_with_runtime_dependencies(/home/aiv/ev_ws/perception/install/velodyne_laserscan/share/colcon-core/packages/velodyne_laserscan)
[9.335s] Level 1:colcon.colcon_core.environment:create_environment_scripts_only(velodyne_laserscan)
[9.335s] Level 1:colcon.colcon_core.environment:checking '/home/aiv/ev_ws/perception/install/velodyne_laserscan' for CMake module files
[9.335s] Level 1:colcon.colcon_core.environment:checking '/home/aiv/ev_ws/perception/install/velodyne_laserscan' for CMake config files
[9.335s] Level 1:colcon.colcon_core.shell:create_environment_hook('velodyne_laserscan', 'cmake_prefix_path')
[9.335s] INFO:colcon.colcon_core.shell:Creating environment hook '/home/aiv/ev_ws/perception/install/velodyne_laserscan/share/velodyne_laserscan/hook/cmake_prefix_path.ps1'
[9.336s] INFO:colcon.colcon_core.shell:Creating environment descriptor '/home/aiv/ev_ws/perception/install/velodyne_laserscan/share/velodyne_laserscan/hook/cmake_prefix_path.dsv'
[9.336s] INFO:colcon.colcon_core.shell:Creating environment hook '/home/aiv/ev_ws/perception/install/velodyne_laserscan/share/velodyne_laserscan/hook/cmake_prefix_path.sh'
[9.336s] Level 1:colcon.colcon_core.environment:checking '/home/aiv/ev_ws/perception/install/velodyne_laserscan/lib'
[9.336s] Level 1:colcon.colcon_core.shell:create_environment_hook('velodyne_laserscan', 'ld_library_path_lib')
[9.336s] INFO:colcon.colcon_core.shell:Creating environment hook '/home/aiv/ev_ws/perception/install/velodyne_laserscan/share/velodyne_laserscan/hook/ld_library_path_lib.ps1'
[9.336s] INFO:colcon.colcon_core.shell:Creating environment descriptor '/home/aiv/ev_ws/perception/install/velodyne_laserscan/share/velodyne_laserscan/hook/ld_library_path_lib.dsv'
[9.336s] INFO:colcon.colcon_core.shell:Creating environment hook '/home/aiv/ev_ws/perception/install/velodyne_laserscan/share/velodyne_laserscan/hook/ld_library_path_lib.sh'
[9.337s] Level 1:colcon.colcon_core.environment:checking '/home/aiv/ev_ws/perception/install/velodyne_laserscan/bin'
[9.337s] Level 1:colcon.colcon_core.environment:checking '/home/aiv/ev_ws/perception/install/velodyne_laserscan/lib/pkgconfig/velodyne_laserscan.pc'
[9.337s] Level 1:colcon.colcon_core.environment:checking '/home/aiv/ev_ws/perception/install/velodyne_laserscan/lib/python3.10/site-packages'
[9.337s] Level 1:colcon.colcon_core.environment:checking '/home/aiv/ev_ws/perception/install/velodyne_laserscan/bin'
[9.337s] INFO:colcon.colcon_core.shell:Creating package script '/home/aiv/ev_ws/perception/install/velodyne_laserscan/share/velodyne_laserscan/package.ps1'
[9.337s] INFO:colcon.colcon_core.shell:Creating package descriptor '/home/aiv/ev_ws/perception/install/velodyne_laserscan/share/velodyne_laserscan/package.dsv'
[9.338s] INFO:colcon.colcon_core.shell:Creating package script '/home/aiv/ev_ws/perception/install/velodyne_laserscan/share/velodyne_laserscan/package.sh'
[9.338s] INFO:colcon.colcon_core.shell:Creating package script '/home/aiv/ev_ws/perception/install/velodyne_laserscan/share/velodyne_laserscan/package.bash'
[9.338s] INFO:colcon.colcon_core.shell:Creating package script '/home/aiv/ev_ws/perception/install/velodyne_laserscan/share/velodyne_laserscan/package.zsh'
[9.338s] Level 1:colcon.colcon_core.environment:create_file_with_runtime_dependencies(/home/aiv/ev_ws/perception/install/velodyne_laserscan/share/colcon-core/packages/velodyne_laserscan)
[10.106s] DEBUG:colcon.colcon_core.event_handler.log_command:Invoked command in '/home/aiv/ev_ws/perception/build/make_bbox' returned '0': CMAKE_PREFIX_PATH=${CMAKE_PREFIX_PATH}:/opt/ros/humble /usr/bin/cmake --build /home/aiv/ev_ws/perception/build/make_bbox -- -j28 -l28
[10.107s] DEBUG:colcon.colcon_core.event_handler.log_command:Invoking command in '/home/aiv/ev_ws/perception/build/make_bbox': CMAKE_PREFIX_PATH=${CMAKE_PREFIX_PATH}:/opt/ros/humble /usr/bin/cmake --install /home/aiv/ev_ws/perception/build/make_bbox
[10.252s] Level 1:colcon.colcon_core.environment:create_environment_scripts_only(make_bbox)
[10.252s] Level 1:colcon.colcon_core.environment:checking '/home/aiv/ev_ws/perception/install/make_bbox' for CMake module files
[10.252s] DEBUG:colcon.colcon_core.event_handler.log_command:Invoked command in '/home/aiv/ev_ws/perception/build/make_bbox' returned '0': CMAKE_PREFIX_PATH=${CMAKE_PREFIX_PATH}:/opt/ros/humble /usr/bin/cmake --install /home/aiv/ev_ws/perception/build/make_bbox
[10.253s] Level 1:colcon.colcon_core.environment:checking '/home/aiv/ev_ws/perception/install/make_bbox' for CMake config files
[10.253s] Level 1:colcon.colcon_core.shell:create_environment_hook('make_bbox', 'cmake_prefix_path')
[10.253s] INFO:colcon.colcon_core.shell:Creating environment hook '/home/aiv/ev_ws/perception/install/make_bbox/share/make_bbox/hook/cmake_prefix_path.ps1'
[10.254s] INFO:colcon.colcon_core.shell:Creating environment descriptor '/home/aiv/ev_ws/perception/install/make_bbox/share/make_bbox/hook/cmake_prefix_path.dsv'
[10.254s] INFO:colcon.colcon_core.shell:Creating environment hook '/home/aiv/ev_ws/perception/install/make_bbox/share/make_bbox/hook/cmake_prefix_path.sh'
[10.254s] Level 1:colcon.colcon_core.environment:checking '/home/aiv/ev_ws/perception/install/make_bbox/lib'
[10.255s] Level 1:colcon.colcon_core.shell:create_environment_hook('make_bbox', 'ld_library_path_lib')
[10.255s] INFO:colcon.colcon_core.shell:Creating environment hook '/home/aiv/ev_ws/perception/install/make_bbox/share/make_bbox/hook/ld_library_path_lib.ps1'
[10.255s] INFO:colcon.colcon_core.shell:Creating environment descriptor '/home/aiv/ev_ws/perception/install/make_bbox/share/make_bbox/hook/ld_library_path_lib.dsv'
[10.255s] INFO:colcon.colcon_core.shell:Creating environment hook '/home/aiv/ev_ws/perception/install/make_bbox/share/make_bbox/hook/ld_library_path_lib.sh'
[10.256s] Level 1:colcon.colcon_core.environment:checking '/home/aiv/ev_ws/perception/install/make_bbox/bin'
[10.256s] Level 1:colcon.colcon_core.environment:checking '/home/aiv/ev_ws/perception/install/make_bbox/lib/pkgconfig/make_bbox.pc'
[10.256s] Level 1:colcon.colcon_core.environment:checking '/home/aiv/ev_ws/perception/install/make_bbox/lib/python3.10/site-packages'
[10.256s] Level 1:colcon.colcon_core.environment:checking '/home/aiv/ev_ws/perception/install/make_bbox/bin'
[10.256s] INFO:colcon.colcon_core.shell:Creating package script '/home/aiv/ev_ws/perception/install/make_bbox/share/make_bbox/package.ps1'
[10.257s] INFO:colcon.colcon_core.shell:Creating package descriptor '/home/aiv/ev_ws/perception/install/make_bbox/share/make_bbox/package.dsv'
[10.257s] INFO:colcon.colcon_core.shell:Creating package script '/home/aiv/ev_ws/perception/install/make_bbox/share/make_bbox/package.sh'
[10.258s] INFO:colcon.colcon_core.shell:Creating package script '/home/aiv/ev_ws/perception/install/make_bbox/share/make_bbox/package.bash'
[10.258s] INFO:colcon.colcon_core.shell:Creating package script '/home/aiv/ev_ws/perception/install/make_bbox/share/make_bbox/package.zsh'
[10.258s] Level 1:colcon.colcon_core.environment:create_file_with_runtime_dependencies(/home/aiv/ev_ws/perception/install/make_bbox/share/colcon-core/packages/make_bbox)
[10.259s] Level 1:colcon.colcon_core.environment:create_environment_scripts_only(make_bbox)
[10.259s] Level 1:colcon.colcon_core.environment:checking '/home/aiv/ev_ws/perception/install/make_bbox' for CMake module files
[10.259s] Level 1:colcon.colcon_core.environment:checking '/home/aiv/ev_ws/perception/install/make_bbox' for CMake config files
[10.259s] Level 1:colcon.colcon_core.shell:create_environment_hook('make_bbox', 'cmake_prefix_path')
[10.259s] INFO:colcon.colcon_core.shell:Creating environment hook '/home/aiv/ev_ws/perception/install/make_bbox/share/make_bbox/hook/cmake_prefix_path.ps1'
[10.260s] INFO:colcon.colcon_core.shell:Creating environment descriptor '/home/aiv/ev_ws/perception/install/make_bbox/share/make_bbox/hook/cmake_prefix_path.dsv'
[10.260s] INFO:colcon.colcon_core.shell:Creating environment hook '/home/aiv/ev_ws/perception/install/make_bbox/share/make_bbox/hook/cmake_prefix_path.sh'
[10.260s] Level 1:colcon.colcon_core.environment:checking '/home/aiv/ev_ws/perception/install/make_bbox/lib'
[10.260s] Level 1:colcon.colcon_core.shell:create_environment_hook('make_bbox', 'ld_library_path_lib')
[10.260s] INFO:colcon.colcon_core.shell:Creating environment hook '/home/aiv/ev_ws/perception/install/make_bbox/share/make_bbox/hook/ld_library_path_lib.ps1'
[10.260s] INFO:colcon.colcon_core.shell:Creating environment descriptor '/home/aiv/ev_ws/perception/install/make_bbox/share/make_bbox/hook/ld_library_path_lib.dsv'
[10.260s] INFO:colcon.colcon_core.shell:Creating environment hook '/home/aiv/ev_ws/perception/install/make_bbox/share/make_bbox/hook/ld_library_path_lib.sh'
[10.261s] Level 1:colcon.colcon_core.environment:checking '/home/aiv/ev_ws/perception/install/make_bbox/bin'
[10.261s] Level 1:colcon.colcon_core.environment:checking '/home/aiv/ev_ws/perception/install/make_bbox/lib/pkgconfig/make_bbox.pc'
[10.261s] Level 1:colcon.colcon_core.environment:checking '/home/aiv/ev_ws/perception/install/make_bbox/lib/python3.10/site-packages'
[10.261s] Level 1:colcon.colcon_core.environment:checking '/home/aiv/ev_ws/perception/install/make_bbox/bin'
[10.261s] INFO:colcon.colcon_core.shell:Creating package script '/home/aiv/ev_ws/perception/install/make_bbox/share/make_bbox/package.ps1'
[10.261s] INFO:colcon.colcon_core.shell:Creating package descriptor '/home/aiv/ev_ws/perception/install/make_bbox/share/make_bbox/package.dsv'
[10.262s] INFO:colcon.colcon_core.shell:Creating package script '/home/aiv/ev_ws/perception/install/make_bbox/share/make_bbox/package.sh'
[10.262s] INFO:colcon.colcon_core.shell:Creating package script '/home/aiv/ev_ws/perception/install/make_bbox/share/make_bbox/package.bash'
[10.262s] INFO:colcon.colcon_core.shell:Creating package script '/home/aiv/ev_ws/perception/install/make_bbox/share/make_bbox/package.zsh'
[10.262s] Level 1:colcon.colcon_core.environment:create_file_with_runtime_dependencies(/home/aiv/ev_ws/perception/install/make_bbox/share/colcon-core/packages/make_bbox)
[10.529s] DEBUG:colcon.colcon_core.event_handler.log_command:Invoked command in '/home/aiv/ev_ws/perception/build/dbscan_clustering' returned '0': CMAKE_PREFIX_PATH=${CMAKE_PREFIX_PATH}:/opt/ros/humble /usr/bin/cmake --build /home/aiv/ev_ws/perception/build/dbscan_clustering -- -j28 -l28
[10.531s] DEBUG:colcon.colcon_core.event_handler.log_command:Invoking command in '/home/aiv/ev_ws/perception/build/dbscan_clustering': CMAKE_PREFIX_PATH=${CMAKE_PREFIX_PATH}:/opt/ros/humble /usr/bin/cmake --install /home/aiv/ev_ws/perception/build/dbscan_clustering
[10.718s] Level 1:colcon.colcon_core.environment:create_environment_scripts_only(dbscan_clustering)
[10.718s] Level 1:colcon.colcon_core.environment:checking '/home/aiv/ev_ws/perception/install/dbscan_clustering' for CMake module files
[10.719s] DEBUG:colcon.colcon_core.event_handler.log_command:Invoked command in '/home/aiv/ev_ws/perception/build/dbscan_clustering' returned '0': CMAKE_PREFIX_PATH=${CMAKE_PREFIX_PATH}:/opt/ros/humble /usr/bin/cmake --install /home/aiv/ev_ws/perception/build/dbscan_clustering
[10.719s] Level 1:colcon.colcon_core.environment:checking '/home/aiv/ev_ws/perception/install/dbscan_clustering' for CMake config files
[10.719s] Level 1:colcon.colcon_core.shell:create_environment_hook('dbscan_clustering', 'cmake_prefix_path')
[10.720s] INFO:colcon.colcon_core.shell:Creating environment hook '/home/aiv/ev_ws/perception/install/dbscan_clustering/share/dbscan_clustering/hook/cmake_prefix_path.ps1'
[10.720s] INFO:colcon.colcon_core.shell:Creating environment descriptor '/home/aiv/ev_ws/perception/install/dbscan_clustering/share/dbscan_clustering/hook/cmake_prefix_path.dsv'
[10.720s] INFO:colcon.colcon_core.shell:Creating environment hook '/home/aiv/ev_ws/perception/install/dbscan_clustering/share/dbscan_clustering/hook/cmake_prefix_path.sh'
[10.721s] Level 1:colcon.colcon_core.environment:checking '/home/aiv/ev_ws/perception/install/dbscan_clustering/lib'
[10.721s] Level 1:colcon.colcon_core.shell:create_environment_hook('dbscan_clustering', 'ld_library_path_lib')
[10.721s] INFO:colcon.colcon_core.shell:Creating environment hook '/home/aiv/ev_ws/perception/install/dbscan_clustering/share/dbscan_clustering/hook/ld_library_path_lib.ps1'
[10.722s] INFO:colcon.colcon_core.shell:Creating environment descriptor '/home/aiv/ev_ws/perception/install/dbscan_clustering/share/dbscan_clustering/hook/ld_library_path_lib.dsv'
[10.722s] INFO:colcon.colcon_core.shell:Creating environment hook '/home/aiv/ev_ws/perception/install/dbscan_clustering/share/dbscan_clustering/hook/ld_library_path_lib.sh'
[10.722s] Level 1:colcon.colcon_core.environment:checking '/home/aiv/ev_ws/perception/install/dbscan_clustering/bin'
[10.722s] Level 1:colcon.colcon_core.environment:checking '/home/aiv/ev_ws/perception/install/dbscan_clustering/lib/pkgconfig/dbscan_clustering.pc'
[10.722s] Level 1:colcon.colcon_core.environment:checking '/home/aiv/ev_ws/perception/install/dbscan_clustering/lib/python3.10/site-packages'
[10.723s] Level 1:colcon.colcon_core.environment:checking '/home/aiv/ev_ws/perception/install/dbscan_clustering/bin'
[10.723s] INFO:colcon.colcon_core.shell:Creating package script '/home/aiv/ev_ws/perception/install/dbscan_clustering/share/dbscan_clustering/package.ps1'
[10.723s] INFO:colcon.colcon_core.shell:Creating package descriptor '/home/aiv/ev_ws/perception/install/dbscan_clustering/share/dbscan_clustering/package.dsv'
[10.724s] INFO:colcon.colcon_core.shell:Creating package script '/home/aiv/ev_ws/perception/install/dbscan_clustering/share/dbscan_clustering/package.sh'
[10.724s] INFO:colcon.colcon_core.shell:Creating package script '/home/aiv/ev_ws/perception/install/dbscan_clustering/share/dbscan_clustering/package.bash'
[10.724s] INFO:colcon.colcon_core.shell:Creating package script '/home/aiv/ev_ws/perception/install/dbscan_clustering/share/dbscan_clustering/package.zsh'
[10.725s] Level 1:colcon.colcon_core.environment:create_file_with_runtime_dependencies(/home/aiv/ev_ws/perception/install/dbscan_clustering/share/colcon-core/packages/dbscan_clustering)
[10.725s] Level 1:colcon.colcon_core.environment:create_environment_scripts_only(dbscan_clustering)
[10.725s] Level 1:colcon.colcon_core.environment:checking '/home/aiv/ev_ws/perception/install/dbscan_clustering' for CMake module files
[10.726s] Level 1:colcon.colcon_core.environment:checking '/home/aiv/ev_ws/perception/install/dbscan_clustering' for CMake config files
[10.726s] Level 1:colcon.colcon_core.shell:create_environment_hook('dbscan_clustering', 'cmake_prefix_path')
[10.726s] INFO:colcon.colcon_core.shell:Creating environment hook '/home/aiv/ev_ws/perception/install/dbscan_clustering/share/dbscan_clustering/hook/cmake_prefix_path.ps1'
[10.726s] INFO:colcon.colcon_core.shell:Creating environment descriptor '/home/aiv/ev_ws/perception/install/dbscan_clustering/share/dbscan_clustering/hook/cmake_prefix_path.dsv'
[10.726s] INFO:colcon.colcon_core.shell:Creating environment hook '/home/aiv/ev_ws/perception/install/dbscan_clustering/share/dbscan_clustering/hook/cmake_prefix_path.sh'
[10.727s] Level 1:colcon.colcon_core.environment:checking '/home/aiv/ev_ws/perception/install/dbscan_clustering/lib'
[10.727s] Level 1:colcon.colcon_core.shell:create_environment_hook('dbscan_clustering', 'ld_library_path_lib')
[10.727s] INFO:colcon.colcon_core.shell:Creating environment hook '/home/aiv/ev_ws/perception/install/dbscan_clustering/share/dbscan_clustering/hook/ld_library_path_lib.ps1'
[10.727s] INFO:colcon.colcon_core.shell:Creating environment descriptor '/home/aiv/ev_ws/perception/install/dbscan_clustering/share/dbscan_clustering/hook/ld_library_path_lib.dsv'
[10.727s] INFO:colcon.colcon_core.shell:Creating environment hook '/home/aiv/ev_ws/perception/install/dbscan_clustering/share/dbscan_clustering/hook/ld_library_path_lib.sh'
[10.727s] Level 1:colcon.colcon_core.environment:checking '/home/aiv/ev_ws/perception/install/dbscan_clustering/bin'
[10.727s] Level 1:colcon.colcon_core.environment:checking '/home/aiv/ev_ws/perception/install/dbscan_clustering/lib/pkgconfig/dbscan_clustering.pc'
[10.728s] Level 1:colcon.colcon_core.environment:checking '/home/aiv/ev_ws/perception/install/dbscan_clustering/lib/python3.10/site-packages'
[10.728s] Level 1:colcon.colcon_core.environment:checking '/home/aiv/ev_ws/perception/install/dbscan_clustering/bin'
[10.728s] INFO:colcon.colcon_core.shell:Creating package script '/home/aiv/ev_ws/perception/install/dbscan_clustering/share/dbscan_clustering/package.ps1'
[10.728s] INFO:colcon.colcon_core.shell:Creating package descriptor '/home/aiv/ev_ws/perception/install/dbscan_clustering/share/dbscan_clustering/package.dsv'
[10.729s] INFO:colcon.colcon_core.shell:Creating package script '/home/aiv/ev_ws/perception/install/dbscan_clustering/share/dbscan_clustering/package.sh'
[10.729s] INFO:colcon.colcon_core.shell:Creating package script '/home/aiv/ev_ws/perception/install/dbscan_clustering/share/dbscan_clustering/package.bash'
[10.729s] INFO:colcon.colcon_core.shell:Creating package script '/home/aiv/ev_ws/perception/install/dbscan_clustering/share/dbscan_clustering/package.zsh'
[10.729s] Level 1:colcon.colcon_core.environment:create_file_with_runtime_dependencies(/home/aiv/ev_ws/perception/install/dbscan_clustering/share/colcon-core/packages/dbscan_clustering)
[11.122s] DEBUG:colcon.colcon_core.event_handler.log_command:Invoked command in '/home/aiv/ev_ws/perception/build/lidar_voxel_grid' returned '0': CMAKE_PREFIX_PATH=${CMAKE_PREFIX_PATH}:/opt/ros/humble /usr/bin/cmake --build /home/aiv/ev_ws/perception/build/lidar_voxel_grid -- -j28 -l28
[11.124s] DEBUG:colcon.colcon_core.event_handler.log_command:Invoking command in '/home/aiv/ev_ws/perception/build/lidar_voxel_grid': CMAKE_PREFIX_PATH=${CMAKE_PREFIX_PATH}:/opt/ros/humble /usr/bin/cmake --install /home/aiv/ev_ws/perception/build/lidar_voxel_grid
[11.271s] Level 1:colcon.colcon_core.environment:create_environment_scripts_only(lidar_voxel_grid)
[11.272s] Level 1:colcon.colcon_core.environment:checking '/home/aiv/ev_ws/perception/install/lidar_voxel_grid' for CMake module files
[11.272s] DEBUG:colcon.colcon_core.event_handler.log_command:Invoked command in '/home/aiv/ev_ws/perception/build/lidar_voxel_grid' returned '0': CMAKE_PREFIX_PATH=${CMAKE_PREFIX_PATH}:/opt/ros/humble /usr/bin/cmake --install /home/aiv/ev_ws/perception/build/lidar_voxel_grid
[11.272s] Level 1:colcon.colcon_core.environment:checking '/home/aiv/ev_ws/perception/install/lidar_voxel_grid' for CMake config files
[11.273s] Level 1:colcon.colcon_core.shell:create_environment_hook('lidar_voxel_grid', 'cmake_prefix_path')
[11.273s] INFO:colcon.colcon_core.shell:Creating environment hook '/home/aiv/ev_ws/perception/install/lidar_voxel_grid/share/lidar_voxel_grid/hook/cmake_prefix_path.ps1'
[11.273s] INFO:colcon.colcon_core.shell:Creating environment descriptor '/home/aiv/ev_ws/perception/install/lidar_voxel_grid/share/lidar_voxel_grid/hook/cmake_prefix_path.dsv'
[11.274s] INFO:colcon.colcon_core.shell:Creating environment hook '/home/aiv/ev_ws/perception/install/lidar_voxel_grid/share/lidar_voxel_grid/hook/cmake_prefix_path.sh'
[11.274s] Level 1:colcon.colcon_core.environment:checking '/home/aiv/ev_ws/perception/install/lidar_voxel_grid/lib'
[11.274s] Level 1:colcon.colcon_core.shell:create_environment_hook('lidar_voxel_grid', 'ld_library_path_lib')
[11.274s] INFO:colcon.colcon_core.shell:Creating environment hook '/home/aiv/ev_ws/perception/install/lidar_voxel_grid/share/lidar_voxel_grid/hook/ld_library_path_lib.ps1'
[11.275s] INFO:colcon.colcon_core.shell:Creating environment descriptor '/home/aiv/ev_ws/perception/install/lidar_voxel_grid/share/lidar_voxel_grid/hook/ld_library_path_lib.dsv'
[11.275s] INFO:colcon.colcon_core.shell:Creating environment hook '/home/aiv/ev_ws/perception/install/lidar_voxel_grid/share/lidar_voxel_grid/hook/ld_library_path_lib.sh'
[11.275s] Level 1:colcon.colcon_core.environment:checking '/home/aiv/ev_ws/perception/install/lidar_voxel_grid/bin'
[11.275s] Level 1:colcon.colcon_core.environment:checking '/home/aiv/ev_ws/perception/install/lidar_voxel_grid/lib/pkgconfig/lidar_voxel_grid.pc'
[11.275s] Level 1:colcon.colcon_core.environment:checking '/home/aiv/ev_ws/perception/install/lidar_voxel_grid/lib/python3.10/site-packages'
[11.276s] Level 1:colcon.colcon_core.environment:checking '/home/aiv/ev_ws/perception/install/lidar_voxel_grid/bin'
[11.276s] INFO:colcon.colcon_core.shell:Creating package script '/home/aiv/ev_ws/perception/install/lidar_voxel_grid/share/lidar_voxel_grid/package.ps1'
[11.276s] INFO:colcon.colcon_core.shell:Creating package descriptor '/home/aiv/ev_ws/perception/install/lidar_voxel_grid/share/lidar_voxel_grid/package.dsv'
[11.277s] INFO:colcon.colcon_core.shell:Creating package script '/home/aiv/ev_ws/perception/install/lidar_voxel_grid/share/lidar_voxel_grid/package.sh'
[11.277s] INFO:colcon.colcon_core.shell:Creating package script '/home/aiv/ev_ws/perception/install/lidar_voxel_grid/share/lidar_voxel_grid/package.bash'
[11.277s] INFO:colcon.colcon_core.shell:Creating package script '/home/aiv/ev_ws/perception/install/lidar_voxel_grid/share/lidar_voxel_grid/package.zsh'
[11.277s] Level 1:colcon.colcon_core.environment:create_file_with_runtime_dependencies(/home/aiv/ev_ws/perception/install/lidar_voxel_grid/share/colcon-core/packages/lidar_voxel_grid)
[11.277s] Level 1:colcon.colcon_core.environment:create_environment_scripts_only(lidar_voxel_grid)
[11.277s] Level 1:colcon.colcon_core.environment:checking '/home/aiv/ev_ws/perception/install/lidar_voxel_grid' for CMake module files
[11.278s] Level 1:colcon.colcon_core.environment:checking '/home/aiv/ev_ws/perception/install/lidar_voxel_grid' for CMake config files
[11.278s] Level 1:colcon.colcon_core.shell:create_environment_hook('lidar_voxel_grid', 'cmake_prefix_path')
[11.278s] INFO:colcon.colcon_core.shell:Creating environment hook '/home/aiv/ev_ws/perception/install/lidar_voxel_grid/share/lidar_voxel_grid/hook/cmake_prefix_path.ps1'
[11.278s] INFO:colcon.colcon_core.shell:Creating environment descriptor '/home/aiv/ev_ws/perception/install/lidar_voxel_grid/share/lidar_voxel_grid/hook/cmake_prefix_path.dsv'
[11.278s] INFO:colcon.colcon_core.shell:Creating environment hook '/home/aiv/ev_ws/perception/install/lidar_voxel_grid/share/lidar_voxel_grid/hook/cmake_prefix_path.sh'
[11.279s] Level 1:colcon.colcon_core.environment:checking '/home/aiv/ev_ws/perception/install/lidar_voxel_grid/lib'
[11.279s] Level 1:colcon.colcon_core.shell:create_environment_hook('lidar_voxel_grid', 'ld_library_path_lib')
[11.279s] INFO:colcon.colcon_core.shell:Creating environment hook '/home/aiv/ev_ws/perception/install/lidar_voxel_grid/share/lidar_voxel_grid/hook/ld_library_path_lib.ps1'
[11.279s] INFO:colcon.colcon_core.shell:Creating environment descriptor '/home/aiv/ev_ws/perception/install/lidar_voxel_grid/share/lidar_voxel_grid/hook/ld_library_path_lib.dsv'
[11.279s] INFO:colcon.colcon_core.shell:Creating environment hook '/home/aiv/ev_ws/perception/install/lidar_voxel_grid/share/lidar_voxel_grid/hook/ld_library_path_lib.sh'
[11.279s] Level 1:colcon.colcon_core.environment:checking '/home/aiv/ev_ws/perception/install/lidar_voxel_grid/bin'
[11.279s] Level 1:colcon.colcon_core.environment:checking '/home/aiv/ev_ws/perception/install/lidar_voxel_grid/lib/pkgconfig/lidar_voxel_grid.pc'
[11.279s] Level 1:colcon.colcon_core.environment:checking '/home/aiv/ev_ws/perception/install/lidar_voxel_grid/lib/python3.10/site-packages'
[11.279s] Level 1:colcon.colcon_core.environment:checking '/home/aiv/ev_ws/perception/install/lidar_voxel_grid/bin'
[11.280s] INFO:colcon.colcon_core.shell:Creating package script '/home/aiv/ev_ws/perception/install/lidar_voxel_grid/share/lidar_voxel_grid/package.ps1'
[11.280s] INFO:colcon.colcon_core.shell:Creating package descriptor '/home/aiv/ev_ws/perception/install/lidar_voxel_grid/share/lidar_voxel_grid/package.dsv'
[11.280s] INFO:colcon.colcon_core.shell:Creating package script '/home/aiv/ev_ws/perception/install/lidar_voxel_grid/share/lidar_voxel_grid/package.sh'
[11.280s] INFO:colcon.colcon_core.shell:Creating package script '/home/aiv/ev_ws/perception/install/lidar_voxel_grid/share/lidar_voxel_grid/package.bash'
[11.280s] INFO:colcon.colcon_core.shell:Creating package script '/home/aiv/ev_ws/perception/install/lidar_voxel_grid/share/lidar_voxel_grid/package.zsh'
[11.281s] Level 1:colcon.colcon_core.environment:create_file_with_runtime_dependencies(/home/aiv/ev_ws/perception/install/lidar_voxel_grid/share/colcon-core/packages/lidar_voxel_grid)
[15.540s] DEBUG:colcon.colcon_core.event_handler.log_command:Invoked command in '/home/aiv/ev_ws/perception/build/velodyne_driver' returned '0': CMAKE_PREFIX_PATH=/home/aiv/ev_ws/perception/install/velodyne_msgs:/home/aiv/ev_ws/install/ev_msgs:/home/aiv/ev_ws/perception/install/make_bbox:/home/aiv/ev_ws/ev_msgs/install/ev_msgs:/home/aiv/ev_ws/carsa_gazebo/install/carsa_gazebo:/home/aiv/ev_ws/planning/install/planning_lc_ver:/home/aiv/ev_ws/erp42_ros/install/erp42_serial:/home/aiv/ev_ws/erp42_ros/install/erp42_rqt_plugin:/home/aiv/ev_ws/erp42_ros/install/erp42_gazebo:/home/aiv/ev_ws/erp42_ros/install/erp42_util:/home/aiv/ev_ws/erp42_ros/install/erp42_msgs:/home/aiv/ev_ws/erp42_ros/install/erp42_description:/home/aiv/ev_ws/erp42_ros/install/erp42_cmake:/home/aiv/ev_ws/perception/install/velodyne:/home/aiv/ev_ws/perception/install/lidar_launch:/home/aiv/ev_ws/perception/install/velodyne_pointcloud:/home/aiv/ev_ws/perception/install/velodyne_driver:/home/aiv/ev_ws/perception/install/velodyne_laserscan:/home/aiv/ev_ws/perception/install/velodyne_cropbox:/home/aiv/ev_ws/perception/install/patchworkpp:/home/aiv/ev_ws/perception/install/make_cylinder:/home/aiv/ev_ws/perception/install/lidar_voxel_grid:/home/aiv/ev_ws/perception/install/dbscan_clustering:/home/aiv/ev_ws/perception/install/cluster_splitter:/opt/ros/humble LD_LIBRARY_PATH=/home/aiv/ev_ws/perception/install/velodyne_msgs/lib:/home/aiv/ev_ws/install/ev_msgs/lib:/usr/local/cuda-12.6/lib64:/home/aiv/ev_ws/perception/install/make_bbox/lib:/usr/local/cuda-12.6/lib64:/home/aiv/ev_ws/ev_msgs/install/ev_msgs/lib:/home/aiv/ev_ws/planning/install/planning_lc_ver/lib:/home/aiv/ev_ws/erp42_ros/install/erp42_serial/lib:/home/aiv/ev_ws/erp42_ros/install/erp42_rqt_plugin/lib:/home/aiv/ev_ws/erp42_ros/install/erp42_gazebo/lib:/home/aiv/ev_ws/erp42_ros/install/erp42_util/lib:/home/aiv/ev_ws/erp42_ros/install/erp42_msgs/lib:/home/aiv/ev_ws/perception/install/velodyne_pointcloud/lib:/home/aiv/ev_ws/perception/install/velodyne_driver/lib:/home/aiv/ev_ws/perception/install/velodyne_laserscan/lib:/home/aiv/ev_ws/perception/install/velodyne_cropbox/lib:/home/aiv/ev_ws/perception/install/patchworkpp/lib:/home/aiv/ev_ws/perception/install/make_cylinder/lib:/home/aiv/ev_ws/perception/install/lidar_voxel_grid/lib:/home/aiv/ev_ws/perception/install/dbscan_clustering/lib:/home/aiv/ev_ws/perception/install/cluster_splitter/lib:/usr/lib/x86_64-linux-gnu/gazebo-11/plugins:/opt/ros/humble/opt/rviz_ogre_vendor/lib:/opt/ros/humble/lib/x86_64-linux-gnu:/opt/ros/humble/lib:/usr/local/cuda-12.6/lib64 /usr/bin/cmake --build /home/aiv/ev_ws/perception/build/velodyne_driver -- -j28 -l28
[15.541s] DEBUG:colcon.colcon_core.event_handler.log_command:Invoking command in '/home/aiv/ev_ws/perception/build/velodyne_driver': CMAKE_PREFIX_PATH=/home/aiv/ev_ws/perception/install/velodyne_msgs:/home/aiv/ev_ws/install/ev_msgs:/home/aiv/ev_ws/perception/install/make_bbox:/home/aiv/ev_ws/ev_msgs/install/ev_msgs:/home/aiv/ev_ws/carsa_gazebo/install/carsa_gazebo:/home/aiv/ev_ws/planning/install/planning_lc_ver:/home/aiv/ev_ws/erp42_ros/install/erp42_serial:/home/aiv/ev_ws/erp42_ros/install/erp42_rqt_plugin:/home/aiv/ev_ws/erp42_ros/install/erp42_gazebo:/home/aiv/ev_ws/erp42_ros/install/erp42_util:/home/aiv/ev_ws/erp42_ros/install/erp42_msgs:/home/aiv/ev_ws/erp42_ros/install/erp42_description:/home/aiv/ev_ws/erp42_ros/install/erp42_cmake:/home/aiv/ev_ws/perception/install/velodyne:/home/aiv/ev_ws/perception/install/lidar_launch:/home/aiv/ev_ws/perception/install/velodyne_pointcloud:/home/aiv/ev_ws/perception/install/velodyne_driver:/home/aiv/ev_ws/perception/install/velodyne_laserscan:/home/aiv/ev_ws/perception/install/velodyne_cropbox:/home/aiv/ev_ws/perception/install/patchworkpp:/home/aiv/ev_ws/perception/install/make_cylinder:/home/aiv/ev_ws/perception/install/lidar_voxel_grid:/home/aiv/ev_ws/perception/install/dbscan_clustering:/home/aiv/ev_ws/perception/install/cluster_splitter:/opt/ros/humble LD_LIBRARY_PATH=/home/aiv/ev_ws/perception/install/velodyne_msgs/lib:/home/aiv/ev_ws/install/ev_msgs/lib:/usr/local/cuda-12.6/lib64:/home/aiv/ev_ws/perception/install/make_bbox/lib:/usr/local/cuda-12.6/lib64:/home/aiv/ev_ws/ev_msgs/install/ev_msgs/lib:/home/aiv/ev_ws/planning/install/planning_lc_ver/lib:/home/aiv/ev_ws/erp42_ros/install/erp42_serial/lib:/home/aiv/ev_ws/erp42_ros/install/erp42_rqt_plugin/lib:/home/aiv/ev_ws/erp42_ros/install/erp42_gazebo/lib:/home/aiv/ev_ws/erp42_ros/install/erp42_util/lib:/home/aiv/ev_ws/erp42_ros/install/erp42_msgs/lib:/home/aiv/ev_ws/perception/install/velodyne_pointcloud/lib:/home/aiv/ev_ws/perception/install/velodyne_driver/lib:/home/aiv/ev_ws/perception/install/velodyne_laserscan/lib:/home/aiv/ev_ws/perception/install/velodyne_cropbox/lib:/home/aiv/ev_ws/perception/install/patchworkpp/lib:/home/aiv/ev_ws/perception/install/make_cylinder/lib:/home/aiv/ev_ws/perception/install/lidar_voxel_grid/lib:/home/aiv/ev_ws/perception/install/dbscan_clustering/lib:/home/aiv/ev_ws/perception/install/cluster_splitter/lib:/usr/lib/x86_64-linux-gnu/gazebo-11/plugins:/opt/ros/humble/opt/rviz_ogre_vendor/lib:/opt/ros/humble/lib/x86_64-linux-gnu:/opt/ros/humble/lib:/usr/local/cuda-12.6/lib64 /usr/bin/cmake --install /home/aiv/ev_ws/perception/build/velodyne_driver
[15.736s] Level 1:colcon.colcon_core.environment:create_environment_scripts_only(velodyne_driver)
[15.736s] Level 1:colcon.colcon_core.environment:checking '/home/aiv/ev_ws/perception/install/velodyne_driver' for CMake module files
[15.736s] DEBUG:colcon.colcon_core.event_handler.log_command:Invoked command in '/home/aiv/ev_ws/perception/build/velodyne_driver' returned '0': CMAKE_PREFIX_PATH=/home/aiv/ev_ws/perception/install/velodyne_msgs:/home/aiv/ev_ws/install/ev_msgs:/home/aiv/ev_ws/perception/install/make_bbox:/home/aiv/ev_ws/ev_msgs/install/ev_msgs:/home/aiv/ev_ws/carsa_gazebo/install/carsa_gazebo:/home/aiv/ev_ws/planning/install/planning_lc_ver:/home/aiv/ev_ws/erp42_ros/install/erp42_serial:/home/aiv/ev_ws/erp42_ros/install/erp42_rqt_plugin:/home/aiv/ev_ws/erp42_ros/install/erp42_gazebo:/home/aiv/ev_ws/erp42_ros/install/erp42_util:/home/aiv/ev_ws/erp42_ros/install/erp42_msgs:/home/aiv/ev_ws/erp42_ros/install/erp42_description:/home/aiv/ev_ws/erp42_ros/install/erp42_cmake:/home/aiv/ev_ws/perception/install/velodyne:/home/aiv/ev_ws/perception/install/lidar_launch:/home/aiv/ev_ws/perception/install/velodyne_pointcloud:/home/aiv/ev_ws/perception/install/velodyne_driver:/home/aiv/ev_ws/perception/install/velodyne_laserscan:/home/aiv/ev_ws/perception/install/velodyne_cropbox:/home/aiv/ev_ws/perception/install/patchworkpp:/home/aiv/ev_ws/perception/install/make_cylinder:/home/aiv/ev_ws/perception/install/lidar_voxel_grid:/home/aiv/ev_ws/perception/install/dbscan_clustering:/home/aiv/ev_ws/perception/install/cluster_splitter:/opt/ros/humble LD_LIBRARY_PATH=/home/aiv/ev_ws/perception/install/velodyne_msgs/lib:/home/aiv/ev_ws/install/ev_msgs/lib:/usr/local/cuda-12.6/lib64:/home/aiv/ev_ws/perception/install/make_bbox/lib:/usr/local/cuda-12.6/lib64:/home/aiv/ev_ws/ev_msgs/install/ev_msgs/lib:/home/aiv/ev_ws/planning/install/planning_lc_ver/lib:/home/aiv/ev_ws/erp42_ros/install/erp42_serial/lib:/home/aiv/ev_ws/erp42_ros/install/erp42_rqt_plugin/lib:/home/aiv/ev_ws/erp42_ros/install/erp42_gazebo/lib:/home/aiv/ev_ws/erp42_ros/install/erp42_util/lib:/home/aiv/ev_ws/erp42_ros/install/erp42_msgs/lib:/home/aiv/ev_ws/perception/install/velodyne_pointcloud/lib:/home/aiv/ev_ws/perception/install/velodyne_driver/lib:/home/aiv/ev_ws/perception/install/velodyne_laserscan/lib:/home/aiv/ev_ws/perception/install/velodyne_cropbox/lib:/home/aiv/ev_ws/perception/install/patchworkpp/lib:/home/aiv/ev_ws/perception/install/make_cylinder/lib:/home/aiv/ev_ws/perception/install/lidar_voxel_grid/lib:/home/aiv/ev_ws/perception/install/dbscan_clustering/lib:/home/aiv/ev_ws/perception/install/cluster_splitter/lib:/usr/lib/x86_64-linux-gnu/gazebo-11/plugins:/opt/ros/humble/opt/rviz_ogre_vendor/lib:/opt/ros/humble/lib/x86_64-linux-gnu:/opt/ros/humble/lib:/usr/local/cuda-12.6/lib64 /usr/bin/cmake --install /home/aiv/ev_ws/perception/build/velodyne_driver
[15.737s] Level 1:colcon.colcon_core.environment:checking '/home/aiv/ev_ws/perception/install/velodyne_driver' for CMake config files
[15.737s] Level 1:colcon.colcon_core.shell:create_environment_hook('velodyne_driver', 'cmake_prefix_path')
[15.737s] INFO:colcon.colcon_core.shell:Creating environment hook '/home/aiv/ev_ws/perception/install/velodyne_driver/share/velodyne_driver/hook/cmake_prefix_path.ps1'
[15.738s] INFO:colcon.colcon_core.shell:Creating environment descriptor '/home/aiv/ev_ws/perception/install/velodyne_driver/share/velodyne_driver/hook/cmake_prefix_path.dsv'
[15.738s] INFO:colcon.colcon_core.shell:Creating environment hook '/home/aiv/ev_ws/perception/install/velodyne_driver/share/velodyne_driver/hook/cmake_prefix_path.sh'
[15.738s] Level 1:colcon.colcon_core.environment:checking '/home/aiv/ev_ws/perception/install/velodyne_driver/lib'
[15.739s] Level 1:colcon.colcon_core.shell:create_environment_hook('velodyne_driver', 'ld_library_path_lib')
[15.739s] INFO:colcon.colcon_core.shell:Creating environment hook '/home/aiv/ev_ws/perception/install/velodyne_driver/share/velodyne_driver/hook/ld_library_path_lib.ps1'
[15.739s] INFO:colcon.colcon_core.shell:Creating environment descriptor '/home/aiv/ev_ws/perception/install/velodyne_driver/share/velodyne_driver/hook/ld_library_path_lib.dsv'
[15.739s] INFO:colcon.colcon_core.shell:Creating environment hook '/home/aiv/ev_ws/perception/install/velodyne_driver/share/velodyne_driver/hook/ld_library_path_lib.sh'
[15.739s] Level 1:colcon.colcon_core.environment:checking '/home/aiv/ev_ws/perception/install/velodyne_driver/bin'
[15.740s] Level 1:colcon.colcon_core.environment:checking '/home/aiv/ev_ws/perception/install/velodyne_driver/lib/pkgconfig/velodyne_driver.pc'
[15.740s] Level 1:colcon.colcon_core.environment:checking '/home/aiv/ev_ws/perception/install/velodyne_driver/lib/python3.10/site-packages'
[15.740s] Level 1:colcon.colcon_core.environment:checking '/home/aiv/ev_ws/perception/install/velodyne_driver/bin'
[15.740s] INFO:colcon.colcon_core.shell:Creating package script '/home/aiv/ev_ws/perception/install/velodyne_driver/share/velodyne_driver/package.ps1'
[15.740s] INFO:colcon.colcon_core.shell:Creating package descriptor '/home/aiv/ev_ws/perception/install/velodyne_driver/share/velodyne_driver/package.dsv'
[15.740s] INFO:colcon.colcon_core.shell:Creating package script '/home/aiv/ev_ws/perception/install/velodyne_driver/share/velodyne_driver/package.sh'
[15.741s] INFO:colcon.colcon_core.shell:Creating package script '/home/aiv/ev_ws/perception/install/velodyne_driver/share/velodyne_driver/package.bash'
[15.741s] INFO:colcon.colcon_core.shell:Creating package script '/home/aiv/ev_ws/perception/install/velodyne_driver/share/velodyne_driver/package.zsh'
[15.741s] Level 1:colcon.colcon_core.environment:create_file_with_runtime_dependencies(/home/aiv/ev_ws/perception/install/velodyne_driver/share/colcon-core/packages/velodyne_driver)
[15.741s] Level 1:colcon.colcon_core.environment:create_environment_scripts_only(velodyne_driver)
[15.741s] Level 1:colcon.colcon_core.environment:checking '/home/aiv/ev_ws/perception/install/velodyne_driver' for CMake module files
[15.742s] Level 1:colcon.colcon_core.environment:checking '/home/aiv/ev_ws/perception/install/velodyne_driver' for CMake config files
[15.742s] Level 1:colcon.colcon_core.shell:create_environment_hook('velodyne_driver', 'cmake_prefix_path')
[15.742s] INFO:colcon.colcon_core.shell:Creating environment hook '/home/aiv/ev_ws/perception/install/velodyne_driver/share/velodyne_driver/hook/cmake_prefix_path.ps1'
[15.742s] INFO:colcon.colcon_core.shell:Creating environment descriptor '/home/aiv/ev_ws/perception/install/velodyne_driver/share/velodyne_driver/hook/cmake_prefix_path.dsv'
[15.742s] INFO:colcon.colcon_core.shell:Creating environment hook '/home/aiv/ev_ws/perception/install/velodyne_driver/share/velodyne_driver/hook/cmake_prefix_path.sh'
[15.742s] Level 1:colcon.colcon_core.environment:checking '/home/aiv/ev_ws/perception/install/velodyne_driver/lib'
[15.742s] Level 1:colcon.colcon_core.shell:create_environment_hook('velodyne_driver', 'ld_library_path_lib')
[15.742s] INFO:colcon.colcon_core.shell:Creating environment hook '/home/aiv/ev_ws/perception/install/velodyne_driver/share/velodyne_driver/hook/ld_library_path_lib.ps1'
[15.743s] INFO:colcon.colcon_core.shell:Creating environment descriptor '/home/aiv/ev_ws/perception/install/velodyne_driver/share/velodyne_driver/hook/ld_library_path_lib.dsv'
[15.743s] INFO:colcon.colcon_core.shell:Creating environment hook '/home/aiv/ev_ws/perception/install/velodyne_driver/share/velodyne_driver/hook/ld_library_path_lib.sh'
[15.743s] Level 1:colcon.colcon_core.environment:checking '/home/aiv/ev_ws/perception/install/velodyne_driver/bin'
[15.743s] Level 1:colcon.colcon_core.environment:checking '/home/aiv/ev_ws/perception/install/velodyne_driver/lib/pkgconfig/velodyne_driver.pc'
[15.743s] Level 1:colcon.colcon_core.environment:checking '/home/aiv/ev_ws/perception/install/velodyne_driver/lib/python3.10/site-packages'
[15.743s] Level 1:colcon.colcon_core.environment:checking '/home/aiv/ev_ws/perception/install/velodyne_driver/bin'
[15.743s] INFO:colcon.colcon_core.shell:Creating package script '/home/aiv/ev_ws/perception/install/velodyne_driver/share/velodyne_driver/package.ps1'
[15.744s] INFO:colcon.colcon_core.shell:Creating package descriptor '/home/aiv/ev_ws/perception/install/velodyne_driver/share/velodyne_driver/package.dsv'
[15.744s] INFO:colcon.colcon_core.shell:Creating package script '/home/aiv/ev_ws/perception/install/velodyne_driver/share/velodyne_driver/package.sh'
[15.744s] INFO:colcon.colcon_core.shell:Creating package script '/home/aiv/ev_ws/perception/install/velodyne_driver/share/velodyne_driver/package.bash'
[15.744s] INFO:colcon.colcon_core.shell:Creating package script '/home/aiv/ev_ws/perception/install/velodyne_driver/share/velodyne_driver/package.zsh'
[15.744s] Level 1:colcon.colcon_core.environment:create_file_with_runtime_dependencies(/home/aiv/ev_ws/perception/install/velodyne_driver/share/colcon-core/packages/velodyne_driver)
[19.561s] DEBUG:colcon.colcon_core.event_handler.log_command:Invoked command in '/home/aiv/ev_ws/perception/build/velodyne_pointcloud' returned '0': CMAKE_PREFIX_PATH=/home/aiv/ev_ws/perception/install/velodyne_msgs:/home/aiv/ev_ws/install/ev_msgs:/home/aiv/ev_ws/perception/install/make_bbox:/home/aiv/ev_ws/ev_msgs/install/ev_msgs:/home/aiv/ev_ws/carsa_gazebo/install/carsa_gazebo:/home/aiv/ev_ws/planning/install/planning_lc_ver:/home/aiv/ev_ws/erp42_ros/install/erp42_serial:/home/aiv/ev_ws/erp42_ros/install/erp42_rqt_plugin:/home/aiv/ev_ws/erp42_ros/install/erp42_gazebo:/home/aiv/ev_ws/erp42_ros/install/erp42_util:/home/aiv/ev_ws/erp42_ros/install/erp42_msgs:/home/aiv/ev_ws/erp42_ros/install/erp42_description:/home/aiv/ev_ws/erp42_ros/install/erp42_cmake:/home/aiv/ev_ws/perception/install/velodyne:/home/aiv/ev_ws/perception/install/lidar_launch:/home/aiv/ev_ws/perception/install/velodyne_pointcloud:/home/aiv/ev_ws/perception/install/velodyne_driver:/home/aiv/ev_ws/perception/install/velodyne_laserscan:/home/aiv/ev_ws/perception/install/velodyne_cropbox:/home/aiv/ev_ws/perception/install/patchworkpp:/home/aiv/ev_ws/perception/install/make_cylinder:/home/aiv/ev_ws/perception/install/lidar_voxel_grid:/home/aiv/ev_ws/perception/install/dbscan_clustering:/home/aiv/ev_ws/perception/install/cluster_splitter:/opt/ros/humble LD_LIBRARY_PATH=/home/aiv/ev_ws/perception/install/velodyne_msgs/lib:/home/aiv/ev_ws/install/ev_msgs/lib:/usr/local/cuda-12.6/lib64:/home/aiv/ev_ws/perception/install/make_bbox/lib:/usr/local/cuda-12.6/lib64:/home/aiv/ev_ws/ev_msgs/install/ev_msgs/lib:/home/aiv/ev_ws/planning/install/planning_lc_ver/lib:/home/aiv/ev_ws/erp42_ros/install/erp42_serial/lib:/home/aiv/ev_ws/erp42_ros/install/erp42_rqt_plugin/lib:/home/aiv/ev_ws/erp42_ros/install/erp42_gazebo/lib:/home/aiv/ev_ws/erp42_ros/install/erp42_util/lib:/home/aiv/ev_ws/erp42_ros/install/erp42_msgs/lib:/home/aiv/ev_ws/perception/install/velodyne_pointcloud/lib:/home/aiv/ev_ws/perception/install/velodyne_driver/lib:/home/aiv/ev_ws/perception/install/velodyne_laserscan/lib:/home/aiv/ev_ws/perception/install/velodyne_cropbox/lib:/home/aiv/ev_ws/perception/install/patchworkpp/lib:/home/aiv/ev_ws/perception/install/make_cylinder/lib:/home/aiv/ev_ws/perception/install/lidar_voxel_grid/lib:/home/aiv/ev_ws/perception/install/dbscan_clustering/lib:/home/aiv/ev_ws/perception/install/cluster_splitter/lib:/usr/lib/x86_64-linux-gnu/gazebo-11/plugins:/opt/ros/humble/opt/rviz_ogre_vendor/lib:/opt/ros/humble/lib/x86_64-linux-gnu:/opt/ros/humble/lib:/usr/local/cuda-12.6/lib64 /usr/bin/cmake --build /home/aiv/ev_ws/perception/build/velodyne_pointcloud -- -j28 -l28
[19.562s] DEBUG:colcon.colcon_core.event_handler.log_command:Invoking command in '/home/aiv/ev_ws/perception/build/velodyne_pointcloud': CMAKE_PREFIX_PATH=/home/aiv/ev_ws/perception/install/velodyne_msgs:/home/aiv/ev_ws/install/ev_msgs:/home/aiv/ev_ws/perception/install/make_bbox:/home/aiv/ev_ws/ev_msgs/install/ev_msgs:/home/aiv/ev_ws/carsa_gazebo/install/carsa_gazebo:/home/aiv/ev_ws/planning/install/planning_lc_ver:/home/aiv/ev_ws/erp42_ros/install/erp42_serial:/home/aiv/ev_ws/erp42_ros/install/erp42_rqt_plugin:/home/aiv/ev_ws/erp42_ros/install/erp42_gazebo:/home/aiv/ev_ws/erp42_ros/install/erp42_util:/home/aiv/ev_ws/erp42_ros/install/erp42_msgs:/home/aiv/ev_ws/erp42_ros/install/erp42_description:/home/aiv/ev_ws/erp42_ros/install/erp42_cmake:/home/aiv/ev_ws/perception/install/velodyne:/home/aiv/ev_ws/perception/install/lidar_launch:/home/aiv/ev_ws/perception/install/velodyne_pointcloud:/home/aiv/ev_ws/perception/install/velodyne_driver:/home/aiv/ev_ws/perception/install/velodyne_laserscan:/home/aiv/ev_ws/perception/install/velodyne_cropbox:/home/aiv/ev_ws/perception/install/patchworkpp:/home/aiv/ev_ws/perception/install/make_cylinder:/home/aiv/ev_ws/perception/install/lidar_voxel_grid:/home/aiv/ev_ws/perception/install/dbscan_clustering:/home/aiv/ev_ws/perception/install/cluster_splitter:/opt/ros/humble LD_LIBRARY_PATH=/home/aiv/ev_ws/perception/install/velodyne_msgs/lib:/home/aiv/ev_ws/install/ev_msgs/lib:/usr/local/cuda-12.6/lib64:/home/aiv/ev_ws/perception/install/make_bbox/lib:/usr/local/cuda-12.6/lib64:/home/aiv/ev_ws/ev_msgs/install/ev_msgs/lib:/home/aiv/ev_ws/planning/install/planning_lc_ver/lib:/home/aiv/ev_ws/erp42_ros/install/erp42_serial/lib:/home/aiv/ev_ws/erp42_ros/install/erp42_rqt_plugin/lib:/home/aiv/ev_ws/erp42_ros/install/erp42_gazebo/lib:/home/aiv/ev_ws/erp42_ros/install/erp42_util/lib:/home/aiv/ev_ws/erp42_ros/install/erp42_msgs/lib:/home/aiv/ev_ws/perception/install/velodyne_pointcloud/lib:/home/aiv/ev_ws/perception/install/velodyne_driver/lib:/home/aiv/ev_ws/perception/install/velodyne_laserscan/lib:/home/aiv/ev_ws/perception/install/velodyne_cropbox/lib:/home/aiv/ev_ws/perception/install/patchworkpp/lib:/home/aiv/ev_ws/perception/install/make_cylinder/lib:/home/aiv/ev_ws/perception/install/lidar_voxel_grid/lib:/home/aiv/ev_ws/perception/install/dbscan_clustering/lib:/home/aiv/ev_ws/perception/install/cluster_splitter/lib:/usr/lib/x86_64-linux-gnu/gazebo-11/plugins:/opt/ros/humble/opt/rviz_ogre_vendor/lib:/opt/ros/humble/lib/x86_64-linux-gnu:/opt/ros/humble/lib:/usr/local/cuda-12.6/lib64 /usr/bin/cmake --install /home/aiv/ev_ws/perception/build/velodyne_pointcloud
[19.841s] Level 1:colcon.colcon_core.environment:create_environment_scripts_only(velodyne_pointcloud)
[19.841s] Level 1:colcon.colcon_core.environment:checking '/home/aiv/ev_ws/perception/install/velodyne_pointcloud' for CMake module files
[19.841s] DEBUG:colcon.colcon_core.event_handler.log_command:Invoked command in '/home/aiv/ev_ws/perception/build/velodyne_pointcloud' returned '0': CMAKE_PREFIX_PATH=/home/aiv/ev_ws/perception/install/velodyne_msgs:/home/aiv/ev_ws/install/ev_msgs:/home/aiv/ev_ws/perception/install/make_bbox:/home/aiv/ev_ws/ev_msgs/install/ev_msgs:/home/aiv/ev_ws/carsa_gazebo/install/carsa_gazebo:/home/aiv/ev_ws/planning/install/planning_lc_ver:/home/aiv/ev_ws/erp42_ros/install/erp42_serial:/home/aiv/ev_ws/erp42_ros/install/erp42_rqt_plugin:/home/aiv/ev_ws/erp42_ros/install/erp42_gazebo:/home/aiv/ev_ws/erp42_ros/install/erp42_util:/home/aiv/ev_ws/erp42_ros/install/erp42_msgs:/home/aiv/ev_ws/erp42_ros/install/erp42_description:/home/aiv/ev_ws/erp42_ros/install/erp42_cmake:/home/aiv/ev_ws/perception/install/velodyne:/home/aiv/ev_ws/perception/install/lidar_launch:/home/aiv/ev_ws/perception/install/velodyne_pointcloud:/home/aiv/ev_ws/perception/install/velodyne_driver:/home/aiv/ev_ws/perception/install/velodyne_laserscan:/home/aiv/ev_ws/perception/install/velodyne_cropbox:/home/aiv/ev_ws/perception/install/patchworkpp:/home/aiv/ev_ws/perception/install/make_cylinder:/home/aiv/ev_ws/perception/install/lidar_voxel_grid:/home/aiv/ev_ws/perception/install/dbscan_clustering:/home/aiv/ev_ws/perception/install/cluster_splitter:/opt/ros/humble LD_LIBRARY_PATH=/home/aiv/ev_ws/perception/install/velodyne_msgs/lib:/home/aiv/ev_ws/install/ev_msgs/lib:/usr/local/cuda-12.6/lib64:/home/aiv/ev_ws/perception/install/make_bbox/lib:/usr/local/cuda-12.6/lib64:/home/aiv/ev_ws/ev_msgs/install/ev_msgs/lib:/home/aiv/ev_ws/planning/install/planning_lc_ver/lib:/home/aiv/ev_ws/erp42_ros/install/erp42_serial/lib:/home/aiv/ev_ws/erp42_ros/install/erp42_rqt_plugin/lib:/home/aiv/ev_ws/erp42_ros/install/erp42_gazebo/lib:/home/aiv/ev_ws/erp42_ros/install/erp42_util/lib:/home/aiv/ev_ws/erp42_ros/install/erp42_msgs/lib:/home/aiv/ev_ws/perception/install/velodyne_pointcloud/lib:/home/aiv/ev_ws/perception/install/velodyne_driver/lib:/home/aiv/ev_ws/perception/install/velodyne_laserscan/lib:/home/aiv/ev_ws/perception/install/velodyne_cropbox/lib:/home/aiv/ev_ws/perception/install/patchworkpp/lib:/home/aiv/ev_ws/perception/install/make_cylinder/lib:/home/aiv/ev_ws/perception/install/lidar_voxel_grid/lib:/home/aiv/ev_ws/perception/install/dbscan_clustering/lib:/home/aiv/ev_ws/perception/install/cluster_splitter/lib:/usr/lib/x86_64-linux-gnu/gazebo-11/plugins:/opt/ros/humble/opt/rviz_ogre_vendor/lib:/opt/ros/humble/lib/x86_64-linux-gnu:/opt/ros/humble/lib:/usr/local/cuda-12.6/lib64 /usr/bin/cmake --install /home/aiv/ev_ws/perception/build/velodyne_pointcloud
[19.841s] Level 1:colcon.colcon_core.environment:checking '/home/aiv/ev_ws/perception/install/velodyne_pointcloud' for CMake config files
[19.842s] Level 1:colcon.colcon_core.shell:create_environment_hook('velodyne_pointcloud', 'cmake_prefix_path')
[19.842s] INFO:colcon.colcon_core.shell:Creating environment hook '/home/aiv/ev_ws/perception/install/velodyne_pointcloud/share/velodyne_pointcloud/hook/cmake_prefix_path.ps1'
[19.842s] INFO:colcon.colcon_core.shell:Creating environment descriptor '/home/aiv/ev_ws/perception/install/velodyne_pointcloud/share/velodyne_pointcloud/hook/cmake_prefix_path.dsv'
[19.842s] INFO:colcon.colcon_core.shell:Creating environment hook '/home/aiv/ev_ws/perception/install/velodyne_pointcloud/share/velodyne_pointcloud/hook/cmake_prefix_path.sh'
[19.842s] Level 1:colcon.colcon_core.environment:checking '/home/aiv/ev_ws/perception/install/velodyne_pointcloud/lib'
[19.842s] Level 1:colcon.colcon_core.shell:create_environment_hook('velodyne_pointcloud', 'ld_library_path_lib')
[19.842s] INFO:colcon.colcon_core.shell:Creating environment hook '/home/aiv/ev_ws/perception/install/velodyne_pointcloud/share/velodyne_pointcloud/hook/ld_library_path_lib.ps1'
[19.843s] INFO:colcon.colcon_core.shell:Creating environment descriptor '/home/aiv/ev_ws/perception/install/velodyne_pointcloud/share/velodyne_pointcloud/hook/ld_library_path_lib.dsv'
[19.843s] INFO:colcon.colcon_core.shell:Creating environment hook '/home/aiv/ev_ws/perception/install/velodyne_pointcloud/share/velodyne_pointcloud/hook/ld_library_path_lib.sh'
[19.843s] Level 1:colcon.colcon_core.environment:checking '/home/aiv/ev_ws/perception/install/velodyne_pointcloud/bin'
[19.843s] Level 1:colcon.colcon_core.environment:checking '/home/aiv/ev_ws/perception/install/velodyne_pointcloud/lib/pkgconfig/velodyne_pointcloud.pc'
[19.843s] Level 1:colcon.colcon_core.environment:checking '/home/aiv/ev_ws/perception/install/velodyne_pointcloud/lib/python3.10/site-packages'
[19.843s] Level 1:colcon.colcon_core.environment:checking '/home/aiv/ev_ws/perception/install/velodyne_pointcloud/bin'
[19.843s] INFO:colcon.colcon_core.shell:Creating package script '/home/aiv/ev_ws/perception/install/velodyne_pointcloud/share/velodyne_pointcloud/package.ps1'
[19.844s] INFO:colcon.colcon_core.shell:Creating package descriptor '/home/aiv/ev_ws/perception/install/velodyne_pointcloud/share/velodyne_pointcloud/package.dsv'
[19.844s] INFO:colcon.colcon_core.shell:Creating package script '/home/aiv/ev_ws/perception/install/velodyne_pointcloud/share/velodyne_pointcloud/package.sh'
[19.844s] INFO:colcon.colcon_core.shell:Creating package script '/home/aiv/ev_ws/perception/install/velodyne_pointcloud/share/velodyne_pointcloud/package.bash'
[19.844s] INFO:colcon.colcon_core.shell:Creating package script '/home/aiv/ev_ws/perception/install/velodyne_pointcloud/share/velodyne_pointcloud/package.zsh'
[19.844s] Level 1:colcon.colcon_core.environment:create_file_with_runtime_dependencies(/home/aiv/ev_ws/perception/install/velodyne_pointcloud/share/colcon-core/packages/velodyne_pointcloud)
[19.844s] Level 1:colcon.colcon_core.environment:create_environment_scripts_only(velodyne_pointcloud)
[19.845s] Level 1:colcon.colcon_core.environment:checking '/home/aiv/ev_ws/perception/install/velodyne_pointcloud' for CMake module files
[19.845s] Level 1:colcon.colcon_core.environment:checking '/home/aiv/ev_ws/perception/install/velodyne_pointcloud' for CMake config files
[19.845s] Level 1:colcon.colcon_core.shell:create_environment_hook('velodyne_pointcloud', 'cmake_prefix_path')
[19.845s] INFO:colcon.colcon_core.shell:Creating environment hook '/home/aiv/ev_ws/perception/install/velodyne_pointcloud/share/velodyne_pointcloud/hook/cmake_prefix_path.ps1'
[19.845s] INFO:colcon.colcon_core.shell:Creating environment descriptor '/home/aiv/ev_ws/perception/install/velodyne_pointcloud/share/velodyne_pointcloud/hook/cmake_prefix_path.dsv'
[19.845s] INFO:colcon.colcon_core.shell:Creating environment hook '/home/aiv/ev_ws/perception/install/velodyne_pointcloud/share/velodyne_pointcloud/hook/cmake_prefix_path.sh'
[19.846s] Level 1:colcon.colcon_core.environment:checking '/home/aiv/ev_ws/perception/install/velodyne_pointcloud/lib'
[19.846s] Level 1:colcon.colcon_core.shell:create_environment_hook('velodyne_pointcloud', 'ld_library_path_lib')
[19.846s] INFO:colcon.colcon_core.shell:Creating environment hook '/home/aiv/ev_ws/perception/install/velodyne_pointcloud/share/velodyne_pointcloud/hook/ld_library_path_lib.ps1'
[19.846s] INFO:colcon.colcon_core.shell:Creating environment descriptor '/home/aiv/ev_ws/perception/install/velodyne_pointcloud/share/velodyne_pointcloud/hook/ld_library_path_lib.dsv'
[19.846s] INFO:colcon.colcon_core.shell:Creating environment hook '/home/aiv/ev_ws/perception/install/velodyne_pointcloud/share/velodyne_pointcloud/hook/ld_library_path_lib.sh'
[19.846s] Level 1:colcon.colcon_core.environment:checking '/home/aiv/ev_ws/perception/install/velodyne_pointcloud/bin'
[19.846s] Level 1:colcon.colcon_core.environment:checking '/home/aiv/ev_ws/perception/install/velodyne_pointcloud/lib/pkgconfig/velodyne_pointcloud.pc'
[19.846s] Level 1:colcon.colcon_core.environment:checking '/home/aiv/ev_ws/perception/install/velodyne_pointcloud/lib/python3.10/site-packages'
[19.847s] Level 1:colcon.colcon_core.environment:checking '/home/aiv/ev_ws/perception/install/velodyne_pointcloud/bin'
[19.847s] INFO:colcon.colcon_core.shell:Creating package script '/home/aiv/ev_ws/perception/install/velodyne_pointcloud/share/velodyne_pointcloud/package.ps1'
[19.847s] INFO:colcon.colcon_core.shell:Creating package descriptor '/home/aiv/ev_ws/perception/install/velodyne_pointcloud/share/velodyne_pointcloud/package.dsv'
[19.847s] INFO:colcon.colcon_core.shell:Creating package script '/home/aiv/ev_ws/perception/install/velodyne_pointcloud/share/velodyne_pointcloud/package.sh'
[19.847s] INFO:colcon.colcon_core.shell:Creating package script '/home/aiv/ev_ws/perception/install/velodyne_pointcloud/share/velodyne_pointcloud/package.bash'
[19.848s] INFO:colcon.colcon_core.shell:Creating package script '/home/aiv/ev_ws/perception/install/velodyne_pointcloud/share/velodyne_pointcloud/package.zsh'
[19.848s] Level 1:colcon.colcon_core.environment:create_file_with_runtime_dependencies(/home/aiv/ev_ws/perception/install/velodyne_pointcloud/share/colcon-core/packages/velodyne_pointcloud)
[19.848s] INFO:colcon.colcon_ros.task.ament_cmake.build:Building ROS package in '/home/aiv/ev_ws/perception/src/lidar/velodyne' with build type 'ament_cmake'
[19.848s] INFO:colcon.colcon_cmake.task.cmake.build:Building CMake package in '/home/aiv/ev_ws/perception/src/lidar/velodyne'
[19.848s] INFO:colcon.colcon_core.shell:Skip shell extension 'powershell' for command environment: Not usable outside of PowerShell
[19.848s] DEBUG:colcon.colcon_core.shell:Skip shell extension 'dsv' for command environment
[19.860s] DEBUG:colcon.colcon_core.event_handler.log_command:Invoking command in '/home/aiv/ev_ws/perception/build/velodyne': CMAKE_PREFIX_PATH=/home/aiv/ev_ws/perception/install/velodyne_pointcloud:/home/aiv/ev_ws/perception/install/velodyne_driver:/home/aiv/ev_ws/perception/install/velodyne_msgs:/home/aiv/ev_ws/perception/install/velodyne_laserscan:/home/aiv/ev_ws/install/ev_msgs:/home/aiv/ev_ws/perception/install/make_bbox:/home/aiv/ev_ws/ev_msgs/install/ev_msgs:/home/aiv/ev_ws/carsa_gazebo/install/carsa_gazebo:/home/aiv/ev_ws/planning/install/planning_lc_ver:/home/aiv/ev_ws/erp42_ros/install/erp42_serial:/home/aiv/ev_ws/erp42_ros/install/erp42_rqt_plugin:/home/aiv/ev_ws/erp42_ros/install/erp42_gazebo:/home/aiv/ev_ws/erp42_ros/install/erp42_util:/home/aiv/ev_ws/erp42_ros/install/erp42_msgs:/home/aiv/ev_ws/erp42_ros/install/erp42_description:/home/aiv/ev_ws/erp42_ros/install/erp42_cmake:/home/aiv/ev_ws/perception/install/velodyne:/home/aiv/ev_ws/perception/install/lidar_launch:/home/aiv/ev_ws/perception/install/velodyne_cropbox:/home/aiv/ev_ws/perception/install/patchworkpp:/home/aiv/ev_ws/perception/install/make_cylinder:/home/aiv/ev_ws/perception/install/lidar_voxel_grid:/home/aiv/ev_ws/perception/install/dbscan_clustering:/home/aiv/ev_ws/perception/install/cluster_splitter:/opt/ros/humble LD_LIBRARY_PATH=/home/aiv/ev_ws/perception/install/velodyne_pointcloud/lib:/home/aiv/ev_ws/perception/install/velodyne_driver/lib:/home/aiv/ev_ws/perception/install/velodyne_msgs/lib:/home/aiv/ev_ws/perception/install/velodyne_laserscan/lib:/home/aiv/ev_ws/install/ev_msgs/lib:/usr/local/cuda-12.6/lib64:/home/aiv/ev_ws/perception/install/make_bbox/lib:/usr/local/cuda-12.6/lib64:/home/aiv/ev_ws/ev_msgs/install/ev_msgs/lib:/home/aiv/ev_ws/planning/install/planning_lc_ver/lib:/home/aiv/ev_ws/erp42_ros/install/erp42_serial/lib:/home/aiv/ev_ws/erp42_ros/install/erp42_rqt_plugin/lib:/home/aiv/ev_ws/erp42_ros/install/erp42_gazebo/lib:/home/aiv/ev_ws/erp42_ros/install/erp42_util/lib:/home/aiv/ev_ws/erp42_ros/install/erp42_msgs/lib:/home/aiv/ev_ws/perception/install/velodyne_cropbox/lib:/home/aiv/ev_ws/perception/install/patchworkpp/lib:/home/aiv/ev_ws/perception/install/make_cylinder/lib:/home/aiv/ev_ws/perception/install/lidar_voxel_grid/lib:/home/aiv/ev_ws/perception/install/dbscan_clustering/lib:/home/aiv/ev_ws/perception/install/cluster_splitter/lib:/usr/lib/x86_64-linux-gnu/gazebo-11/plugins:/opt/ros/humble/opt/rviz_ogre_vendor/lib:/opt/ros/humble/lib/x86_64-linux-gnu:/opt/ros/humble/lib:/usr/local/cuda-12.6/lib64 /usr/bin/cmake /home/aiv/ev_ws/perception/src/lidar/velodyne -DAMENT_CMAKE_SYMLINK_INSTALL=1 -DCMAKE_INSTALL_PREFIX=/home/aiv/ev_ws/perception/install/velodyne
[20.245s] DEBUG:colcon.colcon_core.event_handler.log_command:Invoked command in '/home/aiv/ev_ws/perception/build/patchworkpp' returned '0': CMAKE_PREFIX_PATH=${CMAKE_PREFIX_PATH}:/opt/ros/humble /usr/bin/cmake --build /home/aiv/ev_ws/perception/build/patchworkpp -- -j28 -l28
[20.246s] DEBUG:colcon.colcon_core.event_handler.log_command:Invoking command in '/home/aiv/ev_ws/perception/build/patchworkpp': CMAKE_PREFIX_PATH=${CMAKE_PREFIX_PATH}:/opt/ros/humble /usr/bin/cmake --install /home/aiv/ev_ws/perception/build/patchworkpp
[20.252s] DEBUG:colcon.colcon_core.event_handler.log_command:Invoked command in '/home/aiv/ev_ws/perception/build/velodyne' returned '0': CMAKE_PREFIX_PATH=/home/aiv/ev_ws/perception/install/velodyne_pointcloud:/home/aiv/ev_ws/perception/install/velodyne_driver:/home/aiv/ev_ws/perception/install/velodyne_msgs:/home/aiv/ev_ws/perception/install/velodyne_laserscan:/home/aiv/ev_ws/install/ev_msgs:/home/aiv/ev_ws/perception/install/make_bbox:/home/aiv/ev_ws/ev_msgs/install/ev_msgs:/home/aiv/ev_ws/carsa_gazebo/install/carsa_gazebo:/home/aiv/ev_ws/planning/install/planning_lc_ver:/home/aiv/ev_ws/erp42_ros/install/erp42_serial:/home/aiv/ev_ws/erp42_ros/install/erp42_rqt_plugin:/home/aiv/ev_ws/erp42_ros/install/erp42_gazebo:/home/aiv/ev_ws/erp42_ros/install/erp42_util:/home/aiv/ev_ws/erp42_ros/install/erp42_msgs:/home/aiv/ev_ws/erp42_ros/install/erp42_description:/home/aiv/ev_ws/erp42_ros/install/erp42_cmake:/home/aiv/ev_ws/perception/install/velodyne:/home/aiv/ev_ws/perception/install/lidar_launch:/home/aiv/ev_ws/perception/install/velodyne_cropbox:/home/aiv/ev_ws/perception/install/patchworkpp:/home/aiv/ev_ws/perception/install/make_cylinder:/home/aiv/ev_ws/perception/install/lidar_voxel_grid:/home/aiv/ev_ws/perception/install/dbscan_clustering:/home/aiv/ev_ws/perception/install/cluster_splitter:/opt/ros/humble LD_LIBRARY_PATH=/home/aiv/ev_ws/perception/install/velodyne_pointcloud/lib:/home/aiv/ev_ws/perception/install/velodyne_driver/lib:/home/aiv/ev_ws/perception/install/velodyne_msgs/lib:/home/aiv/ev_ws/perception/install/velodyne_laserscan/lib:/home/aiv/ev_ws/install/ev_msgs/lib:/usr/local/cuda-12.6/lib64:/home/aiv/ev_ws/perception/install/make_bbox/lib:/usr/local/cuda-12.6/lib64:/home/aiv/ev_ws/ev_msgs/install/ev_msgs/lib:/home/aiv/ev_ws/planning/install/planning_lc_ver/lib:/home/aiv/ev_ws/erp42_ros/install/erp42_serial/lib:/home/aiv/ev_ws/erp42_ros/install/erp42_rqt_plugin/lib:/home/aiv/ev_ws/erp42_ros/install/erp42_gazebo/lib:/home/aiv/ev_ws/erp42_ros/install/erp42_util/lib:/home/aiv/ev_ws/erp42_ros/install/erp42_msgs/lib:/home/aiv/ev_ws/perception/install/velodyne_cropbox/lib:/home/aiv/ev_ws/perception/install/patchworkpp/lib:/home/aiv/ev_ws/perception/install/make_cylinder/lib:/home/aiv/ev_ws/perception/install/lidar_voxel_grid/lib:/home/aiv/ev_ws/perception/install/dbscan_clustering/lib:/home/aiv/ev_ws/perception/install/cluster_splitter/lib:/usr/lib/x86_64-linux-gnu/gazebo-11/plugins:/opt/ros/humble/opt/rviz_ogre_vendor/lib:/opt/ros/humble/lib/x86_64-linux-gnu:/opt/ros/humble/lib:/usr/local/cuda-12.6/lib64 /usr/bin/cmake /home/aiv/ev_ws/perception/src/lidar/velodyne -DAMENT_CMAKE_SYMLINK_INSTALL=1 -DCMAKE_INSTALL_PREFIX=/home/aiv/ev_ws/perception/install/velodyne
[20.253s] DEBUG:colcon.colcon_core.event_handler.log_command:Invoking command in '/home/aiv/ev_ws/perception/build/velodyne': CMAKE_PREFIX_PATH=/home/aiv/ev_ws/perception/install/velodyne_pointcloud:/home/aiv/ev_ws/perception/install/velodyne_driver:/home/aiv/ev_ws/perception/install/velodyne_msgs:/home/aiv/ev_ws/perception/install/velodyne_laserscan:/home/aiv/ev_ws/install/ev_msgs:/home/aiv/ev_ws/perception/install/make_bbox:/home/aiv/ev_ws/ev_msgs/install/ev_msgs:/home/aiv/ev_ws/carsa_gazebo/install/carsa_gazebo:/home/aiv/ev_ws/planning/install/planning_lc_ver:/home/aiv/ev_ws/erp42_ros/install/erp42_serial:/home/aiv/ev_ws/erp42_ros/install/erp42_rqt_plugin:/home/aiv/ev_ws/erp42_ros/install/erp42_gazebo:/home/aiv/ev_ws/erp42_ros/install/erp42_util:/home/aiv/ev_ws/erp42_ros/install/erp42_msgs:/home/aiv/ev_ws/erp42_ros/install/erp42_description:/home/aiv/ev_ws/erp42_ros/install/erp42_cmake:/home/aiv/ev_ws/perception/install/velodyne:/home/aiv/ev_ws/perception/install/lidar_launch:/home/aiv/ev_ws/perception/install/velodyne_cropbox:/home/aiv/ev_ws/perception/install/patchworkpp:/home/aiv/ev_ws/perception/install/make_cylinder:/home/aiv/ev_ws/perception/install/lidar_voxel_grid:/home/aiv/ev_ws/perception/install/dbscan_clustering:/home/aiv/ev_ws/perception/install/cluster_splitter:/opt/ros/humble LD_LIBRARY_PATH=/home/aiv/ev_ws/perception/install/velodyne_pointcloud/lib:/home/aiv/ev_ws/perception/install/velodyne_driver/lib:/home/aiv/ev_ws/perception/install/velodyne_msgs/lib:/home/aiv/ev_ws/perception/install/velodyne_laserscan/lib:/home/aiv/ev_ws/install/ev_msgs/lib:/usr/local/cuda-12.6/lib64:/home/aiv/ev_ws/perception/install/make_bbox/lib:/usr/local/cuda-12.6/lib64:/home/aiv/ev_ws/ev_msgs/install/ev_msgs/lib:/home/aiv/ev_ws/planning/install/planning_lc_ver/lib:/home/aiv/ev_ws/erp42_ros/install/erp42_serial/lib:/home/aiv/ev_ws/erp42_ros/install/erp42_rqt_plugin/lib:/home/aiv/ev_ws/erp42_ros/install/erp42_gazebo/lib:/home/aiv/ev_ws/erp42_ros/install/erp42_util/lib:/home/aiv/ev_ws/erp42_ros/install/erp42_msgs/lib:/home/aiv/ev_ws/perception/install/velodyne_cropbox/lib:/home/aiv/ev_ws/perception/install/patchworkpp/lib:/home/aiv/ev_ws/perception/install/make_cylinder/lib:/home/aiv/ev_ws/perception/install/lidar_voxel_grid/lib:/home/aiv/ev_ws/perception/install/dbscan_clustering/lib:/home/aiv/ev_ws/perception/install/cluster_splitter/lib:/usr/lib/x86_64-linux-gnu/gazebo-11/plugins:/opt/ros/humble/opt/rviz_ogre_vendor/lib:/opt/ros/humble/lib/x86_64-linux-gnu:/opt/ros/humble/lib:/usr/local/cuda-12.6/lib64 /usr/bin/cmake --build /home/aiv/ev_ws/perception/build/velodyne -- -j28 -l28
[20.277s] DEBUG:colcon.colcon_core.event_handler.log_command:Invoked command in '/home/aiv/ev_ws/perception/build/velodyne' returned '0': CMAKE_PREFIX_PATH=/home/aiv/ev_ws/perception/install/velodyne_pointcloud:/home/aiv/ev_ws/perception/install/velodyne_driver:/home/aiv/ev_ws/perception/install/velodyne_msgs:/home/aiv/ev_ws/perception/install/velodyne_laserscan:/home/aiv/ev_ws/install/ev_msgs:/home/aiv/ev_ws/perception/install/make_bbox:/home/aiv/ev_ws/ev_msgs/install/ev_msgs:/home/aiv/ev_ws/carsa_gazebo/install/carsa_gazebo:/home/aiv/ev_ws/planning/install/planning_lc_ver:/home/aiv/ev_ws/erp42_ros/install/erp42_serial:/home/aiv/ev_ws/erp42_ros/install/erp42_rqt_plugin:/home/aiv/ev_ws/erp42_ros/install/erp42_gazebo:/home/aiv/ev_ws/erp42_ros/install/erp42_util:/home/aiv/ev_ws/erp42_ros/install/erp42_msgs:/home/aiv/ev_ws/erp42_ros/install/erp42_description:/home/aiv/ev_ws/erp42_ros/install/erp42_cmake:/home/aiv/ev_ws/perception/install/velodyne:/home/aiv/ev_ws/perception/install/lidar_launch:/home/aiv/ev_ws/perception/install/velodyne_cropbox:/home/aiv/ev_ws/perception/install/patchworkpp:/home/aiv/ev_ws/perception/install/make_cylinder:/home/aiv/ev_ws/perception/install/lidar_voxel_grid:/home/aiv/ev_ws/perception/install/dbscan_clustering:/home/aiv/ev_ws/perception/install/cluster_splitter:/opt/ros/humble LD_LIBRARY_PATH=/home/aiv/ev_ws/perception/install/velodyne_pointcloud/lib:/home/aiv/ev_ws/perception/install/velodyne_driver/lib:/home/aiv/ev_ws/perception/install/velodyne_msgs/lib:/home/aiv/ev_ws/perception/install/velodyne_laserscan/lib:/home/aiv/ev_ws/install/ev_msgs/lib:/usr/local/cuda-12.6/lib64:/home/aiv/ev_ws/perception/install/make_bbox/lib:/usr/local/cuda-12.6/lib64:/home/aiv/ev_ws/ev_msgs/install/ev_msgs/lib:/home/aiv/ev_ws/planning/install/planning_lc_ver/lib:/home/aiv/ev_ws/erp42_ros/install/erp42_serial/lib:/home/aiv/ev_ws/erp42_ros/install/erp42_rqt_plugin/lib:/home/aiv/ev_ws/erp42_ros/install/erp42_gazebo/lib:/home/aiv/ev_ws/erp42_ros/install/erp42_util/lib:/home/aiv/ev_ws/erp42_ros/install/erp42_msgs/lib:/home/aiv/ev_ws/perception/install/velodyne_cropbox/lib:/home/aiv/ev_ws/perception/install/patchworkpp/lib:/home/aiv/ev_ws/perception/install/make_cylinder/lib:/home/aiv/ev_ws/perception/install/lidar_voxel_grid/lib:/home/aiv/ev_ws/perception/install/dbscan_clustering/lib:/home/aiv/ev_ws/perception/install/cluster_splitter/lib:/usr/lib/x86_64-linux-gnu/gazebo-11/plugins:/opt/ros/humble/opt/rviz_ogre_vendor/lib:/opt/ros/humble/lib/x86_64-linux-gnu:/opt/ros/humble/lib:/usr/local/cuda-12.6/lib64 /usr/bin/cmake --build /home/aiv/ev_ws/perception/build/velodyne -- -j28 -l28
[20.278s] DEBUG:colcon.colcon_core.event_handler.log_command:Invoking command in '/home/aiv/ev_ws/perception/build/velodyne': CMAKE_PREFIX_PATH=/home/aiv/ev_ws/perception/install/velodyne_pointcloud:/home/aiv/ev_ws/perception/install/velodyne_driver:/home/aiv/ev_ws/perception/install/velodyne_msgs:/home/aiv/ev_ws/perception/install/velodyne_laserscan:/home/aiv/ev_ws/install/ev_msgs:/home/aiv/ev_ws/perception/install/make_bbox:/home/aiv/ev_ws/ev_msgs/install/ev_msgs:/home/aiv/ev_ws/carsa_gazebo/install/carsa_gazebo:/home/aiv/ev_ws/planning/install/planning_lc_ver:/home/aiv/ev_ws/erp42_ros/install/erp42_serial:/home/aiv/ev_ws/erp42_ros/install/erp42_rqt_plugin:/home/aiv/ev_ws/erp42_ros/install/erp42_gazebo:/home/aiv/ev_ws/erp42_ros/install/erp42_util:/home/aiv/ev_ws/erp42_ros/install/erp42_msgs:/home/aiv/ev_ws/erp42_ros/install/erp42_description:/home/aiv/ev_ws/erp42_ros/install/erp42_cmake:/home/aiv/ev_ws/perception/install/velodyne:/home/aiv/ev_ws/perception/install/lidar_launch:/home/aiv/ev_ws/perception/install/velodyne_cropbox:/home/aiv/ev_ws/perception/install/patchworkpp:/home/aiv/ev_ws/perception/install/make_cylinder:/home/aiv/ev_ws/perception/install/lidar_voxel_grid:/home/aiv/ev_ws/perception/install/dbscan_clustering:/home/aiv/ev_ws/perception/install/cluster_splitter:/opt/ros/humble LD_LIBRARY_PATH=/home/aiv/ev_ws/perception/install/velodyne_pointcloud/lib:/home/aiv/ev_ws/perception/install/velodyne_driver/lib:/home/aiv/ev_ws/perception/install/velodyne_msgs/lib:/home/aiv/ev_ws/perception/install/velodyne_laserscan/lib:/home/aiv/ev_ws/install/ev_msgs/lib:/usr/local/cuda-12.6/lib64:/home/aiv/ev_ws/perception/install/make_bbox/lib:/usr/local/cuda-12.6/lib64:/home/aiv/ev_ws/ev_msgs/install/ev_msgs/lib:/home/aiv/ev_ws/planning/install/planning_lc_ver/lib:/home/aiv/ev_ws/erp42_ros/install/erp42_serial/lib:/home/aiv/ev_ws/erp42_ros/install/erp42_rqt_plugin/lib:/home/aiv/ev_ws/erp42_ros/install/erp42_gazebo/lib:/home/aiv/ev_ws/erp42_ros/install/erp42_util/lib:/home/aiv/ev_ws/erp42_ros/install/erp42_msgs/lib:/home/aiv/ev_ws/perception/install/velodyne_cropbox/lib:/home/aiv/ev_ws/perception/install/patchworkpp/lib:/home/aiv/ev_ws/perception/install/make_cylinder/lib:/home/aiv/ev_ws/perception/install/lidar_voxel_grid/lib:/home/aiv/ev_ws/perception/install/dbscan_clustering/lib:/home/aiv/ev_ws/perception/install/cluster_splitter/lib:/usr/lib/x86_64-linux-gnu/gazebo-11/plugins:/opt/ros/humble/opt/rviz_ogre_vendor/lib:/opt/ros/humble/lib/x86_64-linux-gnu:/opt/ros/humble/lib:/usr/local/cuda-12.6/lib64 /usr/bin/cmake --install /home/aiv/ev_ws/perception/build/velodyne
[20.365s] Level 1:colcon.colcon_core.environment:create_environment_scripts_only(patchworkpp)
[20.365s] Level 1:colcon.colcon_core.environment:checking '/home/aiv/ev_ws/perception/install/patchworkpp' for CMake module files
[20.366s] DEBUG:colcon.colcon_core.event_handler.log_command:Invoked command in '/home/aiv/ev_ws/perception/build/patchworkpp' returned '0': CMAKE_PREFIX_PATH=${CMAKE_PREFIX_PATH}:/opt/ros/humble /usr/bin/cmake --install /home/aiv/ev_ws/perception/build/patchworkpp
[20.366s] Level 1:colcon.colcon_core.environment:checking '/home/aiv/ev_ws/perception/install/patchworkpp' for CMake config files
[20.366s] Level 1:colcon.colcon_core.shell:create_environment_hook('patchworkpp', 'cmake_prefix_path')
[20.366s] INFO:colcon.colcon_core.shell:Creating environment hook '/home/aiv/ev_ws/perception/install/patchworkpp/share/patchworkpp/hook/cmake_prefix_path.ps1'
[20.367s] INFO:colcon.colcon_core.shell:Creating environment descriptor '/home/aiv/ev_ws/perception/install/patchworkpp/share/patchworkpp/hook/cmake_prefix_path.dsv'
[20.367s] INFO:colcon.colcon_core.shell:Creating environment hook '/home/aiv/ev_ws/perception/install/patchworkpp/share/patchworkpp/hook/cmake_prefix_path.sh'
[20.367s] Level 1:colcon.colcon_core.environment:checking '/home/aiv/ev_ws/perception/install/patchworkpp/lib'
[20.367s] Level 1:colcon.colcon_core.shell:create_environment_hook('patchworkpp', 'ld_library_path_lib')
[20.368s] INFO:colcon.colcon_core.shell:Creating environment hook '/home/aiv/ev_ws/perception/install/patchworkpp/share/patchworkpp/hook/ld_library_path_lib.ps1'
[20.368s] INFO:colcon.colcon_core.shell:Creating environment descriptor '/home/aiv/ev_ws/perception/install/patchworkpp/share/patchworkpp/hook/ld_library_path_lib.dsv'
[20.368s] INFO:colcon.colcon_core.shell:Creating environment hook '/home/aiv/ev_ws/perception/install/patchworkpp/share/patchworkpp/hook/ld_library_path_lib.sh'
[20.368s] Level 1:colcon.colcon_core.environment:checking '/home/aiv/ev_ws/perception/install/patchworkpp/bin'
[20.368s] Level 1:colcon.colcon_core.environment:checking '/home/aiv/ev_ws/perception/install/patchworkpp/lib/pkgconfig/patchworkpp.pc'
[20.369s] Level 1:colcon.colcon_core.environment:checking '/home/aiv/ev_ws/perception/install/patchworkpp/lib/python3.10/site-packages'
[20.369s] Level 1:colcon.colcon_core.environment:checking '/home/aiv/ev_ws/perception/install/patchworkpp/bin'
[20.369s] INFO:colcon.colcon_core.shell:Creating package script '/home/aiv/ev_ws/perception/install/patchworkpp/share/patchworkpp/package.ps1'
[20.369s] INFO:colcon.colcon_core.shell:Creating package descriptor '/home/aiv/ev_ws/perception/install/patchworkpp/share/patchworkpp/package.dsv'
[20.370s] INFO:colcon.colcon_core.shell:Creating package script '/home/aiv/ev_ws/perception/install/patchworkpp/share/patchworkpp/package.sh'
[20.370s] INFO:colcon.colcon_core.shell:Creating package script '/home/aiv/ev_ws/perception/install/patchworkpp/share/patchworkpp/package.bash'
[20.370s] INFO:colcon.colcon_core.shell:Creating package script '/home/aiv/ev_ws/perception/install/patchworkpp/share/patchworkpp/package.zsh'
[20.371s] Level 1:colcon.colcon_core.environment:create_file_with_runtime_dependencies(/home/aiv/ev_ws/perception/install/patchworkpp/share/colcon-core/packages/patchworkpp)
[20.371s] Level 1:colcon.colcon_core.environment:create_environment_scripts_only(patchworkpp)
[20.371s] Level 1:colcon.colcon_core.environment:checking '/home/aiv/ev_ws/perception/install/patchworkpp' for CMake module files
[20.372s] Level 1:colcon.colcon_core.environment:checking '/home/aiv/ev_ws/perception/install/patchworkpp' for CMake config files
[20.372s] Level 1:colcon.colcon_core.shell:create_environment_hook('patchworkpp', 'cmake_prefix_path')
[20.372s] INFO:colcon.colcon_core.shell:Creating environment hook '/home/aiv/ev_ws/perception/install/patchworkpp/share/patchworkpp/hook/cmake_prefix_path.ps1'
[20.372s] INFO:colcon.colcon_core.shell:Creating environment descriptor '/home/aiv/ev_ws/perception/install/patchworkpp/share/patchworkpp/hook/cmake_prefix_path.dsv'
[20.372s] INFO:colcon.colcon_core.shell:Creating environment hook '/home/aiv/ev_ws/perception/install/patchworkpp/share/patchworkpp/hook/cmake_prefix_path.sh'
[20.373s] Level 1:colcon.colcon_core.environment:checking '/home/aiv/ev_ws/perception/install/patchworkpp/lib'
[20.373s] Level 1:colcon.colcon_core.shell:create_environment_hook('patchworkpp', 'ld_library_path_lib')
[20.373s] INFO:colcon.colcon_core.shell:Creating environment hook '/home/aiv/ev_ws/perception/install/patchworkpp/share/patchworkpp/hook/ld_library_path_lib.ps1'
[20.373s] INFO:colcon.colcon_core.shell:Creating environment descriptor '/home/aiv/ev_ws/perception/install/patchworkpp/share/patchworkpp/hook/ld_library_path_lib.dsv'
[20.373s] INFO:colcon.colcon_core.shell:Creating environment hook '/home/aiv/ev_ws/perception/install/patchworkpp/share/patchworkpp/hook/ld_library_path_lib.sh'
[20.373s] Level 1:colcon.colcon_core.environment:checking '/home/aiv/ev_ws/perception/install/patchworkpp/bin'
[20.373s] Level 1:colcon.colcon_core.environment:checking '/home/aiv/ev_ws/perception/install/patchworkpp/lib/pkgconfig/patchworkpp.pc'
[20.373s] Level 1:colcon.colcon_core.environment:checking '/home/aiv/ev_ws/perception/install/patchworkpp/lib/python3.10/site-packages'
[20.373s] Level 1:colcon.colcon_core.environment:checking '/home/aiv/ev_ws/perception/install/patchworkpp/bin'
[20.374s] INFO:colcon.colcon_core.shell:Creating package script '/home/aiv/ev_ws/perception/install/patchworkpp/share/patchworkpp/package.ps1'
[20.374s] INFO:colcon.colcon_core.shell:Creating package descriptor '/home/aiv/ev_ws/perception/install/patchworkpp/share/patchworkpp/package.dsv'
[20.374s] INFO:colcon.colcon_core.shell:Creating package script '/home/aiv/ev_ws/perception/install/patchworkpp/share/patchworkpp/package.sh'
[20.374s] INFO:colcon.colcon_core.shell:Creating package script '/home/aiv/ev_ws/perception/install/patchworkpp/share/patchworkpp/package.bash'
[20.374s] INFO:colcon.colcon_core.shell:Creating package script '/home/aiv/ev_ws/perception/install/patchworkpp/share/patchworkpp/package.zsh'
[20.374s] Level 1:colcon.colcon_core.environment:create_file_with_runtime_dependencies(/home/aiv/ev_ws/perception/install/patchworkpp/share/colcon-core/packages/patchworkpp)
[20.375s] INFO:colcon.colcon_ros.task.ament_cmake.build:Building ROS package in '/home/aiv/ev_ws/perception/src/lidar_launch' with build type 'ament_cmake'
[20.375s] INFO:colcon.colcon_cmake.task.cmake.build:Building CMake package in '/home/aiv/ev_ws/perception/src/lidar_launch'
[20.375s] INFO:colcon.colcon_core.shell:Skip shell extension 'powershell' for command environment: Not usable outside of PowerShell
[20.375s] DEBUG:colcon.colcon_core.shell:Skip shell extension 'dsv' for command environment
[20.388s] DEBUG:colcon.colcon_core.event_handler.log_command:Invoking command in '/home/aiv/ev_ws/perception/build/lidar_launch': CMAKE_PREFIX_PATH=/home/aiv/ev_ws/perception/install/velodyne_pointcloud:/home/aiv/ev_ws/perception/install/velodyne_driver:/home/aiv/ev_ws/perception/install/velodyne_msgs:/home/aiv/ev_ws/perception/install/patchworkpp:/home/aiv/ev_ws/perception/install/make_bbox:/home/aiv/ev_ws/perception/install/lidar_voxel_grid:/home/aiv/ev_ws/perception/install/dbscan_clustering:/home/aiv/ev_ws/perception/install/cluster_splitter:/home/aiv/ev_ws/install/ev_msgs:/home/aiv/ev_ws/ev_msgs/install/ev_msgs:/home/aiv/ev_ws/carsa_gazebo/install/carsa_gazebo:/home/aiv/ev_ws/planning/install/planning_lc_ver:/home/aiv/ev_ws/erp42_ros/install/erp42_serial:/home/aiv/ev_ws/erp42_ros/install/erp42_rqt_plugin:/home/aiv/ev_ws/erp42_ros/install/erp42_gazebo:/home/aiv/ev_ws/erp42_ros/install/erp42_util:/home/aiv/ev_ws/erp42_ros/install/erp42_msgs:/home/aiv/ev_ws/erp42_ros/install/erp42_description:/home/aiv/ev_ws/erp42_ros/install/erp42_cmake:/home/aiv/ev_ws/perception/install/velodyne:/home/aiv/ev_ws/perception/install/lidar_launch:/home/aiv/ev_ws/perception/install/velodyne_laserscan:/home/aiv/ev_ws/perception/install/velodyne_cropbox:/home/aiv/ev_ws/perception/install/make_cylinder:/opt/ros/humble LD_LIBRARY_PATH=/home/aiv/ev_ws/perception/install/velodyne_pointcloud/lib:/home/aiv/ev_ws/perception/install/velodyne_driver/lib:/home/aiv/ev_ws/perception/install/velodyne_msgs/lib:/home/aiv/ev_ws/perception/install/patchworkpp/lib:/home/aiv/ev_ws/perception/install/make_bbox/lib:/home/aiv/ev_ws/perception/install/lidar_voxel_grid/lib:/home/aiv/ev_ws/perception/install/dbscan_clustering/lib:/home/aiv/ev_ws/perception/install/cluster_splitter/lib:/home/aiv/ev_ws/install/ev_msgs/lib:/usr/local/cuda-12.6/lib64:/usr/local/cuda-12.6/lib64:/home/aiv/ev_ws/ev_msgs/install/ev_msgs/lib:/home/aiv/ev_ws/planning/install/planning_lc_ver/lib:/home/aiv/ev_ws/erp42_ros/install/erp42_serial/lib:/home/aiv/ev_ws/erp42_ros/install/erp42_rqt_plugin/lib:/home/aiv/ev_ws/erp42_ros/install/erp42_gazebo/lib:/home/aiv/ev_ws/erp42_ros/install/erp42_util/lib:/home/aiv/ev_ws/erp42_ros/install/erp42_msgs/lib:/home/aiv/ev_ws/perception/install/velodyne_laserscan/lib:/home/aiv/ev_ws/perception/install/velodyne_cropbox/lib:/home/aiv/ev_ws/perception/install/make_cylinder/lib:/usr/lib/x86_64-linux-gnu/gazebo-11/plugins:/opt/ros/humble/opt/rviz_ogre_vendor/lib:/opt/ros/humble/lib/x86_64-linux-gnu:/opt/ros/humble/lib:/usr/local/cuda-12.6/lib64 /usr/bin/cmake /home/aiv/ev_ws/perception/src/lidar_launch -DAMENT_CMAKE_SYMLINK_INSTALL=1 -DCMAKE_INSTALL_PREFIX=/home/aiv/ev_ws/perception/install/lidar_launch
[20.402s] Level 1:colcon.colcon_core.environment:create_environment_scripts_only(velodyne)
[20.403s] Level 1:colcon.colcon_core.environment:checking '/home/aiv/ev_ws/perception/install/velodyne' for CMake module files
[20.403s] DEBUG:colcon.colcon_core.event_handler.log_command:Invoked command in '/home/aiv/ev_ws/perception/build/velodyne' returned '0': CMAKE_PREFIX_PATH=/home/aiv/ev_ws/perception/install/velodyne_pointcloud:/home/aiv/ev_ws/perception/install/velodyne_driver:/home/aiv/ev_ws/perception/install/velodyne_msgs:/home/aiv/ev_ws/perception/install/velodyne_laserscan:/home/aiv/ev_ws/install/ev_msgs:/home/aiv/ev_ws/perception/install/make_bbox:/home/aiv/ev_ws/ev_msgs/install/ev_msgs:/home/aiv/ev_ws/carsa_gazebo/install/carsa_gazebo:/home/aiv/ev_ws/planning/install/planning_lc_ver:/home/aiv/ev_ws/erp42_ros/install/erp42_serial:/home/aiv/ev_ws/erp42_ros/install/erp42_rqt_plugin:/home/aiv/ev_ws/erp42_ros/install/erp42_gazebo:/home/aiv/ev_ws/erp42_ros/install/erp42_util:/home/aiv/ev_ws/erp42_ros/install/erp42_msgs:/home/aiv/ev_ws/erp42_ros/install/erp42_description:/home/aiv/ev_ws/erp42_ros/install/erp42_cmake:/home/aiv/ev_ws/perception/install/velodyne:/home/aiv/ev_ws/perception/install/lidar_launch:/home/aiv/ev_ws/perception/install/velodyne_cropbox:/home/aiv/ev_ws/perception/install/patchworkpp:/home/aiv/ev_ws/perception/install/make_cylinder:/home/aiv/ev_ws/perception/install/lidar_voxel_grid:/home/aiv/ev_ws/perception/install/dbscan_clustering:/home/aiv/ev_ws/perception/install/cluster_splitter:/opt/ros/humble LD_LIBRARY_PATH=/home/aiv/ev_ws/perception/install/velodyne_pointcloud/lib:/home/aiv/ev_ws/perception/install/velodyne_driver/lib:/home/aiv/ev_ws/perception/install/velodyne_msgs/lib:/home/aiv/ev_ws/perception/install/velodyne_laserscan/lib:/home/aiv/ev_ws/install/ev_msgs/lib:/usr/local/cuda-12.6/lib64:/home/aiv/ev_ws/perception/install/make_bbox/lib:/usr/local/cuda-12.6/lib64:/home/aiv/ev_ws/ev_msgs/install/ev_msgs/lib:/home/aiv/ev_ws/planning/install/planning_lc_ver/lib:/home/aiv/ev_ws/erp42_ros/install/erp42_serial/lib:/home/aiv/ev_ws/erp42_ros/install/erp42_rqt_plugin/lib:/home/aiv/ev_ws/erp42_ros/install/erp42_gazebo/lib:/home/aiv/ev_ws/erp42_ros/install/erp42_util/lib:/home/aiv/ev_ws/erp42_ros/install/erp42_msgs/lib:/home/aiv/ev_ws/perception/install/velodyne_cropbox/lib:/home/aiv/ev_ws/perception/install/patchworkpp/lib:/home/aiv/ev_ws/perception/install/make_cylinder/lib:/home/aiv/ev_ws/perception/install/lidar_voxel_grid/lib:/home/aiv/ev_ws/perception/install/dbscan_clustering/lib:/home/aiv/ev_ws/perception/install/cluster_splitter/lib:/usr/lib/x86_64-linux-gnu/gazebo-11/plugins:/opt/ros/humble/opt/rviz_ogre_vendor/lib:/opt/ros/humble/lib/x86_64-linux-gnu:/opt/ros/humble/lib:/usr/local/cuda-12.6/lib64 /usr/bin/cmake --install /home/aiv/ev_ws/perception/build/velodyne
[20.403s] Level 1:colcon.colcon_core.environment:checking '/home/aiv/ev_ws/perception/install/velodyne' for CMake config files
[20.403s] Level 1:colcon.colcon_core.shell:create_environment_hook('velodyne', 'cmake_prefix_path')
[20.403s] INFO:colcon.colcon_core.shell:Creating environment hook '/home/aiv/ev_ws/perception/install/velodyne/share/velodyne/hook/cmake_prefix_path.ps1'
[20.404s] INFO:colcon.colcon_core.shell:Creating environment descriptor '/home/aiv/ev_ws/perception/install/velodyne/share/velodyne/hook/cmake_prefix_path.dsv'
[20.404s] INFO:colcon.colcon_core.shell:Creating environment hook '/home/aiv/ev_ws/perception/install/velodyne/share/velodyne/hook/cmake_prefix_path.sh'
[20.404s] Level 1:colcon.colcon_core.environment:checking '/home/aiv/ev_ws/perception/install/velodyne/bin'
[20.404s] Level 1:colcon.colcon_core.environment:checking '/home/aiv/ev_ws/perception/install/velodyne/lib/pkgconfig/velodyne.pc'
[20.404s] Level 1:colcon.colcon_core.environment:checking '/home/aiv/ev_ws/perception/install/velodyne/lib/python3.10/site-packages'
[20.405s] Level 1:colcon.colcon_core.environment:checking '/home/aiv/ev_ws/perception/install/velodyne/bin'
[20.405s] INFO:colcon.colcon_core.shell:Creating package script '/home/aiv/ev_ws/perception/install/velodyne/share/velodyne/package.ps1'
[20.405s] INFO:colcon.colcon_core.shell:Creating package descriptor '/home/aiv/ev_ws/perception/install/velodyne/share/velodyne/package.dsv'
[20.405s] INFO:colcon.colcon_core.shell:Creating package script '/home/aiv/ev_ws/perception/install/velodyne/share/velodyne/package.sh'
[20.405s] INFO:colcon.colcon_core.shell:Creating package script '/home/aiv/ev_ws/perception/install/velodyne/share/velodyne/package.bash'
[20.405s] INFO:colcon.colcon_core.shell:Creating package script '/home/aiv/ev_ws/perception/install/velodyne/share/velodyne/package.zsh'
[20.405s] Level 1:colcon.colcon_core.environment:create_file_with_runtime_dependencies(/home/aiv/ev_ws/perception/install/velodyne/share/colcon-core/packages/velodyne)
[20.406s] Level 1:colcon.colcon_core.environment:create_environment_scripts_only(velodyne)
[20.406s] Level 1:colcon.colcon_core.environment:checking '/home/aiv/ev_ws/perception/install/velodyne' for CMake module files
[20.406s] Level 1:colcon.colcon_core.environment:checking '/home/aiv/ev_ws/perception/install/velodyne' for CMake config files
[20.406s] Level 1:colcon.colcon_core.shell:create_environment_hook('velodyne', 'cmake_prefix_path')
[20.406s] INFO:colcon.colcon_core.shell:Creating environment hook '/home/aiv/ev_ws/perception/install/velodyne/share/velodyne/hook/cmake_prefix_path.ps1'
[20.406s] INFO:colcon.colcon_core.shell:Creating environment descriptor '/home/aiv/ev_ws/perception/install/velodyne/share/velodyne/hook/cmake_prefix_path.dsv'
[20.406s] INFO:colcon.colcon_core.shell:Creating environment hook '/home/aiv/ev_ws/perception/install/velodyne/share/velodyne/hook/cmake_prefix_path.sh'
[20.407s] Level 1:colcon.colcon_core.environment:checking '/home/aiv/ev_ws/perception/install/velodyne/bin'
[20.407s] Level 1:colcon.colcon_core.environment:checking '/home/aiv/ev_ws/perception/install/velodyne/lib/pkgconfig/velodyne.pc'
[20.407s] Level 1:colcon.colcon_core.environment:checking '/home/aiv/ev_ws/perception/install/velodyne/lib/python3.10/site-packages'
[20.407s] Level 1:colcon.colcon_core.environment:checking '/home/aiv/ev_ws/perception/install/velodyne/bin'
[20.407s] INFO:colcon.colcon_core.shell:Creating package script '/home/aiv/ev_ws/perception/install/velodyne/share/velodyne/package.ps1'
[20.407s] INFO:colcon.colcon_core.shell:Creating package descriptor '/home/aiv/ev_ws/perception/install/velodyne/share/velodyne/package.dsv'
[20.408s] INFO:colcon.colcon_core.shell:Creating package script '/home/aiv/ev_ws/perception/install/velodyne/share/velodyne/package.sh'
[20.408s] INFO:colcon.colcon_core.shell:Creating package script '/home/aiv/ev_ws/perception/install/velodyne/share/velodyne/package.bash'
[20.408s] INFO:colcon.colcon_core.shell:Creating package script '/home/aiv/ev_ws/perception/install/velodyne/share/velodyne/package.zsh'
[20.408s] Level 1:colcon.colcon_core.environment:create_file_with_runtime_dependencies(/home/aiv/ev_ws/perception/install/velodyne/share/colcon-core/packages/velodyne)
[20.758s] DEBUG:colcon.colcon_core.event_handler.log_command:Invoked command in '/home/aiv/ev_ws/perception/build/lidar_launch' returned '0': CMAKE_PREFIX_PATH=/home/aiv/ev_ws/perception/install/velodyne_pointcloud:/home/aiv/ev_ws/perception/install/velodyne_driver:/home/aiv/ev_ws/perception/install/velodyne_msgs:/home/aiv/ev_ws/perception/install/patchworkpp:/home/aiv/ev_ws/perception/install/make_bbox:/home/aiv/ev_ws/perception/install/lidar_voxel_grid:/home/aiv/ev_ws/perception/install/dbscan_clustering:/home/aiv/ev_ws/perception/install/cluster_splitter:/home/aiv/ev_ws/install/ev_msgs:/home/aiv/ev_ws/ev_msgs/install/ev_msgs:/home/aiv/ev_ws/carsa_gazebo/install/carsa_gazebo:/home/aiv/ev_ws/planning/install/planning_lc_ver:/home/aiv/ev_ws/erp42_ros/install/erp42_serial:/home/aiv/ev_ws/erp42_ros/install/erp42_rqt_plugin:/home/aiv/ev_ws/erp42_ros/install/erp42_gazebo:/home/aiv/ev_ws/erp42_ros/install/erp42_util:/home/aiv/ev_ws/erp42_ros/install/erp42_msgs:/home/aiv/ev_ws/erp42_ros/install/erp42_description:/home/aiv/ev_ws/erp42_ros/install/erp42_cmake:/home/aiv/ev_ws/perception/install/velodyne:/home/aiv/ev_ws/perception/install/lidar_launch:/home/aiv/ev_ws/perception/install/velodyne_laserscan:/home/aiv/ev_ws/perception/install/velodyne_cropbox:/home/aiv/ev_ws/perception/install/make_cylinder:/opt/ros/humble LD_LIBRARY_PATH=/home/aiv/ev_ws/perception/install/velodyne_pointcloud/lib:/home/aiv/ev_ws/perception/install/velodyne_driver/lib:/home/aiv/ev_ws/perception/install/velodyne_msgs/lib:/home/aiv/ev_ws/perception/install/patchworkpp/lib:/home/aiv/ev_ws/perception/install/make_bbox/lib:/home/aiv/ev_ws/perception/install/lidar_voxel_grid/lib:/home/aiv/ev_ws/perception/install/dbscan_clustering/lib:/home/aiv/ev_ws/perception/install/cluster_splitter/lib:/home/aiv/ev_ws/install/ev_msgs/lib:/usr/local/cuda-12.6/lib64:/usr/local/cuda-12.6/lib64:/home/aiv/ev_ws/ev_msgs/install/ev_msgs/lib:/home/aiv/ev_ws/planning/install/planning_lc_ver/lib:/home/aiv/ev_ws/erp42_ros/install/erp42_serial/lib:/home/aiv/ev_ws/erp42_ros/install/erp42_rqt_plugin/lib:/home/aiv/ev_ws/erp42_ros/install/erp42_gazebo/lib:/home/aiv/ev_ws/erp42_ros/install/erp42_util/lib:/home/aiv/ev_ws/erp42_ros/install/erp42_msgs/lib:/home/aiv/ev_ws/perception/install/velodyne_laserscan/lib:/home/aiv/ev_ws/perception/install/velodyne_cropbox/lib:/home/aiv/ev_ws/perception/install/make_cylinder/lib:/usr/lib/x86_64-linux-gnu/gazebo-11/plugins:/opt/ros/humble/opt/rviz_ogre_vendor/lib:/opt/ros/humble/lib/x86_64-linux-gnu:/opt/ros/humble/lib:/usr/local/cuda-12.6/lib64 /usr/bin/cmake /home/aiv/ev_ws/perception/src/lidar_launch -DAMENT_CMAKE_SYMLINK_INSTALL=1 -DCMAKE_INSTALL_PREFIX=/home/aiv/ev_ws/perception/install/lidar_launch
[20.759s] DEBUG:colcon.colcon_core.event_handler.log_command:Invoking command in '/home/aiv/ev_ws/perception/build/lidar_launch': CMAKE_PREFIX_PATH=/home/aiv/ev_ws/perception/install/velodyne_pointcloud:/home/aiv/ev_ws/perception/install/velodyne_driver:/home/aiv/ev_ws/perception/install/velodyne_msgs:/home/aiv/ev_ws/perception/install/patchworkpp:/home/aiv/ev_ws/perception/install/make_bbox:/home/aiv/ev_ws/perception/install/lidar_voxel_grid:/home/aiv/ev_ws/perception/install/dbscan_clustering:/home/aiv/ev_ws/perception/install/cluster_splitter:/home/aiv/ev_ws/install/ev_msgs:/home/aiv/ev_ws/ev_msgs/install/ev_msgs:/home/aiv/ev_ws/carsa_gazebo/install/carsa_gazebo:/home/aiv/ev_ws/planning/install/planning_lc_ver:/home/aiv/ev_ws/erp42_ros/install/erp42_serial:/home/aiv/ev_ws/erp42_ros/install/erp42_rqt_plugin:/home/aiv/ev_ws/erp42_ros/install/erp42_gazebo:/home/aiv/ev_ws/erp42_ros/install/erp42_util:/home/aiv/ev_ws/erp42_ros/install/erp42_msgs:/home/aiv/ev_ws/erp42_ros/install/erp42_description:/home/aiv/ev_ws/erp42_ros/install/erp42_cmake:/home/aiv/ev_ws/perception/install/velodyne:/home/aiv/ev_ws/perception/install/lidar_launch:/home/aiv/ev_ws/perception/install/velodyne_laserscan:/home/aiv/ev_ws/perception/install/velodyne_cropbox:/home/aiv/ev_ws/perception/install/make_cylinder:/opt/ros/humble LD_LIBRARY_PATH=/home/aiv/ev_ws/perception/install/velodyne_pointcloud/lib:/home/aiv/ev_ws/perception/install/velodyne_driver/lib:/home/aiv/ev_ws/perception/install/velodyne_msgs/lib:/home/aiv/ev_ws/perception/install/patchworkpp/lib:/home/aiv/ev_ws/perception/install/make_bbox/lib:/home/aiv/ev_ws/perception/install/lidar_voxel_grid/lib:/home/aiv/ev_ws/perception/install/dbscan_clustering/lib:/home/aiv/ev_ws/perception/install/cluster_splitter/lib:/home/aiv/ev_ws/install/ev_msgs/lib:/usr/local/cuda-12.6/lib64:/usr/local/cuda-12.6/lib64:/home/aiv/ev_ws/ev_msgs/install/ev_msgs/lib:/home/aiv/ev_ws/planning/install/planning_lc_ver/lib:/home/aiv/ev_ws/erp42_ros/install/erp42_serial/lib:/home/aiv/ev_ws/erp42_ros/install/erp42_rqt_plugin/lib:/home/aiv/ev_ws/erp42_ros/install/erp42_gazebo/lib:/home/aiv/ev_ws/erp42_ros/install/erp42_util/lib:/home/aiv/ev_ws/erp42_ros/install/erp42_msgs/lib:/home/aiv/ev_ws/perception/install/velodyne_laserscan/lib:/home/aiv/ev_ws/perception/install/velodyne_cropbox/lib:/home/aiv/ev_ws/perception/install/make_cylinder/lib:/usr/lib/x86_64-linux-gnu/gazebo-11/plugins:/opt/ros/humble/opt/rviz_ogre_vendor/lib:/opt/ros/humble/lib/x86_64-linux-gnu:/opt/ros/humble/lib:/usr/local/cuda-12.6/lib64 /usr/bin/cmake --build /home/aiv/ev_ws/perception/build/lidar_launch -- -j28 -l28
[20.784s] DEBUG:colcon.colcon_core.event_handler.log_command:Invoked command in '/home/aiv/ev_ws/perception/build/lidar_launch' returned '0': CMAKE_PREFIX_PATH=/home/aiv/ev_ws/perception/install/velodyne_pointcloud:/home/aiv/ev_ws/perception/install/velodyne_driver:/home/aiv/ev_ws/perception/install/velodyne_msgs:/home/aiv/ev_ws/perception/install/patchworkpp:/home/aiv/ev_ws/perception/install/make_bbox:/home/aiv/ev_ws/perception/install/lidar_voxel_grid:/home/aiv/ev_ws/perception/install/dbscan_clustering:/home/aiv/ev_ws/perception/install/cluster_splitter:/home/aiv/ev_ws/install/ev_msgs:/home/aiv/ev_ws/ev_msgs/install/ev_msgs:/home/aiv/ev_ws/carsa_gazebo/install/carsa_gazebo:/home/aiv/ev_ws/planning/install/planning_lc_ver:/home/aiv/ev_ws/erp42_ros/install/erp42_serial:/home/aiv/ev_ws/erp42_ros/install/erp42_rqt_plugin:/home/aiv/ev_ws/erp42_ros/install/erp42_gazebo:/home/aiv/ev_ws/erp42_ros/install/erp42_util:/home/aiv/ev_ws/erp42_ros/install/erp42_msgs:/home/aiv/ev_ws/erp42_ros/install/erp42_description:/home/aiv/ev_ws/erp42_ros/install/erp42_cmake:/home/aiv/ev_ws/perception/install/velodyne:/home/aiv/ev_ws/perception/install/lidar_launch:/home/aiv/ev_ws/perception/install/velodyne_laserscan:/home/aiv/ev_ws/perception/install/velodyne_cropbox:/home/aiv/ev_ws/perception/install/make_cylinder:/opt/ros/humble LD_LIBRARY_PATH=/home/aiv/ev_ws/perception/install/velodyne_pointcloud/lib:/home/aiv/ev_ws/perception/install/velodyne_driver/lib:/home/aiv/ev_ws/perception/install/velodyne_msgs/lib:/home/aiv/ev_ws/perception/install/patchworkpp/lib:/home/aiv/ev_ws/perception/install/make_bbox/lib:/home/aiv/ev_ws/perception/install/lidar_voxel_grid/lib:/home/aiv/ev_ws/perception/install/dbscan_clustering/lib:/home/aiv/ev_ws/perception/install/cluster_splitter/lib:/home/aiv/ev_ws/install/ev_msgs/lib:/usr/local/cuda-12.6/lib64:/usr/local/cuda-12.6/lib64:/home/aiv/ev_ws/ev_msgs/install/ev_msgs/lib:/home/aiv/ev_ws/planning/install/planning_lc_ver/lib:/home/aiv/ev_ws/erp42_ros/install/erp42_serial/lib:/home/aiv/ev_ws/erp42_ros/install/erp42_rqt_plugin/lib:/home/aiv/ev_ws/erp42_ros/install/erp42_gazebo/lib:/home/aiv/ev_ws/erp42_ros/install/erp42_util/lib:/home/aiv/ev_ws/erp42_ros/install/erp42_msgs/lib:/home/aiv/ev_ws/perception/install/velodyne_laserscan/lib:/home/aiv/ev_ws/perception/install/velodyne_cropbox/lib:/home/aiv/ev_ws/perception/install/make_cylinder/lib:/usr/lib/x86_64-linux-gnu/gazebo-11/plugins:/opt/ros/humble/opt/rviz_ogre_vendor/lib:/opt/ros/humble/lib/x86_64-linux-gnu:/opt/ros/humble/lib:/usr/local/cuda-12.6/lib64 /usr/bin/cmake --build /home/aiv/ev_ws/perception/build/lidar_launch -- -j28 -l28
[20.785s] DEBUG:colcon.colcon_core.event_handler.log_command:Invoking command in '/home/aiv/ev_ws/perception/build/lidar_launch': CMAKE_PREFIX_PATH=/home/aiv/ev_ws/perception/install/velodyne_pointcloud:/home/aiv/ev_ws/perception/install/velodyne_driver:/home/aiv/ev_ws/perception/install/velodyne_msgs:/home/aiv/ev_ws/perception/install/patchworkpp:/home/aiv/ev_ws/perception/install/make_bbox:/home/aiv/ev_ws/perception/install/lidar_voxel_grid:/home/aiv/ev_ws/perception/install/dbscan_clustering:/home/aiv/ev_ws/perception/install/cluster_splitter:/home/aiv/ev_ws/install/ev_msgs:/home/aiv/ev_ws/ev_msgs/install/ev_msgs:/home/aiv/ev_ws/carsa_gazebo/install/carsa_gazebo:/home/aiv/ev_ws/planning/install/planning_lc_ver:/home/aiv/ev_ws/erp42_ros/install/erp42_serial:/home/aiv/ev_ws/erp42_ros/install/erp42_rqt_plugin:/home/aiv/ev_ws/erp42_ros/install/erp42_gazebo:/home/aiv/ev_ws/erp42_ros/install/erp42_util:/home/aiv/ev_ws/erp42_ros/install/erp42_msgs:/home/aiv/ev_ws/erp42_ros/install/erp42_description:/home/aiv/ev_ws/erp42_ros/install/erp42_cmake:/home/aiv/ev_ws/perception/install/velodyne:/home/aiv/ev_ws/perception/install/lidar_launch:/home/aiv/ev_ws/perception/install/velodyne_laserscan:/home/aiv/ev_ws/perception/install/velodyne_cropbox:/home/aiv/ev_ws/perception/install/make_cylinder:/opt/ros/humble LD_LIBRARY_PATH=/home/aiv/ev_ws/perception/install/velodyne_pointcloud/lib:/home/aiv/ev_ws/perception/install/velodyne_driver/lib:/home/aiv/ev_ws/perception/install/velodyne_msgs/lib:/home/aiv/ev_ws/perception/install/patchworkpp/lib:/home/aiv/ev_ws/perception/install/make_bbox/lib:/home/aiv/ev_ws/perception/install/lidar_voxel_grid/lib:/home/aiv/ev_ws/perception/install/dbscan_clustering/lib:/home/aiv/ev_ws/perception/install/cluster_splitter/lib:/home/aiv/ev_ws/install/ev_msgs/lib:/usr/local/cuda-12.6/lib64:/usr/local/cuda-12.6/lib64:/home/aiv/ev_ws/ev_msgs/install/ev_msgs/lib:/home/aiv/ev_ws/planning/install/planning_lc_ver/lib:/home/aiv/ev_ws/erp42_ros/install/erp42_serial/lib:/home/aiv/ev_ws/erp42_ros/install/erp42_rqt_plugin/lib:/home/aiv/ev_ws/erp42_ros/install/erp42_gazebo/lib:/home/aiv/ev_ws/erp42_ros/install/erp42_util/lib:/home/aiv/ev_ws/erp42_ros/install/erp42_msgs/lib:/home/aiv/ev_ws/perception/install/velodyne_laserscan/lib:/home/aiv/ev_ws/perception/install/velodyne_cropbox/lib:/home/aiv/ev_ws/perception/install/make_cylinder/lib:/usr/lib/x86_64-linux-gnu/gazebo-11/plugins:/opt/ros/humble/opt/rviz_ogre_vendor/lib:/opt/ros/humble/lib/x86_64-linux-gnu:/opt/ros/humble/lib:/usr/local/cuda-12.6/lib64 /usr/bin/cmake --install /home/aiv/ev_ws/perception/build/lidar_launch
[21.019s] Level 1:colcon.colcon_core.environment:create_environment_scripts_only(lidar_launch)
[21.019s] Level 1:colcon.colcon_core.environment:checking '/home/aiv/ev_ws/perception/install/lidar_launch' for CMake module files
[21.020s] DEBUG:colcon.colcon_core.event_handler.log_command:Invoked command in '/home/aiv/ev_ws/perception/build/lidar_launch' returned '0': CMAKE_PREFIX_PATH=/home/aiv/ev_ws/perception/install/velodyne_pointcloud:/home/aiv/ev_ws/perception/install/velodyne_driver:/home/aiv/ev_ws/perception/install/velodyne_msgs:/home/aiv/ev_ws/perception/install/patchworkpp:/home/aiv/ev_ws/perception/install/make_bbox:/home/aiv/ev_ws/perception/install/lidar_voxel_grid:/home/aiv/ev_ws/perception/install/dbscan_clustering:/home/aiv/ev_ws/perception/install/cluster_splitter:/home/aiv/ev_ws/install/ev_msgs:/home/aiv/ev_ws/ev_msgs/install/ev_msgs:/home/aiv/ev_ws/carsa_gazebo/install/carsa_gazebo:/home/aiv/ev_ws/planning/install/planning_lc_ver:/home/aiv/ev_ws/erp42_ros/install/erp42_serial:/home/aiv/ev_ws/erp42_ros/install/erp42_rqt_plugin:/home/aiv/ev_ws/erp42_ros/install/erp42_gazebo:/home/aiv/ev_ws/erp42_ros/install/erp42_util:/home/aiv/ev_ws/erp42_ros/install/erp42_msgs:/home/aiv/ev_ws/erp42_ros/install/erp42_description:/home/aiv/ev_ws/erp42_ros/install/erp42_cmake:/home/aiv/ev_ws/perception/install/velodyne:/home/aiv/ev_ws/perception/install/lidar_launch:/home/aiv/ev_ws/perception/install/velodyne_laserscan:/home/aiv/ev_ws/perception/install/velodyne_cropbox:/home/aiv/ev_ws/perception/install/make_cylinder:/opt/ros/humble LD_LIBRARY_PATH=/home/aiv/ev_ws/perception/install/velodyne_pointcloud/lib:/home/aiv/ev_ws/perception/install/velodyne_driver/lib:/home/aiv/ev_ws/perception/install/velodyne_msgs/lib:/home/aiv/ev_ws/perception/install/patchworkpp/lib:/home/aiv/ev_ws/perception/install/make_bbox/lib:/home/aiv/ev_ws/perception/install/lidar_voxel_grid/lib:/home/aiv/ev_ws/perception/install/dbscan_clustering/lib:/home/aiv/ev_ws/perception/install/cluster_splitter/lib:/home/aiv/ev_ws/install/ev_msgs/lib:/usr/local/cuda-12.6/lib64:/usr/local/cuda-12.6/lib64:/home/aiv/ev_ws/ev_msgs/install/ev_msgs/lib:/home/aiv/ev_ws/planning/install/planning_lc_ver/lib:/home/aiv/ev_ws/erp42_ros/install/erp42_serial/lib:/home/aiv/ev_ws/erp42_ros/install/erp42_rqt_plugin/lib:/home/aiv/ev_ws/erp42_ros/install/erp42_gazebo/lib:/home/aiv/ev_ws/erp42_ros/install/erp42_util/lib:/home/aiv/ev_ws/erp42_ros/install/erp42_msgs/lib:/home/aiv/ev_ws/perception/install/velodyne_laserscan/lib:/home/aiv/ev_ws/perception/install/velodyne_cropbox/lib:/home/aiv/ev_ws/perception/install/make_cylinder/lib:/usr/lib/x86_64-linux-gnu/gazebo-11/plugins:/opt/ros/humble/opt/rviz_ogre_vendor/lib:/opt/ros/humble/lib/x86_64-linux-gnu:/opt/ros/humble/lib:/usr/local/cuda-12.6/lib64 /usr/bin/cmake --install /home/aiv/ev_ws/perception/build/lidar_launch
[21.020s] Level 1:colcon.colcon_core.environment:checking '/home/aiv/ev_ws/perception/install/lidar_launch' for CMake config files
[21.021s] Level 1:colcon.colcon_core.shell:create_environment_hook('lidar_launch', 'cmake_prefix_path')
[21.021s] INFO:colcon.colcon_core.shell:Creating environment hook '/home/aiv/ev_ws/perception/install/lidar_launch/share/lidar_launch/hook/cmake_prefix_path.ps1'
[21.021s] INFO:colcon.colcon_core.shell:Creating environment descriptor '/home/aiv/ev_ws/perception/install/lidar_launch/share/lidar_launch/hook/cmake_prefix_path.dsv'
[21.022s] INFO:colcon.colcon_core.shell:Creating environment hook '/home/aiv/ev_ws/perception/install/lidar_launch/share/lidar_launch/hook/cmake_prefix_path.sh'
[21.022s] Level 1:colcon.colcon_core.environment:checking '/home/aiv/ev_ws/perception/install/lidar_launch/bin'
[21.022s] Level 1:colcon.colcon_core.environment:checking '/home/aiv/ev_ws/perception/install/lidar_launch/lib/pkgconfig/lidar_launch.pc'
[21.022s] Level 1:colcon.colcon_core.environment:checking '/home/aiv/ev_ws/perception/install/lidar_launch/lib/python3.10/site-packages'
[21.022s] Level 1:colcon.colcon_core.environment:checking '/home/aiv/ev_ws/perception/install/lidar_launch/bin'
[21.022s] INFO:colcon.colcon_core.shell:Creating package script '/home/aiv/ev_ws/perception/install/lidar_launch/share/lidar_launch/package.ps1'
[21.023s] INFO:colcon.colcon_core.shell:Creating package descriptor '/home/aiv/ev_ws/perception/install/lidar_launch/share/lidar_launch/package.dsv'
[21.023s] INFO:colcon.colcon_core.shell:Creating package script '/home/aiv/ev_ws/perception/install/lidar_launch/share/lidar_launch/package.sh'
[21.023s] INFO:colcon.colcon_core.shell:Creating package script '/home/aiv/ev_ws/perception/install/lidar_launch/share/lidar_launch/package.bash'
[21.023s] INFO:colcon.colcon_core.shell:Creating package script '/home/aiv/ev_ws/perception/install/lidar_launch/share/lidar_launch/package.zsh'
[21.023s] Level 1:colcon.colcon_core.environment:create_file_with_runtime_dependencies(/home/aiv/ev_ws/perception/install/lidar_launch/share/colcon-core/packages/lidar_launch)
[21.023s] Level 1:colcon.colcon_core.environment:create_environment_scripts_only(lidar_launch)
[21.023s] Level 1:colcon.colcon_core.environment:checking '/home/aiv/ev_ws/perception/install/lidar_launch' for CMake module files
[21.024s] Level 1:colcon.colcon_core.environment:checking '/home/aiv/ev_ws/perception/install/lidar_launch' for CMake config files
[21.024s] Level 1:colcon.colcon_core.shell:create_environment_hook('lidar_launch', 'cmake_prefix_path')
[21.024s] INFO:colcon.colcon_core.shell:Creating environment hook '/home/aiv/ev_ws/perception/install/lidar_launch/share/lidar_launch/hook/cmake_prefix_path.ps1'
[21.024s] INFO:colcon.colcon_core.shell:Creating environment descriptor '/home/aiv/ev_ws/perception/install/lidar_launch/share/lidar_launch/hook/cmake_prefix_path.dsv'
[21.024s] INFO:colcon.colcon_core.shell:Creating environment hook '/home/aiv/ev_ws/perception/install/lidar_launch/share/lidar_launch/hook/cmake_prefix_path.sh'
[21.024s] Level 1:colcon.colcon_core.environment:checking '/home/aiv/ev_ws/perception/install/lidar_launch/bin'
[21.024s] Level 1:colcon.colcon_core.environment:checking '/home/aiv/ev_ws/perception/install/lidar_launch/lib/pkgconfig/lidar_launch.pc'
[21.024s] Level 1:colcon.colcon_core.environment:checking '/home/aiv/ev_ws/perception/install/lidar_launch/lib/python3.10/site-packages'
[21.025s] Level 1:colcon.colcon_core.environment:checking '/home/aiv/ev_ws/perception/install/lidar_launch/bin'
[21.025s] INFO:colcon.colcon_core.shell:Creating package script '/home/aiv/ev_ws/perception/install/lidar_launch/share/lidar_launch/package.ps1'
[21.025s] INFO:colcon.colcon_core.shell:Creating package descriptor '/home/aiv/ev_ws/perception/install/lidar_launch/share/lidar_launch/package.dsv'
[21.025s] INFO:colcon.colcon_core.shell:Creating package script '/home/aiv/ev_ws/perception/install/lidar_launch/share/lidar_launch/package.sh'
[21.025s] INFO:colcon.colcon_core.shell:Creating package script '/home/aiv/ev_ws/perception/install/lidar_launch/share/lidar_launch/package.bash'
[21.026s] INFO:colcon.colcon_core.shell:Creating package script '/home/aiv/ev_ws/perception/install/lidar_launch/share/lidar_launch/package.zsh'
[21.026s] Level 1:colcon.colcon_core.environment:create_file_with_runtime_dependencies(/home/aiv/ev_ws/perception/install/lidar_launch/share/colcon-core/packages/lidar_launch)
[21.026s] DEBUG:colcon.colcon_parallel_executor.executor.parallel:closing loop
[21.026s] DEBUG:colcon.colcon_parallel_executor.executor.parallel:loop closed
[21.026s] DEBUG:colcon.colcon_parallel_executor.executor.parallel:run_until_complete finished with '0'
[21.026s] DEBUG:colcon.colcon_core.event_reactor:joining thread
[21.029s] INFO:colcon.colcon_core.plugin_system:Skipping extension 'colcon_notification.desktop_notification.terminal_notifier': Not used on non-Darwin systems
[21.029s] INFO:colcon.colcon_core.plugin_system:Skipping extension 'colcon_notification.desktop_notification.win32': Not used on non-Windows systems
[21.030s] INFO:colcon.colcon_notification.desktop_notification:Sending desktop notification using 'notify2'
[21.035s] DEBUG:colcon.colcon_core.event_reactor:joined thread
[21.036s] INFO:colcon.colcon_core.shell:Creating prefix script '/home/aiv/ev_ws/perception/install/local_setup.ps1'
[21.036s] INFO:colcon.colcon_core.shell:Creating prefix util module '/home/aiv/ev_ws/perception/install/_local_setup_util_ps1.py'
[21.037s] INFO:colcon.colcon_core.shell:Creating prefix chain script '/home/aiv/ev_ws/perception/install/setup.ps1'
[21.038s] INFO:colcon.colcon_core.shell:Creating prefix script '/home/aiv/ev_ws/perception/install/local_setup.sh'
[21.038s] INFO:colcon.colcon_core.shell:Creating prefix util module '/home/aiv/ev_ws/perception/install/_local_setup_util_sh.py'
[21.038s] INFO:colcon.colcon_core.shell:Creating prefix chain script '/home/aiv/ev_ws/perception/install/setup.sh'
[21.039s] INFO:colcon.colcon_core.shell:Creating prefix script '/home/aiv/ev_ws/perception/install/local_setup.bash'
[21.039s] INFO:colcon.colcon_core.shell:Creating prefix chain script '/home/aiv/ev_ws/perception/install/setup.bash'
[21.040s] INFO:colcon.colcon_core.shell:Creating prefix script '/home/aiv/ev_ws/perception/install/local_setup.zsh'
[21.040s] INFO:colcon.colcon_core.shell:Creating prefix chain script '/home/aiv/ev_ws/perception/install/setup.zsh'
