[0.046s] DEBUG:colcon:Command line arguments: ['/usr/bin/colcon', 'build', '--symlink-install', '--packages-skip', 'dbscan_clustering', 'cluster_splitter', 'lidar_voxel_grid', 'patchworkpp', 'erp42_gazebo', 'lidar_launch', 'velodyne', 'chaining_costmap_ver']
[0.046s] DEBUG:colcon:Parsed command line arguments: Namespace(log_base=None, log_level=None, verb_name='build', build_base='build', install_base='install', merge_install=False, symlink_install=True, test_result_base=None, continue_on_error=False, executor='parallel', parallel_workers=10, event_handlers=None, ignore_user_meta=False, metas=['./colcon.meta'], base_paths=['.'], packages_ignore=None, packages_ignore_regex=None, paths=None, packages_up_to=None, packages_up_to_regex=None, packages_above=None, packages_above_and_dependencies=None, packages_above_depth=None, packages_select_by_dep=None, packages_skip_by_dep=None, packages_skip_up_to=None, packages_select_build_failed=False, packages_skip_build_finished=False, packages_select_test_failures=False, packages_skip_test_passed=False, packages_select=None, packages_skip=['dbscan_clustering', 'cluster_splitter', 'lidar_voxel_grid', 'patchworkpp', 'erp42_gazebo', 'lidar_launch', 'velodyne', 'chaining_costmap_ver'], packages_select_regex=None, packages_skip_regex=None, packages_start=None, packages_end=None, allow_overriding=[], cmake_args=None, cmake_target=None, cmake_target_skip_unavailable=False, cmake_clean_cache=False, cmake_clean_first=False, cmake_force_configure=False, ament_cmake_args=None, catkin_cmake_args=None, catkin_skip_building_tests=False, mixin_files=None, mixin=None, verb_parser=<colcon_mixin.mixin.mixin_argument.MixinArgumentDecorator object at 0xffff8c0bd1e0>, verb_extension=<colcon_core.verb.build.BuildVerb object at 0xffff8c03efb0>, main=<bound method BuildVerb.main of <colcon_core.verb.build.BuildVerb object at 0xffff8c03efb0>>, mixin_verb=('build',))
[0.109s] Level 1:colcon.colcon_core.package_discovery:discover_packages(colcon_meta) check parameters
[0.109s] Level 1:colcon.colcon_core.package_discovery:discover_packages(recursive) check parameters
[0.109s] Level 1:colcon.colcon_core.package_discovery:discover_packages(ignore) check parameters
[0.109s] Level 1:colcon.colcon_core.package_discovery:discover_packages(path) check parameters
[0.109s] Level 1:colcon.colcon_core.package_discovery:discover_packages(colcon_meta) discover
[0.109s] Level 1:colcon.colcon_core.package_discovery:discover_packages(recursive) discover
[0.109s] INFO:colcon.colcon_core.package_discovery:Crawling recursively for packages in '/home/kimsohee/ev-1-5/ev-Autonomous-Vehicle-1-5'
[0.109s] Level 1:colcon.colcon_core.package_identification:_identify(.) by extensions ['ignore', 'ignore_ament_install']
[0.109s] Level 1:colcon.colcon_core.package_identification:_identify(.) by extension 'ignore'
[0.109s] Level 1:colcon.colcon_core.package_identification:_identify(.) by extension 'ignore_ament_install'
[0.109s] Level 1:colcon.colcon_core.package_identification:_identify(.) by extensions ['colcon_pkg']
[0.109s] Level 1:colcon.colcon_core.package_identification:_identify(.) by extension 'colcon_pkg'
[0.109s] Level 1:colcon.colcon_core.package_identification:_identify(.) by extensions ['colcon_meta']
[0.109s] Level 1:colcon.colcon_core.package_identification:_identify(.) by extension 'colcon_meta'
[0.109s] Level 1:colcon.colcon_core.package_identification:_identify(.) by extensions ['ros']
[0.109s] Level 1:colcon.colcon_core.package_identification:_identify(.) by extension 'ros'
[0.123s] Level 1:colcon.colcon_core.package_identification:_identify(.) by extensions ['cmake', 'python']
[0.123s] Level 1:colcon.colcon_core.package_identification:_identify(.) by extension 'cmake'
[0.123s] Level 1:colcon.colcon_core.package_identification:_identify(.) by extension 'python'
[0.123s] Level 1:colcon.colcon_core.package_identification:_identify(.) by extensions ['python_setup_py']
[0.123s] Level 1:colcon.colcon_core.package_identification:_identify(.) by extension 'python_setup_py'
[0.123s] Level 1:colcon.colcon_core.package_identification:_identify(build) by extensions ['ignore', 'ignore_ament_install']
[0.123s] Level 1:colcon.colcon_core.package_identification:_identify(build) by extension 'ignore'
[0.123s] Level 1:colcon.colcon_core.package_identification:_identify(build) ignored
[0.123s] Level 1:colcon.colcon_core.package_identification:_identify(carsa_gazebo) by extensions ['ignore', 'ignore_ament_install']
[0.123s] Level 1:colcon.colcon_core.package_identification:_identify(carsa_gazebo) by extension 'ignore'
[0.123s] Level 1:colcon.colcon_core.package_identification:_identify(carsa_gazebo) by extension 'ignore_ament_install'
[0.123s] Level 1:colcon.colcon_core.package_identification:_identify(carsa_gazebo) by extensions ['colcon_pkg']
[0.123s] Level 1:colcon.colcon_core.package_identification:_identify(carsa_gazebo) by extension 'colcon_pkg'
[0.123s] Level 1:colcon.colcon_core.package_identification:_identify(carsa_gazebo) by extensions ['colcon_meta']
[0.123s] Level 1:colcon.colcon_core.package_identification:_identify(carsa_gazebo) by extension 'colcon_meta'
[0.123s] Level 1:colcon.colcon_core.package_identification:_identify(carsa_gazebo) by extensions ['ros']
[0.123s] Level 1:colcon.colcon_core.package_identification:_identify(carsa_gazebo) by extension 'ros'
[0.125s] DEBUG:colcon.colcon_core.package_identification:Package 'carsa_gazebo' with type 'ros.ament_cmake' and name 'carsa_gazebo'
[0.125s] Level 1:colcon.colcon_core.package_identification:_identify(erp42_ros) by extensions ['ignore', 'ignore_ament_install']
[0.125s] Level 1:colcon.colcon_core.package_identification:_identify(erp42_ros) by extension 'ignore'
[0.125s] Level 1:colcon.colcon_core.package_identification:_identify(erp42_ros) by extension 'ignore_ament_install'
[0.125s] Level 1:colcon.colcon_core.package_identification:_identify(erp42_ros) by extensions ['colcon_pkg']
[0.125s] Level 1:colcon.colcon_core.package_identification:_identify(erp42_ros) by extension 'colcon_pkg'
[0.125s] Level 1:colcon.colcon_core.package_identification:_identify(erp42_ros) by extensions ['colcon_meta']
[0.125s] Level 1:colcon.colcon_core.package_identification:_identify(erp42_ros) by extension 'colcon_meta'
[0.125s] Level 1:colcon.colcon_core.package_identification:_identify(erp42_ros) by extensions ['ros']
[0.125s] Level 1:colcon.colcon_core.package_identification:_identify(erp42_ros) by extension 'ros'
[0.125s] Level 1:colcon.colcon_core.package_identification:_identify(erp42_ros) by extensions ['cmake', 'python']
[0.125s] Level 1:colcon.colcon_core.package_identification:_identify(erp42_ros) by extension 'cmake'
[0.125s] Level 1:colcon.colcon_core.package_identification:_identify(erp42_ros) by extension 'python'
[0.125s] Level 1:colcon.colcon_core.package_identification:_identify(erp42_ros) by extensions ['python_setup_py']
[0.125s] Level 1:colcon.colcon_core.package_identification:_identify(erp42_ros) by extension 'python_setup_py'
[0.125s] Level 1:colcon.colcon_core.package_identification:_identify(erp42_ros/docker) by extensions ['ignore', 'ignore_ament_install']
[0.125s] Level 1:colcon.colcon_core.package_identification:_identify(erp42_ros/docker) by extension 'ignore'
[0.125s] Level 1:colcon.colcon_core.package_identification:_identify(erp42_ros/docker) by extension 'ignore_ament_install'
[0.125s] Level 1:colcon.colcon_core.package_identification:_identify(erp42_ros/docker) by extensions ['colcon_pkg']
[0.125s] Level 1:colcon.colcon_core.package_identification:_identify(erp42_ros/docker) by extension 'colcon_pkg'
[0.125s] Level 1:colcon.colcon_core.package_identification:_identify(erp42_ros/docker) by extensions ['colcon_meta']
[0.125s] Level 1:colcon.colcon_core.package_identification:_identify(erp42_ros/docker) by extension 'colcon_meta'
[0.125s] Level 1:colcon.colcon_core.package_identification:_identify(erp42_ros/docker) by extensions ['ros']
[0.125s] Level 1:colcon.colcon_core.package_identification:_identify(erp42_ros/docker) by extension 'ros'
[0.125s] Level 1:colcon.colcon_core.package_identification:_identify(erp42_ros/docker) by extensions ['cmake', 'python']
[0.125s] Level 1:colcon.colcon_core.package_identification:_identify(erp42_ros/docker) by extension 'cmake'
[0.125s] Level 1:colcon.colcon_core.package_identification:_identify(erp42_ros/docker) by extension 'python'
[0.125s] Level 1:colcon.colcon_core.package_identification:_identify(erp42_ros/docker) by extensions ['python_setup_py']
[0.125s] Level 1:colcon.colcon_core.package_identification:_identify(erp42_ros/docker) by extension 'python_setup_py'
[0.125s] Level 1:colcon.colcon_core.package_identification:_identify(erp42_ros/src) by extensions ['ignore', 'ignore_ament_install']
[0.125s] Level 1:colcon.colcon_core.package_identification:_identify(erp42_ros/src) by extension 'ignore'
[0.125s] Level 1:colcon.colcon_core.package_identification:_identify(erp42_ros/src) by extension 'ignore_ament_install'
[0.125s] Level 1:colcon.colcon_core.package_identification:_identify(erp42_ros/src) by extensions ['colcon_pkg']
[0.125s] Level 1:colcon.colcon_core.package_identification:_identify(erp42_ros/src) by extension 'colcon_pkg'
[0.125s] Level 1:colcon.colcon_core.package_identification:_identify(erp42_ros/src) by extensions ['colcon_meta']
[0.125s] Level 1:colcon.colcon_core.package_identification:_identify(erp42_ros/src) by extension 'colcon_meta'
[0.125s] Level 1:colcon.colcon_core.package_identification:_identify(erp42_ros/src) by extensions ['ros']
[0.125s] Level 1:colcon.colcon_core.package_identification:_identify(erp42_ros/src) by extension 'ros'
[0.125s] Level 1:colcon.colcon_core.package_identification:_identify(erp42_ros/src) by extensions ['cmake', 'python']
[0.125s] Level 1:colcon.colcon_core.package_identification:_identify(erp42_ros/src) by extension 'cmake'
[0.125s] Level 1:colcon.colcon_core.package_identification:_identify(erp42_ros/src) by extension 'python'
[0.125s] Level 1:colcon.colcon_core.package_identification:_identify(erp42_ros/src) by extensions ['python_setup_py']
[0.125s] Level 1:colcon.colcon_core.package_identification:_identify(erp42_ros/src) by extension 'python_setup_py'
[0.126s] Level 1:colcon.colcon_core.package_identification:_identify(erp42_ros/src/erp42_cmake) by extensions ['ignore', 'ignore_ament_install']
[0.126s] Level 1:colcon.colcon_core.package_identification:_identify(erp42_ros/src/erp42_cmake) by extension 'ignore'
[0.126s] Level 1:colcon.colcon_core.package_identification:_identify(erp42_ros/src/erp42_cmake) by extension 'ignore_ament_install'
[0.126s] Level 1:colcon.colcon_core.package_identification:_identify(erp42_ros/src/erp42_cmake) by extensions ['colcon_pkg']
[0.126s] Level 1:colcon.colcon_core.package_identification:_identify(erp42_ros/src/erp42_cmake) by extension 'colcon_pkg'
[0.126s] Level 1:colcon.colcon_core.package_identification:_identify(erp42_ros/src/erp42_cmake) by extensions ['colcon_meta']
[0.126s] Level 1:colcon.colcon_core.package_identification:_identify(erp42_ros/src/erp42_cmake) by extension 'colcon_meta'
[0.126s] Level 1:colcon.colcon_core.package_identification:_identify(erp42_ros/src/erp42_cmake) by extensions ['ros']
[0.126s] Level 1:colcon.colcon_core.package_identification:_identify(erp42_ros/src/erp42_cmake) by extension 'ros'
[0.126s] DEBUG:colcon.colcon_core.package_identification:Package 'erp42_ros/src/erp42_cmake' with type 'ros.ament_cmake' and name 'erp42_cmake'
[0.126s] Level 1:colcon.colcon_core.package_identification:_identify(erp42_ros/src/erp42_description) by extensions ['ignore', 'ignore_ament_install']
[0.126s] Level 1:colcon.colcon_core.package_identification:_identify(erp42_ros/src/erp42_description) by extension 'ignore'
[0.126s] Level 1:colcon.colcon_core.package_identification:_identify(erp42_ros/src/erp42_description) by extension 'ignore_ament_install'
[0.126s] Level 1:colcon.colcon_core.package_identification:_identify(erp42_ros/src/erp42_description) by extensions ['colcon_pkg']
[0.126s] Level 1:colcon.colcon_core.package_identification:_identify(erp42_ros/src/erp42_description) by extension 'colcon_pkg'
[0.126s] Level 1:colcon.colcon_core.package_identification:_identify(erp42_ros/src/erp42_description) by extensions ['colcon_meta']
[0.126s] Level 1:colcon.colcon_core.package_identification:_identify(erp42_ros/src/erp42_description) by extension 'colcon_meta'
[0.126s] Level 1:colcon.colcon_core.package_identification:_identify(erp42_ros/src/erp42_description) by extensions ['ros']
[0.126s] Level 1:colcon.colcon_core.package_identification:_identify(erp42_ros/src/erp42_description) by extension 'ros'
[0.126s] DEBUG:colcon.colcon_core.package_identification:Package 'erp42_ros/src/erp42_description' with type 'ros.ament_cmake' and name 'erp42_description'
[0.126s] Level 1:colcon.colcon_core.package_identification:_identify(erp42_ros/src/erp42_gazebo) by extensions ['ignore', 'ignore_ament_install']
[0.126s] Level 1:colcon.colcon_core.package_identification:_identify(erp42_ros/src/erp42_gazebo) by extension 'ignore'
[0.126s] Level 1:colcon.colcon_core.package_identification:_identify(erp42_ros/src/erp42_gazebo) by extension 'ignore_ament_install'
[0.126s] Level 1:colcon.colcon_core.package_identification:_identify(erp42_ros/src/erp42_gazebo) by extensions ['colcon_pkg']
[0.126s] Level 1:colcon.colcon_core.package_identification:_identify(erp42_ros/src/erp42_gazebo) by extension 'colcon_pkg'
[0.126s] Level 1:colcon.colcon_core.package_identification:_identify(erp42_ros/src/erp42_gazebo) by extensions ['colcon_meta']
[0.126s] Level 1:colcon.colcon_core.package_identification:_identify(erp42_ros/src/erp42_gazebo) by extension 'colcon_meta'
[0.126s] Level 1:colcon.colcon_core.package_identification:_identify(erp42_ros/src/erp42_gazebo) by extensions ['ros']
[0.126s] Level 1:colcon.colcon_core.package_identification:_identify(erp42_ros/src/erp42_gazebo) by extension 'ros'
[0.127s] DEBUG:colcon.colcon_core.package_identification:Package 'erp42_ros/src/erp42_gazebo' with type 'ros.ament_cmake' and name 'erp42_gazebo'
[0.127s] Level 1:colcon.colcon_core.package_identification:_identify(erp42_ros/src/erp42_msgs) by extensions ['ignore', 'ignore_ament_install']
[0.127s] Level 1:colcon.colcon_core.package_identification:_identify(erp42_ros/src/erp42_msgs) by extension 'ignore'
[0.127s] Level 1:colcon.colcon_core.package_identification:_identify(erp42_ros/src/erp42_msgs) by extension 'ignore_ament_install'
[0.127s] Level 1:colcon.colcon_core.package_identification:_identify(erp42_ros/src/erp42_msgs) by extensions ['colcon_pkg']
[0.127s] Level 1:colcon.colcon_core.package_identification:_identify(erp42_ros/src/erp42_msgs) by extension 'colcon_pkg'
[0.127s] Level 1:colcon.colcon_core.package_identification:_identify(erp42_ros/src/erp42_msgs) by extensions ['colcon_meta']
[0.127s] Level 1:colcon.colcon_core.package_identification:_identify(erp42_ros/src/erp42_msgs) by extension 'colcon_meta'
[0.127s] Level 1:colcon.colcon_core.package_identification:_identify(erp42_ros/src/erp42_msgs) by extensions ['ros']
[0.127s] Level 1:colcon.colcon_core.package_identification:_identify(erp42_ros/src/erp42_msgs) by extension 'ros'
[0.127s] DEBUG:colcon.colcon_core.package_identification:Package 'erp42_ros/src/erp42_msgs' with type 'ros.ament_cmake' and name 'erp42_msgs'
[0.127s] Level 1:colcon.colcon_core.package_identification:_identify(erp42_ros/src/erp42_rqt_plugin) by extensions ['ignore', 'ignore_ament_install']
[0.127s] Level 1:colcon.colcon_core.package_identification:_identify(erp42_ros/src/erp42_rqt_plugin) by extension 'ignore'
[0.127s] Level 1:colcon.colcon_core.package_identification:_identify(erp42_ros/src/erp42_rqt_plugin) by extension 'ignore_ament_install'
[0.127s] Level 1:colcon.colcon_core.package_identification:_identify(erp42_ros/src/erp42_rqt_plugin) by extensions ['colcon_pkg']
[0.127s] Level 1:colcon.colcon_core.package_identification:_identify(erp42_ros/src/erp42_rqt_plugin) by extension 'colcon_pkg'
[0.127s] Level 1:colcon.colcon_core.package_identification:_identify(erp42_ros/src/erp42_rqt_plugin) by extensions ['colcon_meta']
[0.127s] Level 1:colcon.colcon_core.package_identification:_identify(erp42_ros/src/erp42_rqt_plugin) by extension 'colcon_meta'
[0.127s] Level 1:colcon.colcon_core.package_identification:_identify(erp42_ros/src/erp42_rqt_plugin) by extensions ['ros']
[0.127s] Level 1:colcon.colcon_core.package_identification:_identify(erp42_ros/src/erp42_rqt_plugin) by extension 'ros'
[0.128s] DEBUG:colcon.colcon_core.package_identification:Package 'erp42_ros/src/erp42_rqt_plugin' with type 'ros.ament_cmake' and name 'erp42_rqt_plugin'
[0.128s] Level 1:colcon.colcon_core.package_identification:_identify(erp42_ros/src/erp42_serial) by extensions ['ignore', 'ignore_ament_install']
[0.128s] Level 1:colcon.colcon_core.package_identification:_identify(erp42_ros/src/erp42_serial) by extension 'ignore'
[0.128s] Level 1:colcon.colcon_core.package_identification:_identify(erp42_ros/src/erp42_serial) by extension 'ignore_ament_install'
[0.128s] Level 1:colcon.colcon_core.package_identification:_identify(erp42_ros/src/erp42_serial) by extensions ['colcon_pkg']
[0.128s] Level 1:colcon.colcon_core.package_identification:_identify(erp42_ros/src/erp42_serial) by extension 'colcon_pkg'
[0.128s] Level 1:colcon.colcon_core.package_identification:_identify(erp42_ros/src/erp42_serial) by extensions ['colcon_meta']
[0.128s] Level 1:colcon.colcon_core.package_identification:_identify(erp42_ros/src/erp42_serial) by extension 'colcon_meta'
[0.128s] Level 1:colcon.colcon_core.package_identification:_identify(erp42_ros/src/erp42_serial) by extensions ['ros']
[0.128s] Level 1:colcon.colcon_core.package_identification:_identify(erp42_ros/src/erp42_serial) by extension 'ros'
[0.128s] DEBUG:colcon.colcon_core.package_identification:Package 'erp42_ros/src/erp42_serial' with type 'ros.ament_cmake' and name 'erp42_serial'
[0.128s] Level 1:colcon.colcon_core.package_identification:_identify(erp42_ros/src/erp42_util) by extensions ['ignore', 'ignore_ament_install']
[0.128s] Level 1:colcon.colcon_core.package_identification:_identify(erp42_ros/src/erp42_util) by extension 'ignore'
[0.128s] Level 1:colcon.colcon_core.package_identification:_identify(erp42_ros/src/erp42_util) by extension 'ignore_ament_install'
[0.128s] Level 1:colcon.colcon_core.package_identification:_identify(erp42_ros/src/erp42_util) by extensions ['colcon_pkg']
[0.128s] Level 1:colcon.colcon_core.package_identification:_identify(erp42_ros/src/erp42_util) by extension 'colcon_pkg'
[0.128s] Level 1:colcon.colcon_core.package_identification:_identify(erp42_ros/src/erp42_util) by extensions ['colcon_meta']
[0.128s] Level 1:colcon.colcon_core.package_identification:_identify(erp42_ros/src/erp42_util) by extension 'colcon_meta'
[0.128s] Level 1:colcon.colcon_core.package_identification:_identify(erp42_ros/src/erp42_util) by extensions ['ros']
[0.128s] Level 1:colcon.colcon_core.package_identification:_identify(erp42_ros/src/erp42_util) by extension 'ros'
[0.129s] DEBUG:colcon.colcon_core.package_identification:Package 'erp42_ros/src/erp42_util' with type 'ros.ament_cmake' and name 'erp42_util'
[0.129s] Level 1:colcon.colcon_core.package_identification:_identify(ev_msgs) by extensions ['ignore', 'ignore_ament_install']
[0.129s] Level 1:colcon.colcon_core.package_identification:_identify(ev_msgs) by extension 'ignore'
[0.129s] Level 1:colcon.colcon_core.package_identification:_identify(ev_msgs) by extension 'ignore_ament_install'
[0.129s] Level 1:colcon.colcon_core.package_identification:_identify(ev_msgs) by extensions ['colcon_pkg']
[0.129s] Level 1:colcon.colcon_core.package_identification:_identify(ev_msgs) by extension 'colcon_pkg'
[0.129s] Level 1:colcon.colcon_core.package_identification:_identify(ev_msgs) by extensions ['colcon_meta']
[0.129s] Level 1:colcon.colcon_core.package_identification:_identify(ev_msgs) by extension 'colcon_meta'
[0.129s] Level 1:colcon.colcon_core.package_identification:_identify(ev_msgs) by extensions ['ros']
[0.129s] Level 1:colcon.colcon_core.package_identification:_identify(ev_msgs) by extension 'ros'
[0.129s] DEBUG:colcon.colcon_core.package_identification:Package 'ev_msgs' with type 'ros.ament_cmake' and name 'ev_msgs'
[0.129s] Level 1:colcon.colcon_core.package_identification:_identify(install) by extensions ['ignore', 'ignore_ament_install']
[0.129s] Level 1:colcon.colcon_core.package_identification:_identify(install) by extension 'ignore'
[0.129s] Level 1:colcon.colcon_core.package_identification:_identify(install) ignored
[0.129s] Level 1:colcon.colcon_core.package_identification:_identify(localization) by extensions ['ignore', 'ignore_ament_install']
[0.129s] Level 1:colcon.colcon_core.package_identification:_identify(localization) by extension 'ignore'
[0.129s] Level 1:colcon.colcon_core.package_identification:_identify(localization) by extension 'ignore_ament_install'
[0.129s] Level 1:colcon.colcon_core.package_identification:_identify(localization) by extensions ['colcon_pkg']
[0.129s] Level 1:colcon.colcon_core.package_identification:_identify(localization) by extension 'colcon_pkg'
[0.129s] Level 1:colcon.colcon_core.package_identification:_identify(localization) by extensions ['colcon_meta']
[0.129s] Level 1:colcon.colcon_core.package_identification:_identify(localization) by extension 'colcon_meta'
[0.129s] Level 1:colcon.colcon_core.package_identification:_identify(localization) by extensions ['ros']
[0.129s] Level 1:colcon.colcon_core.package_identification:_identify(localization) by extension 'ros'
[0.129s] Level 1:colcon.colcon_core.package_identification:_identify(localization) by extensions ['cmake', 'python']
[0.129s] Level 1:colcon.colcon_core.package_identification:_identify(localization) by extension 'cmake'
[0.129s] Level 1:colcon.colcon_core.package_identification:_identify(localization) by extension 'python'
[0.129s] Level 1:colcon.colcon_core.package_identification:_identify(localization) by extensions ['python_setup_py']
[0.129s] Level 1:colcon.colcon_core.package_identification:_identify(localization) by extension 'python_setup_py'
[0.129s] Level 1:colcon.colcon_core.package_identification:_identify(localization/build) by extensions ['ignore', 'ignore_ament_install']
[0.129s] Level 1:colcon.colcon_core.package_identification:_identify(localization/build) by extension 'ignore'
[0.129s] Level 1:colcon.colcon_core.package_identification:_identify(localization/build) ignored
[0.129s] Level 1:colcon.colcon_core.package_identification:_identify(localization/install) by extensions ['ignore', 'ignore_ament_install']
[0.129s] Level 1:colcon.colcon_core.package_identification:_identify(localization/install) by extension 'ignore'
[0.129s] Level 1:colcon.colcon_core.package_identification:_identify(localization/install) ignored
[0.129s] Level 1:colcon.colcon_core.package_identification:_identify(localization/log) by extensions ['ignore', 'ignore_ament_install']
[0.129s] Level 1:colcon.colcon_core.package_identification:_identify(localization/log) by extension 'ignore'
[0.129s] Level 1:colcon.colcon_core.package_identification:_identify(localization/log) ignored
[0.129s] Level 1:colcon.colcon_core.package_identification:_identify(localization/src) by extensions ['ignore', 'ignore_ament_install']
[0.129s] Level 1:colcon.colcon_core.package_identification:_identify(localization/src) by extension 'ignore'
[0.129s] Level 1:colcon.colcon_core.package_identification:_identify(localization/src) by extension 'ignore_ament_install'
[0.129s] Level 1:colcon.colcon_core.package_identification:_identify(localization/src) by extensions ['colcon_pkg']
[0.129s] Level 1:colcon.colcon_core.package_identification:_identify(localization/src) by extension 'colcon_pkg'
[0.129s] Level 1:colcon.colcon_core.package_identification:_identify(localization/src) by extensions ['colcon_meta']
[0.129s] Level 1:colcon.colcon_core.package_identification:_identify(localization/src) by extension 'colcon_meta'
[0.129s] Level 1:colcon.colcon_core.package_identification:_identify(localization/src) by extensions ['ros']
[0.129s] Level 1:colcon.colcon_core.package_identification:_identify(localization/src) by extension 'ros'
[0.130s] Level 1:colcon.colcon_core.package_identification:_identify(localization/src) by extensions ['cmake', 'python']
[0.130s] Level 1:colcon.colcon_core.package_identification:_identify(localization/src) by extension 'cmake'
[0.130s] Level 1:colcon.colcon_core.package_identification:_identify(localization/src) by extension 'python'
[0.130s] Level 1:colcon.colcon_core.package_identification:_identify(localization/src) by extensions ['python_setup_py']
[0.130s] Level 1:colcon.colcon_core.package_identification:_identify(localization/src) by extension 'python_setup_py'
[0.130s] Level 1:colcon.colcon_core.package_identification:_identify(localization/src/gps_localization) by extensions ['ignore', 'ignore_ament_install']
[0.130s] Level 1:colcon.colcon_core.package_identification:_identify(localization/src/gps_localization) by extension 'ignore'
[0.130s] Level 1:colcon.colcon_core.package_identification:_identify(localization/src/gps_localization) by extension 'ignore_ament_install'
[0.130s] Level 1:colcon.colcon_core.package_identification:_identify(localization/src/gps_localization) by extensions ['colcon_pkg']
[0.130s] Level 1:colcon.colcon_core.package_identification:_identify(localization/src/gps_localization) by extension 'colcon_pkg'
[0.130s] Level 1:colcon.colcon_core.package_identification:_identify(localization/src/gps_localization) by extensions ['colcon_meta']
[0.130s] Level 1:colcon.colcon_core.package_identification:_identify(localization/src/gps_localization) by extension 'colcon_meta'
[0.130s] Level 1:colcon.colcon_core.package_identification:_identify(localization/src/gps_localization) by extensions ['ros']
[0.130s] Level 1:colcon.colcon_core.package_identification:_identify(localization/src/gps_localization) by extension 'ros'
[0.130s] DEBUG:colcon.colcon_core.package_identification:Package 'localization/src/gps_localization' with type 'ros.ament_cmake' and name 'gps_localization'
[0.130s] Level 1:colcon.colcon_core.package_identification:_identify(localization/src/localization_fusion) by extensions ['ignore', 'ignore_ament_install']
[0.130s] Level 1:colcon.colcon_core.package_identification:_identify(localization/src/localization_fusion) by extension 'ignore'
[0.130s] Level 1:colcon.colcon_core.package_identification:_identify(localization/src/localization_fusion) by extension 'ignore_ament_install'
[0.130s] Level 1:colcon.colcon_core.package_identification:_identify(localization/src/localization_fusion) by extensions ['colcon_pkg']
[0.130s] Level 1:colcon.colcon_core.package_identification:_identify(localization/src/localization_fusion) by extension 'colcon_pkg'
[0.130s] Level 1:colcon.colcon_core.package_identification:_identify(localization/src/localization_fusion) by extensions ['colcon_meta']
[0.130s] Level 1:colcon.colcon_core.package_identification:_identify(localization/src/localization_fusion) by extension 'colcon_meta'
[0.130s] Level 1:colcon.colcon_core.package_identification:_identify(localization/src/localization_fusion) by extensions ['ros']
[0.130s] Level 1:colcon.colcon_core.package_identification:_identify(localization/src/localization_fusion) by extension 'ros'
[0.131s] DEBUG:colcon.colcon_core.package_identification:Package 'localization/src/localization_fusion' with type 'ros.ament_cmake' and name 'localization_fusion'
[0.131s] Level 1:colcon.colcon_core.package_identification:_identify(log) by extensions ['ignore', 'ignore_ament_install']
[0.131s] Level 1:colcon.colcon_core.package_identification:_identify(log) by extension 'ignore'
[0.131s] Level 1:colcon.colcon_core.package_identification:_identify(log) ignored
[0.131s] Level 1:colcon.colcon_core.package_identification:_identify(perception) by extensions ['ignore', 'ignore_ament_install']
[0.131s] Level 1:colcon.colcon_core.package_identification:_identify(perception) by extension 'ignore'
[0.131s] Level 1:colcon.colcon_core.package_identification:_identify(perception) by extension 'ignore_ament_install'
[0.131s] Level 1:colcon.colcon_core.package_identification:_identify(perception) by extensions ['colcon_pkg']
[0.131s] Level 1:colcon.colcon_core.package_identification:_identify(perception) by extension 'colcon_pkg'
[0.131s] Level 1:colcon.colcon_core.package_identification:_identify(perception) by extensions ['colcon_meta']
[0.131s] Level 1:colcon.colcon_core.package_identification:_identify(perception) by extension 'colcon_meta'
[0.131s] Level 1:colcon.colcon_core.package_identification:_identify(perception) by extensions ['ros']
[0.131s] Level 1:colcon.colcon_core.package_identification:_identify(perception) by extension 'ros'
[0.131s] Level 1:colcon.colcon_core.package_identification:_identify(perception) by extensions ['cmake', 'python']
[0.131s] Level 1:colcon.colcon_core.package_identification:_identify(perception) by extension 'cmake'
[0.131s] Level 1:colcon.colcon_core.package_identification:_identify(perception) by extension 'python'
[0.131s] Level 1:colcon.colcon_core.package_identification:_identify(perception) by extensions ['python_setup_py']
[0.131s] Level 1:colcon.colcon_core.package_identification:_identify(perception) by extension 'python_setup_py'
[0.131s] Level 1:colcon.colcon_core.package_identification:_identify(perception/build) by extensions ['ignore', 'ignore_ament_install']
[0.131s] Level 1:colcon.colcon_core.package_identification:_identify(perception/build) by extension 'ignore'
[0.131s] Level 1:colcon.colcon_core.package_identification:_identify(perception/build) ignored
[0.131s] Level 1:colcon.colcon_core.package_identification:_identify(perception/install) by extensions ['ignore', 'ignore_ament_install']
[0.131s] Level 1:colcon.colcon_core.package_identification:_identify(perception/install) by extension 'ignore'
[0.131s] Level 1:colcon.colcon_core.package_identification:_identify(perception/install) ignored
[0.131s] Level 1:colcon.colcon_core.package_identification:_identify(perception/log) by extensions ['ignore', 'ignore_ament_install']
[0.131s] Level 1:colcon.colcon_core.package_identification:_identify(perception/log) by extension 'ignore'
[0.131s] Level 1:colcon.colcon_core.package_identification:_identify(perception/log) ignored
[0.131s] Level 1:colcon.colcon_core.package_identification:_identify(perception/src) by extensions ['ignore', 'ignore_ament_install']
[0.131s] Level 1:colcon.colcon_core.package_identification:_identify(perception/src) by extension 'ignore'
[0.131s] Level 1:colcon.colcon_core.package_identification:_identify(perception/src) by extension 'ignore_ament_install'
[0.131s] Level 1:colcon.colcon_core.package_identification:_identify(perception/src) by extensions ['colcon_pkg']
[0.131s] Level 1:colcon.colcon_core.package_identification:_identify(perception/src) by extension 'colcon_pkg'
[0.131s] Level 1:colcon.colcon_core.package_identification:_identify(perception/src) by extensions ['colcon_meta']
[0.131s] Level 1:colcon.colcon_core.package_identification:_identify(perception/src) by extension 'colcon_meta'
[0.131s] Level 1:colcon.colcon_core.package_identification:_identify(perception/src) by extensions ['ros']
[0.131s] Level 1:colcon.colcon_core.package_identification:_identify(perception/src) by extension 'ros'
[0.131s] Level 1:colcon.colcon_core.package_identification:_identify(perception/src) by extensions ['cmake', 'python']
[0.131s] Level 1:colcon.colcon_core.package_identification:_identify(perception/src) by extension 'cmake'
[0.131s] Level 1:colcon.colcon_core.package_identification:_identify(perception/src) by extension 'python'
[0.131s] Level 1:colcon.colcon_core.package_identification:_identify(perception/src) by extensions ['python_setup_py']
[0.131s] Level 1:colcon.colcon_core.package_identification:_identify(perception/src) by extension 'python_setup_py'
[0.131s] Level 1:colcon.colcon_core.package_identification:_identify(perception/src/lidar) by extensions ['ignore', 'ignore_ament_install']
[0.131s] Level 1:colcon.colcon_core.package_identification:_identify(perception/src/lidar) by extension 'ignore'
[0.131s] Level 1:colcon.colcon_core.package_identification:_identify(perception/src/lidar) by extension 'ignore_ament_install'
[0.131s] Level 1:colcon.colcon_core.package_identification:_identify(perception/src/lidar) by extensions ['colcon_pkg']
[0.131s] Level 1:colcon.colcon_core.package_identification:_identify(perception/src/lidar) by extension 'colcon_pkg'
[0.131s] Level 1:colcon.colcon_core.package_identification:_identify(perception/src/lidar) by extensions ['colcon_meta']
[0.131s] Level 1:colcon.colcon_core.package_identification:_identify(perception/src/lidar) by extension 'colcon_meta'
[0.132s] Level 1:colcon.colcon_core.package_identification:_identify(perception/src/lidar) by extensions ['ros']
[0.132s] Level 1:colcon.colcon_core.package_identification:_identify(perception/src/lidar) by extension 'ros'
[0.132s] Level 1:colcon.colcon_core.package_identification:_identify(perception/src/lidar) by extensions ['cmake', 'python']
[0.132s] Level 1:colcon.colcon_core.package_identification:_identify(perception/src/lidar) by extension 'cmake'
[0.132s] Level 1:colcon.colcon_core.package_identification:_identify(perception/src/lidar) by extension 'python'
[0.132s] Level 1:colcon.colcon_core.package_identification:_identify(perception/src/lidar) by extensions ['python_setup_py']
[0.132s] Level 1:colcon.colcon_core.package_identification:_identify(perception/src/lidar) by extension 'python_setup_py'
[0.132s] Level 1:colcon.colcon_core.package_identification:_identify(perception/src/lidar/cluster_splitter) by extensions ['ignore', 'ignore_ament_install']
[0.132s] Level 1:colcon.colcon_core.package_identification:_identify(perception/src/lidar/cluster_splitter) by extension 'ignore'
[0.132s] Level 1:colcon.colcon_core.package_identification:_identify(perception/src/lidar/cluster_splitter) by extension 'ignore_ament_install'
[0.132s] Level 1:colcon.colcon_core.package_identification:_identify(perception/src/lidar/cluster_splitter) by extensions ['colcon_pkg']
[0.132s] Level 1:colcon.colcon_core.package_identification:_identify(perception/src/lidar/cluster_splitter) by extension 'colcon_pkg'
[0.132s] Level 1:colcon.colcon_core.package_identification:_identify(perception/src/lidar/cluster_splitter) by extensions ['colcon_meta']
[0.132s] Level 1:colcon.colcon_core.package_identification:_identify(perception/src/lidar/cluster_splitter) by extension 'colcon_meta'
[0.132s] Level 1:colcon.colcon_core.package_identification:_identify(perception/src/lidar/cluster_splitter) by extensions ['ros']
[0.132s] Level 1:colcon.colcon_core.package_identification:_identify(perception/src/lidar/cluster_splitter) by extension 'ros'
[0.132s] DEBUG:colcon.colcon_core.package_identification:Package 'perception/src/lidar/cluster_splitter' with type 'ros.ament_cmake' and name 'cluster_splitter'
[0.132s] Level 1:colcon.colcon_core.package_identification:_identify(perception/src/lidar/dbscan_clustering) by extensions ['ignore', 'ignore_ament_install']
[0.132s] Level 1:colcon.colcon_core.package_identification:_identify(perception/src/lidar/dbscan_clustering) by extension 'ignore'
[0.132s] Level 1:colcon.colcon_core.package_identification:_identify(perception/src/lidar/dbscan_clustering) by extension 'ignore_ament_install'
[0.132s] Level 1:colcon.colcon_core.package_identification:_identify(perception/src/lidar/dbscan_clustering) by extensions ['colcon_pkg']
[0.132s] Level 1:colcon.colcon_core.package_identification:_identify(perception/src/lidar/dbscan_clustering) by extension 'colcon_pkg'
[0.132s] Level 1:colcon.colcon_core.package_identification:_identify(perception/src/lidar/dbscan_clustering) by extensions ['colcon_meta']
[0.132s] Level 1:colcon.colcon_core.package_identification:_identify(perception/src/lidar/dbscan_clustering) by extension 'colcon_meta'
[0.132s] Level 1:colcon.colcon_core.package_identification:_identify(perception/src/lidar/dbscan_clustering) by extensions ['ros']
[0.132s] Level 1:colcon.colcon_core.package_identification:_identify(perception/src/lidar/dbscan_clustering) by extension 'ros'
[0.132s] DEBUG:colcon.colcon_core.package_identification:Package 'perception/src/lidar/dbscan_clustering' with type 'ros.ament_cmake' and name 'dbscan_clustering'
[0.132s] Level 1:colcon.colcon_core.package_identification:_identify(perception/src/lidar/lidar_voxel_grid) by extensions ['ignore', 'ignore_ament_install']
[0.132s] Level 1:colcon.colcon_core.package_identification:_identify(perception/src/lidar/lidar_voxel_grid) by extension 'ignore'
[0.132s] Level 1:colcon.colcon_core.package_identification:_identify(perception/src/lidar/lidar_voxel_grid) by extension 'ignore_ament_install'
[0.132s] Level 1:colcon.colcon_core.package_identification:_identify(perception/src/lidar/lidar_voxel_grid) by extensions ['colcon_pkg']
[0.132s] Level 1:colcon.colcon_core.package_identification:_identify(perception/src/lidar/lidar_voxel_grid) by extension 'colcon_pkg'
[0.132s] Level 1:colcon.colcon_core.package_identification:_identify(perception/src/lidar/lidar_voxel_grid) by extensions ['colcon_meta']
[0.132s] Level 1:colcon.colcon_core.package_identification:_identify(perception/src/lidar/lidar_voxel_grid) by extension 'colcon_meta'
[0.132s] Level 1:colcon.colcon_core.package_identification:_identify(perception/src/lidar/lidar_voxel_grid) by extensions ['ros']
[0.132s] Level 1:colcon.colcon_core.package_identification:_identify(perception/src/lidar/lidar_voxel_grid) by extension 'ros'
[0.133s] DEBUG:colcon.colcon_core.package_identification:Package 'perception/src/lidar/lidar_voxel_grid' with type 'ros.ament_cmake' and name 'lidar_voxel_grid'
[0.133s] Level 1:colcon.colcon_core.package_identification:_identify(perception/src/lidar/make_bbox) by extensions ['ignore', 'ignore_ament_install']
[0.133s] Level 1:colcon.colcon_core.package_identification:_identify(perception/src/lidar/make_bbox) by extension 'ignore'
[0.133s] Level 1:colcon.colcon_core.package_identification:_identify(perception/src/lidar/make_bbox) by extension 'ignore_ament_install'
[0.133s] Level 1:colcon.colcon_core.package_identification:_identify(perception/src/lidar/make_bbox) by extensions ['colcon_pkg']
[0.133s] Level 1:colcon.colcon_core.package_identification:_identify(perception/src/lidar/make_bbox) by extension 'colcon_pkg'
[0.133s] Level 1:colcon.colcon_core.package_identification:_identify(perception/src/lidar/make_bbox) by extensions ['colcon_meta']
[0.133s] Level 1:colcon.colcon_core.package_identification:_identify(perception/src/lidar/make_bbox) by extension 'colcon_meta'
[0.133s] Level 1:colcon.colcon_core.package_identification:_identify(perception/src/lidar/make_bbox) by extensions ['ros']
[0.133s] Level 1:colcon.colcon_core.package_identification:_identify(perception/src/lidar/make_bbox) by extension 'ros'
[0.133s] DEBUG:colcon.colcon_core.package_identification:Package 'perception/src/lidar/make_bbox' with type 'ros.ament_cmake' and name 'make_bbox'
[0.133s] Level 1:colcon.colcon_core.package_identification:_identify(perception/src/lidar/patchwork-plusplus-master) by extensions ['ignore', 'ignore_ament_install']
[0.133s] Level 1:colcon.colcon_core.package_identification:_identify(perception/src/lidar/patchwork-plusplus-master) by extension 'ignore'
[0.133s] Level 1:colcon.colcon_core.package_identification:_identify(perception/src/lidar/patchwork-plusplus-master) by extension 'ignore_ament_install'
[0.133s] Level 1:colcon.colcon_core.package_identification:_identify(perception/src/lidar/patchwork-plusplus-master) by extensions ['colcon_pkg']
[0.133s] Level 1:colcon.colcon_core.package_identification:_identify(perception/src/lidar/patchwork-plusplus-master) by extension 'colcon_pkg'
[0.133s] Level 1:colcon.colcon_core.package_identification:_identify(perception/src/lidar/patchwork-plusplus-master) by extensions ['colcon_meta']
[0.133s] Level 1:colcon.colcon_core.package_identification:_identify(perception/src/lidar/patchwork-plusplus-master) by extension 'colcon_meta'
[0.133s] Level 1:colcon.colcon_core.package_identification:_identify(perception/src/lidar/patchwork-plusplus-master) by extensions ['ros']
[0.133s] Level 1:colcon.colcon_core.package_identification:_identify(perception/src/lidar/patchwork-plusplus-master) by extension 'ros'
[0.133s] Level 1:colcon.colcon_core.package_identification:_identify(perception/src/lidar/patchwork-plusplus-master) by extensions ['cmake', 'python']
[0.133s] Level 1:colcon.colcon_core.package_identification:_identify(perception/src/lidar/patchwork-plusplus-master) by extension 'cmake'
[0.133s] Level 1:colcon.colcon_core.package_identification:_identify(perception/src/lidar/patchwork-plusplus-master) by extension 'python'
[0.133s] Level 1:colcon.colcon_core.package_identification:_identify(perception/src/lidar/patchwork-plusplus-master) by extensions ['python_setup_py']
[0.133s] Level 1:colcon.colcon_core.package_identification:_identify(perception/src/lidar/patchwork-plusplus-master) by extension 'python_setup_py'
[0.133s] Level 1:colcon.colcon_core.package_identification:_identify(perception/src/lidar/patchwork-plusplus-master/patchwork-plusplus-master) by extensions ['ignore', 'ignore_ament_install']
[0.133s] Level 1:colcon.colcon_core.package_identification:_identify(perception/src/lidar/patchwork-plusplus-master/patchwork-plusplus-master) by extension 'ignore'
[0.133s] Level 1:colcon.colcon_core.package_identification:_identify(perception/src/lidar/patchwork-plusplus-master/patchwork-plusplus-master) by extension 'ignore_ament_install'
[0.133s] Level 1:colcon.colcon_core.package_identification:_identify(perception/src/lidar/patchwork-plusplus-master/patchwork-plusplus-master) by extensions ['colcon_pkg']
[0.133s] Level 1:colcon.colcon_core.package_identification:_identify(perception/src/lidar/patchwork-plusplus-master/patchwork-plusplus-master) by extension 'colcon_pkg'
[0.133s] Level 1:colcon.colcon_core.package_identification:_identify(perception/src/lidar/patchwork-plusplus-master/patchwork-plusplus-master) by extensions ['colcon_meta']
[0.133s] Level 1:colcon.colcon_core.package_identification:_identify(perception/src/lidar/patchwork-plusplus-master/patchwork-plusplus-master) by extension 'colcon_meta'
[0.133s] Level 1:colcon.colcon_core.package_identification:_identify(perception/src/lidar/patchwork-plusplus-master/patchwork-plusplus-master) by extensions ['ros']
[0.133s] Level 1:colcon.colcon_core.package_identification:_identify(perception/src/lidar/patchwork-plusplus-master/patchwork-plusplus-master) by extension 'ros'
[0.133s] Level 1:colcon.colcon_core.package_identification:_identify(perception/src/lidar/patchwork-plusplus-master/patchwork-plusplus-master) by extensions ['cmake', 'python']
[0.133s] Level 1:colcon.colcon_core.package_identification:_identify(perception/src/lidar/patchwork-plusplus-master/patchwork-plusplus-master) by extension 'cmake'
[0.133s] Level 1:colcon.colcon_core.package_identification:_identify(perception/src/lidar/patchwork-plusplus-master/patchwork-plusplus-master) by extension 'python'
[0.133s] Level 1:colcon.colcon_core.package_identification:_identify(perception/src/lidar/patchwork-plusplus-master/patchwork-plusplus-master) by extensions ['python_setup_py']
[0.133s] Level 1:colcon.colcon_core.package_identification:_identify(perception/src/lidar/patchwork-plusplus-master/patchwork-plusplus-master) by extension 'python_setup_py'
[0.133s] Level 1:colcon.colcon_core.package_identification:_identify(perception/src/lidar/patchwork-plusplus-master/patchwork-plusplus-master/cpp) by extensions ['ignore', 'ignore_ament_install']
[0.133s] Level 1:colcon.colcon_core.package_identification:_identify(perception/src/lidar/patchwork-plusplus-master/patchwork-plusplus-master/cpp) by extension 'ignore'
[0.134s] Level 1:colcon.colcon_core.package_identification:_identify(perception/src/lidar/patchwork-plusplus-master/patchwork-plusplus-master/cpp) ignored
[0.134s] Level 1:colcon.colcon_core.package_identification:_identify(perception/src/lidar/patchwork-plusplus-master/patchwork-plusplus-master/data) by extensions ['ignore', 'ignore_ament_install']
[0.134s] Level 1:colcon.colcon_core.package_identification:_identify(perception/src/lidar/patchwork-plusplus-master/patchwork-plusplus-master/data) by extension 'ignore'
[0.134s] Level 1:colcon.colcon_core.package_identification:_identify(perception/src/lidar/patchwork-plusplus-master/patchwork-plusplus-master/data) by extension 'ignore_ament_install'
[0.134s] Level 1:colcon.colcon_core.package_identification:_identify(perception/src/lidar/patchwork-plusplus-master/patchwork-plusplus-master/data) by extensions ['colcon_pkg']
[0.134s] Level 1:colcon.colcon_core.package_identification:_identify(perception/src/lidar/patchwork-plusplus-master/patchwork-plusplus-master/data) by extension 'colcon_pkg'
[0.134s] Level 1:colcon.colcon_core.package_identification:_identify(perception/src/lidar/patchwork-plusplus-master/patchwork-plusplus-master/data) by extensions ['colcon_meta']
[0.134s] Level 1:colcon.colcon_core.package_identification:_identify(perception/src/lidar/patchwork-plusplus-master/patchwork-plusplus-master/data) by extension 'colcon_meta'
[0.134s] Level 1:colcon.colcon_core.package_identification:_identify(perception/src/lidar/patchwork-plusplus-master/patchwork-plusplus-master/data) by extensions ['ros']
[0.134s] Level 1:colcon.colcon_core.package_identification:_identify(perception/src/lidar/patchwork-plusplus-master/patchwork-plusplus-master/data) by extension 'ros'
[0.134s] Level 1:colcon.colcon_core.package_identification:_identify(perception/src/lidar/patchwork-plusplus-master/patchwork-plusplus-master/data) by extensions ['cmake', 'python']
[0.134s] Level 1:colcon.colcon_core.package_identification:_identify(perception/src/lidar/patchwork-plusplus-master/patchwork-plusplus-master/data) by extension 'cmake'
[0.134s] Level 1:colcon.colcon_core.package_identification:_identify(perception/src/lidar/patchwork-plusplus-master/patchwork-plusplus-master/data) by extension 'python'
[0.134s] Level 1:colcon.colcon_core.package_identification:_identify(perception/src/lidar/patchwork-plusplus-master/patchwork-plusplus-master/data) by extensions ['python_setup_py']
[0.134s] Level 1:colcon.colcon_core.package_identification:_identify(perception/src/lidar/patchwork-plusplus-master/patchwork-plusplus-master/data) by extension 'python_setup_py'
[0.134s] Level 1:colcon.colcon_core.package_identification:_identify(perception/src/lidar/patchwork-plusplus-master/patchwork-plusplus-master/pictures) by extensions ['ignore', 'ignore_ament_install']
[0.134s] Level 1:colcon.colcon_core.package_identification:_identify(perception/src/lidar/patchwork-plusplus-master/patchwork-plusplus-master/pictures) by extension 'ignore'
[0.134s] Level 1:colcon.colcon_core.package_identification:_identify(perception/src/lidar/patchwork-plusplus-master/patchwork-plusplus-master/pictures) by extension 'ignore_ament_install'
[0.134s] Level 1:colcon.colcon_core.package_identification:_identify(perception/src/lidar/patchwork-plusplus-master/patchwork-plusplus-master/pictures) by extensions ['colcon_pkg']
[0.134s] Level 1:colcon.colcon_core.package_identification:_identify(perception/src/lidar/patchwork-plusplus-master/patchwork-plusplus-master/pictures) by extension 'colcon_pkg'
[0.134s] Level 1:colcon.colcon_core.package_identification:_identify(perception/src/lidar/patchwork-plusplus-master/patchwork-plusplus-master/pictures) by extensions ['colcon_meta']
[0.134s] Level 1:colcon.colcon_core.package_identification:_identify(perception/src/lidar/patchwork-plusplus-master/patchwork-plusplus-master/pictures) by extension 'colcon_meta'
[0.134s] Level 1:colcon.colcon_core.package_identification:_identify(perception/src/lidar/patchwork-plusplus-master/patchwork-plusplus-master/pictures) by extensions ['ros']
[0.134s] Level 1:colcon.colcon_core.package_identification:_identify(perception/src/lidar/patchwork-plusplus-master/patchwork-plusplus-master/pictures) by extension 'ros'
[0.134s] Level 1:colcon.colcon_core.package_identification:_identify(perception/src/lidar/patchwork-plusplus-master/patchwork-plusplus-master/pictures) by extensions ['cmake', 'python']
[0.134s] Level 1:colcon.colcon_core.package_identification:_identify(perception/src/lidar/patchwork-plusplus-master/patchwork-plusplus-master/pictures) by extension 'cmake'
[0.134s] Level 1:colcon.colcon_core.package_identification:_identify(perception/src/lidar/patchwork-plusplus-master/patchwork-plusplus-master/pictures) by extension 'python'
[0.134s] Level 1:colcon.colcon_core.package_identification:_identify(perception/src/lidar/patchwork-plusplus-master/patchwork-plusplus-master/pictures) by extensions ['python_setup_py']
[0.134s] Level 1:colcon.colcon_core.package_identification:_identify(perception/src/lidar/patchwork-plusplus-master/patchwork-plusplus-master/pictures) by extension 'python_setup_py'
[0.134s] Level 1:colcon.colcon_core.package_identification:_identify(perception/src/lidar/patchwork-plusplus-master/patchwork-plusplus-master/python) by extensions ['ignore', 'ignore_ament_install']
[0.134s] Level 1:colcon.colcon_core.package_identification:_identify(perception/src/lidar/patchwork-plusplus-master/patchwork-plusplus-master/python) by extension 'ignore'
[0.134s] Level 1:colcon.colcon_core.package_identification:_identify(perception/src/lidar/patchwork-plusplus-master/patchwork-plusplus-master/python) ignored
[0.134s] Level 1:colcon.colcon_core.package_identification:_identify(perception/src/lidar/patchwork-plusplus-master/patchwork-plusplus-master/ros) by extensions ['ignore', 'ignore_ament_install']
[0.134s] Level 1:colcon.colcon_core.package_identification:_identify(perception/src/lidar/patchwork-plusplus-master/patchwork-plusplus-master/ros) by extension 'ignore'
[0.134s] Level 1:colcon.colcon_core.package_identification:_identify(perception/src/lidar/patchwork-plusplus-master/patchwork-plusplus-master/ros) by extension 'ignore_ament_install'
[0.134s] Level 1:colcon.colcon_core.package_identification:_identify(perception/src/lidar/patchwork-plusplus-master/patchwork-plusplus-master/ros) by extensions ['colcon_pkg']
[0.134s] Level 1:colcon.colcon_core.package_identification:_identify(perception/src/lidar/patchwork-plusplus-master/patchwork-plusplus-master/ros) by extension 'colcon_pkg'
[0.134s] Level 1:colcon.colcon_core.package_identification:_identify(perception/src/lidar/patchwork-plusplus-master/patchwork-plusplus-master/ros) by extensions ['colcon_meta']
[0.134s] Level 1:colcon.colcon_core.package_identification:_identify(perception/src/lidar/patchwork-plusplus-master/patchwork-plusplus-master/ros) by extension 'colcon_meta'
[0.134s] Level 1:colcon.colcon_core.package_identification:_identify(perception/src/lidar/patchwork-plusplus-master/patchwork-plusplus-master/ros) by extensions ['ros']
[0.134s] Level 1:colcon.colcon_core.package_identification:_identify(perception/src/lidar/patchwork-plusplus-master/patchwork-plusplus-master/ros) by extension 'ros'
[0.134s] DEBUG:colcon.colcon_core.package_identification:Package 'perception/src/lidar/patchwork-plusplus-master/patchwork-plusplus-master/ros' with type 'ros.ament_cmake' and name 'patchworkpp'
[0.134s] Level 1:colcon.colcon_core.package_identification:_identify(perception/src/lidar/patchwork-plusplus-master/patchwork-plusplus-master/scripts) by extensions ['ignore', 'ignore_ament_install']
[0.135s] Level 1:colcon.colcon_core.package_identification:_identify(perception/src/lidar/patchwork-plusplus-master/patchwork-plusplus-master/scripts) by extension 'ignore'
[0.135s] Level 1:colcon.colcon_core.package_identification:_identify(perception/src/lidar/patchwork-plusplus-master/patchwork-plusplus-master/scripts) by extension 'ignore_ament_install'
[0.135s] Level 1:colcon.colcon_core.package_identification:_identify(perception/src/lidar/patchwork-plusplus-master/patchwork-plusplus-master/scripts) by extensions ['colcon_pkg']
[0.135s] Level 1:colcon.colcon_core.package_identification:_identify(perception/src/lidar/patchwork-plusplus-master/patchwork-plusplus-master/scripts) by extension 'colcon_pkg'
[0.135s] Level 1:colcon.colcon_core.package_identification:_identify(perception/src/lidar/patchwork-plusplus-master/patchwork-plusplus-master/scripts) by extensions ['colcon_meta']
[0.135s] Level 1:colcon.colcon_core.package_identification:_identify(perception/src/lidar/patchwork-plusplus-master/patchwork-plusplus-master/scripts) by extension 'colcon_meta'
[0.135s] Level 1:colcon.colcon_core.package_identification:_identify(perception/src/lidar/patchwork-plusplus-master/patchwork-plusplus-master/scripts) by extensions ['ros']
[0.135s] Level 1:colcon.colcon_core.package_identification:_identify(perception/src/lidar/patchwork-plusplus-master/patchwork-plusplus-master/scripts) by extension 'ros'
[0.135s] Level 1:colcon.colcon_core.package_identification:_identify(perception/src/lidar/patchwork-plusplus-master/patchwork-plusplus-master/scripts) by extensions ['cmake', 'python']
[0.135s] Level 1:colcon.colcon_core.package_identification:_identify(perception/src/lidar/patchwork-plusplus-master/patchwork-plusplus-master/scripts) by extension 'cmake'
[0.135s] Level 1:colcon.colcon_core.package_identification:_identify(perception/src/lidar/patchwork-plusplus-master/patchwork-plusplus-master/scripts) by extension 'python'
[0.135s] Level 1:colcon.colcon_core.package_identification:_identify(perception/src/lidar/patchwork-plusplus-master/patchwork-plusplus-master/scripts) by extensions ['python_setup_py']
[0.135s] Level 1:colcon.colcon_core.package_identification:_identify(perception/src/lidar/patchwork-plusplus-master/patchwork-plusplus-master/scripts) by extension 'python_setup_py'
[0.135s] Level 1:colcon.colcon_core.package_identification:_identify(perception/src/lidar/velodyne) by extensions ['ignore', 'ignore_ament_install']
[0.135s] Level 1:colcon.colcon_core.package_identification:_identify(perception/src/lidar/velodyne) by extension 'ignore'
[0.135s] Level 1:colcon.colcon_core.package_identification:_identify(perception/src/lidar/velodyne) by extension 'ignore_ament_install'
[0.135s] Level 1:colcon.colcon_core.package_identification:_identify(perception/src/lidar/velodyne) by extensions ['colcon_pkg']
[0.135s] Level 1:colcon.colcon_core.package_identification:_identify(perception/src/lidar/velodyne) by extension 'colcon_pkg'
[0.135s] Level 1:colcon.colcon_core.package_identification:_identify(perception/src/lidar/velodyne) by extensions ['colcon_meta']
[0.135s] Level 1:colcon.colcon_core.package_identification:_identify(perception/src/lidar/velodyne) by extension 'colcon_meta'
[0.135s] Level 1:colcon.colcon_core.package_identification:_identify(perception/src/lidar/velodyne) by extensions ['ros']
[0.135s] Level 1:colcon.colcon_core.package_identification:_identify(perception/src/lidar/velodyne) by extension 'ros'
[0.135s] DEBUG:colcon.colcon_core.package_identification:Package 'perception/src/lidar/velodyne' with type 'ros.ament_cmake' and name 'velodyne'
[0.135s] Level 1:colcon.colcon_core.package_identification:_identify(perception/src/lidar/velodyne_cropbox) by extensions ['ignore', 'ignore_ament_install']
[0.135s] Level 1:colcon.colcon_core.package_identification:_identify(perception/src/lidar/velodyne_cropbox) by extension 'ignore'
[0.135s] Level 1:colcon.colcon_core.package_identification:_identify(perception/src/lidar/velodyne_cropbox) by extension 'ignore_ament_install'
[0.135s] Level 1:colcon.colcon_core.package_identification:_identify(perception/src/lidar/velodyne_cropbox) by extensions ['colcon_pkg']
[0.135s] Level 1:colcon.colcon_core.package_identification:_identify(perception/src/lidar/velodyne_cropbox) by extension 'colcon_pkg'
[0.135s] Level 1:colcon.colcon_core.package_identification:_identify(perception/src/lidar/velodyne_cropbox) by extensions ['colcon_meta']
[0.135s] Level 1:colcon.colcon_core.package_identification:_identify(perception/src/lidar/velodyne_cropbox) by extension 'colcon_meta'
[0.135s] Level 1:colcon.colcon_core.package_identification:_identify(perception/src/lidar/velodyne_cropbox) by extensions ['ros']
[0.135s] Level 1:colcon.colcon_core.package_identification:_identify(perception/src/lidar/velodyne_cropbox) by extension 'ros'
[0.135s] DEBUG:colcon.colcon_core.package_identification:Package 'perception/src/lidar/velodyne_cropbox' with type 'ros.ament_cmake' and name 'velodyne_cropbox'
[0.135s] Level 1:colcon.colcon_core.package_identification:_identify(perception/src/lidar/velodyne_driver) by extensions ['ignore', 'ignore_ament_install']
[0.135s] Level 1:colcon.colcon_core.package_identification:_identify(perception/src/lidar/velodyne_driver) by extension 'ignore'
[0.135s] Level 1:colcon.colcon_core.package_identification:_identify(perception/src/lidar/velodyne_driver) by extension 'ignore_ament_install'
[0.135s] Level 1:colcon.colcon_core.package_identification:_identify(perception/src/lidar/velodyne_driver) by extensions ['colcon_pkg']
[0.135s] Level 1:colcon.colcon_core.package_identification:_identify(perception/src/lidar/velodyne_driver) by extension 'colcon_pkg'
[0.135s] Level 1:colcon.colcon_core.package_identification:_identify(perception/src/lidar/velodyne_driver) by extensions ['colcon_meta']
[0.135s] Level 1:colcon.colcon_core.package_identification:_identify(perception/src/lidar/velodyne_driver) by extension 'colcon_meta'
[0.135s] Level 1:colcon.colcon_core.package_identification:_identify(perception/src/lidar/velodyne_driver) by extensions ['ros']
[0.135s] Level 1:colcon.colcon_core.package_identification:_identify(perception/src/lidar/velodyne_driver) by extension 'ros'
[0.136s] DEBUG:colcon.colcon_core.package_identification:Package 'perception/src/lidar/velodyne_driver' with type 'ros.ament_cmake' and name 'velodyne_driver'
[0.136s] Level 1:colcon.colcon_core.package_identification:_identify(perception/src/lidar/velodyne_msgs) by extensions ['ignore', 'ignore_ament_install']
[0.136s] Level 1:colcon.colcon_core.package_identification:_identify(perception/src/lidar/velodyne_msgs) by extension 'ignore'
[0.136s] Level 1:colcon.colcon_core.package_identification:_identify(perception/src/lidar/velodyne_msgs) by extension 'ignore_ament_install'
[0.136s] Level 1:colcon.colcon_core.package_identification:_identify(perception/src/lidar/velodyne_msgs) by extensions ['colcon_pkg']
[0.136s] Level 1:colcon.colcon_core.package_identification:_identify(perception/src/lidar/velodyne_msgs) by extension 'colcon_pkg'
[0.136s] Level 1:colcon.colcon_core.package_identification:_identify(perception/src/lidar/velodyne_msgs) by extensions ['colcon_meta']
[0.136s] Level 1:colcon.colcon_core.package_identification:_identify(perception/src/lidar/velodyne_msgs) by extension 'colcon_meta'
[0.136s] Level 1:colcon.colcon_core.package_identification:_identify(perception/src/lidar/velodyne_msgs) by extensions ['ros']
[0.136s] Level 1:colcon.colcon_core.package_identification:_identify(perception/src/lidar/velodyne_msgs) by extension 'ros'
[0.136s] DEBUG:colcon.colcon_core.package_identification:Package 'perception/src/lidar/velodyne_msgs' with type 'ros.ament_cmake' and name 'velodyne_msgs'
[0.136s] Level 1:colcon.colcon_core.package_identification:_identify(perception/src/lidar/velodyne_pointcloud) by extensions ['ignore', 'ignore_ament_install']
[0.136s] Level 1:colcon.colcon_core.package_identification:_identify(perception/src/lidar/velodyne_pointcloud) by extension 'ignore'
[0.136s] Level 1:colcon.colcon_core.package_identification:_identify(perception/src/lidar/velodyne_pointcloud) by extension 'ignore_ament_install'
[0.136s] Level 1:colcon.colcon_core.package_identification:_identify(perception/src/lidar/velodyne_pointcloud) by extensions ['colcon_pkg']
[0.136s] Level 1:colcon.colcon_core.package_identification:_identify(perception/src/lidar/velodyne_pointcloud) by extension 'colcon_pkg'
[0.136s] Level 1:colcon.colcon_core.package_identification:_identify(perception/src/lidar/velodyne_pointcloud) by extensions ['colcon_meta']
[0.136s] Level 1:colcon.colcon_core.package_identification:_identify(perception/src/lidar/velodyne_pointcloud) by extension 'colcon_meta'
[0.136s] Level 1:colcon.colcon_core.package_identification:_identify(perception/src/lidar/velodyne_pointcloud) by extensions ['ros']
[0.136s] Level 1:colcon.colcon_core.package_identification:_identify(perception/src/lidar/velodyne_pointcloud) by extension 'ros'
[0.137s] DEBUG:colcon.colcon_core.package_identification:Package 'perception/src/lidar/velodyne_pointcloud' with type 'ros.ament_cmake' and name 'velodyne_pointcloud'
[0.137s] Level 1:colcon.colcon_core.package_identification:_identify(perception/src/lidar_launch) by extensions ['ignore', 'ignore_ament_install']
[0.137s] Level 1:colcon.colcon_core.package_identification:_identify(perception/src/lidar_launch) by extension 'ignore'
[0.137s] Level 1:colcon.colcon_core.package_identification:_identify(perception/src/lidar_launch) by extension 'ignore_ament_install'
[0.137s] Level 1:colcon.colcon_core.package_identification:_identify(perception/src/lidar_launch) by extensions ['colcon_pkg']
[0.137s] Level 1:colcon.colcon_core.package_identification:_identify(perception/src/lidar_launch) by extension 'colcon_pkg'
[0.137s] Level 1:colcon.colcon_core.package_identification:_identify(perception/src/lidar_launch) by extensions ['colcon_meta']
[0.137s] Level 1:colcon.colcon_core.package_identification:_identify(perception/src/lidar_launch) by extension 'colcon_meta'
[0.137s] Level 1:colcon.colcon_core.package_identification:_identify(perception/src/lidar_launch) by extensions ['ros']
[0.137s] Level 1:colcon.colcon_core.package_identification:_identify(perception/src/lidar_launch) by extension 'ros'
[0.137s] DEBUG:colcon.colcon_core.package_identification:Package 'perception/src/lidar_launch' with type 'ros.ament_cmake' and name 'lidar_launch'
[0.137s] Level 1:colcon.colcon_core.package_identification:_identify(planning) by extensions ['ignore', 'ignore_ament_install']
[0.137s] Level 1:colcon.colcon_core.package_identification:_identify(planning) by extension 'ignore'
[0.137s] Level 1:colcon.colcon_core.package_identification:_identify(planning) by extension 'ignore_ament_install'
[0.137s] Level 1:colcon.colcon_core.package_identification:_identify(planning) by extensions ['colcon_pkg']
[0.137s] Level 1:colcon.colcon_core.package_identification:_identify(planning) by extension 'colcon_pkg'
[0.137s] Level 1:colcon.colcon_core.package_identification:_identify(planning) by extensions ['colcon_meta']
[0.137s] Level 1:colcon.colcon_core.package_identification:_identify(planning) by extension 'colcon_meta'
[0.137s] Level 1:colcon.colcon_core.package_identification:_identify(planning) by extensions ['ros']
[0.137s] Level 1:colcon.colcon_core.package_identification:_identify(planning) by extension 'ros'
[0.137s] Level 1:colcon.colcon_core.package_identification:_identify(planning) by extensions ['cmake', 'python']
[0.137s] Level 1:colcon.colcon_core.package_identification:_identify(planning) by extension 'cmake'
[0.137s] Level 1:colcon.colcon_core.package_identification:_identify(planning) by extension 'python'
[0.137s] Level 1:colcon.colcon_core.package_identification:_identify(planning) by extensions ['python_setup_py']
[0.137s] Level 1:colcon.colcon_core.package_identification:_identify(planning) by extension 'python_setup_py'
[0.137s] Level 1:colcon.colcon_core.package_identification:_identify(planning/build) by extensions ['ignore', 'ignore_ament_install']
[0.137s] Level 1:colcon.colcon_core.package_identification:_identify(planning/build) by extension 'ignore'
[0.137s] Level 1:colcon.colcon_core.package_identification:_identify(planning/build) ignored
[0.137s] Level 1:colcon.colcon_core.package_identification:_identify(planning/install) by extensions ['ignore', 'ignore_ament_install']
[0.137s] Level 1:colcon.colcon_core.package_identification:_identify(planning/install) by extension 'ignore'
[0.137s] Level 1:colcon.colcon_core.package_identification:_identify(planning/install) ignored
[0.137s] Level 1:colcon.colcon_core.package_identification:_identify(planning/log) by extensions ['ignore', 'ignore_ament_install']
[0.137s] Level 1:colcon.colcon_core.package_identification:_identify(planning/log) by extension 'ignore'
[0.137s] Level 1:colcon.colcon_core.package_identification:_identify(planning/log) ignored
[0.137s] Level 1:colcon.colcon_core.package_identification:_identify(planning/src) by extensions ['ignore', 'ignore_ament_install']
[0.137s] Level 1:colcon.colcon_core.package_identification:_identify(planning/src) by extension 'ignore'
[0.137s] Level 1:colcon.colcon_core.package_identification:_identify(planning/src) by extension 'ignore_ament_install'
[0.137s] Level 1:colcon.colcon_core.package_identification:_identify(planning/src) by extensions ['colcon_pkg']
[0.137s] Level 1:colcon.colcon_core.package_identification:_identify(planning/src) by extension 'colcon_pkg'
[0.137s] Level 1:colcon.colcon_core.package_identification:_identify(planning/src) by extensions ['colcon_meta']
[0.137s] Level 1:colcon.colcon_core.package_identification:_identify(planning/src) by extension 'colcon_meta'
[0.138s] Level 1:colcon.colcon_core.package_identification:_identify(planning/src) by extensions ['ros']
[0.138s] Level 1:colcon.colcon_core.package_identification:_identify(planning/src) by extension 'ros'
[0.138s] Level 1:colcon.colcon_core.package_identification:_identify(planning/src) by extensions ['cmake', 'python']
[0.138s] Level 1:colcon.colcon_core.package_identification:_identify(planning/src) by extension 'cmake'
[0.138s] Level 1:colcon.colcon_core.package_identification:_identify(planning/src) by extension 'python'
[0.138s] Level 1:colcon.colcon_core.package_identification:_identify(planning/src) by extensions ['python_setup_py']
[0.138s] Level 1:colcon.colcon_core.package_identification:_identify(planning/src) by extension 'python_setup_py'
[0.138s] Level 1:colcon.colcon_core.package_identification:_identify(planning/src/chaining_costmap_ver) by extensions ['ignore', 'ignore_ament_install']
[0.138s] Level 1:colcon.colcon_core.package_identification:_identify(planning/src/chaining_costmap_ver) by extension 'ignore'
[0.138s] Level 1:colcon.colcon_core.package_identification:_identify(planning/src/chaining_costmap_ver) by extension 'ignore_ament_install'
[0.138s] Level 1:colcon.colcon_core.package_identification:_identify(planning/src/chaining_costmap_ver) by extensions ['colcon_pkg']
[0.138s] Level 1:colcon.colcon_core.package_identification:_identify(planning/src/chaining_costmap_ver) by extension 'colcon_pkg'
[0.138s] Level 1:colcon.colcon_core.package_identification:_identify(planning/src/chaining_costmap_ver) by extensions ['colcon_meta']
[0.138s] Level 1:colcon.colcon_core.package_identification:_identify(planning/src/chaining_costmap_ver) by extension 'colcon_meta'
[0.138s] Level 1:colcon.colcon_core.package_identification:_identify(planning/src/chaining_costmap_ver) by extensions ['ros']
[0.138s] Level 1:colcon.colcon_core.package_identification:_identify(planning/src/chaining_costmap_ver) by extension 'ros'
[0.138s] DEBUG:colcon.colcon_core.package_identification:Package 'planning/src/chaining_costmap_ver' with type 'ros.ament_cmake' and name 'chaining_costmap_ver'
[0.138s] Level 1:colcon.colcon_core.package_identification:_identify(t870_ros) by extensions ['ignore', 'ignore_ament_install']
[0.138s] Level 1:colcon.colcon_core.package_identification:_identify(t870_ros) by extension 'ignore'
[0.138s] Level 1:colcon.colcon_core.package_identification:_identify(t870_ros) by extension 'ignore_ament_install'
[0.138s] Level 1:colcon.colcon_core.package_identification:_identify(t870_ros) by extensions ['colcon_pkg']
[0.138s] Level 1:colcon.colcon_core.package_identification:_identify(t870_ros) by extension 'colcon_pkg'
[0.138s] Level 1:colcon.colcon_core.package_identification:_identify(t870_ros) by extensions ['colcon_meta']
[0.138s] Level 1:colcon.colcon_core.package_identification:_identify(t870_ros) by extension 'colcon_meta'
[0.138s] Level 1:colcon.colcon_core.package_identification:_identify(t870_ros) by extensions ['ros']
[0.138s] Level 1:colcon.colcon_core.package_identification:_identify(t870_ros) by extension 'ros'
[0.138s] Level 1:colcon.colcon_core.package_identification:_identify(t870_ros) by extensions ['cmake', 'python']
[0.138s] Level 1:colcon.colcon_core.package_identification:_identify(t870_ros) by extension 'cmake'
[0.138s] Level 1:colcon.colcon_core.package_identification:_identify(t870_ros) by extension 'python'
[0.138s] Level 1:colcon.colcon_core.package_identification:_identify(t870_ros) by extensions ['python_setup_py']
[0.138s] Level 1:colcon.colcon_core.package_identification:_identify(t870_ros) by extension 'python_setup_py'
[0.138s] Level 1:colcon.colcon_core.package_identification:_identify(t870_ros/docker) by extensions ['ignore', 'ignore_ament_install']
[0.138s] Level 1:colcon.colcon_core.package_identification:_identify(t870_ros/docker) by extension 'ignore'
[0.138s] Level 1:colcon.colcon_core.package_identification:_identify(t870_ros/docker) by extension 'ignore_ament_install'
[0.138s] Level 1:colcon.colcon_core.package_identification:_identify(t870_ros/docker) by extensions ['colcon_pkg']
[0.138s] Level 1:colcon.colcon_core.package_identification:_identify(t870_ros/docker) by extension 'colcon_pkg'
[0.138s] Level 1:colcon.colcon_core.package_identification:_identify(t870_ros/docker) by extensions ['colcon_meta']
[0.138s] Level 1:colcon.colcon_core.package_identification:_identify(t870_ros/docker) by extension 'colcon_meta'
[0.138s] Level 1:colcon.colcon_core.package_identification:_identify(t870_ros/docker) by extensions ['ros']
[0.138s] Level 1:colcon.colcon_core.package_identification:_identify(t870_ros/docker) by extension 'ros'
[0.138s] Level 1:colcon.colcon_core.package_identification:_identify(t870_ros/docker) by extensions ['cmake', 'python']
[0.138s] Level 1:colcon.colcon_core.package_identification:_identify(t870_ros/docker) by extension 'cmake'
[0.138s] Level 1:colcon.colcon_core.package_identification:_identify(t870_ros/docker) by extension 'python'
[0.138s] Level 1:colcon.colcon_core.package_identification:_identify(t870_ros/docker) by extensions ['python_setup_py']
[0.138s] Level 1:colcon.colcon_core.package_identification:_identify(t870_ros/docker) by extension 'python_setup_py'
[0.138s] Level 1:colcon.colcon_core.package_identification:_identify(t870_ros/src) by extensions ['ignore', 'ignore_ament_install']
[0.138s] Level 1:colcon.colcon_core.package_identification:_identify(t870_ros/src) by extension 'ignore'
[0.138s] Level 1:colcon.colcon_core.package_identification:_identify(t870_ros/src) by extension 'ignore_ament_install'
[0.138s] Level 1:colcon.colcon_core.package_identification:_identify(t870_ros/src) by extensions ['colcon_pkg']
[0.138s] Level 1:colcon.colcon_core.package_identification:_identify(t870_ros/src) by extension 'colcon_pkg'
[0.138s] Level 1:colcon.colcon_core.package_identification:_identify(t870_ros/src) by extensions ['colcon_meta']
[0.139s] Level 1:colcon.colcon_core.package_identification:_identify(t870_ros/src) by extension 'colcon_meta'
[0.139s] Level 1:colcon.colcon_core.package_identification:_identify(t870_ros/src) by extensions ['ros']
[0.139s] Level 1:colcon.colcon_core.package_identification:_identify(t870_ros/src) by extension 'ros'
[0.139s] Level 1:colcon.colcon_core.package_identification:_identify(t870_ros/src) by extensions ['cmake', 'python']
[0.139s] Level 1:colcon.colcon_core.package_identification:_identify(t870_ros/src) by extension 'cmake'
[0.139s] Level 1:colcon.colcon_core.package_identification:_identify(t870_ros/src) by extension 'python'
[0.139s] Level 1:colcon.colcon_core.package_identification:_identify(t870_ros/src) by extensions ['python_setup_py']
[0.139s] Level 1:colcon.colcon_core.package_identification:_identify(t870_ros/src) by extension 'python_setup_py'
[0.139s] Level 1:colcon.colcon_core.package_identification:_identify(t870_ros/src/t870_cmake) by extensions ['ignore', 'ignore_ament_install']
[0.139s] Level 1:colcon.colcon_core.package_identification:_identify(t870_ros/src/t870_cmake) by extension 'ignore'
[0.139s] Level 1:colcon.colcon_core.package_identification:_identify(t870_ros/src/t870_cmake) by extension 'ignore_ament_install'
[0.139s] Level 1:colcon.colcon_core.package_identification:_identify(t870_ros/src/t870_cmake) by extensions ['colcon_pkg']
[0.139s] Level 1:colcon.colcon_core.package_identification:_identify(t870_ros/src/t870_cmake) by extension 'colcon_pkg'
[0.139s] Level 1:colcon.colcon_core.package_identification:_identify(t870_ros/src/t870_cmake) by extensions ['colcon_meta']
[0.139s] Level 1:colcon.colcon_core.package_identification:_identify(t870_ros/src/t870_cmake) by extension 'colcon_meta'
[0.139s] Level 1:colcon.colcon_core.package_identification:_identify(t870_ros/src/t870_cmake) by extensions ['ros']
[0.139s] Level 1:colcon.colcon_core.package_identification:_identify(t870_ros/src/t870_cmake) by extension 'ros'
[0.139s] DEBUG:colcon.colcon_core.package_identification:Package 't870_ros/src/t870_cmake' with type 'ros.ament_cmake' and name 't870_cmake'
[0.139s] Level 1:colcon.colcon_core.package_identification:_identify(t870_ros/src/t870_msgs) by extensions ['ignore', 'ignore_ament_install']
[0.139s] Level 1:colcon.colcon_core.package_identification:_identify(t870_ros/src/t870_msgs) by extension 'ignore'
[0.139s] Level 1:colcon.colcon_core.package_identification:_identify(t870_ros/src/t870_msgs) by extension 'ignore_ament_install'
[0.139s] Level 1:colcon.colcon_core.package_identification:_identify(t870_ros/src/t870_msgs) by extensions ['colcon_pkg']
[0.139s] Level 1:colcon.colcon_core.package_identification:_identify(t870_ros/src/t870_msgs) by extension 'colcon_pkg'
[0.139s] Level 1:colcon.colcon_core.package_identification:_identify(t870_ros/src/t870_msgs) by extensions ['colcon_meta']
[0.139s] Level 1:colcon.colcon_core.package_identification:_identify(t870_ros/src/t870_msgs) by extension 'colcon_meta'
[0.139s] Level 1:colcon.colcon_core.package_identification:_identify(t870_ros/src/t870_msgs) by extensions ['ros']
[0.139s] Level 1:colcon.colcon_core.package_identification:_identify(t870_ros/src/t870_msgs) by extension 'ros'
[0.139s] DEBUG:colcon.colcon_core.package_identification:Package 't870_ros/src/t870_msgs' with type 'ros.ament_cmake' and name 't870_msgs'
[0.139s] Level 1:colcon.colcon_core.package_identification:_identify(t870_ros/src/t870_rqt_plugin) by extensions ['ignore', 'ignore_ament_install']
[0.139s] Level 1:colcon.colcon_core.package_identification:_identify(t870_ros/src/t870_rqt_plugin) by extension 'ignore'
[0.139s] Level 1:colcon.colcon_core.package_identification:_identify(t870_ros/src/t870_rqt_plugin) by extension 'ignore_ament_install'
[0.139s] Level 1:colcon.colcon_core.package_identification:_identify(t870_ros/src/t870_rqt_plugin) by extensions ['colcon_pkg']
[0.139s] Level 1:colcon.colcon_core.package_identification:_identify(t870_ros/src/t870_rqt_plugin) by extension 'colcon_pkg'
[0.139s] Level 1:colcon.colcon_core.package_identification:_identify(t870_ros/src/t870_rqt_plugin) by extensions ['colcon_meta']
[0.139s] Level 1:colcon.colcon_core.package_identification:_identify(t870_ros/src/t870_rqt_plugin) by extension 'colcon_meta'
[0.139s] Level 1:colcon.colcon_core.package_identification:_identify(t870_ros/src/t870_rqt_plugin) by extensions ['ros']
[0.139s] Level 1:colcon.colcon_core.package_identification:_identify(t870_ros/src/t870_rqt_plugin) by extension 'ros'
[0.140s] DEBUG:colcon.colcon_core.package_identification:Package 't870_ros/src/t870_rqt_plugin' with type 'ros.ament_cmake' and name 't870_rqt_plugin'
[0.140s] Level 1:colcon.colcon_core.package_identification:_identify(t870_ros/src/t870_serial) by extensions ['ignore', 'ignore_ament_install']
[0.140s] Level 1:colcon.colcon_core.package_identification:_identify(t870_ros/src/t870_serial) by extension 'ignore'
[0.140s] Level 1:colcon.colcon_core.package_identification:_identify(t870_ros/src/t870_serial) by extension 'ignore_ament_install'
[0.140s] Level 1:colcon.colcon_core.package_identification:_identify(t870_ros/src/t870_serial) by extensions ['colcon_pkg']
[0.140s] Level 1:colcon.colcon_core.package_identification:_identify(t870_ros/src/t870_serial) by extension 'colcon_pkg'
[0.140s] Level 1:colcon.colcon_core.package_identification:_identify(t870_ros/src/t870_serial) by extensions ['colcon_meta']
[0.140s] Level 1:colcon.colcon_core.package_identification:_identify(t870_ros/src/t870_serial) by extension 'colcon_meta'
[0.140s] Level 1:colcon.colcon_core.package_identification:_identify(t870_ros/src/t870_serial) by extensions ['ros']
[0.140s] Level 1:colcon.colcon_core.package_identification:_identify(t870_ros/src/t870_serial) by extension 'ros'
[0.140s] DEBUG:colcon.colcon_core.package_identification:Package 't870_ros/src/t870_serial' with type 'ros.ament_cmake' and name 't870_serial'
[0.140s] Level 1:colcon.colcon_core.package_identification:_identify(t870_ros/src/t870_util) by extensions ['ignore', 'ignore_ament_install']
[0.140s] Level 1:colcon.colcon_core.package_identification:_identify(t870_ros/src/t870_util) by extension 'ignore'
[0.140s] Level 1:colcon.colcon_core.package_identification:_identify(t870_ros/src/t870_util) by extension 'ignore_ament_install'
[0.140s] Level 1:colcon.colcon_core.package_identification:_identify(t870_ros/src/t870_util) by extensions ['colcon_pkg']
[0.140s] Level 1:colcon.colcon_core.package_identification:_identify(t870_ros/src/t870_util) by extension 'colcon_pkg'
[0.140s] Level 1:colcon.colcon_core.package_identification:_identify(t870_ros/src/t870_util) by extensions ['colcon_meta']
[0.140s] Level 1:colcon.colcon_core.package_identification:_identify(t870_ros/src/t870_util) by extension 'colcon_meta'
[0.140s] Level 1:colcon.colcon_core.package_identification:_identify(t870_ros/src/t870_util) by extensions ['ros']
[0.140s] Level 1:colcon.colcon_core.package_identification:_identify(t870_ros/src/t870_util) by extension 'ros'
[0.140s] DEBUG:colcon.colcon_core.package_identification:Package 't870_ros/src/t870_util' with type 'ros.ament_cmake' and name 't870_util'
[0.140s] Level 1:colcon.colcon_core.package_discovery:discover_packages(recursive) using defaults
[0.141s] Level 1:colcon.colcon_core.package_discovery:discover_packages(ignore) discover
[0.141s] Level 1:colcon.colcon_core.package_discovery:discover_packages(ignore) using defaults
[0.141s] Level 1:colcon.colcon_core.package_discovery:discover_packages(path) discover
[0.141s] Level 1:colcon.colcon_core.package_discovery:discover_packages(path) using defaults
[0.150s] INFO:colcon.colcon_core.package_selection:Skipping package 'cluster_splitter' in 'perception/src/lidar/cluster_splitter'
[0.150s] INFO:colcon.colcon_core.package_selection:Skipping package 'dbscan_clustering' in 'perception/src/lidar/dbscan_clustering'
[0.150s] INFO:colcon.colcon_core.package_selection:Skipping package 'lidar_voxel_grid' in 'perception/src/lidar/lidar_voxel_grid'
[0.150s] INFO:colcon.colcon_core.package_selection:Skipping package 'patchworkpp' in 'perception/src/lidar/patchwork-plusplus-master/patchwork-plusplus-master/ros'
[0.150s] INFO:colcon.colcon_core.package_selection:Skipping package 'chaining_costmap_ver' in 'planning/src/chaining_costmap_ver'
[0.150s] INFO:colcon.colcon_core.package_selection:Skipping package 'erp42_gazebo' in 'erp42_ros/src/erp42_gazebo'
[0.150s] INFO:colcon.colcon_core.package_selection:Skipping package 'lidar_launch' in 'perception/src/lidar_launch'
[0.150s] INFO:colcon.colcon_core.package_selection:Skipping package 'velodyne' in 'perception/src/lidar/velodyne'
[0.150s] Level 1:colcon.colcon_core.package_discovery:discover_packages(prefix_path) check parameters
[0.150s] Level 1:colcon.colcon_core.package_discovery:discover_packages(prefix_path) discover
[0.150s] WARNING:colcon.colcon_ros.prefix_path.ament:The path '/home/kimsohee/ev-1-5/ev-Autonomous-Vehicle-1-5/install/velodyne_pointcloud' in the environment variable AMENT_PREFIX_PATH doesn't exist
[0.150s] WARNING:colcon.colcon_ros.prefix_path.ament:The path '/home/kimsohee/ev-1-5/ev-Autonomous-Vehicle-1-5/install/velodyne_driver' in the environment variable AMENT_PREFIX_PATH doesn't exist
[0.150s] WARNING:colcon.colcon_ros.prefix_path.ament:The path '/home/kimsohee/ev-1-5/ev-Autonomous-Vehicle-1-5/install/velodyne_msgs' in the environment variable AMENT_PREFIX_PATH doesn't exist
[0.150s] WARNING:colcon.colcon_ros.prefix_path.ament:The path '/home/kimsohee/ev-1-5/ev-Autonomous-Vehicle-1-5/install/velodyne_cropbox' in the environment variable AMENT_PREFIX_PATH doesn't exist
[0.150s] WARNING:colcon.colcon_ros.prefix_path.ament:The path '/home/kimsohee/ev-1-5/ev-Autonomous-Vehicle-1-5/install/t870_serial' in the environment variable AMENT_PREFIX_PATH doesn't exist
[0.150s] WARNING:colcon.colcon_ros.prefix_path.ament:The path '/home/kimsohee/ev-1-5/ev-Autonomous-Vehicle-1-5/install/t870_rqt_plugin' in the environment variable AMENT_PREFIX_PATH doesn't exist
[0.150s] WARNING:colcon.colcon_ros.prefix_path.ament:The path '/home/kimsohee/ev-1-5/ev-Autonomous-Vehicle-1-5/install/t870_util' in the environment variable AMENT_PREFIX_PATH doesn't exist
[0.150s] WARNING:colcon.colcon_ros.prefix_path.ament:The path '/home/kimsohee/ev-1-5/ev-Autonomous-Vehicle-1-5/install/t870_msgs' in the environment variable AMENT_PREFIX_PATH doesn't exist
[0.150s] WARNING:colcon.colcon_ros.prefix_path.ament:The path '/home/kimsohee/ev-1-5/ev-Autonomous-Vehicle-1-5/install/t870_cmake' in the environment variable AMENT_PREFIX_PATH doesn't exist
[0.150s] WARNING:colcon.colcon_ros.prefix_path.ament:The path '/home/kimsohee/ev-1-5/ev-Autonomous-Vehicle-1-5/install/make_bbox' in the environment variable AMENT_PREFIX_PATH doesn't exist
[0.151s] WARNING:colcon.colcon_ros.prefix_path.ament:The path '/home/kimsohee/ev-1-5/ev-Autonomous-Vehicle-1-5/install/localization_fusion' in the environment variable AMENT_PREFIX_PATH doesn't exist
[0.151s] WARNING:colcon.colcon_ros.prefix_path.ament:The path '/home/kimsohee/ev-1-5/ev-Autonomous-Vehicle-1-5/install/ev_msgs' in the environment variable AMENT_PREFIX_PATH doesn't exist
[0.151s] WARNING:colcon.colcon_ros.prefix_path.ament:The path '/home/kimsohee/ev-1-5/ev-Autonomous-Vehicle-1-5/install/erp42_serial' in the environment variable AMENT_PREFIX_PATH doesn't exist
[0.151s] WARNING:colcon.colcon_ros.prefix_path.ament:The path '/home/kimsohee/ev-1-5/ev-Autonomous-Vehicle-1-5/install/erp42_rqt_plugin' in the environment variable AMENT_PREFIX_PATH doesn't exist
[0.151s] WARNING:colcon.colcon_ros.prefix_path.ament:The path '/home/kimsohee/ev-1-5/ev-Autonomous-Vehicle-1-5/install/erp42_util' in the environment variable AMENT_PREFIX_PATH doesn't exist
[0.151s] WARNING:colcon.colcon_ros.prefix_path.ament:The path '/home/kimsohee/ev-1-5/ev-Autonomous-Vehicle-1-5/install/erp42_msgs' in the environment variable AMENT_PREFIX_PATH doesn't exist
[0.151s] WARNING:colcon.colcon_ros.prefix_path.ament:The path '/home/kimsohee/ev-1-5/ev-Autonomous-Vehicle-1-5/install/erp42_description' in the environment variable AMENT_PREFIX_PATH doesn't exist
[0.151s] WARNING:colcon.colcon_ros.prefix_path.ament:The path '/home/kimsohee/ev-1-5/ev-Autonomous-Vehicle-1-5/install/erp42_cmake' in the environment variable AMENT_PREFIX_PATH doesn't exist
[0.151s] WARNING:colcon.colcon_ros.prefix_path.ament:The path '/home/kimsohee/ev-1-5/ev-Autonomous-Vehicle-1-5/install/gps_localization' in the environment variable AMENT_PREFIX_PATH doesn't exist
[0.151s] WARNING:colcon.colcon_ros.prefix_path.ament:The path '/home/kimsohee/ev-1-5/ev-Autonomous-Vehicle-1-5/install/erp42_gazebo' in the environment variable AMENT_PREFIX_PATH doesn't exist
[0.151s] WARNING:colcon.colcon_ros.prefix_path.ament:The path '/home/kimsohee/ev-1-5/ev-Autonomous-Vehicle-1-5/install/carsa_gazebo' in the environment variable AMENT_PREFIX_PATH doesn't exist
[0.151s] WARNING:colcon.colcon_ros.prefix_path.catkin:The path '/home/kimsohee/ev-1-5/ev-Autonomous-Vehicle-1-5/install/velodyne_pointcloud' in the environment variable CMAKE_PREFIX_PATH doesn't exist
[0.151s] WARNING:colcon.colcon_ros.prefix_path.catkin:The path '/home/kimsohee/ev-1-5/ev-Autonomous-Vehicle-1-5/install/velodyne_driver' in the environment variable CMAKE_PREFIX_PATH doesn't exist
[0.151s] WARNING:colcon.colcon_ros.prefix_path.catkin:The path '/home/kimsohee/ev-1-5/ev-Autonomous-Vehicle-1-5/install/velodyne_msgs' in the environment variable CMAKE_PREFIX_PATH doesn't exist
[0.151s] WARNING:colcon.colcon_ros.prefix_path.catkin:The path '/home/kimsohee/ev-1-5/ev-Autonomous-Vehicle-1-5/install/velodyne_cropbox' in the environment variable CMAKE_PREFIX_PATH doesn't exist
[0.151s] WARNING:colcon.colcon_ros.prefix_path.catkin:The path '/home/kimsohee/ev-1-5/ev-Autonomous-Vehicle-1-5/install/t870_serial' in the environment variable CMAKE_PREFIX_PATH doesn't exist
[0.151s] WARNING:colcon.colcon_ros.prefix_path.catkin:The path '/home/kimsohee/ev-1-5/ev-Autonomous-Vehicle-1-5/install/t870_rqt_plugin' in the environment variable CMAKE_PREFIX_PATH doesn't exist
[0.151s] WARNING:colcon.colcon_ros.prefix_path.catkin:The path '/home/kimsohee/ev-1-5/ev-Autonomous-Vehicle-1-5/install/t870_util' in the environment variable CMAKE_PREFIX_PATH doesn't exist
[0.151s] WARNING:colcon.colcon_ros.prefix_path.catkin:The path '/home/kimsohee/ev-1-5/ev-Autonomous-Vehicle-1-5/install/t870_msgs' in the environment variable CMAKE_PREFIX_PATH doesn't exist
[0.151s] WARNING:colcon.colcon_ros.prefix_path.catkin:The path '/home/kimsohee/ev-1-5/ev-Autonomous-Vehicle-1-5/install/t870_cmake' in the environment variable CMAKE_PREFIX_PATH doesn't exist
[0.151s] WARNING:colcon.colcon_ros.prefix_path.catkin:The path '/home/kimsohee/ev-1-5/ev-Autonomous-Vehicle-1-5/install/make_bbox' in the environment variable CMAKE_PREFIX_PATH doesn't exist
[0.151s] WARNING:colcon.colcon_ros.prefix_path.catkin:The path '/home/kimsohee/ev-1-5/ev-Autonomous-Vehicle-1-5/install/localization_fusion' in the environment variable CMAKE_PREFIX_PATH doesn't exist
[0.151s] WARNING:colcon.colcon_ros.prefix_path.catkin:The path '/home/kimsohee/ev-1-5/ev-Autonomous-Vehicle-1-5/install/ev_msgs' in the environment variable CMAKE_PREFIX_PATH doesn't exist
[0.151s] WARNING:colcon.colcon_ros.prefix_path.catkin:The path '/home/kimsohee/ev-1-5/ev-Autonomous-Vehicle-1-5/install/erp42_serial' in the environment variable CMAKE_PREFIX_PATH doesn't exist
[0.151s] WARNING:colcon.colcon_ros.prefix_path.catkin:The path '/home/kimsohee/ev-1-5/ev-Autonomous-Vehicle-1-5/install/erp42_rqt_plugin' in the environment variable CMAKE_PREFIX_PATH doesn't exist
[0.151s] WARNING:colcon.colcon_ros.prefix_path.catkin:The path '/home/kimsohee/ev-1-5/ev-Autonomous-Vehicle-1-5/install/erp42_util' in the environment variable CMAKE_PREFIX_PATH doesn't exist
[0.151s] WARNING:colcon.colcon_ros.prefix_path.catkin:The path '/home/kimsohee/ev-1-5/ev-Autonomous-Vehicle-1-5/install/erp42_msgs' in the environment variable CMAKE_PREFIX_PATH doesn't exist
[0.151s] WARNING:colcon.colcon_ros.prefix_path.catkin:The path '/home/kimsohee/ev-1-5/ev-Autonomous-Vehicle-1-5/install/erp42_description' in the environment variable CMAKE_PREFIX_PATH doesn't exist
[0.151s] WARNING:colcon.colcon_ros.prefix_path.catkin:The path '/home/kimsohee/ev-1-5/ev-Autonomous-Vehicle-1-5/install/erp42_cmake' in the environment variable CMAKE_PREFIX_PATH doesn't exist
[0.151s] WARNING:colcon.colcon_ros.prefix_path.catkin:The path '/home/kimsohee/ev-1-5/ev-Autonomous-Vehicle-1-5/install/gps_localization' in the environment variable CMAKE_PREFIX_PATH doesn't exist
[0.151s] WARNING:colcon.colcon_ros.prefix_path.catkin:The path '/home/kimsohee/ev-1-5/ev-Autonomous-Vehicle-1-5/install/erp42_gazebo' in the environment variable CMAKE_PREFIX_PATH doesn't exist
[0.151s] WARNING:colcon.colcon_ros.prefix_path.catkin:The path '/home/kimsohee/ev-1-5/ev-Autonomous-Vehicle-1-5/install/carsa_gazebo' in the environment variable CMAKE_PREFIX_PATH doesn't exist
[0.152s] DEBUG:colcon.colcon_installed_package_information.package_discovery:Found 0 installed packages in /home/kimsohee/ev-1-5/ev-Autonomous-Vehicle-1-5/install
[0.152s] DEBUG:colcon.colcon_installed_package_information.package_discovery:Found 294 installed packages in /opt/ros/humble
[0.153s] Level 1:colcon.colcon_core.package_discovery:discover_packages(prefix_path) using defaults
[0.166s] Level 5:colcon.colcon_core.verb:set package 'carsa_gazebo' build argument 'cmake_args' from command line to 'None'
[0.166s] Level 5:colcon.colcon_core.verb:set package 'carsa_gazebo' build argument 'cmake_target' from command line to 'None'
[0.166s] Level 5:colcon.colcon_core.verb:set package 'carsa_gazebo' build argument 'cmake_target_skip_unavailable' from command line to 'False'
[0.166s] Level 5:colcon.colcon_core.verb:set package 'carsa_gazebo' build argument 'cmake_clean_cache' from command line to 'False'
[0.166s] Level 5:colcon.colcon_core.verb:set package 'carsa_gazebo' build argument 'cmake_clean_first' from command line to 'False'
[0.166s] Level 5:colcon.colcon_core.verb:set package 'carsa_gazebo' build argument 'cmake_force_configure' from command line to 'False'
[0.166s] Level 5:colcon.colcon_core.verb:set package 'carsa_gazebo' build argument 'ament_cmake_args' from command line to 'None'
[0.167s] Level 5:colcon.colcon_core.verb:set package 'carsa_gazebo' build argument 'catkin_cmake_args' from command line to 'None'
[0.167s] Level 5:colcon.colcon_core.verb:set package 'carsa_gazebo' build argument 'catkin_skip_building_tests' from command line to 'False'
[0.167s] DEBUG:colcon.colcon_core.verb:Building package 'carsa_gazebo' with the following arguments: {'ament_cmake_args': None, 'build_base': '/home/kimsohee/ev-1-5/ev-Autonomous-Vehicle-1-5/build/carsa_gazebo', 'catkin_cmake_args': None, 'catkin_skip_building_tests': False, 'cmake_args': None, 'cmake_clean_cache': False, 'cmake_clean_first': False, 'cmake_force_configure': False, 'cmake_target': None, 'cmake_target_skip_unavailable': False, 'install_base': '/home/kimsohee/ev-1-5/ev-Autonomous-Vehicle-1-5/install/carsa_gazebo', 'merge_install': False, 'path': '/home/kimsohee/ev-1-5/ev-Autonomous-Vehicle-1-5/carsa_gazebo', 'symlink_install': True, 'test_result_base': None}
[0.167s] Level 5:colcon.colcon_core.verb:set package 'erp42_cmake' build argument 'cmake_args' from command line to 'None'
[0.167s] Level 5:colcon.colcon_core.verb:set package 'erp42_cmake' build argument 'cmake_target' from command line to 'None'
[0.167s] Level 5:colcon.colcon_core.verb:set package 'erp42_cmake' build argument 'cmake_target_skip_unavailable' from command line to 'False'
[0.167s] Level 5:colcon.colcon_core.verb:set package 'erp42_cmake' build argument 'cmake_clean_cache' from command line to 'False'
[0.167s] Level 5:colcon.colcon_core.verb:set package 'erp42_cmake' build argument 'cmake_clean_first' from command line to 'False'
[0.167s] Level 5:colcon.colcon_core.verb:set package 'erp42_cmake' build argument 'cmake_force_configure' from command line to 'False'
[0.167s] Level 5:colcon.colcon_core.verb:set package 'erp42_cmake' build argument 'ament_cmake_args' from command line to 'None'
[0.167s] Level 5:colcon.colcon_core.verb:set package 'erp42_cmake' build argument 'catkin_cmake_args' from command line to 'None'
[0.167s] Level 5:colcon.colcon_core.verb:set package 'erp42_cmake' build argument 'catkin_skip_building_tests' from command line to 'False'
[0.167s] DEBUG:colcon.colcon_core.verb:Building package 'erp42_cmake' with the following arguments: {'ament_cmake_args': None, 'build_base': '/home/kimsohee/ev-1-5/ev-Autonomous-Vehicle-1-5/build/erp42_cmake', 'catkin_cmake_args': None, 'catkin_skip_building_tests': False, 'cmake_args': None, 'cmake_clean_cache': False, 'cmake_clean_first': False, 'cmake_force_configure': False, 'cmake_target': None, 'cmake_target_skip_unavailable': False, 'install_base': '/home/kimsohee/ev-1-5/ev-Autonomous-Vehicle-1-5/install/erp42_cmake', 'merge_install': False, 'path': '/home/kimsohee/ev-1-5/ev-Autonomous-Vehicle-1-5/erp42_ros/src/erp42_cmake', 'symlink_install': True, 'test_result_base': None}
[0.167s] Level 5:colcon.colcon_core.verb:set package 'erp42_msgs' build argument 'cmake_args' from command line to 'None'
[0.167s] Level 5:colcon.colcon_core.verb:set package 'erp42_msgs' build argument 'cmake_target' from command line to 'None'
[0.167s] Level 5:colcon.colcon_core.verb:set package 'erp42_msgs' build argument 'cmake_target_skip_unavailable' from command line to 'False'
[0.167s] Level 5:colcon.colcon_core.verb:set package 'erp42_msgs' build argument 'cmake_clean_cache' from command line to 'False'
[0.167s] Level 5:colcon.colcon_core.verb:set package 'erp42_msgs' build argument 'cmake_clean_first' from command line to 'False'
[0.167s] Level 5:colcon.colcon_core.verb:set package 'erp42_msgs' build argument 'cmake_force_configure' from command line to 'False'
[0.167s] Level 5:colcon.colcon_core.verb:set package 'erp42_msgs' build argument 'ament_cmake_args' from command line to 'None'
[0.167s] Level 5:colcon.colcon_core.verb:set package 'erp42_msgs' build argument 'catkin_cmake_args' from command line to 'None'
[0.167s] Level 5:colcon.colcon_core.verb:set package 'erp42_msgs' build argument 'catkin_skip_building_tests' from command line to 'False'
[0.167s] DEBUG:colcon.colcon_core.verb:Building package 'erp42_msgs' with the following arguments: {'ament_cmake_args': None, 'build_base': '/home/kimsohee/ev-1-5/ev-Autonomous-Vehicle-1-5/build/erp42_msgs', 'catkin_cmake_args': None, 'catkin_skip_building_tests': False, 'cmake_args': None, 'cmake_clean_cache': False, 'cmake_clean_first': False, 'cmake_force_configure': False, 'cmake_target': None, 'cmake_target_skip_unavailable': False, 'install_base': '/home/kimsohee/ev-1-5/ev-Autonomous-Vehicle-1-5/install/erp42_msgs', 'merge_install': False, 'path': '/home/kimsohee/ev-1-5/ev-Autonomous-Vehicle-1-5/erp42_ros/src/erp42_msgs', 'symlink_install': True, 'test_result_base': None}
[0.167s] Level 5:colcon.colcon_core.verb:set package 'ev_msgs' build argument 'cmake_args' from command line to 'None'
[0.167s] Level 5:colcon.colcon_core.verb:set package 'ev_msgs' build argument 'cmake_target' from command line to 'None'
[0.167s] Level 5:colcon.colcon_core.verb:set package 'ev_msgs' build argument 'cmake_target_skip_unavailable' from command line to 'False'
[0.167s] Level 5:colcon.colcon_core.verb:set package 'ev_msgs' build argument 'cmake_clean_cache' from command line to 'False'
[0.167s] Level 5:colcon.colcon_core.verb:set package 'ev_msgs' build argument 'cmake_clean_first' from command line to 'False'
[0.167s] Level 5:colcon.colcon_core.verb:set package 'ev_msgs' build argument 'cmake_force_configure' from command line to 'False'
[0.167s] Level 5:colcon.colcon_core.verb:set package 'ev_msgs' build argument 'ament_cmake_args' from command line to 'None'
[0.167s] Level 5:colcon.colcon_core.verb:set package 'ev_msgs' build argument 'catkin_cmake_args' from command line to 'None'
[0.167s] Level 5:colcon.colcon_core.verb:set package 'ev_msgs' build argument 'catkin_skip_building_tests' from command line to 'False'
[0.167s] DEBUG:colcon.colcon_core.verb:Building package 'ev_msgs' with the following arguments: {'ament_cmake_args': None, 'build_base': '/home/kimsohee/ev-1-5/ev-Autonomous-Vehicle-1-5/build/ev_msgs', 'catkin_cmake_args': None, 'catkin_skip_building_tests': False, 'cmake_args': None, 'cmake_clean_cache': False, 'cmake_clean_first': False, 'cmake_force_configure': False, 'cmake_target': None, 'cmake_target_skip_unavailable': False, 'install_base': '/home/kimsohee/ev-1-5/ev-Autonomous-Vehicle-1-5/install/ev_msgs', 'merge_install': False, 'path': '/home/kimsohee/ev-1-5/ev-Autonomous-Vehicle-1-5/ev_msgs', 'symlink_install': True, 'test_result_base': None}
[0.167s] Level 5:colcon.colcon_core.verb:set package 'gps_localization' build argument 'cmake_args' from command line to 'None'
[0.167s] Level 5:colcon.colcon_core.verb:set package 'gps_localization' build argument 'cmake_target' from command line to 'None'
[0.167s] Level 5:colcon.colcon_core.verb:set package 'gps_localization' build argument 'cmake_target_skip_unavailable' from command line to 'False'
[0.167s] Level 5:colcon.colcon_core.verb:set package 'gps_localization' build argument 'cmake_clean_cache' from command line to 'False'
[0.167s] Level 5:colcon.colcon_core.verb:set package 'gps_localization' build argument 'cmake_clean_first' from command line to 'False'
[0.167s] Level 5:colcon.colcon_core.verb:set package 'gps_localization' build argument 'cmake_force_configure' from command line to 'False'
[0.167s] Level 5:colcon.colcon_core.verb:set package 'gps_localization' build argument 'ament_cmake_args' from command line to 'None'
[0.167s] Level 5:colcon.colcon_core.verb:set package 'gps_localization' build argument 'catkin_cmake_args' from command line to 'None'
[0.167s] Level 5:colcon.colcon_core.verb:set package 'gps_localization' build argument 'catkin_skip_building_tests' from command line to 'False'
[0.167s] DEBUG:colcon.colcon_core.verb:Building package 'gps_localization' with the following arguments: {'ament_cmake_args': None, 'build_base': '/home/kimsohee/ev-1-5/ev-Autonomous-Vehicle-1-5/build/gps_localization', 'catkin_cmake_args': None, 'catkin_skip_building_tests': False, 'cmake_args': None, 'cmake_clean_cache': False, 'cmake_clean_first': False, 'cmake_force_configure': False, 'cmake_target': None, 'cmake_target_skip_unavailable': False, 'install_base': '/home/kimsohee/ev-1-5/ev-Autonomous-Vehicle-1-5/install/gps_localization', 'merge_install': False, 'path': '/home/kimsohee/ev-1-5/ev-Autonomous-Vehicle-1-5/localization/src/gps_localization', 'symlink_install': True, 'test_result_base': None}
[0.167s] Level 5:colcon.colcon_core.verb:set package 'localization_fusion' build argument 'cmake_args' from command line to 'None'
[0.167s] Level 5:colcon.colcon_core.verb:set package 'localization_fusion' build argument 'cmake_target' from command line to 'None'
[0.167s] Level 5:colcon.colcon_core.verb:set package 'localization_fusion' build argument 'cmake_target_skip_unavailable' from command line to 'False'
[0.167s] Level 5:colcon.colcon_core.verb:set package 'localization_fusion' build argument 'cmake_clean_cache' from command line to 'False'
[0.167s] Level 5:colcon.colcon_core.verb:set package 'localization_fusion' build argument 'cmake_clean_first' from command line to 'False'
[0.167s] Level 5:colcon.colcon_core.verb:set package 'localization_fusion' build argument 'cmake_force_configure' from command line to 'False'
[0.167s] Level 5:colcon.colcon_core.verb:set package 'localization_fusion' build argument 'ament_cmake_args' from command line to 'None'
[0.167s] Level 5:colcon.colcon_core.verb:set package 'localization_fusion' build argument 'catkin_cmake_args' from command line to 'None'
[0.167s] Level 5:colcon.colcon_core.verb:set package 'localization_fusion' build argument 'catkin_skip_building_tests' from command line to 'False'
[0.167s] DEBUG:colcon.colcon_core.verb:Building package 'localization_fusion' with the following arguments: {'ament_cmake_args': None, 'build_base': '/home/kimsohee/ev-1-5/ev-Autonomous-Vehicle-1-5/build/localization_fusion', 'catkin_cmake_args': None, 'catkin_skip_building_tests': False, 'cmake_args': None, 'cmake_clean_cache': False, 'cmake_clean_first': False, 'cmake_force_configure': False, 'cmake_target': None, 'cmake_target_skip_unavailable': False, 'install_base': '/home/kimsohee/ev-1-5/ev-Autonomous-Vehicle-1-5/install/localization_fusion', 'merge_install': False, 'path': '/home/kimsohee/ev-1-5/ev-Autonomous-Vehicle-1-5/localization/src/localization_fusion', 'symlink_install': True, 'test_result_base': None}
[0.167s] Level 5:colcon.colcon_core.verb:set package 't870_cmake' build argument 'cmake_args' from command line to 'None'
[0.167s] Level 5:colcon.colcon_core.verb:set package 't870_cmake' build argument 'cmake_target' from command line to 'None'
[0.167s] Level 5:colcon.colcon_core.verb:set package 't870_cmake' build argument 'cmake_target_skip_unavailable' from command line to 'False'
[0.167s] Level 5:colcon.colcon_core.verb:set package 't870_cmake' build argument 'cmake_clean_cache' from command line to 'False'
[0.167s] Level 5:colcon.colcon_core.verb:set package 't870_cmake' build argument 'cmake_clean_first' from command line to 'False'
[0.167s] Level 5:colcon.colcon_core.verb:set package 't870_cmake' build argument 'cmake_force_configure' from command line to 'False'
[0.167s] Level 5:colcon.colcon_core.verb:set package 't870_cmake' build argument 'ament_cmake_args' from command line to 'None'
[0.167s] Level 5:colcon.colcon_core.verb:set package 't870_cmake' build argument 'catkin_cmake_args' from command line to 'None'
[0.167s] Level 5:colcon.colcon_core.verb:set package 't870_cmake' build argument 'catkin_skip_building_tests' from command line to 'False'
[0.167s] DEBUG:colcon.colcon_core.verb:Building package 't870_cmake' with the following arguments: {'ament_cmake_args': None, 'build_base': '/home/kimsohee/ev-1-5/ev-Autonomous-Vehicle-1-5/build/t870_cmake', 'catkin_cmake_args': None, 'catkin_skip_building_tests': False, 'cmake_args': None, 'cmake_clean_cache': False, 'cmake_clean_first': False, 'cmake_force_configure': False, 'cmake_target': None, 'cmake_target_skip_unavailable': False, 'install_base': '/home/kimsohee/ev-1-5/ev-Autonomous-Vehicle-1-5/install/t870_cmake', 'merge_install': False, 'path': '/home/kimsohee/ev-1-5/ev-Autonomous-Vehicle-1-5/t870_ros/src/t870_cmake', 'symlink_install': True, 'test_result_base': None}
[0.168s] Level 5:colcon.colcon_core.verb:set package 't870_msgs' build argument 'cmake_args' from command line to 'None'
[0.168s] Level 5:colcon.colcon_core.verb:set package 't870_msgs' build argument 'cmake_target' from command line to 'None'
[0.168s] Level 5:colcon.colcon_core.verb:set package 't870_msgs' build argument 'cmake_target_skip_unavailable' from command line to 'False'
[0.168s] Level 5:colcon.colcon_core.verb:set package 't870_msgs' build argument 'cmake_clean_cache' from command line to 'False'
[0.168s] Level 5:colcon.colcon_core.verb:set package 't870_msgs' build argument 'cmake_clean_first' from command line to 'False'
[0.168s] Level 5:colcon.colcon_core.verb:set package 't870_msgs' build argument 'cmake_force_configure' from command line to 'False'
[0.168s] Level 5:colcon.colcon_core.verb:set package 't870_msgs' build argument 'ament_cmake_args' from command line to 'None'
[0.168s] Level 5:colcon.colcon_core.verb:set package 't870_msgs' build argument 'catkin_cmake_args' from command line to 'None'
[0.168s] Level 5:colcon.colcon_core.verb:set package 't870_msgs' build argument 'catkin_skip_building_tests' from command line to 'False'
[0.168s] DEBUG:colcon.colcon_core.verb:Building package 't870_msgs' with the following arguments: {'ament_cmake_args': None, 'build_base': '/home/kimsohee/ev-1-5/ev-Autonomous-Vehicle-1-5/build/t870_msgs', 'catkin_cmake_args': None, 'catkin_skip_building_tests': False, 'cmake_args': None, 'cmake_clean_cache': False, 'cmake_clean_first': False, 'cmake_force_configure': False, 'cmake_target': None, 'cmake_target_skip_unavailable': False, 'install_base': '/home/kimsohee/ev-1-5/ev-Autonomous-Vehicle-1-5/install/t870_msgs', 'merge_install': False, 'path': '/home/kimsohee/ev-1-5/ev-Autonomous-Vehicle-1-5/t870_ros/src/t870_msgs', 'symlink_install': True, 'test_result_base': None}
[0.168s] Level 5:colcon.colcon_core.verb:set package 'velodyne_cropbox' build argument 'cmake_args' from command line to 'None'
[0.168s] Level 5:colcon.colcon_core.verb:set package 'velodyne_cropbox' build argument 'cmake_target' from command line to 'None'
[0.168s] Level 5:colcon.colcon_core.verb:set package 'velodyne_cropbox' build argument 'cmake_target_skip_unavailable' from command line to 'False'
[0.168s] Level 5:colcon.colcon_core.verb:set package 'velodyne_cropbox' build argument 'cmake_clean_cache' from command line to 'False'
[0.168s] Level 5:colcon.colcon_core.verb:set package 'velodyne_cropbox' build argument 'cmake_clean_first' from command line to 'False'
[0.168s] Level 5:colcon.colcon_core.verb:set package 'velodyne_cropbox' build argument 'cmake_force_configure' from command line to 'False'
[0.168s] Level 5:colcon.colcon_core.verb:set package 'velodyne_cropbox' build argument 'ament_cmake_args' from command line to 'None'
[0.168s] Level 5:colcon.colcon_core.verb:set package 'velodyne_cropbox' build argument 'catkin_cmake_args' from command line to 'None'
[0.168s] Level 5:colcon.colcon_core.verb:set package 'velodyne_cropbox' build argument 'catkin_skip_building_tests' from command line to 'False'
[0.168s] DEBUG:colcon.colcon_core.verb:Building package 'velodyne_cropbox' with the following arguments: {'ament_cmake_args': None, 'build_base': '/home/kimsohee/ev-1-5/ev-Autonomous-Vehicle-1-5/build/velodyne_cropbox', 'catkin_cmake_args': None, 'catkin_skip_building_tests': False, 'cmake_args': None, 'cmake_clean_cache': False, 'cmake_clean_first': False, 'cmake_force_configure': False, 'cmake_target': None, 'cmake_target_skip_unavailable': False, 'install_base': '/home/kimsohee/ev-1-5/ev-Autonomous-Vehicle-1-5/install/velodyne_cropbox', 'merge_install': False, 'path': '/home/kimsohee/ev-1-5/ev-Autonomous-Vehicle-1-5/perception/src/lidar/velodyne_cropbox', 'symlink_install': True, 'test_result_base': None}
[0.168s] Level 5:colcon.colcon_core.verb:set package 'velodyne_msgs' build argument 'cmake_args' from command line to 'None'
[0.168s] Level 5:colcon.colcon_core.verb:set package 'velodyne_msgs' build argument 'cmake_target' from command line to 'None'
[0.168s] Level 5:colcon.colcon_core.verb:set package 'velodyne_msgs' build argument 'cmake_target_skip_unavailable' from command line to 'False'
[0.168s] Level 5:colcon.colcon_core.verb:set package 'velodyne_msgs' build argument 'cmake_clean_cache' from command line to 'False'
[0.168s] Level 5:colcon.colcon_core.verb:set package 'velodyne_msgs' build argument 'cmake_clean_first' from command line to 'False'
[0.168s] Level 5:colcon.colcon_core.verb:set package 'velodyne_msgs' build argument 'cmake_force_configure' from command line to 'False'
[0.168s] Level 5:colcon.colcon_core.verb:set package 'velodyne_msgs' build argument 'ament_cmake_args' from command line to 'None'
[0.168s] Level 5:colcon.colcon_core.verb:set package 'velodyne_msgs' build argument 'catkin_cmake_args' from command line to 'None'
[0.168s] Level 5:colcon.colcon_core.verb:set package 'velodyne_msgs' build argument 'catkin_skip_building_tests' from command line to 'False'
[0.168s] DEBUG:colcon.colcon_core.verb:Building package 'velodyne_msgs' with the following arguments: {'ament_cmake_args': None, 'build_base': '/home/kimsohee/ev-1-5/ev-Autonomous-Vehicle-1-5/build/velodyne_msgs', 'catkin_cmake_args': None, 'catkin_skip_building_tests': False, 'cmake_args': None, 'cmake_clean_cache': False, 'cmake_clean_first': False, 'cmake_force_configure': False, 'cmake_target': None, 'cmake_target_skip_unavailable': False, 'install_base': '/home/kimsohee/ev-1-5/ev-Autonomous-Vehicle-1-5/install/velodyne_msgs', 'merge_install': False, 'path': '/home/kimsohee/ev-1-5/ev-Autonomous-Vehicle-1-5/perception/src/lidar/velodyne_msgs', 'symlink_install': True, 'test_result_base': None}
[0.168s] Level 5:colcon.colcon_core.verb:set package 'erp42_description' build argument 'cmake_args' from command line to 'None'
[0.168s] Level 5:colcon.colcon_core.verb:set package 'erp42_description' build argument 'cmake_target' from command line to 'None'
[0.168s] Level 5:colcon.colcon_core.verb:set package 'erp42_description' build argument 'cmake_target_skip_unavailable' from command line to 'False'
[0.168s] Level 5:colcon.colcon_core.verb:set package 'erp42_description' build argument 'cmake_clean_cache' from command line to 'False'
[0.168s] Level 5:colcon.colcon_core.verb:set package 'erp42_description' build argument 'cmake_clean_first' from command line to 'False'
[0.168s] Level 5:colcon.colcon_core.verb:set package 'erp42_description' build argument 'cmake_force_configure' from command line to 'False'
[0.168s] Level 5:colcon.colcon_core.verb:set package 'erp42_description' build argument 'ament_cmake_args' from command line to 'None'
[0.168s] Level 5:colcon.colcon_core.verb:set package 'erp42_description' build argument 'catkin_cmake_args' from command line to 'None'
[0.168s] Level 5:colcon.colcon_core.verb:set package 'erp42_description' build argument 'catkin_skip_building_tests' from command line to 'False'
[0.168s] DEBUG:colcon.colcon_core.verb:Building package 'erp42_description' with the following arguments: {'ament_cmake_args': None, 'build_base': '/home/kimsohee/ev-1-5/ev-Autonomous-Vehicle-1-5/build/erp42_description', 'catkin_cmake_args': None, 'catkin_skip_building_tests': False, 'cmake_args': None, 'cmake_clean_cache': False, 'cmake_clean_first': False, 'cmake_force_configure': False, 'cmake_target': None, 'cmake_target_skip_unavailable': False, 'install_base': '/home/kimsohee/ev-1-5/ev-Autonomous-Vehicle-1-5/install/erp42_description', 'merge_install': False, 'path': '/home/kimsohee/ev-1-5/ev-Autonomous-Vehicle-1-5/erp42_ros/src/erp42_description', 'symlink_install': True, 'test_result_base': None}
[0.168s] Level 5:colcon.colcon_core.verb:set package 'erp42_util' build argument 'cmake_args' from command line to 'None'
[0.168s] Level 5:colcon.colcon_core.verb:set package 'erp42_util' build argument 'cmake_target' from command line to 'None'
[0.168s] Level 5:colcon.colcon_core.verb:set package 'erp42_util' build argument 'cmake_target_skip_unavailable' from command line to 'False'
[0.168s] Level 5:colcon.colcon_core.verb:set package 'erp42_util' build argument 'cmake_clean_cache' from command line to 'False'
[0.168s] Level 5:colcon.colcon_core.verb:set package 'erp42_util' build argument 'cmake_clean_first' from command line to 'False'
[0.168s] Level 5:colcon.colcon_core.verb:set package 'erp42_util' build argument 'cmake_force_configure' from command line to 'False'
[0.168s] Level 5:colcon.colcon_core.verb:set package 'erp42_util' build argument 'ament_cmake_args' from command line to 'None'
[0.168s] Level 5:colcon.colcon_core.verb:set package 'erp42_util' build argument 'catkin_cmake_args' from command line to 'None'
[0.168s] Level 5:colcon.colcon_core.verb:set package 'erp42_util' build argument 'catkin_skip_building_tests' from command line to 'False'
[0.168s] DEBUG:colcon.colcon_core.verb:Building package 'erp42_util' with the following arguments: {'ament_cmake_args': None, 'build_base': '/home/kimsohee/ev-1-5/ev-Autonomous-Vehicle-1-5/build/erp42_util', 'catkin_cmake_args': None, 'catkin_skip_building_tests': False, 'cmake_args': None, 'cmake_clean_cache': False, 'cmake_clean_first': False, 'cmake_force_configure': False, 'cmake_target': None, 'cmake_target_skip_unavailable': False, 'install_base': '/home/kimsohee/ev-1-5/ev-Autonomous-Vehicle-1-5/install/erp42_util', 'merge_install': False, 'path': '/home/kimsohee/ev-1-5/ev-Autonomous-Vehicle-1-5/erp42_ros/src/erp42_util', 'symlink_install': True, 'test_result_base': None}
[0.168s] Level 5:colcon.colcon_core.verb:set package 'make_bbox' build argument 'cmake_args' from command line to 'None'
[0.168s] Level 5:colcon.colcon_core.verb:set package 'make_bbox' build argument 'cmake_target' from command line to 'None'
[0.168s] Level 5:colcon.colcon_core.verb:set package 'make_bbox' build argument 'cmake_target_skip_unavailable' from command line to 'False'
[0.168s] Level 5:colcon.colcon_core.verb:set package 'make_bbox' build argument 'cmake_clean_cache' from command line to 'False'
[0.168s] Level 5:colcon.colcon_core.verb:set package 'make_bbox' build argument 'cmake_clean_first' from command line to 'False'
[0.168s] Level 5:colcon.colcon_core.verb:set package 'make_bbox' build argument 'cmake_force_configure' from command line to 'False'
[0.168s] Level 5:colcon.colcon_core.verb:set package 'make_bbox' build argument 'ament_cmake_args' from command line to 'None'
[0.168s] Level 5:colcon.colcon_core.verb:set package 'make_bbox' build argument 'catkin_cmake_args' from command line to 'None'
[0.168s] Level 5:colcon.colcon_core.verb:set package 'make_bbox' build argument 'catkin_skip_building_tests' from command line to 'False'
[0.168s] DEBUG:colcon.colcon_core.verb:Building package 'make_bbox' with the following arguments: {'ament_cmake_args': None, 'build_base': '/home/kimsohee/ev-1-5/ev-Autonomous-Vehicle-1-5/build/make_bbox', 'catkin_cmake_args': None, 'catkin_skip_building_tests': False, 'cmake_args': None, 'cmake_clean_cache': False, 'cmake_clean_first': False, 'cmake_force_configure': False, 'cmake_target': None, 'cmake_target_skip_unavailable': False, 'install_base': '/home/kimsohee/ev-1-5/ev-Autonomous-Vehicle-1-5/install/make_bbox', 'merge_install': False, 'path': '/home/kimsohee/ev-1-5/ev-Autonomous-Vehicle-1-5/perception/src/lidar/make_bbox', 'symlink_install': True, 'test_result_base': None}
[0.169s] Level 5:colcon.colcon_core.verb:set package 't870_util' build argument 'cmake_args' from command line to 'None'
[0.169s] Level 5:colcon.colcon_core.verb:set package 't870_util' build argument 'cmake_target' from command line to 'None'
[0.169s] Level 5:colcon.colcon_core.verb:set package 't870_util' build argument 'cmake_target_skip_unavailable' from command line to 'False'
[0.169s] Level 5:colcon.colcon_core.verb:set package 't870_util' build argument 'cmake_clean_cache' from command line to 'False'
[0.169s] Level 5:colcon.colcon_core.verb:set package 't870_util' build argument 'cmake_clean_first' from command line to 'False'
[0.169s] Level 5:colcon.colcon_core.verb:set package 't870_util' build argument 'cmake_force_configure' from command line to 'False'
[0.169s] Level 5:colcon.colcon_core.verb:set package 't870_util' build argument 'ament_cmake_args' from command line to 'None'
[0.169s] Level 5:colcon.colcon_core.verb:set package 't870_util' build argument 'catkin_cmake_args' from command line to 'None'
[0.169s] Level 5:colcon.colcon_core.verb:set package 't870_util' build argument 'catkin_skip_building_tests' from command line to 'False'
[0.169s] DEBUG:colcon.colcon_core.verb:Building package 't870_util' with the following arguments: {'ament_cmake_args': None, 'build_base': '/home/kimsohee/ev-1-5/ev-Autonomous-Vehicle-1-5/build/t870_util', 'catkin_cmake_args': None, 'catkin_skip_building_tests': False, 'cmake_args': None, 'cmake_clean_cache': False, 'cmake_clean_first': False, 'cmake_force_configure': False, 'cmake_target': None, 'cmake_target_skip_unavailable': False, 'install_base': '/home/kimsohee/ev-1-5/ev-Autonomous-Vehicle-1-5/install/t870_util', 'merge_install': False, 'path': '/home/kimsohee/ev-1-5/ev-Autonomous-Vehicle-1-5/t870_ros/src/t870_util', 'symlink_install': True, 'test_result_base': None}
[0.169s] Level 5:colcon.colcon_core.verb:set package 'velodyne_driver' build argument 'cmake_args' from command line to 'None'
[0.169s] Level 5:colcon.colcon_core.verb:set package 'velodyne_driver' build argument 'cmake_target' from command line to 'None'
[0.169s] Level 5:colcon.colcon_core.verb:set package 'velodyne_driver' build argument 'cmake_target_skip_unavailable' from command line to 'False'
[0.169s] Level 5:colcon.colcon_core.verb:set package 'velodyne_driver' build argument 'cmake_clean_cache' from command line to 'False'
[0.169s] Level 5:colcon.colcon_core.verb:set package 'velodyne_driver' build argument 'cmake_clean_first' from command line to 'False'
[0.169s] Level 5:colcon.colcon_core.verb:set package 'velodyne_driver' build argument 'cmake_force_configure' from command line to 'False'
[0.169s] Level 5:colcon.colcon_core.verb:set package 'velodyne_driver' build argument 'ament_cmake_args' from command line to 'None'
[0.169s] Level 5:colcon.colcon_core.verb:set package 'velodyne_driver' build argument 'catkin_cmake_args' from command line to 'None'
[0.169s] Level 5:colcon.colcon_core.verb:set package 'velodyne_driver' build argument 'catkin_skip_building_tests' from command line to 'False'
[0.169s] DEBUG:colcon.colcon_core.verb:Building package 'velodyne_driver' with the following arguments: {'ament_cmake_args': None, 'build_base': '/home/kimsohee/ev-1-5/ev-Autonomous-Vehicle-1-5/build/velodyne_driver', 'catkin_cmake_args': None, 'catkin_skip_building_tests': False, 'cmake_args': None, 'cmake_clean_cache': False, 'cmake_clean_first': False, 'cmake_force_configure': False, 'cmake_target': None, 'cmake_target_skip_unavailable': False, 'install_base': '/home/kimsohee/ev-1-5/ev-Autonomous-Vehicle-1-5/install/velodyne_driver', 'merge_install': False, 'path': '/home/kimsohee/ev-1-5/ev-Autonomous-Vehicle-1-5/perception/src/lidar/velodyne_driver', 'symlink_install': True, 'test_result_base': None}
[0.169s] Level 5:colcon.colcon_core.verb:set package 'velodyne_pointcloud' build argument 'cmake_args' from command line to 'None'
[0.169s] Level 5:colcon.colcon_core.verb:set package 'velodyne_pointcloud' build argument 'cmake_target' from command line to 'None'
[0.169s] Level 5:colcon.colcon_core.verb:set package 'velodyne_pointcloud' build argument 'cmake_target_skip_unavailable' from command line to 'False'
[0.169s] Level 5:colcon.colcon_core.verb:set package 'velodyne_pointcloud' build argument 'cmake_clean_cache' from command line to 'False'
[0.169s] Level 5:colcon.colcon_core.verb:set package 'velodyne_pointcloud' build argument 'cmake_clean_first' from command line to 'False'
[0.169s] Level 5:colcon.colcon_core.verb:set package 'velodyne_pointcloud' build argument 'cmake_force_configure' from command line to 'False'
[0.169s] Level 5:colcon.colcon_core.verb:set package 'velodyne_pointcloud' build argument 'ament_cmake_args' from command line to 'None'
[0.169s] Level 5:colcon.colcon_core.verb:set package 'velodyne_pointcloud' build argument 'catkin_cmake_args' from command line to 'None'
[0.169s] Level 5:colcon.colcon_core.verb:set package 'velodyne_pointcloud' build argument 'catkin_skip_building_tests' from command line to 'False'
[0.169s] DEBUG:colcon.colcon_core.verb:Building package 'velodyne_pointcloud' with the following arguments: {'ament_cmake_args': None, 'build_base': '/home/kimsohee/ev-1-5/ev-Autonomous-Vehicle-1-5/build/velodyne_pointcloud', 'catkin_cmake_args': None, 'catkin_skip_building_tests': False, 'cmake_args': None, 'cmake_clean_cache': False, 'cmake_clean_first': False, 'cmake_force_configure': False, 'cmake_target': None, 'cmake_target_skip_unavailable': False, 'install_base': '/home/kimsohee/ev-1-5/ev-Autonomous-Vehicle-1-5/install/velodyne_pointcloud', 'merge_install': False, 'path': '/home/kimsohee/ev-1-5/ev-Autonomous-Vehicle-1-5/perception/src/lidar/velodyne_pointcloud', 'symlink_install': True, 'test_result_base': None}
[0.169s] Level 5:colcon.colcon_core.verb:set package 'erp42_rqt_plugin' build argument 'cmake_args' from command line to 'None'
[0.169s] Level 5:colcon.colcon_core.verb:set package 'erp42_rqt_plugin' build argument 'cmake_target' from command line to 'None'
[0.169s] Level 5:colcon.colcon_core.verb:set package 'erp42_rqt_plugin' build argument 'cmake_target_skip_unavailable' from command line to 'False'
[0.169s] Level 5:colcon.colcon_core.verb:set package 'erp42_rqt_plugin' build argument 'cmake_clean_cache' from command line to 'False'
[0.169s] Level 5:colcon.colcon_core.verb:set package 'erp42_rqt_plugin' build argument 'cmake_clean_first' from command line to 'False'
[0.169s] Level 5:colcon.colcon_core.verb:set package 'erp42_rqt_plugin' build argument 'cmake_force_configure' from command line to 'False'
[0.169s] Level 5:colcon.colcon_core.verb:set package 'erp42_rqt_plugin' build argument 'ament_cmake_args' from command line to 'None'
[0.169s] Level 5:colcon.colcon_core.verb:set package 'erp42_rqt_plugin' build argument 'catkin_cmake_args' from command line to 'None'
[0.169s] Level 5:colcon.colcon_core.verb:set package 'erp42_rqt_plugin' build argument 'catkin_skip_building_tests' from command line to 'False'
[0.169s] DEBUG:colcon.colcon_core.verb:Building package 'erp42_rqt_plugin' with the following arguments: {'ament_cmake_args': None, 'build_base': '/home/kimsohee/ev-1-5/ev-Autonomous-Vehicle-1-5/build/erp42_rqt_plugin', 'catkin_cmake_args': None, 'catkin_skip_building_tests': False, 'cmake_args': None, 'cmake_clean_cache': False, 'cmake_clean_first': False, 'cmake_force_configure': False, 'cmake_target': None, 'cmake_target_skip_unavailable': False, 'install_base': '/home/kimsohee/ev-1-5/ev-Autonomous-Vehicle-1-5/install/erp42_rqt_plugin', 'merge_install': False, 'path': '/home/kimsohee/ev-1-5/ev-Autonomous-Vehicle-1-5/erp42_ros/src/erp42_rqt_plugin', 'symlink_install': True, 'test_result_base': None}
[0.169s] Level 5:colcon.colcon_core.verb:set package 'erp42_serial' build argument 'cmake_args' from command line to 'None'
[0.169s] Level 5:colcon.colcon_core.verb:set package 'erp42_serial' build argument 'cmake_target' from command line to 'None'
[0.169s] Level 5:colcon.colcon_core.verb:set package 'erp42_serial' build argument 'cmake_target_skip_unavailable' from command line to 'False'
[0.169s] Level 5:colcon.colcon_core.verb:set package 'erp42_serial' build argument 'cmake_clean_cache' from command line to 'False'
[0.169s] Level 5:colcon.colcon_core.verb:set package 'erp42_serial' build argument 'cmake_clean_first' from command line to 'False'
[0.169s] Level 5:colcon.colcon_core.verb:set package 'erp42_serial' build argument 'cmake_force_configure' from command line to 'False'
[0.169s] Level 5:colcon.colcon_core.verb:set package 'erp42_serial' build argument 'ament_cmake_args' from command line to 'None'
[0.169s] Level 5:colcon.colcon_core.verb:set package 'erp42_serial' build argument 'catkin_cmake_args' from command line to 'None'
[0.169s] Level 5:colcon.colcon_core.verb:set package 'erp42_serial' build argument 'catkin_skip_building_tests' from command line to 'False'
[0.169s] DEBUG:colcon.colcon_core.verb:Building package 'erp42_serial' with the following arguments: {'ament_cmake_args': None, 'build_base': '/home/kimsohee/ev-1-5/ev-Autonomous-Vehicle-1-5/build/erp42_serial', 'catkin_cmake_args': None, 'catkin_skip_building_tests': False, 'cmake_args': None, 'cmake_clean_cache': False, 'cmake_clean_first': False, 'cmake_force_configure': False, 'cmake_target': None, 'cmake_target_skip_unavailable': False, 'install_base': '/home/kimsohee/ev-1-5/ev-Autonomous-Vehicle-1-5/install/erp42_serial', 'merge_install': False, 'path': '/home/kimsohee/ev-1-5/ev-Autonomous-Vehicle-1-5/erp42_ros/src/erp42_serial', 'symlink_install': True, 'test_result_base': None}
[0.169s] Level 5:colcon.colcon_core.verb:set package 't870_rqt_plugin' build argument 'cmake_args' from command line to 'None'
[0.169s] Level 5:colcon.colcon_core.verb:set package 't870_rqt_plugin' build argument 'cmake_target' from command line to 'None'
[0.169s] Level 5:colcon.colcon_core.verb:set package 't870_rqt_plugin' build argument 'cmake_target_skip_unavailable' from command line to 'False'
[0.169s] Level 5:colcon.colcon_core.verb:set package 't870_rqt_plugin' build argument 'cmake_clean_cache' from command line to 'False'
[0.169s] Level 5:colcon.colcon_core.verb:set package 't870_rqt_plugin' build argument 'cmake_clean_first' from command line to 'False'
[0.169s] Level 5:colcon.colcon_core.verb:set package 't870_rqt_plugin' build argument 'cmake_force_configure' from command line to 'False'
[0.169s] Level 5:colcon.colcon_core.verb:set package 't870_rqt_plugin' build argument 'ament_cmake_args' from command line to 'None'
[0.169s] Level 5:colcon.colcon_core.verb:set package 't870_rqt_plugin' build argument 'catkin_cmake_args' from command line to 'None'
[0.169s] Level 5:colcon.colcon_core.verb:set package 't870_rqt_plugin' build argument 'catkin_skip_building_tests' from command line to 'False'
[0.169s] DEBUG:colcon.colcon_core.verb:Building package 't870_rqt_plugin' with the following arguments: {'ament_cmake_args': None, 'build_base': '/home/kimsohee/ev-1-5/ev-Autonomous-Vehicle-1-5/build/t870_rqt_plugin', 'catkin_cmake_args': None, 'catkin_skip_building_tests': False, 'cmake_args': None, 'cmake_clean_cache': False, 'cmake_clean_first': False, 'cmake_force_configure': False, 'cmake_target': None, 'cmake_target_skip_unavailable': False, 'install_base': '/home/kimsohee/ev-1-5/ev-Autonomous-Vehicle-1-5/install/t870_rqt_plugin', 'merge_install': False, 'path': '/home/kimsohee/ev-1-5/ev-Autonomous-Vehicle-1-5/t870_ros/src/t870_rqt_plugin', 'symlink_install': True, 'test_result_base': None}
[0.170s] Level 5:colcon.colcon_core.verb:set package 't870_serial' build argument 'cmake_args' from command line to 'None'
[0.170s] Level 5:colcon.colcon_core.verb:set package 't870_serial' build argument 'cmake_target' from command line to 'None'
[0.170s] Level 5:colcon.colcon_core.verb:set package 't870_serial' build argument 'cmake_target_skip_unavailable' from command line to 'False'
[0.170s] Level 5:colcon.colcon_core.verb:set package 't870_serial' build argument 'cmake_clean_cache' from command line to 'False'
[0.170s] Level 5:colcon.colcon_core.verb:set package 't870_serial' build argument 'cmake_clean_first' from command line to 'False'
[0.170s] Level 5:colcon.colcon_core.verb:set package 't870_serial' build argument 'cmake_force_configure' from command line to 'False'
[0.170s] Level 5:colcon.colcon_core.verb:set package 't870_serial' build argument 'ament_cmake_args' from command line to 'None'
[0.170s] Level 5:colcon.colcon_core.verb:set package 't870_serial' build argument 'catkin_cmake_args' from command line to 'None'
[0.170s] Level 5:colcon.colcon_core.verb:set package 't870_serial' build argument 'catkin_skip_building_tests' from command line to 'False'
[0.170s] DEBUG:colcon.colcon_core.verb:Building package 't870_serial' with the following arguments: {'ament_cmake_args': None, 'build_base': '/home/kimsohee/ev-1-5/ev-Autonomous-Vehicle-1-5/build/t870_serial', 'catkin_cmake_args': None, 'catkin_skip_building_tests': False, 'cmake_args': None, 'cmake_clean_cache': False, 'cmake_clean_first': False, 'cmake_force_configure': False, 'cmake_target': None, 'cmake_target_skip_unavailable': False, 'install_base': '/home/kimsohee/ev-1-5/ev-Autonomous-Vehicle-1-5/install/t870_serial', 'merge_install': False, 'path': '/home/kimsohee/ev-1-5/ev-Autonomous-Vehicle-1-5/t870_ros/src/t870_serial', 'symlink_install': True, 'test_result_base': None}
[0.170s] INFO:colcon.colcon_core.executor:Executing jobs using 'parallel' executor
[0.170s] DEBUG:colcon.colcon_parallel_executor.executor.parallel:run_until_complete
[0.170s] INFO:colcon.colcon_ros.task.ament_cmake.build:Building ROS package in '/home/kimsohee/ev-1-5/ev-Autonomous-Vehicle-1-5/erp42_ros/src/erp42_cmake' with build type 'ament_cmake'
[0.170s] INFO:colcon.colcon_cmake.task.cmake.build:Building CMake package in '/home/kimsohee/ev-1-5/ev-Autonomous-Vehicle-1-5/erp42_ros/src/erp42_cmake'
[0.172s] INFO:colcon.colcon_core.plugin_system:Skipping extension 'colcon_core.shell.bat': Not used on non-Windows systems
[0.172s] INFO:colcon.colcon_core.shell:Skip shell extension 'powershell' for command environment: Not usable outside of PowerShell
[0.172s] DEBUG:colcon.colcon_core.shell:Skip shell extension 'dsv' for command environment
[0.173s] INFO:colcon.colcon_ros.task.ament_cmake.build:Building ROS package in '/home/kimsohee/ev-1-5/ev-Autonomous-Vehicle-1-5/t870_ros/src/t870_cmake' with build type 'ament_cmake'
[0.173s] INFO:colcon.colcon_cmake.task.cmake.build:Building CMake package in '/home/kimsohee/ev-1-5/ev-Autonomous-Vehicle-1-5/t870_ros/src/t870_cmake'
[0.173s] INFO:colcon.colcon_core.shell:Skip shell extension 'powershell' for command environment: Not usable outside of PowerShell
[0.173s] DEBUG:colcon.colcon_core.shell:Skip shell extension 'dsv' for command environment
[0.175s] INFO:colcon.colcon_ros.task.ament_cmake.build:Building ROS package in '/home/kimsohee/ev-1-5/ev-Autonomous-Vehicle-1-5/erp42_ros/src/erp42_msgs' with build type 'ament_cmake'
[0.175s] INFO:colcon.colcon_cmake.task.cmake.build:Building CMake package in '/home/kimsohee/ev-1-5/ev-Autonomous-Vehicle-1-5/erp42_ros/src/erp42_msgs'
[0.175s] INFO:colcon.colcon_core.shell:Skip shell extension 'powershell' for command environment: Not usable outside of PowerShell
[0.175s] DEBUG:colcon.colcon_core.shell:Skip shell extension 'dsv' for command environment
[0.176s] INFO:colcon.colcon_ros.task.ament_cmake.build:Building ROS package in '/home/kimsohee/ev-1-5/ev-Autonomous-Vehicle-1-5/t870_ros/src/t870_msgs' with build type 'ament_cmake'
[0.176s] INFO:colcon.colcon_cmake.task.cmake.build:Building CMake package in '/home/kimsohee/ev-1-5/ev-Autonomous-Vehicle-1-5/t870_ros/src/t870_msgs'
[0.176s] INFO:colcon.colcon_core.shell:Skip shell extension 'powershell' for command environment: Not usable outside of PowerShell
[0.176s] DEBUG:colcon.colcon_core.shell:Skip shell extension 'dsv' for command environment
[0.177s] INFO:colcon.colcon_ros.task.ament_cmake.build:Building ROS package in '/home/kimsohee/ev-1-5/ev-Autonomous-Vehicle-1-5/perception/src/lidar/velodyne_msgs' with build type 'ament_cmake'
[0.177s] INFO:colcon.colcon_cmake.task.cmake.build:Building CMake package in '/home/kimsohee/ev-1-5/ev-Autonomous-Vehicle-1-5/perception/src/lidar/velodyne_msgs'
[0.177s] INFO:colcon.colcon_core.shell:Skip shell extension 'powershell' for command environment: Not usable outside of PowerShell
[0.177s] DEBUG:colcon.colcon_core.shell:Skip shell extension 'dsv' for command environment
[0.179s] INFO:colcon.colcon_ros.task.ament_cmake.build:Building ROS package in '/home/kimsohee/ev-1-5/ev-Autonomous-Vehicle-1-5/ev_msgs' with build type 'ament_cmake'
[0.179s] INFO:colcon.colcon_cmake.task.cmake.build:Building CMake package in '/home/kimsohee/ev-1-5/ev-Autonomous-Vehicle-1-5/ev_msgs'
[0.179s] INFO:colcon.colcon_core.shell:Skip shell extension 'powershell' for command environment: Not usable outside of PowerShell
[0.179s] DEBUG:colcon.colcon_core.shell:Skip shell extension 'dsv' for command environment
[0.180s] INFO:colcon.colcon_ros.task.ament_cmake.build:Building ROS package in '/home/kimsohee/ev-1-5/ev-Autonomous-Vehicle-1-5/carsa_gazebo' with build type 'ament_cmake'
[0.180s] INFO:colcon.colcon_cmake.task.cmake.build:Building CMake package in '/home/kimsohee/ev-1-5/ev-Autonomous-Vehicle-1-5/carsa_gazebo'
[0.181s] INFO:colcon.colcon_core.shell:Skip shell extension 'powershell' for command environment: Not usable outside of PowerShell
[0.181s] DEBUG:colcon.colcon_core.shell:Skip shell extension 'dsv' for command environment
[0.182s] INFO:colcon.colcon_ros.task.ament_cmake.build:Building ROS package in '/home/kimsohee/ev-1-5/ev-Autonomous-Vehicle-1-5/localization/src/gps_localization' with build type 'ament_cmake'
[0.182s] INFO:colcon.colcon_cmake.task.cmake.build:Building CMake package in '/home/kimsohee/ev-1-5/ev-Autonomous-Vehicle-1-5/localization/src/gps_localization'
[0.182s] INFO:colcon.colcon_core.shell:Skip shell extension 'powershell' for command environment: Not usable outside of PowerShell
[0.182s] DEBUG:colcon.colcon_core.shell:Skip shell extension 'dsv' for command environment
[0.183s] INFO:colcon.colcon_ros.task.ament_cmake.build:Building ROS package in '/home/kimsohee/ev-1-5/ev-Autonomous-Vehicle-1-5/localization/src/localization_fusion' with build type 'ament_cmake'
[0.183s] INFO:colcon.colcon_cmake.task.cmake.build:Building CMake package in '/home/kimsohee/ev-1-5/ev-Autonomous-Vehicle-1-5/localization/src/localization_fusion'
[0.184s] INFO:colcon.colcon_core.shell:Skip shell extension 'powershell' for command environment: Not usable outside of PowerShell
[0.184s] DEBUG:colcon.colcon_core.shell:Skip shell extension 'dsv' for command environment
[0.185s] INFO:colcon.colcon_ros.task.ament_cmake.build:Building ROS package in '/home/kimsohee/ev-1-5/ev-Autonomous-Vehicle-1-5/perception/src/lidar/velodyne_cropbox' with build type 'ament_cmake'
[0.185s] INFO:colcon.colcon_cmake.task.cmake.build:Building CMake package in '/home/kimsohee/ev-1-5/ev-Autonomous-Vehicle-1-5/perception/src/lidar/velodyne_cropbox'
[0.185s] INFO:colcon.colcon_core.shell:Skip shell extension 'powershell' for command environment: Not usable outside of PowerShell
[0.185s] DEBUG:colcon.colcon_core.shell:Skip shell extension 'dsv' for command environment
[0.188s] DEBUG:colcon.colcon_core.event_handler.log_command:Invoking command in '/home/kimsohee/ev-1-5/ev-Autonomous-Vehicle-1-5/build/erp42_cmake': CMAKE_PREFIX_PATH=${CMAKE_PREFIX_PATH}:/opt/ros/humble /usr/bin/cmake /home/kimsohee/ev-1-5/ev-Autonomous-Vehicle-1-5/erp42_ros/src/erp42_cmake -DAMENT_CMAKE_SYMLINK_INSTALL=1 -DCMAKE_INSTALL_PREFIX=/home/kimsohee/ev-1-5/ev-Autonomous-Vehicle-1-5/install/erp42_cmake
[0.190s] DEBUG:colcon.colcon_core.event_handler.log_command:Invoking command in '/home/kimsohee/ev-1-5/ev-Autonomous-Vehicle-1-5/build/t870_cmake': CMAKE_PREFIX_PATH=${CMAKE_PREFIX_PATH}:/opt/ros/humble /usr/bin/cmake /home/kimsohee/ev-1-5/ev-Autonomous-Vehicle-1-5/t870_ros/src/t870_cmake -DAMENT_CMAKE_SYMLINK_INSTALL=1 -DCMAKE_INSTALL_PREFIX=/home/kimsohee/ev-1-5/ev-Autonomous-Vehicle-1-5/install/t870_cmake
[0.191s] DEBUG:colcon.colcon_core.event_handler.log_command:Invoking command in '/home/kimsohee/ev-1-5/ev-Autonomous-Vehicle-1-5/build/erp42_msgs': CMAKE_PREFIX_PATH=${CMAKE_PREFIX_PATH}:/opt/ros/humble /usr/bin/cmake /home/kimsohee/ev-1-5/ev-Autonomous-Vehicle-1-5/erp42_ros/src/erp42_msgs -DAMENT_CMAKE_SYMLINK_INSTALL=1 -DCMAKE_INSTALL_PREFIX=/home/kimsohee/ev-1-5/ev-Autonomous-Vehicle-1-5/install/erp42_msgs
[0.192s] DEBUG:colcon.colcon_core.event_handler.log_command:Invoking command in '/home/kimsohee/ev-1-5/ev-Autonomous-Vehicle-1-5/build/t870_msgs': CMAKE_PREFIX_PATH=${CMAKE_PREFIX_PATH}:/opt/ros/humble /usr/bin/cmake /home/kimsohee/ev-1-5/ev-Autonomous-Vehicle-1-5/t870_ros/src/t870_msgs -DAMENT_CMAKE_SYMLINK_INSTALL=1 -DCMAKE_INSTALL_PREFIX=/home/kimsohee/ev-1-5/ev-Autonomous-Vehicle-1-5/install/t870_msgs
[0.197s] DEBUG:colcon.colcon_core.event_handler.log_command:Invoking command in '/home/kimsohee/ev-1-5/ev-Autonomous-Vehicle-1-5/build/velodyne_msgs': CMAKE_PREFIX_PATH=${CMAKE_PREFIX_PATH}:/opt/ros/humble /usr/bin/cmake /home/kimsohee/ev-1-5/ev-Autonomous-Vehicle-1-5/perception/src/lidar/velodyne_msgs -DAMENT_CMAKE_SYMLINK_INSTALL=1 -DCMAKE_INSTALL_PREFIX=/home/kimsohee/ev-1-5/ev-Autonomous-Vehicle-1-5/install/velodyne_msgs
[0.199s] DEBUG:colcon.colcon_core.event_handler.log_command:Invoking command in '/home/kimsohee/ev-1-5/ev-Autonomous-Vehicle-1-5/build/ev_msgs': CMAKE_PREFIX_PATH=${CMAKE_PREFIX_PATH}:/opt/ros/humble /usr/bin/cmake /home/kimsohee/ev-1-5/ev-Autonomous-Vehicle-1-5/ev_msgs -DAMENT_CMAKE_SYMLINK_INSTALL=1 -DCMAKE_INSTALL_PREFIX=/home/kimsohee/ev-1-5/ev-Autonomous-Vehicle-1-5/install/ev_msgs
[0.200s] DEBUG:colcon.colcon_core.event_handler.log_command:Invoking command in '/home/kimsohee/ev-1-5/ev-Autonomous-Vehicle-1-5/build/carsa_gazebo': CMAKE_PREFIX_PATH=${CMAKE_PREFIX_PATH}:/opt/ros/humble /usr/bin/cmake /home/kimsohee/ev-1-5/ev-Autonomous-Vehicle-1-5/carsa_gazebo -DAMENT_CMAKE_SYMLINK_INSTALL=1 -DCMAKE_INSTALL_PREFIX=/home/kimsohee/ev-1-5/ev-Autonomous-Vehicle-1-5/install/carsa_gazebo
[0.201s] DEBUG:colcon.colcon_core.event_handler.log_command:Invoking command in '/home/kimsohee/ev-1-5/ev-Autonomous-Vehicle-1-5/build/gps_localization': CMAKE_PREFIX_PATH=${CMAKE_PREFIX_PATH}:/opt/ros/humble /usr/bin/cmake /home/kimsohee/ev-1-5/ev-Autonomous-Vehicle-1-5/localization/src/gps_localization -DAMENT_CMAKE_SYMLINK_INSTALL=1 -DCMAKE_INSTALL_PREFIX=/home/kimsohee/ev-1-5/ev-Autonomous-Vehicle-1-5/install/gps_localization
[0.203s] DEBUG:colcon.colcon_core.event_handler.log_command:Invoking command in '/home/kimsohee/ev-1-5/ev-Autonomous-Vehicle-1-5/build/localization_fusion': CMAKE_PREFIX_PATH=${CMAKE_PREFIX_PATH}:/opt/ros/humble /usr/bin/cmake /home/kimsohee/ev-1-5/ev-Autonomous-Vehicle-1-5/localization/src/localization_fusion -DAMENT_CMAKE_SYMLINK_INSTALL=1 -DCMAKE_INSTALL_PREFIX=/home/kimsohee/ev-1-5/ev-Autonomous-Vehicle-1-5/install/localization_fusion
[0.207s] DEBUG:colcon.colcon_core.event_handler.log_command:Invoking command in '/home/kimsohee/ev-1-5/ev-Autonomous-Vehicle-1-5/build/velodyne_cropbox': CMAKE_PREFIX_PATH=${CMAKE_PREFIX_PATH}:/opt/ros/humble /usr/bin/cmake /home/kimsohee/ev-1-5/ev-Autonomous-Vehicle-1-5/perception/src/lidar/velodyne_cropbox -DAMENT_CMAKE_SYMLINK_INSTALL=1 -DCMAKE_INSTALL_PREFIX=/home/kimsohee/ev-1-5/ev-Autonomous-Vehicle-1-5/install/velodyne_cropbox
[0.398s] DEBUG:colcon.colcon_core.event_handler.log_command:Invoked command in '/home/kimsohee/ev-1-5/ev-Autonomous-Vehicle-1-5/build/erp42_cmake' returned '0': CMAKE_PREFIX_PATH=${CMAKE_PREFIX_PATH}:/opt/ros/humble /usr/bin/cmake /home/kimsohee/ev-1-5/ev-Autonomous-Vehicle-1-5/erp42_ros/src/erp42_cmake -DAMENT_CMAKE_SYMLINK_INSTALL=1 -DCMAKE_INSTALL_PREFIX=/home/kimsohee/ev-1-5/ev-Autonomous-Vehicle-1-5/install/erp42_cmake
[0.398s] DEBUG:colcon.colcon_core.event_handler.log_command:Invoking command in '/home/kimsohee/ev-1-5/ev-Autonomous-Vehicle-1-5/build/erp42_cmake': CMAKE_PREFIX_PATH=${CMAKE_PREFIX_PATH}:/opt/ros/humble /usr/bin/cmake --build /home/kimsohee/ev-1-5/ev-Autonomous-Vehicle-1-5/build/erp42_cmake -- -j10 -l10
[0.417s] DEBUG:colcon.colcon_core.event_handler.log_command:Invoked command in '/home/kimsohee/ev-1-5/ev-Autonomous-Vehicle-1-5/build/t870_cmake' returned '0': CMAKE_PREFIX_PATH=${CMAKE_PREFIX_PATH}:/opt/ros/humble /usr/bin/cmake /home/kimsohee/ev-1-5/ev-Autonomous-Vehicle-1-5/t870_ros/src/t870_cmake -DAMENT_CMAKE_SYMLINK_INSTALL=1 -DCMAKE_INSTALL_PREFIX=/home/kimsohee/ev-1-5/ev-Autonomous-Vehicle-1-5/install/t870_cmake
[0.417s] DEBUG:colcon.colcon_core.event_handler.log_command:Invoking command in '/home/kimsohee/ev-1-5/ev-Autonomous-Vehicle-1-5/build/t870_cmake': CMAKE_PREFIX_PATH=${CMAKE_PREFIX_PATH}:/opt/ros/humble /usr/bin/cmake --build /home/kimsohee/ev-1-5/ev-Autonomous-Vehicle-1-5/build/t870_cmake -- -j10 -l10
[0.562s] DEBUG:colcon.colcon_core.event_handler.log_command:Invoked command in '/home/kimsohee/ev-1-5/ev-Autonomous-Vehicle-1-5/build/carsa_gazebo' returned '0': CMAKE_PREFIX_PATH=${CMAKE_PREFIX_PATH}:/opt/ros/humble /usr/bin/cmake /home/kimsohee/ev-1-5/ev-Autonomous-Vehicle-1-5/carsa_gazebo -DAMENT_CMAKE_SYMLINK_INSTALL=1 -DCMAKE_INSTALL_PREFIX=/home/kimsohee/ev-1-5/ev-Autonomous-Vehicle-1-5/install/carsa_gazebo
[0.562s] DEBUG:colcon.colcon_core.event_handler.log_command:Invoking command in '/home/kimsohee/ev-1-5/ev-Autonomous-Vehicle-1-5/build/carsa_gazebo': CMAKE_PREFIX_PATH=${CMAKE_PREFIX_PATH}:/opt/ros/humble /usr/bin/cmake --build /home/kimsohee/ev-1-5/ev-Autonomous-Vehicle-1-5/build/carsa_gazebo -- -j10 -l10
[0.899s] DEBUG:colcon.colcon_core.event_handler.log_command:Invoked command in '/home/kimsohee/ev-1-5/ev-Autonomous-Vehicle-1-5/build/velodyne_cropbox' returned '0': CMAKE_PREFIX_PATH=${CMAKE_PREFIX_PATH}:/opt/ros/humble /usr/bin/cmake /home/kimsohee/ev-1-5/ev-Autonomous-Vehicle-1-5/perception/src/lidar/velodyne_cropbox -DAMENT_CMAKE_SYMLINK_INSTALL=1 -DCMAKE_INSTALL_PREFIX=/home/kimsohee/ev-1-5/ev-Autonomous-Vehicle-1-5/install/velodyne_cropbox
[0.899s] DEBUG:colcon.colcon_core.event_handler.log_command:Invoking command in '/home/kimsohee/ev-1-5/ev-Autonomous-Vehicle-1-5/build/velodyne_cropbox': CMAKE_PREFIX_PATH=${CMAKE_PREFIX_PATH}:/opt/ros/humble /usr/bin/cmake --build /home/kimsohee/ev-1-5/ev-Autonomous-Vehicle-1-5/build/velodyne_cropbox -- -j10 -l10
[0.900s] DEBUG:colcon.colcon_core.event_handler.log_command:Invoked command in '/home/kimsohee/ev-1-5/ev-Autonomous-Vehicle-1-5/build/t870_cmake' returned '0': CMAKE_PREFIX_PATH=${CMAKE_PREFIX_PATH}:/opt/ros/humble /usr/bin/cmake --build /home/kimsohee/ev-1-5/ev-Autonomous-Vehicle-1-5/build/t870_cmake -- -j10 -l10
[0.905s] DEBUG:colcon.colcon_core.event_handler.log_command:Invoking command in '/home/kimsohee/ev-1-5/ev-Autonomous-Vehicle-1-5/build/t870_cmake': CMAKE_PREFIX_PATH=${CMAKE_PREFIX_PATH}:/opt/ros/humble /usr/bin/cmake --install /home/kimsohee/ev-1-5/ev-Autonomous-Vehicle-1-5/build/t870_cmake
[0.906s] DEBUG:colcon.colcon_core.event_handler.log_command:Invoked command in '/home/kimsohee/ev-1-5/ev-Autonomous-Vehicle-1-5/build/carsa_gazebo' returned '0': CMAKE_PREFIX_PATH=${CMAKE_PREFIX_PATH}:/opt/ros/humble /usr/bin/cmake --build /home/kimsohee/ev-1-5/ev-Autonomous-Vehicle-1-5/build/carsa_gazebo -- -j10 -l10
[0.916s] DEBUG:colcon.colcon_core.event_handler.log_command:Invoking command in '/home/kimsohee/ev-1-5/ev-Autonomous-Vehicle-1-5/build/carsa_gazebo': CMAKE_PREFIX_PATH=${CMAKE_PREFIX_PATH}:/opt/ros/humble /usr/bin/cmake --install /home/kimsohee/ev-1-5/ev-Autonomous-Vehicle-1-5/build/carsa_gazebo
[0.917s] DEBUG:colcon.colcon_core.event_handler.log_command:Invoked command in '/home/kimsohee/ev-1-5/ev-Autonomous-Vehicle-1-5/build/erp42_cmake' returned '0': CMAKE_PREFIX_PATH=${CMAKE_PREFIX_PATH}:/opt/ros/humble /usr/bin/cmake --build /home/kimsohee/ev-1-5/ev-Autonomous-Vehicle-1-5/build/erp42_cmake -- -j10 -l10
[0.918s] DEBUG:colcon.colcon_core.event_handler.log_command:Invoking command in '/home/kimsohee/ev-1-5/ev-Autonomous-Vehicle-1-5/build/erp42_cmake': CMAKE_PREFIX_PATH=${CMAKE_PREFIX_PATH}:/opt/ros/humble /usr/bin/cmake --install /home/kimsohee/ev-1-5/ev-Autonomous-Vehicle-1-5/build/erp42_cmake
[0.952s] DEBUG:colcon.colcon_core.event_handler.log_command:Invoked command in '/home/kimsohee/ev-1-5/ev-Autonomous-Vehicle-1-5/build/gps_localization' returned '0': CMAKE_PREFIX_PATH=${CMAKE_PREFIX_PATH}:/opt/ros/humble /usr/bin/cmake /home/kimsohee/ev-1-5/ev-Autonomous-Vehicle-1-5/localization/src/gps_localization -DAMENT_CMAKE_SYMLINK_INSTALL=1 -DCMAKE_INSTALL_PREFIX=/home/kimsohee/ev-1-5/ev-Autonomous-Vehicle-1-5/install/gps_localization
[0.952s] DEBUG:colcon.colcon_core.event_handler.log_command:Invoking command in '/home/kimsohee/ev-1-5/ev-Autonomous-Vehicle-1-5/build/gps_localization': CMAKE_PREFIX_PATH=${CMAKE_PREFIX_PATH}:/opt/ros/humble /usr/bin/cmake --build /home/kimsohee/ev-1-5/ev-Autonomous-Vehicle-1-5/build/gps_localization -- -j10 -l10
[1.001s] Level 1:colcon.colcon_core.environment:create_environment_scripts_only(t870_cmake)
[1.003s] Level 1:colcon.colcon_core.environment:checking '/home/kimsohee/ev-1-5/ev-Autonomous-Vehicle-1-5/install/t870_cmake' for CMake module files
[1.004s] Level 1:colcon.colcon_core.environment:checking '/home/kimsohee/ev-1-5/ev-Autonomous-Vehicle-1-5/install/t870_cmake' for CMake config files
[1.004s] Level 1:colcon.colcon_core.shell:create_environment_hook('t870_cmake', 'cmake_prefix_path')
[1.004s] INFO:colcon.colcon_core.shell:Creating environment hook '/home/kimsohee/ev-1-5/ev-Autonomous-Vehicle-1-5/install/t870_cmake/share/t870_cmake/hook/cmake_prefix_path.ps1'
[1.004s] INFO:colcon.colcon_core.shell:Creating environment descriptor '/home/kimsohee/ev-1-5/ev-Autonomous-Vehicle-1-5/install/t870_cmake/share/t870_cmake/hook/cmake_prefix_path.dsv'
[1.004s] INFO:colcon.colcon_core.shell:Creating environment hook '/home/kimsohee/ev-1-5/ev-Autonomous-Vehicle-1-5/install/t870_cmake/share/t870_cmake/hook/cmake_prefix_path.sh'
[1.005s] Level 1:colcon.colcon_core.environment:checking '/home/kimsohee/ev-1-5/ev-Autonomous-Vehicle-1-5/install/t870_cmake/bin'
[1.005s] Level 1:colcon.colcon_core.environment:checking '/home/kimsohee/ev-1-5/ev-Autonomous-Vehicle-1-5/install/t870_cmake/lib/pkgconfig/t870_cmake.pc'
[1.005s] Level 1:colcon.colcon_core.environment:checking '/home/kimsohee/ev-1-5/ev-Autonomous-Vehicle-1-5/install/t870_cmake/lib/python3.10/site-packages'
[1.005s] Level 1:colcon.colcon_core.environment:checking '/home/kimsohee/ev-1-5/ev-Autonomous-Vehicle-1-5/install/t870_cmake/bin'
[1.005s] INFO:colcon.colcon_core.shell:Creating package script '/home/kimsohee/ev-1-5/ev-Autonomous-Vehicle-1-5/install/t870_cmake/share/t870_cmake/package.ps1'
[1.003s] DEBUG:colcon.colcon_core.event_handler.log_command:Invoked command in '/home/kimsohee/ev-1-5/ev-Autonomous-Vehicle-1-5/build/t870_cmake' returned '0': CMAKE_PREFIX_PATH=${CMAKE_PREFIX_PATH}:/opt/ros/humble /usr/bin/cmake --install /home/kimsohee/ev-1-5/ev-Autonomous-Vehicle-1-5/build/t870_cmake
[1.006s] INFO:colcon.colcon_core.shell:Creating package descriptor '/home/kimsohee/ev-1-5/ev-Autonomous-Vehicle-1-5/install/t870_cmake/share/t870_cmake/package.dsv'
[1.007s] INFO:colcon.colcon_core.shell:Creating package script '/home/kimsohee/ev-1-5/ev-Autonomous-Vehicle-1-5/install/t870_cmake/share/t870_cmake/package.sh'
[1.007s] INFO:colcon.colcon_core.shell:Creating package script '/home/kimsohee/ev-1-5/ev-Autonomous-Vehicle-1-5/install/t870_cmake/share/t870_cmake/package.bash'
[1.007s] INFO:colcon.colcon_core.shell:Creating package script '/home/kimsohee/ev-1-5/ev-Autonomous-Vehicle-1-5/install/t870_cmake/share/t870_cmake/package.zsh'
[1.007s] Level 1:colcon.colcon_core.environment:create_file_with_runtime_dependencies(/home/kimsohee/ev-1-5/ev-Autonomous-Vehicle-1-5/install/t870_cmake/share/colcon-core/packages/t870_cmake)
[1.008s] Level 1:colcon.colcon_core.environment:create_environment_scripts_only(t870_cmake)
[1.008s] Level 1:colcon.colcon_core.environment:checking '/home/kimsohee/ev-1-5/ev-Autonomous-Vehicle-1-5/install/t870_cmake' for CMake module files
[1.008s] Level 1:colcon.colcon_core.environment:checking '/home/kimsohee/ev-1-5/ev-Autonomous-Vehicle-1-5/install/t870_cmake' for CMake config files
[1.008s] Level 1:colcon.colcon_core.shell:create_environment_hook('t870_cmake', 'cmake_prefix_path')
[1.008s] INFO:colcon.colcon_core.shell:Creating environment hook '/home/kimsohee/ev-1-5/ev-Autonomous-Vehicle-1-5/install/t870_cmake/share/t870_cmake/hook/cmake_prefix_path.ps1'
[1.008s] INFO:colcon.colcon_core.shell:Creating environment descriptor '/home/kimsohee/ev-1-5/ev-Autonomous-Vehicle-1-5/install/t870_cmake/share/t870_cmake/hook/cmake_prefix_path.dsv'
[1.008s] INFO:colcon.colcon_core.shell:Creating environment hook '/home/kimsohee/ev-1-5/ev-Autonomous-Vehicle-1-5/install/t870_cmake/share/t870_cmake/hook/cmake_prefix_path.sh'
[1.010s] Level 1:colcon.colcon_core.environment:checking '/home/kimsohee/ev-1-5/ev-Autonomous-Vehicle-1-5/install/t870_cmake/bin'
[1.010s] Level 1:colcon.colcon_core.environment:checking '/home/kimsohee/ev-1-5/ev-Autonomous-Vehicle-1-5/install/t870_cmake/lib/pkgconfig/t870_cmake.pc'
[1.011s] Level 1:colcon.colcon_core.environment:checking '/home/kimsohee/ev-1-5/ev-Autonomous-Vehicle-1-5/install/t870_cmake/lib/python3.10/site-packages'
[1.011s] Level 1:colcon.colcon_core.environment:checking '/home/kimsohee/ev-1-5/ev-Autonomous-Vehicle-1-5/install/t870_cmake/bin'
[1.011s] INFO:colcon.colcon_core.shell:Creating package script '/home/kimsohee/ev-1-5/ev-Autonomous-Vehicle-1-5/install/t870_cmake/share/t870_cmake/package.ps1'
[1.011s] INFO:colcon.colcon_core.shell:Creating package descriptor '/home/kimsohee/ev-1-5/ev-Autonomous-Vehicle-1-5/install/t870_cmake/share/t870_cmake/package.dsv'
[1.012s] INFO:colcon.colcon_core.shell:Creating package script '/home/kimsohee/ev-1-5/ev-Autonomous-Vehicle-1-5/install/t870_cmake/share/t870_cmake/package.sh'
[1.012s] INFO:colcon.colcon_core.shell:Creating package script '/home/kimsohee/ev-1-5/ev-Autonomous-Vehicle-1-5/install/t870_cmake/share/t870_cmake/package.bash'
[1.012s] INFO:colcon.colcon_core.shell:Creating package script '/home/kimsohee/ev-1-5/ev-Autonomous-Vehicle-1-5/install/t870_cmake/share/t870_cmake/package.zsh'
[1.012s] Level 1:colcon.colcon_core.environment:create_file_with_runtime_dependencies(/home/kimsohee/ev-1-5/ev-Autonomous-Vehicle-1-5/install/t870_cmake/share/colcon-core/packages/t870_cmake)
[1.013s] INFO:colcon.colcon_ros.task.ament_cmake.build:Building ROS package in '/home/kimsohee/ev-1-5/ev-Autonomous-Vehicle-1-5/t870_ros/src/t870_util' with build type 'ament_cmake'
[1.013s] INFO:colcon.colcon_cmake.task.cmake.build:Building CMake package in '/home/kimsohee/ev-1-5/ev-Autonomous-Vehicle-1-5/t870_ros/src/t870_util'
[1.013s] INFO:colcon.colcon_core.shell:Skip shell extension 'powershell' for command environment: Not usable outside of PowerShell
[1.013s] DEBUG:colcon.colcon_core.shell:Skip shell extension 'dsv' for command environment
[1.035s] DEBUG:colcon.colcon_core.event_handler.log_command:Invoking command in '/home/kimsohee/ev-1-5/ev-Autonomous-Vehicle-1-5/build/t870_util': CMAKE_PREFIX_PATH=/home/kimsohee/ev-1-5/ev-Autonomous-Vehicle-1-5/install/t870_cmake:/home/kimsohee/ev-1-5/ev-Autonomous-Vehicle-1-5/install/velodyne_pointcloud:/home/kimsohee/ev-1-5/ev-Autonomous-Vehicle-1-5/install/velodyne_driver:/home/kimsohee/ev-1-5/ev-Autonomous-Vehicle-1-5/install/velodyne_msgs:/home/kimsohee/ev-1-5/ev-Autonomous-Vehicle-1-5/install/velodyne_cropbox:/home/kimsohee/ev-1-5/ev-Autonomous-Vehicle-1-5/install/t870_serial:/home/kimsohee/ev-1-5/ev-Autonomous-Vehicle-1-5/install/t870_rqt_plugin:/home/kimsohee/ev-1-5/ev-Autonomous-Vehicle-1-5/install/t870_util:/home/kimsohee/ev-1-5/ev-Autonomous-Vehicle-1-5/install/t870_msgs:/home/kimsohee/ev-1-5/ev-Autonomous-Vehicle-1-5/install/make_bbox:/home/kimsohee/ev-1-5/ev-Autonomous-Vehicle-1-5/install/localization_fusion:/home/kimsohee/ev-1-5/ev-Autonomous-Vehicle-1-5/install/ev_msgs:/home/kimsohee/ev-1-5/ev-Autonomous-Vehicle-1-5/install/erp42_serial:/home/kimsohee/ev-1-5/ev-Autonomous-Vehicle-1-5/install/erp42_rqt_plugin:/home/kimsohee/ev-1-5/ev-Autonomous-Vehicle-1-5/install/erp42_util:/home/kimsohee/ev-1-5/ev-Autonomous-Vehicle-1-5/install/erp42_msgs:/home/kimsohee/ev-1-5/ev-Autonomous-Vehicle-1-5/install/erp42_description:/home/kimsohee/ev-1-5/ev-Autonomous-Vehicle-1-5/install/erp42_cmake:/home/kimsohee/ev-1-5/ev-Autonomous-Vehicle-1-5/install/gps_localization:/home/kimsohee/ev-1-5/ev-Autonomous-Vehicle-1-5/install/erp42_gazebo:/home/kimsohee/ev-1-5/ev-Autonomous-Vehicle-1-5/install/carsa_gazebo:/opt/ros/humble /usr/bin/cmake /home/kimsohee/ev-1-5/ev-Autonomous-Vehicle-1-5/t870_ros/src/t870_util -DAMENT_CMAKE_SYMLINK_INSTALL=1 -DCMAKE_INSTALL_PREFIX=/home/kimsohee/ev-1-5/ev-Autonomous-Vehicle-1-5/install/t870_util
[1.052s] DEBUG:colcon.colcon_core.event_handler.log_command:Invoked command in '/home/kimsohee/ev-1-5/ev-Autonomous-Vehicle-1-5/build/localization_fusion' returned '0': CMAKE_PREFIX_PATH=${CMAKE_PREFIX_PATH}:/opt/ros/humble /usr/bin/cmake /home/kimsohee/ev-1-5/ev-Autonomous-Vehicle-1-5/localization/src/localization_fusion -DAMENT_CMAKE_SYMLINK_INSTALL=1 -DCMAKE_INSTALL_PREFIX=/home/kimsohee/ev-1-5/ev-Autonomous-Vehicle-1-5/install/localization_fusion
[1.053s] DEBUG:colcon.colcon_core.event_handler.log_command:Invoking command in '/home/kimsohee/ev-1-5/ev-Autonomous-Vehicle-1-5/build/localization_fusion': CMAKE_PREFIX_PATH=${CMAKE_PREFIX_PATH}:/opt/ros/humble /usr/bin/cmake --build /home/kimsohee/ev-1-5/ev-Autonomous-Vehicle-1-5/build/localization_fusion -- -j10 -l10
[1.053s] Level 1:colcon.colcon_core.environment:create_environment_scripts_only(erp42_cmake)
[1.053s] Level 1:colcon.colcon_core.environment:checking '/home/kimsohee/ev-1-5/ev-Autonomous-Vehicle-1-5/install/erp42_cmake' for CMake module files
[1.053s] Level 1:colcon.colcon_core.environment:checking '/home/kimsohee/ev-1-5/ev-Autonomous-Vehicle-1-5/install/erp42_cmake' for CMake config files
[1.053s] Level 1:colcon.colcon_core.shell:create_environment_hook('erp42_cmake', 'cmake_prefix_path')
[1.053s] INFO:colcon.colcon_core.shell:Creating environment hook '/home/kimsohee/ev-1-5/ev-Autonomous-Vehicle-1-5/install/erp42_cmake/share/erp42_cmake/hook/cmake_prefix_path.ps1'
[1.053s] INFO:colcon.colcon_core.shell:Creating environment descriptor '/home/kimsohee/ev-1-5/ev-Autonomous-Vehicle-1-5/install/erp42_cmake/share/erp42_cmake/hook/cmake_prefix_path.dsv'
[1.053s] INFO:colcon.colcon_core.shell:Creating environment hook '/home/kimsohee/ev-1-5/ev-Autonomous-Vehicle-1-5/install/erp42_cmake/share/erp42_cmake/hook/cmake_prefix_path.sh'
[1.054s] Level 1:colcon.colcon_core.environment:checking '/home/kimsohee/ev-1-5/ev-Autonomous-Vehicle-1-5/install/erp42_cmake/bin'
[1.054s] Level 1:colcon.colcon_core.environment:checking '/home/kimsohee/ev-1-5/ev-Autonomous-Vehicle-1-5/install/erp42_cmake/lib/pkgconfig/erp42_cmake.pc'
[1.054s] Level 1:colcon.colcon_core.environment:checking '/home/kimsohee/ev-1-5/ev-Autonomous-Vehicle-1-5/install/erp42_cmake/lib/python3.10/site-packages'
[1.054s] Level 1:colcon.colcon_core.environment:checking '/home/kimsohee/ev-1-5/ev-Autonomous-Vehicle-1-5/install/erp42_cmake/bin'
[1.054s] INFO:colcon.colcon_core.shell:Creating package script '/home/kimsohee/ev-1-5/ev-Autonomous-Vehicle-1-5/install/erp42_cmake/share/erp42_cmake/package.ps1'
[1.054s] INFO:colcon.colcon_core.shell:Creating package descriptor '/home/kimsohee/ev-1-5/ev-Autonomous-Vehicle-1-5/install/erp42_cmake/share/erp42_cmake/package.dsv'
[1.054s] INFO:colcon.colcon_core.shell:Creating package script '/home/kimsohee/ev-1-5/ev-Autonomous-Vehicle-1-5/install/erp42_cmake/share/erp42_cmake/package.sh'
[1.055s] INFO:colcon.colcon_core.shell:Creating package script '/home/kimsohee/ev-1-5/ev-Autonomous-Vehicle-1-5/install/erp42_cmake/share/erp42_cmake/package.bash'
[1.055s] INFO:colcon.colcon_core.shell:Creating package script '/home/kimsohee/ev-1-5/ev-Autonomous-Vehicle-1-5/install/erp42_cmake/share/erp42_cmake/package.zsh'
[1.055s] Level 1:colcon.colcon_core.environment:create_file_with_runtime_dependencies(/home/kimsohee/ev-1-5/ev-Autonomous-Vehicle-1-5/install/erp42_cmake/share/colcon-core/packages/erp42_cmake)
[1.055s] Level 1:colcon.colcon_core.environment:create_environment_scripts_only(erp42_cmake)
[1.055s] Level 1:colcon.colcon_core.environment:checking '/home/kimsohee/ev-1-5/ev-Autonomous-Vehicle-1-5/install/erp42_cmake' for CMake module files
[1.055s] Level 1:colcon.colcon_core.environment:checking '/home/kimsohee/ev-1-5/ev-Autonomous-Vehicle-1-5/install/erp42_cmake' for CMake config files
[1.055s] Level 1:colcon.colcon_core.shell:create_environment_hook('erp42_cmake', 'cmake_prefix_path')
[1.055s] INFO:colcon.colcon_core.shell:Creating environment hook '/home/kimsohee/ev-1-5/ev-Autonomous-Vehicle-1-5/install/erp42_cmake/share/erp42_cmake/hook/cmake_prefix_path.ps1'
[1.056s] INFO:colcon.colcon_core.shell:Creating environment descriptor '/home/kimsohee/ev-1-5/ev-Autonomous-Vehicle-1-5/install/erp42_cmake/share/erp42_cmake/hook/cmake_prefix_path.dsv'
[1.056s] INFO:colcon.colcon_core.shell:Creating environment hook '/home/kimsohee/ev-1-5/ev-Autonomous-Vehicle-1-5/install/erp42_cmake/share/erp42_cmake/hook/cmake_prefix_path.sh'
[1.058s] DEBUG:colcon.colcon_core.event_handler.log_command:Invoked command in '/home/kimsohee/ev-1-5/ev-Autonomous-Vehicle-1-5/build/erp42_cmake' returned '0': CMAKE_PREFIX_PATH=${CMAKE_PREFIX_PATH}:/opt/ros/humble /usr/bin/cmake --install /home/kimsohee/ev-1-5/ev-Autonomous-Vehicle-1-5/build/erp42_cmake
[1.061s] Level 1:colcon.colcon_core.environment:checking '/home/kimsohee/ev-1-5/ev-Autonomous-Vehicle-1-5/install/erp42_cmake/bin'
[1.061s] Level 1:colcon.colcon_core.environment:checking '/home/kimsohee/ev-1-5/ev-Autonomous-Vehicle-1-5/install/erp42_cmake/lib/pkgconfig/erp42_cmake.pc'
[1.061s] Level 1:colcon.colcon_core.environment:checking '/home/kimsohee/ev-1-5/ev-Autonomous-Vehicle-1-5/install/erp42_cmake/lib/python3.10/site-packages'
[1.062s] Level 1:colcon.colcon_core.environment:checking '/home/kimsohee/ev-1-5/ev-Autonomous-Vehicle-1-5/install/erp42_cmake/bin'
[1.062s] INFO:colcon.colcon_core.shell:Creating package script '/home/kimsohee/ev-1-5/ev-Autonomous-Vehicle-1-5/install/erp42_cmake/share/erp42_cmake/package.ps1'
[1.062s] INFO:colcon.colcon_core.shell:Creating package descriptor '/home/kimsohee/ev-1-5/ev-Autonomous-Vehicle-1-5/install/erp42_cmake/share/erp42_cmake/package.dsv'
[1.063s] INFO:colcon.colcon_core.shell:Creating package script '/home/kimsohee/ev-1-5/ev-Autonomous-Vehicle-1-5/install/erp42_cmake/share/erp42_cmake/package.sh'
[1.063s] INFO:colcon.colcon_core.shell:Creating package script '/home/kimsohee/ev-1-5/ev-Autonomous-Vehicle-1-5/install/erp42_cmake/share/erp42_cmake/package.bash'
[1.063s] INFO:colcon.colcon_core.shell:Creating package script '/home/kimsohee/ev-1-5/ev-Autonomous-Vehicle-1-5/install/erp42_cmake/share/erp42_cmake/package.zsh'
[1.064s] Level 1:colcon.colcon_core.environment:create_file_with_runtime_dependencies(/home/kimsohee/ev-1-5/ev-Autonomous-Vehicle-1-5/install/erp42_cmake/share/colcon-core/packages/erp42_cmake)
[1.066s] INFO:colcon.colcon_ros.task.ament_cmake.build:Building ROS package in '/home/kimsohee/ev-1-5/ev-Autonomous-Vehicle-1-5/erp42_ros/src/erp42_util' with build type 'ament_cmake'
[1.066s] INFO:colcon.colcon_cmake.task.cmake.build:Building CMake package in '/home/kimsohee/ev-1-5/ev-Autonomous-Vehicle-1-5/erp42_ros/src/erp42_util'
[1.066s] INFO:colcon.colcon_core.shell:Skip shell extension 'powershell' for command environment: Not usable outside of PowerShell
[1.066s] DEBUG:colcon.colcon_core.shell:Skip shell extension 'dsv' for command environment
[1.077s] DEBUG:colcon.colcon_core.event_handler.log_command:Invoking command in '/home/kimsohee/ev-1-5/ev-Autonomous-Vehicle-1-5/build/erp42_util': CMAKE_PREFIX_PATH=/home/kimsohee/ev-1-5/ev-Autonomous-Vehicle-1-5/install/erp42_cmake:/home/kimsohee/ev-1-5/ev-Autonomous-Vehicle-1-5/install/velodyne_pointcloud:/home/kimsohee/ev-1-5/ev-Autonomous-Vehicle-1-5/install/velodyne_driver:/home/kimsohee/ev-1-5/ev-Autonomous-Vehicle-1-5/install/velodyne_msgs:/home/kimsohee/ev-1-5/ev-Autonomous-Vehicle-1-5/install/velodyne_cropbox:/home/kimsohee/ev-1-5/ev-Autonomous-Vehicle-1-5/install/t870_serial:/home/kimsohee/ev-1-5/ev-Autonomous-Vehicle-1-5/install/t870_rqt_plugin:/home/kimsohee/ev-1-5/ev-Autonomous-Vehicle-1-5/install/t870_util:/home/kimsohee/ev-1-5/ev-Autonomous-Vehicle-1-5/install/t870_msgs:/home/kimsohee/ev-1-5/ev-Autonomous-Vehicle-1-5/install/t870_cmake:/home/kimsohee/ev-1-5/ev-Autonomous-Vehicle-1-5/install/make_bbox:/home/kimsohee/ev-1-5/ev-Autonomous-Vehicle-1-5/install/localization_fusion:/home/kimsohee/ev-1-5/ev-Autonomous-Vehicle-1-5/install/ev_msgs:/home/kimsohee/ev-1-5/ev-Autonomous-Vehicle-1-5/install/erp42_serial:/home/kimsohee/ev-1-5/ev-Autonomous-Vehicle-1-5/install/erp42_rqt_plugin:/home/kimsohee/ev-1-5/ev-Autonomous-Vehicle-1-5/install/erp42_util:/home/kimsohee/ev-1-5/ev-Autonomous-Vehicle-1-5/install/erp42_msgs:/home/kimsohee/ev-1-5/ev-Autonomous-Vehicle-1-5/install/erp42_description:/home/kimsohee/ev-1-5/ev-Autonomous-Vehicle-1-5/install/gps_localization:/home/kimsohee/ev-1-5/ev-Autonomous-Vehicle-1-5/install/erp42_gazebo:/home/kimsohee/ev-1-5/ev-Autonomous-Vehicle-1-5/install/carsa_gazebo:/opt/ros/humble /usr/bin/cmake /home/kimsohee/ev-1-5/ev-Autonomous-Vehicle-1-5/erp42_ros/src/erp42_util -DAMENT_CMAKE_SYMLINK_INSTALL=1 -DCMAKE_INSTALL_PREFIX=/home/kimsohee/ev-1-5/ev-Autonomous-Vehicle-1-5/install/erp42_util
[1.125s] Level 1:colcon.colcon_core.environment:create_environment_scripts_only(carsa_gazebo)
[1.125s] Level 1:colcon.colcon_core.environment:checking '/home/kimsohee/ev-1-5/ev-Autonomous-Vehicle-1-5/install/carsa_gazebo' for CMake module files
[1.126s] Level 1:colcon.colcon_core.environment:checking '/home/kimsohee/ev-1-5/ev-Autonomous-Vehicle-1-5/install/carsa_gazebo' for CMake config files
[1.126s] DEBUG:colcon.colcon_core.event_handler.log_command:Invoked command in '/home/kimsohee/ev-1-5/ev-Autonomous-Vehicle-1-5/build/carsa_gazebo' returned '0': CMAKE_PREFIX_PATH=${CMAKE_PREFIX_PATH}:/opt/ros/humble /usr/bin/cmake --install /home/kimsohee/ev-1-5/ev-Autonomous-Vehicle-1-5/build/carsa_gazebo
[1.126s] Level 1:colcon.colcon_core.shell:create_environment_hook('carsa_gazebo', 'cmake_prefix_path')
[1.127s] INFO:colcon.colcon_core.shell:Creating environment hook '/home/kimsohee/ev-1-5/ev-Autonomous-Vehicle-1-5/install/carsa_gazebo/share/carsa_gazebo/hook/cmake_prefix_path.ps1'
[1.127s] INFO:colcon.colcon_core.shell:Creating environment descriptor '/home/kimsohee/ev-1-5/ev-Autonomous-Vehicle-1-5/install/carsa_gazebo/share/carsa_gazebo/hook/cmake_prefix_path.dsv'
[1.127s] INFO:colcon.colcon_core.shell:Creating environment hook '/home/kimsohee/ev-1-5/ev-Autonomous-Vehicle-1-5/install/carsa_gazebo/share/carsa_gazebo/hook/cmake_prefix_path.sh'
[1.127s] Level 1:colcon.colcon_core.environment:checking '/home/kimsohee/ev-1-5/ev-Autonomous-Vehicle-1-5/install/carsa_gazebo/bin'
[1.127s] Level 1:colcon.colcon_core.environment:checking '/home/kimsohee/ev-1-5/ev-Autonomous-Vehicle-1-5/install/carsa_gazebo/lib/pkgconfig/carsa_gazebo.pc'
[1.127s] Level 1:colcon.colcon_core.environment:checking '/home/kimsohee/ev-1-5/ev-Autonomous-Vehicle-1-5/install/carsa_gazebo/lib/python3.10/site-packages'
[1.127s] Level 1:colcon.colcon_core.environment:checking '/home/kimsohee/ev-1-5/ev-Autonomous-Vehicle-1-5/install/carsa_gazebo/bin'
[1.128s] INFO:colcon.colcon_core.shell:Creating package script '/home/kimsohee/ev-1-5/ev-Autonomous-Vehicle-1-5/install/carsa_gazebo/share/carsa_gazebo/package.ps1'
[1.128s] INFO:colcon.colcon_core.shell:Creating package descriptor '/home/kimsohee/ev-1-5/ev-Autonomous-Vehicle-1-5/install/carsa_gazebo/share/carsa_gazebo/package.dsv'
[1.128s] INFO:colcon.colcon_core.shell:Creating package script '/home/kimsohee/ev-1-5/ev-Autonomous-Vehicle-1-5/install/carsa_gazebo/share/carsa_gazebo/package.sh'
[1.128s] INFO:colcon.colcon_core.shell:Creating package script '/home/kimsohee/ev-1-5/ev-Autonomous-Vehicle-1-5/install/carsa_gazebo/share/carsa_gazebo/package.bash'
[1.128s] INFO:colcon.colcon_core.shell:Creating package script '/home/kimsohee/ev-1-5/ev-Autonomous-Vehicle-1-5/install/carsa_gazebo/share/carsa_gazebo/package.zsh'
[1.128s] Level 1:colcon.colcon_core.environment:create_file_with_runtime_dependencies(/home/kimsohee/ev-1-5/ev-Autonomous-Vehicle-1-5/install/carsa_gazebo/share/colcon-core/packages/carsa_gazebo)
[1.129s] Level 1:colcon.colcon_core.environment:create_environment_scripts_only(carsa_gazebo)
[1.129s] Level 1:colcon.colcon_core.environment:checking '/home/kimsohee/ev-1-5/ev-Autonomous-Vehicle-1-5/install/carsa_gazebo' for CMake module files
[1.129s] Level 1:colcon.colcon_core.environment:checking '/home/kimsohee/ev-1-5/ev-Autonomous-Vehicle-1-5/install/carsa_gazebo' for CMake config files
[1.129s] Level 1:colcon.colcon_core.shell:create_environment_hook('carsa_gazebo', 'cmake_prefix_path')
[1.130s] INFO:colcon.colcon_core.shell:Creating environment hook '/home/kimsohee/ev-1-5/ev-Autonomous-Vehicle-1-5/install/carsa_gazebo/share/carsa_gazebo/hook/cmake_prefix_path.ps1'
[1.130s] INFO:colcon.colcon_core.shell:Creating environment descriptor '/home/kimsohee/ev-1-5/ev-Autonomous-Vehicle-1-5/install/carsa_gazebo/share/carsa_gazebo/hook/cmake_prefix_path.dsv'
[1.130s] INFO:colcon.colcon_core.shell:Creating environment hook '/home/kimsohee/ev-1-5/ev-Autonomous-Vehicle-1-5/install/carsa_gazebo/share/carsa_gazebo/hook/cmake_prefix_path.sh'
[1.135s] Level 1:colcon.colcon_core.environment:checking '/home/kimsohee/ev-1-5/ev-Autonomous-Vehicle-1-5/install/carsa_gazebo/bin'
[1.135s] Level 1:colcon.colcon_core.environment:checking '/home/kimsohee/ev-1-5/ev-Autonomous-Vehicle-1-5/install/carsa_gazebo/lib/pkgconfig/carsa_gazebo.pc'
[1.135s] Level 1:colcon.colcon_core.environment:checking '/home/kimsohee/ev-1-5/ev-Autonomous-Vehicle-1-5/install/carsa_gazebo/lib/python3.10/site-packages'
[1.135s] Level 1:colcon.colcon_core.environment:checking '/home/kimsohee/ev-1-5/ev-Autonomous-Vehicle-1-5/install/carsa_gazebo/bin'
[1.136s] INFO:colcon.colcon_core.shell:Creating package script '/home/kimsohee/ev-1-5/ev-Autonomous-Vehicle-1-5/install/carsa_gazebo/share/carsa_gazebo/package.ps1'
[1.136s] INFO:colcon.colcon_core.shell:Creating package descriptor '/home/kimsohee/ev-1-5/ev-Autonomous-Vehicle-1-5/install/carsa_gazebo/share/carsa_gazebo/package.dsv'
[1.139s] INFO:colcon.colcon_core.shell:Creating package script '/home/kimsohee/ev-1-5/ev-Autonomous-Vehicle-1-5/install/carsa_gazebo/share/carsa_gazebo/package.sh'
[1.139s] INFO:colcon.colcon_core.shell:Creating package script '/home/kimsohee/ev-1-5/ev-Autonomous-Vehicle-1-5/install/carsa_gazebo/share/carsa_gazebo/package.bash'
[1.139s] INFO:colcon.colcon_core.shell:Creating package script '/home/kimsohee/ev-1-5/ev-Autonomous-Vehicle-1-5/install/carsa_gazebo/share/carsa_gazebo/package.zsh'
[1.140s] Level 1:colcon.colcon_core.environment:create_file_with_runtime_dependencies(/home/kimsohee/ev-1-5/ev-Autonomous-Vehicle-1-5/install/carsa_gazebo/share/colcon-core/packages/carsa_gazebo)
[1.141s] INFO:colcon.colcon_ros.task.ament_cmake.build:Building ROS package in '/home/kimsohee/ev-1-5/ev-Autonomous-Vehicle-1-5/erp42_ros/src/erp42_description' with build type 'ament_cmake'
[1.141s] INFO:colcon.colcon_cmake.task.cmake.build:Building CMake package in '/home/kimsohee/ev-1-5/ev-Autonomous-Vehicle-1-5/erp42_ros/src/erp42_description'
[1.141s] INFO:colcon.colcon_core.shell:Skip shell extension 'powershell' for command environment: Not usable outside of PowerShell
[1.141s] DEBUG:colcon.colcon_core.shell:Skip shell extension 'dsv' for command environment
[1.155s] DEBUG:colcon.colcon_core.event_handler.log_command:Invoked command in '/home/kimsohee/ev-1-5/ev-Autonomous-Vehicle-1-5/build/localization_fusion' returned '0': CMAKE_PREFIX_PATH=${CMAKE_PREFIX_PATH}:/opt/ros/humble /usr/bin/cmake --build /home/kimsohee/ev-1-5/ev-Autonomous-Vehicle-1-5/build/localization_fusion -- -j10 -l10
[1.156s] DEBUG:colcon.colcon_core.event_handler.log_command:Invoking command in '/home/kimsohee/ev-1-5/ev-Autonomous-Vehicle-1-5/build/localization_fusion': CMAKE_PREFIX_PATH=${CMAKE_PREFIX_PATH}:/opt/ros/humble /usr/bin/cmake --install /home/kimsohee/ev-1-5/ev-Autonomous-Vehicle-1-5/build/localization_fusion
[1.158s] DEBUG:colcon.colcon_core.event_handler.log_command:Invoked command in '/home/kimsohee/ev-1-5/ev-Autonomous-Vehicle-1-5/build/velodyne_msgs' returned '0': CMAKE_PREFIX_PATH=${CMAKE_PREFIX_PATH}:/opt/ros/humble /usr/bin/cmake /home/kimsohee/ev-1-5/ev-Autonomous-Vehicle-1-5/perception/src/lidar/velodyne_msgs -DAMENT_CMAKE_SYMLINK_INSTALL=1 -DCMAKE_INSTALL_PREFIX=/home/kimsohee/ev-1-5/ev-Autonomous-Vehicle-1-5/install/velodyne_msgs
[1.159s] DEBUG:colcon.colcon_core.event_handler.log_command:Invoking command in '/home/kimsohee/ev-1-5/ev-Autonomous-Vehicle-1-5/build/velodyne_msgs': CMAKE_PREFIX_PATH=${CMAKE_PREFIX_PATH}:/opt/ros/humble /usr/bin/cmake --build /home/kimsohee/ev-1-5/ev-Autonomous-Vehicle-1-5/build/velodyne_msgs -- -j10 -l10
[1.166s] DEBUG:colcon.colcon_core.event_handler.log_command:Invoking command in '/home/kimsohee/ev-1-5/ev-Autonomous-Vehicle-1-5/build/erp42_description': CMAKE_PREFIX_PATH=/home/kimsohee/ev-1-5/ev-Autonomous-Vehicle-1-5/install/erp42_cmake:/home/kimsohee/ev-1-5/ev-Autonomous-Vehicle-1-5/install/velodyne_pointcloud:/home/kimsohee/ev-1-5/ev-Autonomous-Vehicle-1-5/install/velodyne_driver:/home/kimsohee/ev-1-5/ev-Autonomous-Vehicle-1-5/install/velodyne_msgs:/home/kimsohee/ev-1-5/ev-Autonomous-Vehicle-1-5/install/velodyne_cropbox:/home/kimsohee/ev-1-5/ev-Autonomous-Vehicle-1-5/install/t870_serial:/home/kimsohee/ev-1-5/ev-Autonomous-Vehicle-1-5/install/t870_rqt_plugin:/home/kimsohee/ev-1-5/ev-Autonomous-Vehicle-1-5/install/t870_util:/home/kimsohee/ev-1-5/ev-Autonomous-Vehicle-1-5/install/t870_msgs:/home/kimsohee/ev-1-5/ev-Autonomous-Vehicle-1-5/install/t870_cmake:/home/kimsohee/ev-1-5/ev-Autonomous-Vehicle-1-5/install/make_bbox:/home/kimsohee/ev-1-5/ev-Autonomous-Vehicle-1-5/install/localization_fusion:/home/kimsohee/ev-1-5/ev-Autonomous-Vehicle-1-5/install/ev_msgs:/home/kimsohee/ev-1-5/ev-Autonomous-Vehicle-1-5/install/erp42_serial:/home/kimsohee/ev-1-5/ev-Autonomous-Vehicle-1-5/install/erp42_rqt_plugin:/home/kimsohee/ev-1-5/ev-Autonomous-Vehicle-1-5/install/erp42_util:/home/kimsohee/ev-1-5/ev-Autonomous-Vehicle-1-5/install/erp42_msgs:/home/kimsohee/ev-1-5/ev-Autonomous-Vehicle-1-5/install/erp42_description:/home/kimsohee/ev-1-5/ev-Autonomous-Vehicle-1-5/install/gps_localization:/home/kimsohee/ev-1-5/ev-Autonomous-Vehicle-1-5/install/erp42_gazebo:/home/kimsohee/ev-1-5/ev-Autonomous-Vehicle-1-5/install/carsa_gazebo:/opt/ros/humble /usr/bin/cmake /home/kimsohee/ev-1-5/ev-Autonomous-Vehicle-1-5/erp42_ros/src/erp42_description -DAMENT_CMAKE_SYMLINK_INSTALL=1 -DCMAKE_INSTALL_PREFIX=/home/kimsohee/ev-1-5/ev-Autonomous-Vehicle-1-5/install/erp42_description
[1.174s] DEBUG:colcon.colcon_core.event_handler.log_command:Invoked command in '/home/kimsohee/ev-1-5/ev-Autonomous-Vehicle-1-5/build/t870_msgs' returned '0': CMAKE_PREFIX_PATH=${CMAKE_PREFIX_PATH}:/opt/ros/humble /usr/bin/cmake /home/kimsohee/ev-1-5/ev-Autonomous-Vehicle-1-5/t870_ros/src/t870_msgs -DAMENT_CMAKE_SYMLINK_INSTALL=1 -DCMAKE_INSTALL_PREFIX=/home/kimsohee/ev-1-5/ev-Autonomous-Vehicle-1-5/install/t870_msgs
[1.177s] DEBUG:colcon.colcon_core.event_handler.log_command:Invoking command in '/home/kimsohee/ev-1-5/ev-Autonomous-Vehicle-1-5/build/t870_msgs': CMAKE_PREFIX_PATH=${CMAKE_PREFIX_PATH}:/opt/ros/humble /usr/bin/cmake --build /home/kimsohee/ev-1-5/ev-Autonomous-Vehicle-1-5/build/t870_msgs -- -j10 -l10
[1.199s] DEBUG:colcon.colcon_core.event_handler.log_command:Invoked command in '/home/kimsohee/ev-1-5/ev-Autonomous-Vehicle-1-5/build/erp42_msgs' returned '0': CMAKE_PREFIX_PATH=${CMAKE_PREFIX_PATH}:/opt/ros/humble /usr/bin/cmake /home/kimsohee/ev-1-5/ev-Autonomous-Vehicle-1-5/erp42_ros/src/erp42_msgs -DAMENT_CMAKE_SYMLINK_INSTALL=1 -DCMAKE_INSTALL_PREFIX=/home/kimsohee/ev-1-5/ev-Autonomous-Vehicle-1-5/install/erp42_msgs
[1.199s] DEBUG:colcon.colcon_core.event_handler.log_command:Invoking command in '/home/kimsohee/ev-1-5/ev-Autonomous-Vehicle-1-5/build/erp42_msgs': CMAKE_PREFIX_PATH=${CMAKE_PREFIX_PATH}:/opt/ros/humble /usr/bin/cmake --build /home/kimsohee/ev-1-5/ev-Autonomous-Vehicle-1-5/build/erp42_msgs -- -j10 -l10
[1.268s] DEBUG:colcon.colcon_core.event_handler.log_command:Invoked command in '/home/kimsohee/ev-1-5/ev-Autonomous-Vehicle-1-5/build/ev_msgs' returned '0': CMAKE_PREFIX_PATH=${CMAKE_PREFIX_PATH}:/opt/ros/humble /usr/bin/cmake /home/kimsohee/ev-1-5/ev-Autonomous-Vehicle-1-5/ev_msgs -DAMENT_CMAKE_SYMLINK_INSTALL=1 -DCMAKE_INSTALL_PREFIX=/home/kimsohee/ev-1-5/ev-Autonomous-Vehicle-1-5/install/ev_msgs
[1.269s] DEBUG:colcon.colcon_core.event_handler.log_command:Invoking command in '/home/kimsohee/ev-1-5/ev-Autonomous-Vehicle-1-5/build/ev_msgs': CMAKE_PREFIX_PATH=${CMAKE_PREFIX_PATH}:/opt/ros/humble /usr/bin/cmake --build /home/kimsohee/ev-1-5/ev-Autonomous-Vehicle-1-5/build/ev_msgs -- -j10 -l10
[1.314s] Level 1:colcon.colcon_core.environment:create_environment_scripts_only(localization_fusion)
[1.314s] Level 1:colcon.colcon_core.environment:checking '/home/kimsohee/ev-1-5/ev-Autonomous-Vehicle-1-5/install/localization_fusion' for CMake module files
[1.314s] Level 1:colcon.colcon_core.environment:checking '/home/kimsohee/ev-1-5/ev-Autonomous-Vehicle-1-5/install/localization_fusion' for CMake config files
[1.314s] Level 1:colcon.colcon_core.shell:create_environment_hook('localization_fusion', 'cmake_prefix_path')
[1.315s] INFO:colcon.colcon_core.shell:Creating environment hook '/home/kimsohee/ev-1-5/ev-Autonomous-Vehicle-1-5/install/localization_fusion/share/localization_fusion/hook/cmake_prefix_path.ps1'
[1.315s] INFO:colcon.colcon_core.shell:Creating environment descriptor '/home/kimsohee/ev-1-5/ev-Autonomous-Vehicle-1-5/install/localization_fusion/share/localization_fusion/hook/cmake_prefix_path.dsv'
[1.315s] INFO:colcon.colcon_core.shell:Creating environment hook '/home/kimsohee/ev-1-5/ev-Autonomous-Vehicle-1-5/install/localization_fusion/share/localization_fusion/hook/cmake_prefix_path.sh'
[1.316s] Level 1:colcon.colcon_core.environment:checking '/home/kimsohee/ev-1-5/ev-Autonomous-Vehicle-1-5/install/localization_fusion/bin'
[1.316s] Level 1:colcon.colcon_core.environment:checking '/home/kimsohee/ev-1-5/ev-Autonomous-Vehicle-1-5/install/localization_fusion/lib/pkgconfig/localization_fusion.pc'
[1.316s] Level 1:colcon.colcon_core.environment:checking '/home/kimsohee/ev-1-5/ev-Autonomous-Vehicle-1-5/install/localization_fusion/lib/python3.10/site-packages'
[1.316s] Level 1:colcon.colcon_core.environment:checking '/home/kimsohee/ev-1-5/ev-Autonomous-Vehicle-1-5/install/localization_fusion/bin'
[1.316s] INFO:colcon.colcon_core.shell:Creating package script '/home/kimsohee/ev-1-5/ev-Autonomous-Vehicle-1-5/install/localization_fusion/share/localization_fusion/package.ps1'
[1.316s] INFO:colcon.colcon_core.shell:Creating package descriptor '/home/kimsohee/ev-1-5/ev-Autonomous-Vehicle-1-5/install/localization_fusion/share/localization_fusion/package.dsv'
[1.317s] INFO:colcon.colcon_core.shell:Creating package script '/home/kimsohee/ev-1-5/ev-Autonomous-Vehicle-1-5/install/localization_fusion/share/localization_fusion/package.sh'
[1.317s] INFO:colcon.colcon_core.shell:Creating package script '/home/kimsohee/ev-1-5/ev-Autonomous-Vehicle-1-5/install/localization_fusion/share/localization_fusion/package.bash'
[1.317s] INFO:colcon.colcon_core.shell:Creating package script '/home/kimsohee/ev-1-5/ev-Autonomous-Vehicle-1-5/install/localization_fusion/share/localization_fusion/package.zsh'
[1.317s] Level 1:colcon.colcon_core.environment:create_file_with_runtime_dependencies(/home/kimsohee/ev-1-5/ev-Autonomous-Vehicle-1-5/install/localization_fusion/share/colcon-core/packages/localization_fusion)
[1.317s] Level 1:colcon.colcon_core.environment:create_environment_scripts_only(localization_fusion)
[1.317s] Level 1:colcon.colcon_core.environment:checking '/home/kimsohee/ev-1-5/ev-Autonomous-Vehicle-1-5/install/localization_fusion' for CMake module files
[1.317s] Level 1:colcon.colcon_core.environment:checking '/home/kimsohee/ev-1-5/ev-Autonomous-Vehicle-1-5/install/localization_fusion' for CMake config files
[1.317s] Level 1:colcon.colcon_core.shell:create_environment_hook('localization_fusion', 'cmake_prefix_path')
[1.318s] INFO:colcon.colcon_core.shell:Creating environment hook '/home/kimsohee/ev-1-5/ev-Autonomous-Vehicle-1-5/install/localization_fusion/share/localization_fusion/hook/cmake_prefix_path.ps1'
[1.318s] INFO:colcon.colcon_core.shell:Creating environment descriptor '/home/kimsohee/ev-1-5/ev-Autonomous-Vehicle-1-5/install/localization_fusion/share/localization_fusion/hook/cmake_prefix_path.dsv'
[1.318s] INFO:colcon.colcon_core.shell:Creating environment hook '/home/kimsohee/ev-1-5/ev-Autonomous-Vehicle-1-5/install/localization_fusion/share/localization_fusion/hook/cmake_prefix_path.sh'
[1.319s] DEBUG:colcon.colcon_core.event_handler.log_command:Invoked command in '/home/kimsohee/ev-1-5/ev-Autonomous-Vehicle-1-5/build/localization_fusion' returned '0': CMAKE_PREFIX_PATH=${CMAKE_PREFIX_PATH}:/opt/ros/humble /usr/bin/cmake --install /home/kimsohee/ev-1-5/ev-Autonomous-Vehicle-1-5/build/localization_fusion
[1.319s] Level 1:colcon.colcon_core.environment:checking '/home/kimsohee/ev-1-5/ev-Autonomous-Vehicle-1-5/install/localization_fusion/bin'
[1.319s] Level 1:colcon.colcon_core.environment:checking '/home/kimsohee/ev-1-5/ev-Autonomous-Vehicle-1-5/install/localization_fusion/lib/pkgconfig/localization_fusion.pc'
[1.319s] Level 1:colcon.colcon_core.environment:checking '/home/kimsohee/ev-1-5/ev-Autonomous-Vehicle-1-5/install/localization_fusion/lib/python3.10/site-packages'
[1.320s] Level 1:colcon.colcon_core.environment:checking '/home/kimsohee/ev-1-5/ev-Autonomous-Vehicle-1-5/install/localization_fusion/bin'
[1.320s] INFO:colcon.colcon_core.shell:Creating package script '/home/kimsohee/ev-1-5/ev-Autonomous-Vehicle-1-5/install/localization_fusion/share/localization_fusion/package.ps1'
[1.320s] INFO:colcon.colcon_core.shell:Creating package descriptor '/home/kimsohee/ev-1-5/ev-Autonomous-Vehicle-1-5/install/localization_fusion/share/localization_fusion/package.dsv'
[1.320s] INFO:colcon.colcon_core.shell:Creating package script '/home/kimsohee/ev-1-5/ev-Autonomous-Vehicle-1-5/install/localization_fusion/share/localization_fusion/package.sh'
[1.321s] INFO:colcon.colcon_core.shell:Creating package script '/home/kimsohee/ev-1-5/ev-Autonomous-Vehicle-1-5/install/localization_fusion/share/localization_fusion/package.bash'
[1.321s] INFO:colcon.colcon_core.shell:Creating package script '/home/kimsohee/ev-1-5/ev-Autonomous-Vehicle-1-5/install/localization_fusion/share/localization_fusion/package.zsh'
[1.321s] Level 1:colcon.colcon_core.environment:create_file_with_runtime_dependencies(/home/kimsohee/ev-1-5/ev-Autonomous-Vehicle-1-5/install/localization_fusion/share/colcon-core/packages/localization_fusion)
[1.807s] DEBUG:colcon.colcon_core.event_handler.log_command:Invoked command in '/home/kimsohee/ev-1-5/ev-Autonomous-Vehicle-1-5/build/t870_util' returned '0': CMAKE_PREFIX_PATH=/home/kimsohee/ev-1-5/ev-Autonomous-Vehicle-1-5/install/t870_cmake:/home/kimsohee/ev-1-5/ev-Autonomous-Vehicle-1-5/install/velodyne_pointcloud:/home/kimsohee/ev-1-5/ev-Autonomous-Vehicle-1-5/install/velodyne_driver:/home/kimsohee/ev-1-5/ev-Autonomous-Vehicle-1-5/install/velodyne_msgs:/home/kimsohee/ev-1-5/ev-Autonomous-Vehicle-1-5/install/velodyne_cropbox:/home/kimsohee/ev-1-5/ev-Autonomous-Vehicle-1-5/install/t870_serial:/home/kimsohee/ev-1-5/ev-Autonomous-Vehicle-1-5/install/t870_rqt_plugin:/home/kimsohee/ev-1-5/ev-Autonomous-Vehicle-1-5/install/t870_util:/home/kimsohee/ev-1-5/ev-Autonomous-Vehicle-1-5/install/t870_msgs:/home/kimsohee/ev-1-5/ev-Autonomous-Vehicle-1-5/install/make_bbox:/home/kimsohee/ev-1-5/ev-Autonomous-Vehicle-1-5/install/localization_fusion:/home/kimsohee/ev-1-5/ev-Autonomous-Vehicle-1-5/install/ev_msgs:/home/kimsohee/ev-1-5/ev-Autonomous-Vehicle-1-5/install/erp42_serial:/home/kimsohee/ev-1-5/ev-Autonomous-Vehicle-1-5/install/erp42_rqt_plugin:/home/kimsohee/ev-1-5/ev-Autonomous-Vehicle-1-5/install/erp42_util:/home/kimsohee/ev-1-5/ev-Autonomous-Vehicle-1-5/install/erp42_msgs:/home/kimsohee/ev-1-5/ev-Autonomous-Vehicle-1-5/install/erp42_description:/home/kimsohee/ev-1-5/ev-Autonomous-Vehicle-1-5/install/erp42_cmake:/home/kimsohee/ev-1-5/ev-Autonomous-Vehicle-1-5/install/gps_localization:/home/kimsohee/ev-1-5/ev-Autonomous-Vehicle-1-5/install/erp42_gazebo:/home/kimsohee/ev-1-5/ev-Autonomous-Vehicle-1-5/install/carsa_gazebo:/opt/ros/humble /usr/bin/cmake /home/kimsohee/ev-1-5/ev-Autonomous-Vehicle-1-5/t870_ros/src/t870_util -DAMENT_CMAKE_SYMLINK_INSTALL=1 -DCMAKE_INSTALL_PREFIX=/home/kimsohee/ev-1-5/ev-Autonomous-Vehicle-1-5/install/t870_util
[1.808s] DEBUG:colcon.colcon_core.event_handler.log_command:Invoking command in '/home/kimsohee/ev-1-5/ev-Autonomous-Vehicle-1-5/build/t870_util': CMAKE_PREFIX_PATH=/home/kimsohee/ev-1-5/ev-Autonomous-Vehicle-1-5/install/t870_cmake:/home/kimsohee/ev-1-5/ev-Autonomous-Vehicle-1-5/install/velodyne_pointcloud:/home/kimsohee/ev-1-5/ev-Autonomous-Vehicle-1-5/install/velodyne_driver:/home/kimsohee/ev-1-5/ev-Autonomous-Vehicle-1-5/install/velodyne_msgs:/home/kimsohee/ev-1-5/ev-Autonomous-Vehicle-1-5/install/velodyne_cropbox:/home/kimsohee/ev-1-5/ev-Autonomous-Vehicle-1-5/install/t870_serial:/home/kimsohee/ev-1-5/ev-Autonomous-Vehicle-1-5/install/t870_rqt_plugin:/home/kimsohee/ev-1-5/ev-Autonomous-Vehicle-1-5/install/t870_util:/home/kimsohee/ev-1-5/ev-Autonomous-Vehicle-1-5/install/t870_msgs:/home/kimsohee/ev-1-5/ev-Autonomous-Vehicle-1-5/install/make_bbox:/home/kimsohee/ev-1-5/ev-Autonomous-Vehicle-1-5/install/localization_fusion:/home/kimsohee/ev-1-5/ev-Autonomous-Vehicle-1-5/install/ev_msgs:/home/kimsohee/ev-1-5/ev-Autonomous-Vehicle-1-5/install/erp42_serial:/home/kimsohee/ev-1-5/ev-Autonomous-Vehicle-1-5/install/erp42_rqt_plugin:/home/kimsohee/ev-1-5/ev-Autonomous-Vehicle-1-5/install/erp42_util:/home/kimsohee/ev-1-5/ev-Autonomous-Vehicle-1-5/install/erp42_msgs:/home/kimsohee/ev-1-5/ev-Autonomous-Vehicle-1-5/install/erp42_description:/home/kimsohee/ev-1-5/ev-Autonomous-Vehicle-1-5/install/erp42_cmake:/home/kimsohee/ev-1-5/ev-Autonomous-Vehicle-1-5/install/gps_localization:/home/kimsohee/ev-1-5/ev-Autonomous-Vehicle-1-5/install/erp42_gazebo:/home/kimsohee/ev-1-5/ev-Autonomous-Vehicle-1-5/install/carsa_gazebo:/opt/ros/humble /usr/bin/cmake --build /home/kimsohee/ev-1-5/ev-Autonomous-Vehicle-1-5/build/t870_util -- -j10 -l10
[2.029s] DEBUG:colcon.colcon_core.event_handler.log_command:Invoked command in '/home/kimsohee/ev-1-5/ev-Autonomous-Vehicle-1-5/build/erp42_util' returned '0': CMAKE_PREFIX_PATH=/home/kimsohee/ev-1-5/ev-Autonomous-Vehicle-1-5/install/erp42_cmake:/home/kimsohee/ev-1-5/ev-Autonomous-Vehicle-1-5/install/velodyne_pointcloud:/home/kimsohee/ev-1-5/ev-Autonomous-Vehicle-1-5/install/velodyne_driver:/home/kimsohee/ev-1-5/ev-Autonomous-Vehicle-1-5/install/velodyne_msgs:/home/kimsohee/ev-1-5/ev-Autonomous-Vehicle-1-5/install/velodyne_cropbox:/home/kimsohee/ev-1-5/ev-Autonomous-Vehicle-1-5/install/t870_serial:/home/kimsohee/ev-1-5/ev-Autonomous-Vehicle-1-5/install/t870_rqt_plugin:/home/kimsohee/ev-1-5/ev-Autonomous-Vehicle-1-5/install/t870_util:/home/kimsohee/ev-1-5/ev-Autonomous-Vehicle-1-5/install/t870_msgs:/home/kimsohee/ev-1-5/ev-Autonomous-Vehicle-1-5/install/t870_cmake:/home/kimsohee/ev-1-5/ev-Autonomous-Vehicle-1-5/install/make_bbox:/home/kimsohee/ev-1-5/ev-Autonomous-Vehicle-1-5/install/localization_fusion:/home/kimsohee/ev-1-5/ev-Autonomous-Vehicle-1-5/install/ev_msgs:/home/kimsohee/ev-1-5/ev-Autonomous-Vehicle-1-5/install/erp42_serial:/home/kimsohee/ev-1-5/ev-Autonomous-Vehicle-1-5/install/erp42_rqt_plugin:/home/kimsohee/ev-1-5/ev-Autonomous-Vehicle-1-5/install/erp42_util:/home/kimsohee/ev-1-5/ev-Autonomous-Vehicle-1-5/install/erp42_msgs:/home/kimsohee/ev-1-5/ev-Autonomous-Vehicle-1-5/install/erp42_description:/home/kimsohee/ev-1-5/ev-Autonomous-Vehicle-1-5/install/gps_localization:/home/kimsohee/ev-1-5/ev-Autonomous-Vehicle-1-5/install/erp42_gazebo:/home/kimsohee/ev-1-5/ev-Autonomous-Vehicle-1-5/install/carsa_gazebo:/opt/ros/humble /usr/bin/cmake /home/kimsohee/ev-1-5/ev-Autonomous-Vehicle-1-5/erp42_ros/src/erp42_util -DAMENT_CMAKE_SYMLINK_INSTALL=1 -DCMAKE_INSTALL_PREFIX=/home/kimsohee/ev-1-5/ev-Autonomous-Vehicle-1-5/install/erp42_util
[2.029s] DEBUG:colcon.colcon_core.event_handler.log_command:Invoking command in '/home/kimsohee/ev-1-5/ev-Autonomous-Vehicle-1-5/build/erp42_util': CMAKE_PREFIX_PATH=/home/kimsohee/ev-1-5/ev-Autonomous-Vehicle-1-5/install/erp42_cmake:/home/kimsohee/ev-1-5/ev-Autonomous-Vehicle-1-5/install/velodyne_pointcloud:/home/kimsohee/ev-1-5/ev-Autonomous-Vehicle-1-5/install/velodyne_driver:/home/kimsohee/ev-1-5/ev-Autonomous-Vehicle-1-5/install/velodyne_msgs:/home/kimsohee/ev-1-5/ev-Autonomous-Vehicle-1-5/install/velodyne_cropbox:/home/kimsohee/ev-1-5/ev-Autonomous-Vehicle-1-5/install/t870_serial:/home/kimsohee/ev-1-5/ev-Autonomous-Vehicle-1-5/install/t870_rqt_plugin:/home/kimsohee/ev-1-5/ev-Autonomous-Vehicle-1-5/install/t870_util:/home/kimsohee/ev-1-5/ev-Autonomous-Vehicle-1-5/install/t870_msgs:/home/kimsohee/ev-1-5/ev-Autonomous-Vehicle-1-5/install/t870_cmake:/home/kimsohee/ev-1-5/ev-Autonomous-Vehicle-1-5/install/make_bbox:/home/kimsohee/ev-1-5/ev-Autonomous-Vehicle-1-5/install/localization_fusion:/home/kimsohee/ev-1-5/ev-Autonomous-Vehicle-1-5/install/ev_msgs:/home/kimsohee/ev-1-5/ev-Autonomous-Vehicle-1-5/install/erp42_serial:/home/kimsohee/ev-1-5/ev-Autonomous-Vehicle-1-5/install/erp42_rqt_plugin:/home/kimsohee/ev-1-5/ev-Autonomous-Vehicle-1-5/install/erp42_util:/home/kimsohee/ev-1-5/ev-Autonomous-Vehicle-1-5/install/erp42_msgs:/home/kimsohee/ev-1-5/ev-Autonomous-Vehicle-1-5/install/erp42_description:/home/kimsohee/ev-1-5/ev-Autonomous-Vehicle-1-5/install/gps_localization:/home/kimsohee/ev-1-5/ev-Autonomous-Vehicle-1-5/install/erp42_gazebo:/home/kimsohee/ev-1-5/ev-Autonomous-Vehicle-1-5/install/carsa_gazebo:/opt/ros/humble /usr/bin/cmake --build /home/kimsohee/ev-1-5/ev-Autonomous-Vehicle-1-5/build/erp42_util -- -j10 -l10
[2.259s] DEBUG:colcon.colcon_core.event_handler.log_command:Invoked command in '/home/kimsohee/ev-1-5/ev-Autonomous-Vehicle-1-5/build/erp42_description' returned '0': CMAKE_PREFIX_PATH=/home/kimsohee/ev-1-5/ev-Autonomous-Vehicle-1-5/install/erp42_cmake:/home/kimsohee/ev-1-5/ev-Autonomous-Vehicle-1-5/install/velodyne_pointcloud:/home/kimsohee/ev-1-5/ev-Autonomous-Vehicle-1-5/install/velodyne_driver:/home/kimsohee/ev-1-5/ev-Autonomous-Vehicle-1-5/install/velodyne_msgs:/home/kimsohee/ev-1-5/ev-Autonomous-Vehicle-1-5/install/velodyne_cropbox:/home/kimsohee/ev-1-5/ev-Autonomous-Vehicle-1-5/install/t870_serial:/home/kimsohee/ev-1-5/ev-Autonomous-Vehicle-1-5/install/t870_rqt_plugin:/home/kimsohee/ev-1-5/ev-Autonomous-Vehicle-1-5/install/t870_util:/home/kimsohee/ev-1-5/ev-Autonomous-Vehicle-1-5/install/t870_msgs:/home/kimsohee/ev-1-5/ev-Autonomous-Vehicle-1-5/install/t870_cmake:/home/kimsohee/ev-1-5/ev-Autonomous-Vehicle-1-5/install/make_bbox:/home/kimsohee/ev-1-5/ev-Autonomous-Vehicle-1-5/install/localization_fusion:/home/kimsohee/ev-1-5/ev-Autonomous-Vehicle-1-5/install/ev_msgs:/home/kimsohee/ev-1-5/ev-Autonomous-Vehicle-1-5/install/erp42_serial:/home/kimsohee/ev-1-5/ev-Autonomous-Vehicle-1-5/install/erp42_rqt_plugin:/home/kimsohee/ev-1-5/ev-Autonomous-Vehicle-1-5/install/erp42_util:/home/kimsohee/ev-1-5/ev-Autonomous-Vehicle-1-5/install/erp42_msgs:/home/kimsohee/ev-1-5/ev-Autonomous-Vehicle-1-5/install/erp42_description:/home/kimsohee/ev-1-5/ev-Autonomous-Vehicle-1-5/install/gps_localization:/home/kimsohee/ev-1-5/ev-Autonomous-Vehicle-1-5/install/erp42_gazebo:/home/kimsohee/ev-1-5/ev-Autonomous-Vehicle-1-5/install/carsa_gazebo:/opt/ros/humble /usr/bin/cmake /home/kimsohee/ev-1-5/ev-Autonomous-Vehicle-1-5/erp42_ros/src/erp42_description -DAMENT_CMAKE_SYMLINK_INSTALL=1 -DCMAKE_INSTALL_PREFIX=/home/kimsohee/ev-1-5/ev-Autonomous-Vehicle-1-5/install/erp42_description
[2.259s] DEBUG:colcon.colcon_core.event_handler.log_command:Invoking command in '/home/kimsohee/ev-1-5/ev-Autonomous-Vehicle-1-5/build/erp42_description': CMAKE_PREFIX_PATH=/home/kimsohee/ev-1-5/ev-Autonomous-Vehicle-1-5/install/erp42_cmake:/home/kimsohee/ev-1-5/ev-Autonomous-Vehicle-1-5/install/velodyne_pointcloud:/home/kimsohee/ev-1-5/ev-Autonomous-Vehicle-1-5/install/velodyne_driver:/home/kimsohee/ev-1-5/ev-Autonomous-Vehicle-1-5/install/velodyne_msgs:/home/kimsohee/ev-1-5/ev-Autonomous-Vehicle-1-5/install/velodyne_cropbox:/home/kimsohee/ev-1-5/ev-Autonomous-Vehicle-1-5/install/t870_serial:/home/kimsohee/ev-1-5/ev-Autonomous-Vehicle-1-5/install/t870_rqt_plugin:/home/kimsohee/ev-1-5/ev-Autonomous-Vehicle-1-5/install/t870_util:/home/kimsohee/ev-1-5/ev-Autonomous-Vehicle-1-5/install/t870_msgs:/home/kimsohee/ev-1-5/ev-Autonomous-Vehicle-1-5/install/t870_cmake:/home/kimsohee/ev-1-5/ev-Autonomous-Vehicle-1-5/install/make_bbox:/home/kimsohee/ev-1-5/ev-Autonomous-Vehicle-1-5/install/localization_fusion:/home/kimsohee/ev-1-5/ev-Autonomous-Vehicle-1-5/install/ev_msgs:/home/kimsohee/ev-1-5/ev-Autonomous-Vehicle-1-5/install/erp42_serial:/home/kimsohee/ev-1-5/ev-Autonomous-Vehicle-1-5/install/erp42_rqt_plugin:/home/kimsohee/ev-1-5/ev-Autonomous-Vehicle-1-5/install/erp42_util:/home/kimsohee/ev-1-5/ev-Autonomous-Vehicle-1-5/install/erp42_msgs:/home/kimsohee/ev-1-5/ev-Autonomous-Vehicle-1-5/install/erp42_description:/home/kimsohee/ev-1-5/ev-Autonomous-Vehicle-1-5/install/gps_localization:/home/kimsohee/ev-1-5/ev-Autonomous-Vehicle-1-5/install/erp42_gazebo:/home/kimsohee/ev-1-5/ev-Autonomous-Vehicle-1-5/install/carsa_gazebo:/opt/ros/humble /usr/bin/cmake --build /home/kimsohee/ev-1-5/ev-Autonomous-Vehicle-1-5/build/erp42_description -- -j10 -l10
[2.519s] DEBUG:colcon.colcon_core.event_handler.log_command:Invoked command in '/home/kimsohee/ev-1-5/ev-Autonomous-Vehicle-1-5/build/t870_util' returned '0': CMAKE_PREFIX_PATH=/home/kimsohee/ev-1-5/ev-Autonomous-Vehicle-1-5/install/t870_cmake:/home/kimsohee/ev-1-5/ev-Autonomous-Vehicle-1-5/install/velodyne_pointcloud:/home/kimsohee/ev-1-5/ev-Autonomous-Vehicle-1-5/install/velodyne_driver:/home/kimsohee/ev-1-5/ev-Autonomous-Vehicle-1-5/install/velodyne_msgs:/home/kimsohee/ev-1-5/ev-Autonomous-Vehicle-1-5/install/velodyne_cropbox:/home/kimsohee/ev-1-5/ev-Autonomous-Vehicle-1-5/install/t870_serial:/home/kimsohee/ev-1-5/ev-Autonomous-Vehicle-1-5/install/t870_rqt_plugin:/home/kimsohee/ev-1-5/ev-Autonomous-Vehicle-1-5/install/t870_util:/home/kimsohee/ev-1-5/ev-Autonomous-Vehicle-1-5/install/t870_msgs:/home/kimsohee/ev-1-5/ev-Autonomous-Vehicle-1-5/install/make_bbox:/home/kimsohee/ev-1-5/ev-Autonomous-Vehicle-1-5/install/localization_fusion:/home/kimsohee/ev-1-5/ev-Autonomous-Vehicle-1-5/install/ev_msgs:/home/kimsohee/ev-1-5/ev-Autonomous-Vehicle-1-5/install/erp42_serial:/home/kimsohee/ev-1-5/ev-Autonomous-Vehicle-1-5/install/erp42_rqt_plugin:/home/kimsohee/ev-1-5/ev-Autonomous-Vehicle-1-5/install/erp42_util:/home/kimsohee/ev-1-5/ev-Autonomous-Vehicle-1-5/install/erp42_msgs:/home/kimsohee/ev-1-5/ev-Autonomous-Vehicle-1-5/install/erp42_description:/home/kimsohee/ev-1-5/ev-Autonomous-Vehicle-1-5/install/erp42_cmake:/home/kimsohee/ev-1-5/ev-Autonomous-Vehicle-1-5/install/gps_localization:/home/kimsohee/ev-1-5/ev-Autonomous-Vehicle-1-5/install/erp42_gazebo:/home/kimsohee/ev-1-5/ev-Autonomous-Vehicle-1-5/install/carsa_gazebo:/opt/ros/humble /usr/bin/cmake --build /home/kimsohee/ev-1-5/ev-Autonomous-Vehicle-1-5/build/t870_util -- -j10 -l10
[2.519s] DEBUG:colcon.colcon_core.event_handler.log_command:Invoking command in '/home/kimsohee/ev-1-5/ev-Autonomous-Vehicle-1-5/build/t870_util': CMAKE_PREFIX_PATH=/home/kimsohee/ev-1-5/ev-Autonomous-Vehicle-1-5/install/t870_cmake:/home/kimsohee/ev-1-5/ev-Autonomous-Vehicle-1-5/install/velodyne_pointcloud:/home/kimsohee/ev-1-5/ev-Autonomous-Vehicle-1-5/install/velodyne_driver:/home/kimsohee/ev-1-5/ev-Autonomous-Vehicle-1-5/install/velodyne_msgs:/home/kimsohee/ev-1-5/ev-Autonomous-Vehicle-1-5/install/velodyne_cropbox:/home/kimsohee/ev-1-5/ev-Autonomous-Vehicle-1-5/install/t870_serial:/home/kimsohee/ev-1-5/ev-Autonomous-Vehicle-1-5/install/t870_rqt_plugin:/home/kimsohee/ev-1-5/ev-Autonomous-Vehicle-1-5/install/t870_util:/home/kimsohee/ev-1-5/ev-Autonomous-Vehicle-1-5/install/t870_msgs:/home/kimsohee/ev-1-5/ev-Autonomous-Vehicle-1-5/install/make_bbox:/home/kimsohee/ev-1-5/ev-Autonomous-Vehicle-1-5/install/localization_fusion:/home/kimsohee/ev-1-5/ev-Autonomous-Vehicle-1-5/install/ev_msgs:/home/kimsohee/ev-1-5/ev-Autonomous-Vehicle-1-5/install/erp42_serial:/home/kimsohee/ev-1-5/ev-Autonomous-Vehicle-1-5/install/erp42_rqt_plugin:/home/kimsohee/ev-1-5/ev-Autonomous-Vehicle-1-5/install/erp42_util:/home/kimsohee/ev-1-5/ev-Autonomous-Vehicle-1-5/install/erp42_msgs:/home/kimsohee/ev-1-5/ev-Autonomous-Vehicle-1-5/install/erp42_description:/home/kimsohee/ev-1-5/ev-Autonomous-Vehicle-1-5/install/erp42_cmake:/home/kimsohee/ev-1-5/ev-Autonomous-Vehicle-1-5/install/gps_localization:/home/kimsohee/ev-1-5/ev-Autonomous-Vehicle-1-5/install/erp42_gazebo:/home/kimsohee/ev-1-5/ev-Autonomous-Vehicle-1-5/install/carsa_gazebo:/opt/ros/humble /usr/bin/cmake --install /home/kimsohee/ev-1-5/ev-Autonomous-Vehicle-1-5/build/t870_util
[3.016s] DEBUG:colcon.colcon_core.event_handler.log_command:Invoked command in '/home/kimsohee/ev-1-5/ev-Autonomous-Vehicle-1-5/build/erp42_util' returned '0': CMAKE_PREFIX_PATH=/home/kimsohee/ev-1-5/ev-Autonomous-Vehicle-1-5/install/erp42_cmake:/home/kimsohee/ev-1-5/ev-Autonomous-Vehicle-1-5/install/velodyne_pointcloud:/home/kimsohee/ev-1-5/ev-Autonomous-Vehicle-1-5/install/velodyne_driver:/home/kimsohee/ev-1-5/ev-Autonomous-Vehicle-1-5/install/velodyne_msgs:/home/kimsohee/ev-1-5/ev-Autonomous-Vehicle-1-5/install/velodyne_cropbox:/home/kimsohee/ev-1-5/ev-Autonomous-Vehicle-1-5/install/t870_serial:/home/kimsohee/ev-1-5/ev-Autonomous-Vehicle-1-5/install/t870_rqt_plugin:/home/kimsohee/ev-1-5/ev-Autonomous-Vehicle-1-5/install/t870_util:/home/kimsohee/ev-1-5/ev-Autonomous-Vehicle-1-5/install/t870_msgs:/home/kimsohee/ev-1-5/ev-Autonomous-Vehicle-1-5/install/t870_cmake:/home/kimsohee/ev-1-5/ev-Autonomous-Vehicle-1-5/install/make_bbox:/home/kimsohee/ev-1-5/ev-Autonomous-Vehicle-1-5/install/localization_fusion:/home/kimsohee/ev-1-5/ev-Autonomous-Vehicle-1-5/install/ev_msgs:/home/kimsohee/ev-1-5/ev-Autonomous-Vehicle-1-5/install/erp42_serial:/home/kimsohee/ev-1-5/ev-Autonomous-Vehicle-1-5/install/erp42_rqt_plugin:/home/kimsohee/ev-1-5/ev-Autonomous-Vehicle-1-5/install/erp42_util:/home/kimsohee/ev-1-5/ev-Autonomous-Vehicle-1-5/install/erp42_msgs:/home/kimsohee/ev-1-5/ev-Autonomous-Vehicle-1-5/install/erp42_description:/home/kimsohee/ev-1-5/ev-Autonomous-Vehicle-1-5/install/gps_localization:/home/kimsohee/ev-1-5/ev-Autonomous-Vehicle-1-5/install/erp42_gazebo:/home/kimsohee/ev-1-5/ev-Autonomous-Vehicle-1-5/install/carsa_gazebo:/opt/ros/humble /usr/bin/cmake --build /home/kimsohee/ev-1-5/ev-Autonomous-Vehicle-1-5/build/erp42_util -- -j10 -l10
[3.016s] DEBUG:colcon.colcon_core.event_handler.log_command:Invoking command in '/home/kimsohee/ev-1-5/ev-Autonomous-Vehicle-1-5/build/erp42_util': CMAKE_PREFIX_PATH=/home/kimsohee/ev-1-5/ev-Autonomous-Vehicle-1-5/install/erp42_cmake:/home/kimsohee/ev-1-5/ev-Autonomous-Vehicle-1-5/install/velodyne_pointcloud:/home/kimsohee/ev-1-5/ev-Autonomous-Vehicle-1-5/install/velodyne_driver:/home/kimsohee/ev-1-5/ev-Autonomous-Vehicle-1-5/install/velodyne_msgs:/home/kimsohee/ev-1-5/ev-Autonomous-Vehicle-1-5/install/velodyne_cropbox:/home/kimsohee/ev-1-5/ev-Autonomous-Vehicle-1-5/install/t870_serial:/home/kimsohee/ev-1-5/ev-Autonomous-Vehicle-1-5/install/t870_rqt_plugin:/home/kimsohee/ev-1-5/ev-Autonomous-Vehicle-1-5/install/t870_util:/home/kimsohee/ev-1-5/ev-Autonomous-Vehicle-1-5/install/t870_msgs:/home/kimsohee/ev-1-5/ev-Autonomous-Vehicle-1-5/install/t870_cmake:/home/kimsohee/ev-1-5/ev-Autonomous-Vehicle-1-5/install/make_bbox:/home/kimsohee/ev-1-5/ev-Autonomous-Vehicle-1-5/install/localization_fusion:/home/kimsohee/ev-1-5/ev-Autonomous-Vehicle-1-5/install/ev_msgs:/home/kimsohee/ev-1-5/ev-Autonomous-Vehicle-1-5/install/erp42_serial:/home/kimsohee/ev-1-5/ev-Autonomous-Vehicle-1-5/install/erp42_rqt_plugin:/home/kimsohee/ev-1-5/ev-Autonomous-Vehicle-1-5/install/erp42_util:/home/kimsohee/ev-1-5/ev-Autonomous-Vehicle-1-5/install/erp42_msgs:/home/kimsohee/ev-1-5/ev-Autonomous-Vehicle-1-5/install/erp42_description:/home/kimsohee/ev-1-5/ev-Autonomous-Vehicle-1-5/install/gps_localization:/home/kimsohee/ev-1-5/ev-Autonomous-Vehicle-1-5/install/erp42_gazebo:/home/kimsohee/ev-1-5/ev-Autonomous-Vehicle-1-5/install/carsa_gazebo:/opt/ros/humble /usr/bin/cmake --install /home/kimsohee/ev-1-5/ev-Autonomous-Vehicle-1-5/build/erp42_util
[3.051s] DEBUG:colcon.colcon_core.event_handler.log_command:Invoked command in '/home/kimsohee/ev-1-5/ev-Autonomous-Vehicle-1-5/build/erp42_description' returned '0': CMAKE_PREFIX_PATH=/home/kimsohee/ev-1-5/ev-Autonomous-Vehicle-1-5/install/erp42_cmake:/home/kimsohee/ev-1-5/ev-Autonomous-Vehicle-1-5/install/velodyne_pointcloud:/home/kimsohee/ev-1-5/ev-Autonomous-Vehicle-1-5/install/velodyne_driver:/home/kimsohee/ev-1-5/ev-Autonomous-Vehicle-1-5/install/velodyne_msgs:/home/kimsohee/ev-1-5/ev-Autonomous-Vehicle-1-5/install/velodyne_cropbox:/home/kimsohee/ev-1-5/ev-Autonomous-Vehicle-1-5/install/t870_serial:/home/kimsohee/ev-1-5/ev-Autonomous-Vehicle-1-5/install/t870_rqt_plugin:/home/kimsohee/ev-1-5/ev-Autonomous-Vehicle-1-5/install/t870_util:/home/kimsohee/ev-1-5/ev-Autonomous-Vehicle-1-5/install/t870_msgs:/home/kimsohee/ev-1-5/ev-Autonomous-Vehicle-1-5/install/t870_cmake:/home/kimsohee/ev-1-5/ev-Autonomous-Vehicle-1-5/install/make_bbox:/home/kimsohee/ev-1-5/ev-Autonomous-Vehicle-1-5/install/localization_fusion:/home/kimsohee/ev-1-5/ev-Autonomous-Vehicle-1-5/install/ev_msgs:/home/kimsohee/ev-1-5/ev-Autonomous-Vehicle-1-5/install/erp42_serial:/home/kimsohee/ev-1-5/ev-Autonomous-Vehicle-1-5/install/erp42_rqt_plugin:/home/kimsohee/ev-1-5/ev-Autonomous-Vehicle-1-5/install/erp42_util:/home/kimsohee/ev-1-5/ev-Autonomous-Vehicle-1-5/install/erp42_msgs:/home/kimsohee/ev-1-5/ev-Autonomous-Vehicle-1-5/install/erp42_description:/home/kimsohee/ev-1-5/ev-Autonomous-Vehicle-1-5/install/gps_localization:/home/kimsohee/ev-1-5/ev-Autonomous-Vehicle-1-5/install/erp42_gazebo:/home/kimsohee/ev-1-5/ev-Autonomous-Vehicle-1-5/install/carsa_gazebo:/opt/ros/humble /usr/bin/cmake --build /home/kimsohee/ev-1-5/ev-Autonomous-Vehicle-1-5/build/erp42_description -- -j10 -l10
[3.051s] DEBUG:colcon.colcon_core.event_handler.log_command:Invoking command in '/home/kimsohee/ev-1-5/ev-Autonomous-Vehicle-1-5/build/erp42_description': CMAKE_PREFIX_PATH=/home/kimsohee/ev-1-5/ev-Autonomous-Vehicle-1-5/install/erp42_cmake:/home/kimsohee/ev-1-5/ev-Autonomous-Vehicle-1-5/install/velodyne_pointcloud:/home/kimsohee/ev-1-5/ev-Autonomous-Vehicle-1-5/install/velodyne_driver:/home/kimsohee/ev-1-5/ev-Autonomous-Vehicle-1-5/install/velodyne_msgs:/home/kimsohee/ev-1-5/ev-Autonomous-Vehicle-1-5/install/velodyne_cropbox:/home/kimsohee/ev-1-5/ev-Autonomous-Vehicle-1-5/install/t870_serial:/home/kimsohee/ev-1-5/ev-Autonomous-Vehicle-1-5/install/t870_rqt_plugin:/home/kimsohee/ev-1-5/ev-Autonomous-Vehicle-1-5/install/t870_util:/home/kimsohee/ev-1-5/ev-Autonomous-Vehicle-1-5/install/t870_msgs:/home/kimsohee/ev-1-5/ev-Autonomous-Vehicle-1-5/install/t870_cmake:/home/kimsohee/ev-1-5/ev-Autonomous-Vehicle-1-5/install/make_bbox:/home/kimsohee/ev-1-5/ev-Autonomous-Vehicle-1-5/install/localization_fusion:/home/kimsohee/ev-1-5/ev-Autonomous-Vehicle-1-5/install/ev_msgs:/home/kimsohee/ev-1-5/ev-Autonomous-Vehicle-1-5/install/erp42_serial:/home/kimsohee/ev-1-5/ev-Autonomous-Vehicle-1-5/install/erp42_rqt_plugin:/home/kimsohee/ev-1-5/ev-Autonomous-Vehicle-1-5/install/erp42_util:/home/kimsohee/ev-1-5/ev-Autonomous-Vehicle-1-5/install/erp42_msgs:/home/kimsohee/ev-1-5/ev-Autonomous-Vehicle-1-5/install/erp42_description:/home/kimsohee/ev-1-5/ev-Autonomous-Vehicle-1-5/install/gps_localization:/home/kimsohee/ev-1-5/ev-Autonomous-Vehicle-1-5/install/erp42_gazebo:/home/kimsohee/ev-1-5/ev-Autonomous-Vehicle-1-5/install/carsa_gazebo:/opt/ros/humble /usr/bin/cmake --install /home/kimsohee/ev-1-5/ev-Autonomous-Vehicle-1-5/build/erp42_description
[3.199s] Level 1:colcon.colcon_core.environment:create_environment_scripts_only(t870_util)
[3.199s] Level 1:colcon.colcon_core.environment:checking '/home/kimsohee/ev-1-5/ev-Autonomous-Vehicle-1-5/install/t870_util' for CMake module files
[3.200s] Level 1:colcon.colcon_core.environment:checking '/home/kimsohee/ev-1-5/ev-Autonomous-Vehicle-1-5/install/t870_util' for CMake config files
[3.200s] Level 1:colcon.colcon_core.shell:create_environment_hook('t870_util', 'cmake_prefix_path')
[3.200s] INFO:colcon.colcon_core.shell:Creating environment hook '/home/kimsohee/ev-1-5/ev-Autonomous-Vehicle-1-5/install/t870_util/share/t870_util/hook/cmake_prefix_path.ps1'
[3.200s] INFO:colcon.colcon_core.shell:Creating environment descriptor '/home/kimsohee/ev-1-5/ev-Autonomous-Vehicle-1-5/install/t870_util/share/t870_util/hook/cmake_prefix_path.dsv'
[3.200s] INFO:colcon.colcon_core.shell:Creating environment hook '/home/kimsohee/ev-1-5/ev-Autonomous-Vehicle-1-5/install/t870_util/share/t870_util/hook/cmake_prefix_path.sh'
[3.200s] Level 1:colcon.colcon_core.environment:checking '/home/kimsohee/ev-1-5/ev-Autonomous-Vehicle-1-5/install/t870_util/lib'
[3.200s] Level 1:colcon.colcon_core.shell:create_environment_hook('t870_util', 'ld_library_path_lib')
[3.201s] INFO:colcon.colcon_core.shell:Creating environment hook '/home/kimsohee/ev-1-5/ev-Autonomous-Vehicle-1-5/install/t870_util/share/t870_util/hook/ld_library_path_lib.ps1'
[3.201s] INFO:colcon.colcon_core.shell:Creating environment descriptor '/home/kimsohee/ev-1-5/ev-Autonomous-Vehicle-1-5/install/t870_util/share/t870_util/hook/ld_library_path_lib.dsv'
[3.201s] INFO:colcon.colcon_core.shell:Creating environment hook '/home/kimsohee/ev-1-5/ev-Autonomous-Vehicle-1-5/install/t870_util/share/t870_util/hook/ld_library_path_lib.sh'
[3.201s] Level 1:colcon.colcon_core.environment:checking '/home/kimsohee/ev-1-5/ev-Autonomous-Vehicle-1-5/install/t870_util/bin'
[3.201s] Level 1:colcon.colcon_core.environment:checking '/home/kimsohee/ev-1-5/ev-Autonomous-Vehicle-1-5/install/t870_util/lib/pkgconfig/t870_util.pc'
[3.201s] Level 1:colcon.colcon_core.environment:checking '/home/kimsohee/ev-1-5/ev-Autonomous-Vehicle-1-5/install/t870_util/lib/python3.10/site-packages'
[3.201s] Level 1:colcon.colcon_core.environment:checking '/home/kimsohee/ev-1-5/ev-Autonomous-Vehicle-1-5/install/t870_util/bin'
[3.201s] INFO:colcon.colcon_core.shell:Creating package script '/home/kimsohee/ev-1-5/ev-Autonomous-Vehicle-1-5/install/t870_util/share/t870_util/package.ps1'
[3.201s] INFO:colcon.colcon_core.shell:Creating package descriptor '/home/kimsohee/ev-1-5/ev-Autonomous-Vehicle-1-5/install/t870_util/share/t870_util/package.dsv'
[3.202s] INFO:colcon.colcon_core.shell:Creating package script '/home/kimsohee/ev-1-5/ev-Autonomous-Vehicle-1-5/install/t870_util/share/t870_util/package.sh'
[3.202s] INFO:colcon.colcon_core.shell:Creating package script '/home/kimsohee/ev-1-5/ev-Autonomous-Vehicle-1-5/install/t870_util/share/t870_util/package.bash'
[3.202s] INFO:colcon.colcon_core.shell:Creating package script '/home/kimsohee/ev-1-5/ev-Autonomous-Vehicle-1-5/install/t870_util/share/t870_util/package.zsh'
[3.202s] Level 1:colcon.colcon_core.environment:create_file_with_runtime_dependencies(/home/kimsohee/ev-1-5/ev-Autonomous-Vehicle-1-5/install/t870_util/share/colcon-core/packages/t870_util)
[3.202s] Level 1:colcon.colcon_core.environment:create_environment_scripts_only(t870_util)
[3.202s] Level 1:colcon.colcon_core.environment:checking '/home/kimsohee/ev-1-5/ev-Autonomous-Vehicle-1-5/install/t870_util' for CMake module files
[3.202s] Level 1:colcon.colcon_core.environment:checking '/home/kimsohee/ev-1-5/ev-Autonomous-Vehicle-1-5/install/t870_util' for CMake config files
[3.202s] Level 1:colcon.colcon_core.shell:create_environment_hook('t870_util', 'cmake_prefix_path')
[3.203s] INFO:colcon.colcon_core.shell:Creating environment hook '/home/kimsohee/ev-1-5/ev-Autonomous-Vehicle-1-5/install/t870_util/share/t870_util/hook/cmake_prefix_path.ps1'
[3.203s] INFO:colcon.colcon_core.shell:Creating environment descriptor '/home/kimsohee/ev-1-5/ev-Autonomous-Vehicle-1-5/install/t870_util/share/t870_util/hook/cmake_prefix_path.dsv'
[3.203s] INFO:colcon.colcon_core.shell:Creating environment hook '/home/kimsohee/ev-1-5/ev-Autonomous-Vehicle-1-5/install/t870_util/share/t870_util/hook/cmake_prefix_path.sh'
[3.204s] Level 1:colcon.colcon_core.environment:checking '/home/kimsohee/ev-1-5/ev-Autonomous-Vehicle-1-5/install/t870_util/lib'
[3.204s] DEBUG:colcon.colcon_core.event_handler.log_command:Invoked command in '/home/kimsohee/ev-1-5/ev-Autonomous-Vehicle-1-5/build/t870_util' returned '0': CMAKE_PREFIX_PATH=/home/kimsohee/ev-1-5/ev-Autonomous-Vehicle-1-5/install/t870_cmake:/home/kimsohee/ev-1-5/ev-Autonomous-Vehicle-1-5/install/velodyne_pointcloud:/home/kimsohee/ev-1-5/ev-Autonomous-Vehicle-1-5/install/velodyne_driver:/home/kimsohee/ev-1-5/ev-Autonomous-Vehicle-1-5/install/velodyne_msgs:/home/kimsohee/ev-1-5/ev-Autonomous-Vehicle-1-5/install/velodyne_cropbox:/home/kimsohee/ev-1-5/ev-Autonomous-Vehicle-1-5/install/t870_serial:/home/kimsohee/ev-1-5/ev-Autonomous-Vehicle-1-5/install/t870_rqt_plugin:/home/kimsohee/ev-1-5/ev-Autonomous-Vehicle-1-5/install/t870_util:/home/kimsohee/ev-1-5/ev-Autonomous-Vehicle-1-5/install/t870_msgs:/home/kimsohee/ev-1-5/ev-Autonomous-Vehicle-1-5/install/make_bbox:/home/kimsohee/ev-1-5/ev-Autonomous-Vehicle-1-5/install/localization_fusion:/home/kimsohee/ev-1-5/ev-Autonomous-Vehicle-1-5/install/ev_msgs:/home/kimsohee/ev-1-5/ev-Autonomous-Vehicle-1-5/install/erp42_serial:/home/kimsohee/ev-1-5/ev-Autonomous-Vehicle-1-5/install/erp42_rqt_plugin:/home/kimsohee/ev-1-5/ev-Autonomous-Vehicle-1-5/install/erp42_util:/home/kimsohee/ev-1-5/ev-Autonomous-Vehicle-1-5/install/erp42_msgs:/home/kimsohee/ev-1-5/ev-Autonomous-Vehicle-1-5/install/erp42_description:/home/kimsohee/ev-1-5/ev-Autonomous-Vehicle-1-5/install/erp42_cmake:/home/kimsohee/ev-1-5/ev-Autonomous-Vehicle-1-5/install/gps_localization:/home/kimsohee/ev-1-5/ev-Autonomous-Vehicle-1-5/install/erp42_gazebo:/home/kimsohee/ev-1-5/ev-Autonomous-Vehicle-1-5/install/carsa_gazebo:/opt/ros/humble /usr/bin/cmake --install /home/kimsohee/ev-1-5/ev-Autonomous-Vehicle-1-5/build/t870_util
[3.204s] Level 1:colcon.colcon_core.shell:create_environment_hook('t870_util', 'ld_library_path_lib')
[3.204s] INFO:colcon.colcon_core.shell:Creating environment hook '/home/kimsohee/ev-1-5/ev-Autonomous-Vehicle-1-5/install/t870_util/share/t870_util/hook/ld_library_path_lib.ps1'
[3.204s] INFO:colcon.colcon_core.shell:Creating environment descriptor '/home/kimsohee/ev-1-5/ev-Autonomous-Vehicle-1-5/install/t870_util/share/t870_util/hook/ld_library_path_lib.dsv'
[3.204s] INFO:colcon.colcon_core.shell:Creating environment hook '/home/kimsohee/ev-1-5/ev-Autonomous-Vehicle-1-5/install/t870_util/share/t870_util/hook/ld_library_path_lib.sh'
[3.205s] Level 1:colcon.colcon_core.environment:checking '/home/kimsohee/ev-1-5/ev-Autonomous-Vehicle-1-5/install/t870_util/bin'
[3.205s] Level 1:colcon.colcon_core.environment:checking '/home/kimsohee/ev-1-5/ev-Autonomous-Vehicle-1-5/install/t870_util/lib/pkgconfig/t870_util.pc'
[3.205s] Level 1:colcon.colcon_core.environment:checking '/home/kimsohee/ev-1-5/ev-Autonomous-Vehicle-1-5/install/t870_util/lib/python3.10/site-packages'
[3.205s] Level 1:colcon.colcon_core.environment:checking '/home/kimsohee/ev-1-5/ev-Autonomous-Vehicle-1-5/install/t870_util/bin'
[3.205s] INFO:colcon.colcon_core.shell:Creating package script '/home/kimsohee/ev-1-5/ev-Autonomous-Vehicle-1-5/install/t870_util/share/t870_util/package.ps1'
[3.205s] INFO:colcon.colcon_core.shell:Creating package descriptor '/home/kimsohee/ev-1-5/ev-Autonomous-Vehicle-1-5/install/t870_util/share/t870_util/package.dsv'
[3.206s] INFO:colcon.colcon_core.shell:Creating package script '/home/kimsohee/ev-1-5/ev-Autonomous-Vehicle-1-5/install/t870_util/share/t870_util/package.sh'
[3.206s] INFO:colcon.colcon_core.shell:Creating package script '/home/kimsohee/ev-1-5/ev-Autonomous-Vehicle-1-5/install/t870_util/share/t870_util/package.bash'
[3.206s] INFO:colcon.colcon_core.shell:Creating package script '/home/kimsohee/ev-1-5/ev-Autonomous-Vehicle-1-5/install/t870_util/share/t870_util/package.zsh'
[3.207s] Level 1:colcon.colcon_core.environment:create_file_with_runtime_dependencies(/home/kimsohee/ev-1-5/ev-Autonomous-Vehicle-1-5/install/t870_util/share/colcon-core/packages/t870_util)
[3.747s] Level 1:colcon.colcon_core.environment:create_environment_scripts_only(erp42_util)
[3.748s] Level 1:colcon.colcon_core.environment:checking '/home/kimsohee/ev-1-5/ev-Autonomous-Vehicle-1-5/install/erp42_util' for CMake module files
[3.748s] Level 1:colcon.colcon_core.environment:checking '/home/kimsohee/ev-1-5/ev-Autonomous-Vehicle-1-5/install/erp42_util' for CMake config files
[3.748s] DEBUG:colcon.colcon_core.event_handler.log_command:Invoked command in '/home/kimsohee/ev-1-5/ev-Autonomous-Vehicle-1-5/build/erp42_util' returned '0': CMAKE_PREFIX_PATH=/home/kimsohee/ev-1-5/ev-Autonomous-Vehicle-1-5/install/erp42_cmake:/home/kimsohee/ev-1-5/ev-Autonomous-Vehicle-1-5/install/velodyne_pointcloud:/home/kimsohee/ev-1-5/ev-Autonomous-Vehicle-1-5/install/velodyne_driver:/home/kimsohee/ev-1-5/ev-Autonomous-Vehicle-1-5/install/velodyne_msgs:/home/kimsohee/ev-1-5/ev-Autonomous-Vehicle-1-5/install/velodyne_cropbox:/home/kimsohee/ev-1-5/ev-Autonomous-Vehicle-1-5/install/t870_serial:/home/kimsohee/ev-1-5/ev-Autonomous-Vehicle-1-5/install/t870_rqt_plugin:/home/kimsohee/ev-1-5/ev-Autonomous-Vehicle-1-5/install/t870_util:/home/kimsohee/ev-1-5/ev-Autonomous-Vehicle-1-5/install/t870_msgs:/home/kimsohee/ev-1-5/ev-Autonomous-Vehicle-1-5/install/t870_cmake:/home/kimsohee/ev-1-5/ev-Autonomous-Vehicle-1-5/install/make_bbox:/home/kimsohee/ev-1-5/ev-Autonomous-Vehicle-1-5/install/localization_fusion:/home/kimsohee/ev-1-5/ev-Autonomous-Vehicle-1-5/install/ev_msgs:/home/kimsohee/ev-1-5/ev-Autonomous-Vehicle-1-5/install/erp42_serial:/home/kimsohee/ev-1-5/ev-Autonomous-Vehicle-1-5/install/erp42_rqt_plugin:/home/kimsohee/ev-1-5/ev-Autonomous-Vehicle-1-5/install/erp42_util:/home/kimsohee/ev-1-5/ev-Autonomous-Vehicle-1-5/install/erp42_msgs:/home/kimsohee/ev-1-5/ev-Autonomous-Vehicle-1-5/install/erp42_description:/home/kimsohee/ev-1-5/ev-Autonomous-Vehicle-1-5/install/gps_localization:/home/kimsohee/ev-1-5/ev-Autonomous-Vehicle-1-5/install/erp42_gazebo:/home/kimsohee/ev-1-5/ev-Autonomous-Vehicle-1-5/install/carsa_gazebo:/opt/ros/humble /usr/bin/cmake --install /home/kimsohee/ev-1-5/ev-Autonomous-Vehicle-1-5/build/erp42_util
[3.748s] Level 1:colcon.colcon_core.shell:create_environment_hook('erp42_util', 'cmake_prefix_path')
[3.749s] INFO:colcon.colcon_core.shell:Creating environment hook '/home/kimsohee/ev-1-5/ev-Autonomous-Vehicle-1-5/install/erp42_util/share/erp42_util/hook/cmake_prefix_path.ps1'
[3.749s] INFO:colcon.colcon_core.shell:Creating environment descriptor '/home/kimsohee/ev-1-5/ev-Autonomous-Vehicle-1-5/install/erp42_util/share/erp42_util/hook/cmake_prefix_path.dsv'
[3.749s] INFO:colcon.colcon_core.shell:Creating environment hook '/home/kimsohee/ev-1-5/ev-Autonomous-Vehicle-1-5/install/erp42_util/share/erp42_util/hook/cmake_prefix_path.sh'
[3.749s] Level 1:colcon.colcon_core.environment:checking '/home/kimsohee/ev-1-5/ev-Autonomous-Vehicle-1-5/install/erp42_util/lib'
[3.749s] Level 1:colcon.colcon_core.shell:create_environment_hook('erp42_util', 'ld_library_path_lib')
[3.749s] INFO:colcon.colcon_core.shell:Creating environment hook '/home/kimsohee/ev-1-5/ev-Autonomous-Vehicle-1-5/install/erp42_util/share/erp42_util/hook/ld_library_path_lib.ps1'
[3.749s] INFO:colcon.colcon_core.shell:Creating environment descriptor '/home/kimsohee/ev-1-5/ev-Autonomous-Vehicle-1-5/install/erp42_util/share/erp42_util/hook/ld_library_path_lib.dsv'
[3.749s] INFO:colcon.colcon_core.shell:Creating environment hook '/home/kimsohee/ev-1-5/ev-Autonomous-Vehicle-1-5/install/erp42_util/share/erp42_util/hook/ld_library_path_lib.sh'
[3.750s] Level 1:colcon.colcon_core.environment:checking '/home/kimsohee/ev-1-5/ev-Autonomous-Vehicle-1-5/install/erp42_util/bin'
[3.750s] Level 1:colcon.colcon_core.environment:checking '/home/kimsohee/ev-1-5/ev-Autonomous-Vehicle-1-5/install/erp42_util/lib/pkgconfig/erp42_util.pc'
[3.750s] Level 1:colcon.colcon_core.environment:checking '/home/kimsohee/ev-1-5/ev-Autonomous-Vehicle-1-5/install/erp42_util/lib/python3.10/site-packages'
[3.750s] Level 1:colcon.colcon_core.environment:checking '/home/kimsohee/ev-1-5/ev-Autonomous-Vehicle-1-5/install/erp42_util/bin'
[3.750s] INFO:colcon.colcon_core.shell:Creating package script '/home/kimsohee/ev-1-5/ev-Autonomous-Vehicle-1-5/install/erp42_util/share/erp42_util/package.ps1'
[3.750s] INFO:colcon.colcon_core.shell:Creating package descriptor '/home/kimsohee/ev-1-5/ev-Autonomous-Vehicle-1-5/install/erp42_util/share/erp42_util/package.dsv'
[3.750s] INFO:colcon.colcon_core.shell:Creating package script '/home/kimsohee/ev-1-5/ev-Autonomous-Vehicle-1-5/install/erp42_util/share/erp42_util/package.sh'
[3.750s] INFO:colcon.colcon_core.shell:Creating package script '/home/kimsohee/ev-1-5/ev-Autonomous-Vehicle-1-5/install/erp42_util/share/erp42_util/package.bash'
[3.751s] INFO:colcon.colcon_core.shell:Creating package script '/home/kimsohee/ev-1-5/ev-Autonomous-Vehicle-1-5/install/erp42_util/share/erp42_util/package.zsh'
[3.751s] Level 1:colcon.colcon_core.environment:create_file_with_runtime_dependencies(/home/kimsohee/ev-1-5/ev-Autonomous-Vehicle-1-5/install/erp42_util/share/colcon-core/packages/erp42_util)
[3.751s] Level 1:colcon.colcon_core.environment:create_environment_scripts_only(erp42_util)
[3.751s] Level 1:colcon.colcon_core.environment:checking '/home/kimsohee/ev-1-5/ev-Autonomous-Vehicle-1-5/install/erp42_util' for CMake module files
[3.752s] Level 1:colcon.colcon_core.environment:checking '/home/kimsohee/ev-1-5/ev-Autonomous-Vehicle-1-5/install/erp42_util' for CMake config files
[3.752s] Level 1:colcon.colcon_core.shell:create_environment_hook('erp42_util', 'cmake_prefix_path')
[3.752s] INFO:colcon.colcon_core.shell:Creating environment hook '/home/kimsohee/ev-1-5/ev-Autonomous-Vehicle-1-5/install/erp42_util/share/erp42_util/hook/cmake_prefix_path.ps1'
[3.752s] INFO:colcon.colcon_core.shell:Creating environment descriptor '/home/kimsohee/ev-1-5/ev-Autonomous-Vehicle-1-5/install/erp42_util/share/erp42_util/hook/cmake_prefix_path.dsv'
[3.752s] INFO:colcon.colcon_core.shell:Creating environment hook '/home/kimsohee/ev-1-5/ev-Autonomous-Vehicle-1-5/install/erp42_util/share/erp42_util/hook/cmake_prefix_path.sh'
[3.752s] Level 1:colcon.colcon_core.environment:checking '/home/kimsohee/ev-1-5/ev-Autonomous-Vehicle-1-5/install/erp42_util/lib'
[3.753s] Level 1:colcon.colcon_core.shell:create_environment_hook('erp42_util', 'ld_library_path_lib')
[3.753s] INFO:colcon.colcon_core.shell:Creating environment hook '/home/kimsohee/ev-1-5/ev-Autonomous-Vehicle-1-5/install/erp42_util/share/erp42_util/hook/ld_library_path_lib.ps1'
[3.754s] INFO:colcon.colcon_core.shell:Creating environment descriptor '/home/kimsohee/ev-1-5/ev-Autonomous-Vehicle-1-5/install/erp42_util/share/erp42_util/hook/ld_library_path_lib.dsv'
[3.754s] INFO:colcon.colcon_core.shell:Creating environment hook '/home/kimsohee/ev-1-5/ev-Autonomous-Vehicle-1-5/install/erp42_util/share/erp42_util/hook/ld_library_path_lib.sh'
[3.755s] Level 1:colcon.colcon_core.environment:checking '/home/kimsohee/ev-1-5/ev-Autonomous-Vehicle-1-5/install/erp42_util/bin'
[3.755s] Level 1:colcon.colcon_core.environment:checking '/home/kimsohee/ev-1-5/ev-Autonomous-Vehicle-1-5/install/erp42_util/lib/pkgconfig/erp42_util.pc'
[3.755s] Level 1:colcon.colcon_core.environment:checking '/home/kimsohee/ev-1-5/ev-Autonomous-Vehicle-1-5/install/erp42_util/lib/python3.10/site-packages'
[3.755s] Level 1:colcon.colcon_core.environment:checking '/home/kimsohee/ev-1-5/ev-Autonomous-Vehicle-1-5/install/erp42_util/bin'
[3.756s] INFO:colcon.colcon_core.shell:Creating package script '/home/kimsohee/ev-1-5/ev-Autonomous-Vehicle-1-5/install/erp42_util/share/erp42_util/package.ps1'
[3.756s] INFO:colcon.colcon_core.shell:Creating package descriptor '/home/kimsohee/ev-1-5/ev-Autonomous-Vehicle-1-5/install/erp42_util/share/erp42_util/package.dsv'
[3.756s] INFO:colcon.colcon_core.shell:Creating package script '/home/kimsohee/ev-1-5/ev-Autonomous-Vehicle-1-5/install/erp42_util/share/erp42_util/package.sh'
[3.757s] INFO:colcon.colcon_core.shell:Creating package script '/home/kimsohee/ev-1-5/ev-Autonomous-Vehicle-1-5/install/erp42_util/share/erp42_util/package.bash'
[3.757s] INFO:colcon.colcon_core.shell:Creating package script '/home/kimsohee/ev-1-5/ev-Autonomous-Vehicle-1-5/install/erp42_util/share/erp42_util/package.zsh'
[3.757s] Level 1:colcon.colcon_core.environment:create_file_with_runtime_dependencies(/home/kimsohee/ev-1-5/ev-Autonomous-Vehicle-1-5/install/erp42_util/share/colcon-core/packages/erp42_util)
[3.789s] Level 1:colcon.colcon_core.environment:create_environment_scripts_only(erp42_description)
[3.789s] Level 1:colcon.colcon_core.environment:checking '/home/kimsohee/ev-1-5/ev-Autonomous-Vehicle-1-5/install/erp42_description' for CMake module files
[3.789s] Level 1:colcon.colcon_core.environment:checking '/home/kimsohee/ev-1-5/ev-Autonomous-Vehicle-1-5/install/erp42_description' for CMake config files
[3.789s] Level 1:colcon.colcon_core.shell:create_environment_hook('erp42_description', 'cmake_prefix_path')
[3.790s] INFO:colcon.colcon_core.shell:Creating environment hook '/home/kimsohee/ev-1-5/ev-Autonomous-Vehicle-1-5/install/erp42_description/share/erp42_description/hook/cmake_prefix_path.ps1'
[3.790s] INFO:colcon.colcon_core.shell:Creating environment descriptor '/home/kimsohee/ev-1-5/ev-Autonomous-Vehicle-1-5/install/erp42_description/share/erp42_description/hook/cmake_prefix_path.dsv'
[3.790s] INFO:colcon.colcon_core.shell:Creating environment hook '/home/kimsohee/ev-1-5/ev-Autonomous-Vehicle-1-5/install/erp42_description/share/erp42_description/hook/cmake_prefix_path.sh'
[3.790s] Level 1:colcon.colcon_core.environment:checking '/home/kimsohee/ev-1-5/ev-Autonomous-Vehicle-1-5/install/erp42_description/bin'
[3.790s] Level 1:colcon.colcon_core.environment:checking '/home/kimsohee/ev-1-5/ev-Autonomous-Vehicle-1-5/install/erp42_description/lib/pkgconfig/erp42_description.pc'
[3.790s] Level 1:colcon.colcon_core.environment:checking '/home/kimsohee/ev-1-5/ev-Autonomous-Vehicle-1-5/install/erp42_description/lib/python3.10/site-packages'
[3.790s] Level 1:colcon.colcon_core.environment:checking '/home/kimsohee/ev-1-5/ev-Autonomous-Vehicle-1-5/install/erp42_description/bin'
[3.791s] INFO:colcon.colcon_core.shell:Creating package script '/home/kimsohee/ev-1-5/ev-Autonomous-Vehicle-1-5/install/erp42_description/share/erp42_description/package.ps1'
[3.791s] INFO:colcon.colcon_core.shell:Creating package descriptor '/home/kimsohee/ev-1-5/ev-Autonomous-Vehicle-1-5/install/erp42_description/share/erp42_description/package.dsv'
[3.791s] INFO:colcon.colcon_core.shell:Creating package script '/home/kimsohee/ev-1-5/ev-Autonomous-Vehicle-1-5/install/erp42_description/share/erp42_description/package.sh'
[3.791s] INFO:colcon.colcon_core.shell:Creating package script '/home/kimsohee/ev-1-5/ev-Autonomous-Vehicle-1-5/install/erp42_description/share/erp42_description/package.bash'
[3.791s] INFO:colcon.colcon_core.shell:Creating package script '/home/kimsohee/ev-1-5/ev-Autonomous-Vehicle-1-5/install/erp42_description/share/erp42_description/package.zsh'
[3.791s] Level 1:colcon.colcon_core.environment:create_file_with_runtime_dependencies(/home/kimsohee/ev-1-5/ev-Autonomous-Vehicle-1-5/install/erp42_description/share/colcon-core/packages/erp42_description)
[3.791s] Level 1:colcon.colcon_core.environment:create_environment_scripts_only(erp42_description)
[3.791s] Level 1:colcon.colcon_core.environment:checking '/home/kimsohee/ev-1-5/ev-Autonomous-Vehicle-1-5/install/erp42_description' for CMake module files
[3.792s] Level 1:colcon.colcon_core.environment:checking '/home/kimsohee/ev-1-5/ev-Autonomous-Vehicle-1-5/install/erp42_description' for CMake config files
[3.792s] Level 1:colcon.colcon_core.shell:create_environment_hook('erp42_description', 'cmake_prefix_path')
[3.792s] INFO:colcon.colcon_core.shell:Creating environment hook '/home/kimsohee/ev-1-5/ev-Autonomous-Vehicle-1-5/install/erp42_description/share/erp42_description/hook/cmake_prefix_path.ps1'
[3.792s] INFO:colcon.colcon_core.shell:Creating environment descriptor '/home/kimsohee/ev-1-5/ev-Autonomous-Vehicle-1-5/install/erp42_description/share/erp42_description/hook/cmake_prefix_path.dsv'
[3.792s] INFO:colcon.colcon_core.shell:Creating environment hook '/home/kimsohee/ev-1-5/ev-Autonomous-Vehicle-1-5/install/erp42_description/share/erp42_description/hook/cmake_prefix_path.sh'
[3.793s] Level 1:colcon.colcon_core.environment:checking '/home/kimsohee/ev-1-5/ev-Autonomous-Vehicle-1-5/install/erp42_description/bin'
[3.793s] Level 1:colcon.colcon_core.environment:checking '/home/kimsohee/ev-1-5/ev-Autonomous-Vehicle-1-5/install/erp42_description/lib/pkgconfig/erp42_description.pc'
[3.793s] Level 1:colcon.colcon_core.environment:checking '/home/kimsohee/ev-1-5/ev-Autonomous-Vehicle-1-5/install/erp42_description/lib/python3.10/site-packages'
[3.793s] Level 1:colcon.colcon_core.environment:checking '/home/kimsohee/ev-1-5/ev-Autonomous-Vehicle-1-5/install/erp42_description/bin'
[3.793s] INFO:colcon.colcon_core.shell:Creating package script '/home/kimsohee/ev-1-5/ev-Autonomous-Vehicle-1-5/install/erp42_description/share/erp42_description/package.ps1'
[3.794s] INFO:colcon.colcon_core.shell:Creating package descriptor '/home/kimsohee/ev-1-5/ev-Autonomous-Vehicle-1-5/install/erp42_description/share/erp42_description/package.dsv'
[3.794s] INFO:colcon.colcon_core.shell:Creating package script '/home/kimsohee/ev-1-5/ev-Autonomous-Vehicle-1-5/install/erp42_description/share/erp42_description/package.sh'
[3.795s] DEBUG:colcon.colcon_core.event_handler.log_command:Invoked command in '/home/kimsohee/ev-1-5/ev-Autonomous-Vehicle-1-5/build/erp42_description' returned '0': CMAKE_PREFIX_PATH=/home/kimsohee/ev-1-5/ev-Autonomous-Vehicle-1-5/install/erp42_cmake:/home/kimsohee/ev-1-5/ev-Autonomous-Vehicle-1-5/install/velodyne_pointcloud:/home/kimsohee/ev-1-5/ev-Autonomous-Vehicle-1-5/install/velodyne_driver:/home/kimsohee/ev-1-5/ev-Autonomous-Vehicle-1-5/install/velodyne_msgs:/home/kimsohee/ev-1-5/ev-Autonomous-Vehicle-1-5/install/velodyne_cropbox:/home/kimsohee/ev-1-5/ev-Autonomous-Vehicle-1-5/install/t870_serial:/home/kimsohee/ev-1-5/ev-Autonomous-Vehicle-1-5/install/t870_rqt_plugin:/home/kimsohee/ev-1-5/ev-Autonomous-Vehicle-1-5/install/t870_util:/home/kimsohee/ev-1-5/ev-Autonomous-Vehicle-1-5/install/t870_msgs:/home/kimsohee/ev-1-5/ev-Autonomous-Vehicle-1-5/install/t870_cmake:/home/kimsohee/ev-1-5/ev-Autonomous-Vehicle-1-5/install/make_bbox:/home/kimsohee/ev-1-5/ev-Autonomous-Vehicle-1-5/install/localization_fusion:/home/kimsohee/ev-1-5/ev-Autonomous-Vehicle-1-5/install/ev_msgs:/home/kimsohee/ev-1-5/ev-Autonomous-Vehicle-1-5/install/erp42_serial:/home/kimsohee/ev-1-5/ev-Autonomous-Vehicle-1-5/install/erp42_rqt_plugin:/home/kimsohee/ev-1-5/ev-Autonomous-Vehicle-1-5/install/erp42_util:/home/kimsohee/ev-1-5/ev-Autonomous-Vehicle-1-5/install/erp42_msgs:/home/kimsohee/ev-1-5/ev-Autonomous-Vehicle-1-5/install/erp42_description:/home/kimsohee/ev-1-5/ev-Autonomous-Vehicle-1-5/install/gps_localization:/home/kimsohee/ev-1-5/ev-Autonomous-Vehicle-1-5/install/erp42_gazebo:/home/kimsohee/ev-1-5/ev-Autonomous-Vehicle-1-5/install/carsa_gazebo:/opt/ros/humble /usr/bin/cmake --install /home/kimsohee/ev-1-5/ev-Autonomous-Vehicle-1-5/build/erp42_description
[3.797s] INFO:colcon.colcon_core.shell:Creating package script '/home/kimsohee/ev-1-5/ev-Autonomous-Vehicle-1-5/install/erp42_description/share/erp42_description/package.bash'
[3.798s] INFO:colcon.colcon_core.shell:Creating package script '/home/kimsohee/ev-1-5/ev-Autonomous-Vehicle-1-5/install/erp42_description/share/erp42_description/package.zsh'
[3.798s] Level 1:colcon.colcon_core.environment:create_file_with_runtime_dependencies(/home/kimsohee/ev-1-5/ev-Autonomous-Vehicle-1-5/install/erp42_description/share/colcon-core/packages/erp42_description)
[4.460s] DEBUG:colcon.colcon_core.event_handler.log_command:Invoked command in '/home/kimsohee/ev-1-5/ev-Autonomous-Vehicle-1-5/build/velodyne_msgs' returned '0': CMAKE_PREFIX_PATH=${CMAKE_PREFIX_PATH}:/opt/ros/humble /usr/bin/cmake --build /home/kimsohee/ev-1-5/ev-Autonomous-Vehicle-1-5/build/velodyne_msgs -- -j10 -l10
[4.461s] DEBUG:colcon.colcon_core.event_handler.log_command:Invoking command in '/home/kimsohee/ev-1-5/ev-Autonomous-Vehicle-1-5/build/velodyne_msgs': CMAKE_PREFIX_PATH=${CMAKE_PREFIX_PATH}:/opt/ros/humble /usr/bin/cmake --install /home/kimsohee/ev-1-5/ev-Autonomous-Vehicle-1-5/build/velodyne_msgs
[4.721s] DEBUG:colcon.colcon_core.event_handler.log_command:Invoked command in '/home/kimsohee/ev-1-5/ev-Autonomous-Vehicle-1-5/build/t870_msgs' returned '0': CMAKE_PREFIX_PATH=${CMAKE_PREFIX_PATH}:/opt/ros/humble /usr/bin/cmake --build /home/kimsohee/ev-1-5/ev-Autonomous-Vehicle-1-5/build/t870_msgs -- -j10 -l10
[4.731s] DEBUG:colcon.colcon_core.event_handler.log_command:Invoking command in '/home/kimsohee/ev-1-5/ev-Autonomous-Vehicle-1-5/build/t870_msgs': CMAKE_PREFIX_PATH=${CMAKE_PREFIX_PATH}:/opt/ros/humble /usr/bin/cmake --install /home/kimsohee/ev-1-5/ev-Autonomous-Vehicle-1-5/build/t870_msgs
[4.885s] DEBUG:colcon.colcon_core.event_handler.log_command:Invoked command in '/home/kimsohee/ev-1-5/ev-Autonomous-Vehicle-1-5/build/erp42_msgs' returned '0': CMAKE_PREFIX_PATH=${CMAKE_PREFIX_PATH}:/opt/ros/humble /usr/bin/cmake --build /home/kimsohee/ev-1-5/ev-Autonomous-Vehicle-1-5/build/erp42_msgs -- -j10 -l10
[4.892s] DEBUG:colcon.colcon_core.event_handler.log_command:Invoking command in '/home/kimsohee/ev-1-5/ev-Autonomous-Vehicle-1-5/build/erp42_msgs': CMAKE_PREFIX_PATH=${CMAKE_PREFIX_PATH}:/opt/ros/humble /usr/bin/cmake --install /home/kimsohee/ev-1-5/ev-Autonomous-Vehicle-1-5/build/erp42_msgs
[4.915s] DEBUG:colcon.colcon_core.event_handler.log_command:Invoked command in '/home/kimsohee/ev-1-5/ev-Autonomous-Vehicle-1-5/build/ev_msgs' returned '0': CMAKE_PREFIX_PATH=${CMAKE_PREFIX_PATH}:/opt/ros/humble /usr/bin/cmake --build /home/kimsohee/ev-1-5/ev-Autonomous-Vehicle-1-5/build/ev_msgs -- -j10 -l10
[4.916s] DEBUG:colcon.colcon_core.event_handler.log_command:Invoking command in '/home/kimsohee/ev-1-5/ev-Autonomous-Vehicle-1-5/build/ev_msgs': CMAKE_PREFIX_PATH=${CMAKE_PREFIX_PATH}:/opt/ros/humble /usr/bin/cmake --install /home/kimsohee/ev-1-5/ev-Autonomous-Vehicle-1-5/build/ev_msgs
[4.917s] Level 1:colcon.colcon_core.environment:create_environment_scripts_only(velodyne_msgs)
[4.917s] Level 1:colcon.colcon_core.environment:checking '/home/kimsohee/ev-1-5/ev-Autonomous-Vehicle-1-5/install/velodyne_msgs' for CMake module files
[4.918s] DEBUG:colcon.colcon_core.event_handler.log_command:Invoked command in '/home/kimsohee/ev-1-5/ev-Autonomous-Vehicle-1-5/build/velodyne_msgs' returned '0': CMAKE_PREFIX_PATH=${CMAKE_PREFIX_PATH}:/opt/ros/humble /usr/bin/cmake --install /home/kimsohee/ev-1-5/ev-Autonomous-Vehicle-1-5/build/velodyne_msgs
[4.919s] Level 1:colcon.colcon_core.environment:checking '/home/kimsohee/ev-1-5/ev-Autonomous-Vehicle-1-5/install/velodyne_msgs' for CMake config files
[4.919s] Level 1:colcon.colcon_core.shell:create_environment_hook('velodyne_msgs', 'cmake_prefix_path')
[4.919s] INFO:colcon.colcon_core.shell:Creating environment hook '/home/kimsohee/ev-1-5/ev-Autonomous-Vehicle-1-5/install/velodyne_msgs/share/velodyne_msgs/hook/cmake_prefix_path.ps1'
[4.919s] INFO:colcon.colcon_core.shell:Creating environment descriptor '/home/kimsohee/ev-1-5/ev-Autonomous-Vehicle-1-5/install/velodyne_msgs/share/velodyne_msgs/hook/cmake_prefix_path.dsv'
[4.920s] INFO:colcon.colcon_core.shell:Creating environment hook '/home/kimsohee/ev-1-5/ev-Autonomous-Vehicle-1-5/install/velodyne_msgs/share/velodyne_msgs/hook/cmake_prefix_path.sh'
[4.920s] Level 1:colcon.colcon_core.environment:checking '/home/kimsohee/ev-1-5/ev-Autonomous-Vehicle-1-5/install/velodyne_msgs/lib'
[4.921s] Level 1:colcon.colcon_core.shell:create_environment_hook('velodyne_msgs', 'ld_library_path_lib')
[4.921s] INFO:colcon.colcon_core.shell:Creating environment hook '/home/kimsohee/ev-1-5/ev-Autonomous-Vehicle-1-5/install/velodyne_msgs/share/velodyne_msgs/hook/ld_library_path_lib.ps1'
[4.921s] INFO:colcon.colcon_core.shell:Creating environment descriptor '/home/kimsohee/ev-1-5/ev-Autonomous-Vehicle-1-5/install/velodyne_msgs/share/velodyne_msgs/hook/ld_library_path_lib.dsv'
[4.921s] INFO:colcon.colcon_core.shell:Creating environment hook '/home/kimsohee/ev-1-5/ev-Autonomous-Vehicle-1-5/install/velodyne_msgs/share/velodyne_msgs/hook/ld_library_path_lib.sh'
[4.922s] Level 1:colcon.colcon_core.environment:checking '/home/kimsohee/ev-1-5/ev-Autonomous-Vehicle-1-5/install/velodyne_msgs/bin'
[4.922s] Level 1:colcon.colcon_core.environment:checking '/home/kimsohee/ev-1-5/ev-Autonomous-Vehicle-1-5/install/velodyne_msgs/lib/pkgconfig/velodyne_msgs.pc'
[4.922s] Level 1:colcon.colcon_core.environment:checking '/home/kimsohee/ev-1-5/ev-Autonomous-Vehicle-1-5/install/velodyne_msgs/lib/python3.10/site-packages'
[4.922s] Level 1:colcon.colcon_core.environment:checking '/home/kimsohee/ev-1-5/ev-Autonomous-Vehicle-1-5/install/velodyne_msgs/bin'
[4.922s] INFO:colcon.colcon_core.shell:Creating package script '/home/kimsohee/ev-1-5/ev-Autonomous-Vehicle-1-5/install/velodyne_msgs/share/velodyne_msgs/package.ps1'
[4.923s] INFO:colcon.colcon_core.shell:Creating package descriptor '/home/kimsohee/ev-1-5/ev-Autonomous-Vehicle-1-5/install/velodyne_msgs/share/velodyne_msgs/package.dsv'
[4.923s] INFO:colcon.colcon_core.shell:Creating package script '/home/kimsohee/ev-1-5/ev-Autonomous-Vehicle-1-5/install/velodyne_msgs/share/velodyne_msgs/package.sh'
[4.923s] INFO:colcon.colcon_core.shell:Creating package script '/home/kimsohee/ev-1-5/ev-Autonomous-Vehicle-1-5/install/velodyne_msgs/share/velodyne_msgs/package.bash'
[4.923s] INFO:colcon.colcon_core.shell:Creating package script '/home/kimsohee/ev-1-5/ev-Autonomous-Vehicle-1-5/install/velodyne_msgs/share/velodyne_msgs/package.zsh'
[4.923s] Level 1:colcon.colcon_core.environment:create_file_with_runtime_dependencies(/home/kimsohee/ev-1-5/ev-Autonomous-Vehicle-1-5/install/velodyne_msgs/share/colcon-core/packages/velodyne_msgs)
[4.923s] Level 1:colcon.colcon_core.environment:create_environment_scripts_only(velodyne_msgs)
[4.923s] Level 1:colcon.colcon_core.environment:checking '/home/kimsohee/ev-1-5/ev-Autonomous-Vehicle-1-5/install/velodyne_msgs' for CMake module files
[4.924s] Level 1:colcon.colcon_core.environment:checking '/home/kimsohee/ev-1-5/ev-Autonomous-Vehicle-1-5/install/velodyne_msgs' for CMake config files
[4.924s] Level 1:colcon.colcon_core.shell:create_environment_hook('velodyne_msgs', 'cmake_prefix_path')
[4.924s] INFO:colcon.colcon_core.shell:Creating environment hook '/home/kimsohee/ev-1-5/ev-Autonomous-Vehicle-1-5/install/velodyne_msgs/share/velodyne_msgs/hook/cmake_prefix_path.ps1'
[4.924s] INFO:colcon.colcon_core.shell:Creating environment descriptor '/home/kimsohee/ev-1-5/ev-Autonomous-Vehicle-1-5/install/velodyne_msgs/share/velodyne_msgs/hook/cmake_prefix_path.dsv'
[4.924s] INFO:colcon.colcon_core.shell:Creating environment hook '/home/kimsohee/ev-1-5/ev-Autonomous-Vehicle-1-5/install/velodyne_msgs/share/velodyne_msgs/hook/cmake_prefix_path.sh'
[4.925s] Level 1:colcon.colcon_core.environment:checking '/home/kimsohee/ev-1-5/ev-Autonomous-Vehicle-1-5/install/velodyne_msgs/lib'
[4.925s] Level 1:colcon.colcon_core.shell:create_environment_hook('velodyne_msgs', 'ld_library_path_lib')
[4.926s] INFO:colcon.colcon_core.shell:Creating environment hook '/home/kimsohee/ev-1-5/ev-Autonomous-Vehicle-1-5/install/velodyne_msgs/share/velodyne_msgs/hook/ld_library_path_lib.ps1'
[4.926s] INFO:colcon.colcon_core.shell:Creating environment descriptor '/home/kimsohee/ev-1-5/ev-Autonomous-Vehicle-1-5/install/velodyne_msgs/share/velodyne_msgs/hook/ld_library_path_lib.dsv'
[4.927s] INFO:colcon.colcon_core.shell:Creating environment hook '/home/kimsohee/ev-1-5/ev-Autonomous-Vehicle-1-5/install/velodyne_msgs/share/velodyne_msgs/hook/ld_library_path_lib.sh'
[4.928s] Level 1:colcon.colcon_core.environment:checking '/home/kimsohee/ev-1-5/ev-Autonomous-Vehicle-1-5/install/velodyne_msgs/bin'
[4.928s] Level 1:colcon.colcon_core.environment:checking '/home/kimsohee/ev-1-5/ev-Autonomous-Vehicle-1-5/install/velodyne_msgs/lib/pkgconfig/velodyne_msgs.pc'
[4.928s] Level 1:colcon.colcon_core.environment:checking '/home/kimsohee/ev-1-5/ev-Autonomous-Vehicle-1-5/install/velodyne_msgs/lib/python3.10/site-packages'
[4.928s] Level 1:colcon.colcon_core.environment:checking '/home/kimsohee/ev-1-5/ev-Autonomous-Vehicle-1-5/install/velodyne_msgs/bin'
[4.929s] INFO:colcon.colcon_core.shell:Creating package script '/home/kimsohee/ev-1-5/ev-Autonomous-Vehicle-1-5/install/velodyne_msgs/share/velodyne_msgs/package.ps1'
[4.929s] INFO:colcon.colcon_core.shell:Creating package descriptor '/home/kimsohee/ev-1-5/ev-Autonomous-Vehicle-1-5/install/velodyne_msgs/share/velodyne_msgs/package.dsv'
[4.930s] INFO:colcon.colcon_core.shell:Creating package script '/home/kimsohee/ev-1-5/ev-Autonomous-Vehicle-1-5/install/velodyne_msgs/share/velodyne_msgs/package.sh'
[4.930s] INFO:colcon.colcon_core.shell:Creating package script '/home/kimsohee/ev-1-5/ev-Autonomous-Vehicle-1-5/install/velodyne_msgs/share/velodyne_msgs/package.bash'
[4.931s] INFO:colcon.colcon_core.shell:Creating package script '/home/kimsohee/ev-1-5/ev-Autonomous-Vehicle-1-5/install/velodyne_msgs/share/velodyne_msgs/package.zsh'
[4.932s] Level 1:colcon.colcon_core.environment:create_file_with_runtime_dependencies(/home/kimsohee/ev-1-5/ev-Autonomous-Vehicle-1-5/install/velodyne_msgs/share/colcon-core/packages/velodyne_msgs)
[4.937s] INFO:colcon.colcon_ros.task.ament_cmake.build:Building ROS package in '/home/kimsohee/ev-1-5/ev-Autonomous-Vehicle-1-5/perception/src/lidar/velodyne_driver' with build type 'ament_cmake'
[4.937s] INFO:colcon.colcon_cmake.task.cmake.build:Building CMake package in '/home/kimsohee/ev-1-5/ev-Autonomous-Vehicle-1-5/perception/src/lidar/velodyne_driver'
[4.937s] INFO:colcon.colcon_core.shell:Skip shell extension 'powershell' for command environment: Not usable outside of PowerShell
[4.937s] DEBUG:colcon.colcon_core.shell:Skip shell extension 'dsv' for command environment
[4.939s] INFO:colcon.colcon_ros.task.ament_cmake.build:Building ROS package in '/home/kimsohee/ev-1-5/ev-Autonomous-Vehicle-1-5/perception/src/lidar/velodyne_pointcloud' with build type 'ament_cmake'
[4.939s] INFO:colcon.colcon_cmake.task.cmake.build:Building CMake package in '/home/kimsohee/ev-1-5/ev-Autonomous-Vehicle-1-5/perception/src/lidar/velodyne_pointcloud'
[4.939s] INFO:colcon.colcon_core.shell:Skip shell extension 'powershell' for command environment: Not usable outside of PowerShell
[4.939s] DEBUG:colcon.colcon_core.shell:Skip shell extension 'dsv' for command environment
[4.943s] DEBUG:colcon.colcon_core.event_handler.log_command:Invoking command in '/home/kimsohee/ev-1-5/ev-Autonomous-Vehicle-1-5/build/velodyne_driver': CMAKE_PREFIX_PATH=/home/kimsohee/ev-1-5/ev-Autonomous-Vehicle-1-5/install/velodyne_msgs:/home/kimsohee/ev-1-5/ev-Autonomous-Vehicle-1-5/install/velodyne_pointcloud:/home/kimsohee/ev-1-5/ev-Autonomous-Vehicle-1-5/install/velodyne_driver:/home/kimsohee/ev-1-5/ev-Autonomous-Vehicle-1-5/install/velodyne_cropbox:/home/kimsohee/ev-1-5/ev-Autonomous-Vehicle-1-5/install/t870_serial:/home/kimsohee/ev-1-5/ev-Autonomous-Vehicle-1-5/install/t870_rqt_plugin:/home/kimsohee/ev-1-5/ev-Autonomous-Vehicle-1-5/install/t870_util:/home/kimsohee/ev-1-5/ev-Autonomous-Vehicle-1-5/install/t870_msgs:/home/kimsohee/ev-1-5/ev-Autonomous-Vehicle-1-5/install/t870_cmake:/home/kimsohee/ev-1-5/ev-Autonomous-Vehicle-1-5/install/make_bbox:/home/kimsohee/ev-1-5/ev-Autonomous-Vehicle-1-5/install/localization_fusion:/home/kimsohee/ev-1-5/ev-Autonomous-Vehicle-1-5/install/ev_msgs:/home/kimsohee/ev-1-5/ev-Autonomous-Vehicle-1-5/install/erp42_serial:/home/kimsohee/ev-1-5/ev-Autonomous-Vehicle-1-5/install/erp42_rqt_plugin:/home/kimsohee/ev-1-5/ev-Autonomous-Vehicle-1-5/install/erp42_util:/home/kimsohee/ev-1-5/ev-Autonomous-Vehicle-1-5/install/erp42_msgs:/home/kimsohee/ev-1-5/ev-Autonomous-Vehicle-1-5/install/erp42_description:/home/kimsohee/ev-1-5/ev-Autonomous-Vehicle-1-5/install/erp42_cmake:/home/kimsohee/ev-1-5/ev-Autonomous-Vehicle-1-5/install/gps_localization:/home/kimsohee/ev-1-5/ev-Autonomous-Vehicle-1-5/install/erp42_gazebo:/home/kimsohee/ev-1-5/ev-Autonomous-Vehicle-1-5/install/carsa_gazebo:/opt/ros/humble LD_LIBRARY_PATH=/home/kimsohee/ev-1-5/ev-Autonomous-Vehicle-1-5/install/velodyne_msgs/lib:/home/kimsohee/ev-1-5/ev-Autonomous-Vehicle-1-5/install/velodyne_pointcloud/lib:/home/kimsohee/ev-1-5/ev-Autonomous-Vehicle-1-5/install/velodyne_driver/lib:/home/kimsohee/ev-1-5/ev-Autonomous-Vehicle-1-5/install/velodyne_cropbox/lib:/home/kimsohee/ev-1-5/ev-Autonomous-Vehicle-1-5/install/t870_serial/lib:/home/kimsohee/ev-1-5/ev-Autonomous-Vehicle-1-5/install/t870_rqt_plugin/lib:/home/kimsohee/ev-1-5/ev-Autonomous-Vehicle-1-5/install/t870_util/lib:/home/kimsohee/ev-1-5/ev-Autonomous-Vehicle-1-5/install/t870_msgs/lib:/home/kimsohee/ev-1-5/ev-Autonomous-Vehicle-1-5/install/make_bbox/lib:/home/kimsohee/ev-1-5/ev-Autonomous-Vehicle-1-5/install/ev_msgs/lib:/home/kimsohee/ev-1-5/ev-Autonomous-Vehicle-1-5/install/erp42_serial/lib:/home/kimsohee/ev-1-5/ev-Autonomous-Vehicle-1-5/install/erp42_rqt_plugin/lib:/home/kimsohee/ev-1-5/ev-Autonomous-Vehicle-1-5/install/erp42_util/lib:/home/kimsohee/ev-1-5/ev-Autonomous-Vehicle-1-5/install/erp42_msgs/lib:/home/kimsohee/ev-1-5/ev-Autonomous-Vehicle-1-5/install/erp42_gazebo/lib:/opt/ros/humble/opt/rviz_ogre_vendor/lib:/opt/ros/humble/lib/aarch64-linux-gnu:/opt/ros/humble/lib /usr/bin/cmake /home/kimsohee/ev-1-5/ev-Autonomous-Vehicle-1-5/perception/src/lidar/velodyne_driver -DAMENT_CMAKE_SYMLINK_INSTALL=1 -DCMAKE_INSTALL_PREFIX=/home/kimsohee/ev-1-5/ev-Autonomous-Vehicle-1-5/install/velodyne_driver
[4.945s] DEBUG:colcon.colcon_core.event_handler.log_command:Invoking command in '/home/kimsohee/ev-1-5/ev-Autonomous-Vehicle-1-5/build/velodyne_pointcloud': CMAKE_PREFIX_PATH=/home/kimsohee/ev-1-5/ev-Autonomous-Vehicle-1-5/install/velodyne_msgs:/home/kimsohee/ev-1-5/ev-Autonomous-Vehicle-1-5/install/velodyne_pointcloud:/home/kimsohee/ev-1-5/ev-Autonomous-Vehicle-1-5/install/velodyne_driver:/home/kimsohee/ev-1-5/ev-Autonomous-Vehicle-1-5/install/velodyne_cropbox:/home/kimsohee/ev-1-5/ev-Autonomous-Vehicle-1-5/install/t870_serial:/home/kimsohee/ev-1-5/ev-Autonomous-Vehicle-1-5/install/t870_rqt_plugin:/home/kimsohee/ev-1-5/ev-Autonomous-Vehicle-1-5/install/t870_util:/home/kimsohee/ev-1-5/ev-Autonomous-Vehicle-1-5/install/t870_msgs:/home/kimsohee/ev-1-5/ev-Autonomous-Vehicle-1-5/install/t870_cmake:/home/kimsohee/ev-1-5/ev-Autonomous-Vehicle-1-5/install/make_bbox:/home/kimsohee/ev-1-5/ev-Autonomous-Vehicle-1-5/install/localization_fusion:/home/kimsohee/ev-1-5/ev-Autonomous-Vehicle-1-5/install/ev_msgs:/home/kimsohee/ev-1-5/ev-Autonomous-Vehicle-1-5/install/erp42_serial:/home/kimsohee/ev-1-5/ev-Autonomous-Vehicle-1-5/install/erp42_rqt_plugin:/home/kimsohee/ev-1-5/ev-Autonomous-Vehicle-1-5/install/erp42_util:/home/kimsohee/ev-1-5/ev-Autonomous-Vehicle-1-5/install/erp42_msgs:/home/kimsohee/ev-1-5/ev-Autonomous-Vehicle-1-5/install/erp42_description:/home/kimsohee/ev-1-5/ev-Autonomous-Vehicle-1-5/install/erp42_cmake:/home/kimsohee/ev-1-5/ev-Autonomous-Vehicle-1-5/install/gps_localization:/home/kimsohee/ev-1-5/ev-Autonomous-Vehicle-1-5/install/erp42_gazebo:/home/kimsohee/ev-1-5/ev-Autonomous-Vehicle-1-5/install/carsa_gazebo:/opt/ros/humble LD_LIBRARY_PATH=/home/kimsohee/ev-1-5/ev-Autonomous-Vehicle-1-5/install/velodyne_msgs/lib:/home/kimsohee/ev-1-5/ev-Autonomous-Vehicle-1-5/install/velodyne_pointcloud/lib:/home/kimsohee/ev-1-5/ev-Autonomous-Vehicle-1-5/install/velodyne_driver/lib:/home/kimsohee/ev-1-5/ev-Autonomous-Vehicle-1-5/install/velodyne_cropbox/lib:/home/kimsohee/ev-1-5/ev-Autonomous-Vehicle-1-5/install/t870_serial/lib:/home/kimsohee/ev-1-5/ev-Autonomous-Vehicle-1-5/install/t870_rqt_plugin/lib:/home/kimsohee/ev-1-5/ev-Autonomous-Vehicle-1-5/install/t870_util/lib:/home/kimsohee/ev-1-5/ev-Autonomous-Vehicle-1-5/install/t870_msgs/lib:/home/kimsohee/ev-1-5/ev-Autonomous-Vehicle-1-5/install/make_bbox/lib:/home/kimsohee/ev-1-5/ev-Autonomous-Vehicle-1-5/install/ev_msgs/lib:/home/kimsohee/ev-1-5/ev-Autonomous-Vehicle-1-5/install/erp42_serial/lib:/home/kimsohee/ev-1-5/ev-Autonomous-Vehicle-1-5/install/erp42_rqt_plugin/lib:/home/kimsohee/ev-1-5/ev-Autonomous-Vehicle-1-5/install/erp42_util/lib:/home/kimsohee/ev-1-5/ev-Autonomous-Vehicle-1-5/install/erp42_msgs/lib:/home/kimsohee/ev-1-5/ev-Autonomous-Vehicle-1-5/install/erp42_gazebo/lib:/opt/ros/humble/opt/rviz_ogre_vendor/lib:/opt/ros/humble/lib/aarch64-linux-gnu:/opt/ros/humble/lib /usr/bin/cmake /home/kimsohee/ev-1-5/ev-Autonomous-Vehicle-1-5/perception/src/lidar/velodyne_pointcloud -DAMENT_CMAKE_SYMLINK_INSTALL=1 -DCMAKE_INSTALL_PREFIX=/home/kimsohee/ev-1-5/ev-Autonomous-Vehicle-1-5/install/velodyne_pointcloud
[5.232s] Level 1:colcon.colcon_core.environment:create_environment_scripts_only(t870_msgs)
[5.232s] Level 1:colcon.colcon_core.environment:checking '/home/kimsohee/ev-1-5/ev-Autonomous-Vehicle-1-5/install/t870_msgs' for CMake module files
[5.232s] DEBUG:colcon.colcon_core.event_handler.log_command:Invoked command in '/home/kimsohee/ev-1-5/ev-Autonomous-Vehicle-1-5/build/t870_msgs' returned '0': CMAKE_PREFIX_PATH=${CMAKE_PREFIX_PATH}:/opt/ros/humble /usr/bin/cmake --install /home/kimsohee/ev-1-5/ev-Autonomous-Vehicle-1-5/build/t870_msgs
[5.233s] Level 1:colcon.colcon_core.environment:checking '/home/kimsohee/ev-1-5/ev-Autonomous-Vehicle-1-5/install/t870_msgs' for CMake config files
[5.233s] Level 1:colcon.colcon_core.shell:create_environment_hook('t870_msgs', 'cmake_prefix_path')
[5.233s] INFO:colcon.colcon_core.shell:Creating environment hook '/home/kimsohee/ev-1-5/ev-Autonomous-Vehicle-1-5/install/t870_msgs/share/t870_msgs/hook/cmake_prefix_path.ps1'
[5.233s] INFO:colcon.colcon_core.shell:Creating environment descriptor '/home/kimsohee/ev-1-5/ev-Autonomous-Vehicle-1-5/install/t870_msgs/share/t870_msgs/hook/cmake_prefix_path.dsv'
[5.234s] INFO:colcon.colcon_core.shell:Creating environment hook '/home/kimsohee/ev-1-5/ev-Autonomous-Vehicle-1-5/install/t870_msgs/share/t870_msgs/hook/cmake_prefix_path.sh'
[5.234s] Level 1:colcon.colcon_core.environment:checking '/home/kimsohee/ev-1-5/ev-Autonomous-Vehicle-1-5/install/t870_msgs/lib'
[5.234s] Level 1:colcon.colcon_core.shell:create_environment_hook('t870_msgs', 'ld_library_path_lib')
[5.234s] INFO:colcon.colcon_core.shell:Creating environment hook '/home/kimsohee/ev-1-5/ev-Autonomous-Vehicle-1-5/install/t870_msgs/share/t870_msgs/hook/ld_library_path_lib.ps1'
[5.234s] INFO:colcon.colcon_core.shell:Creating environment descriptor '/home/kimsohee/ev-1-5/ev-Autonomous-Vehicle-1-5/install/t870_msgs/share/t870_msgs/hook/ld_library_path_lib.dsv'
[5.235s] INFO:colcon.colcon_core.shell:Creating environment hook '/home/kimsohee/ev-1-5/ev-Autonomous-Vehicle-1-5/install/t870_msgs/share/t870_msgs/hook/ld_library_path_lib.sh'
[5.235s] Level 1:colcon.colcon_core.environment:checking '/home/kimsohee/ev-1-5/ev-Autonomous-Vehicle-1-5/install/t870_msgs/bin'
[5.235s] Level 1:colcon.colcon_core.environment:checking '/home/kimsohee/ev-1-5/ev-Autonomous-Vehicle-1-5/install/t870_msgs/lib/pkgconfig/t870_msgs.pc'
[5.235s] Level 1:colcon.colcon_core.environment:checking '/home/kimsohee/ev-1-5/ev-Autonomous-Vehicle-1-5/install/t870_msgs/lib/python3.10/site-packages'
[5.235s] Level 1:colcon.colcon_core.environment:checking '/home/kimsohee/ev-1-5/ev-Autonomous-Vehicle-1-5/install/t870_msgs/bin'
[5.235s] INFO:colcon.colcon_core.shell:Creating package script '/home/kimsohee/ev-1-5/ev-Autonomous-Vehicle-1-5/install/t870_msgs/share/t870_msgs/package.ps1'
[5.235s] INFO:colcon.colcon_core.shell:Creating package descriptor '/home/kimsohee/ev-1-5/ev-Autonomous-Vehicle-1-5/install/t870_msgs/share/t870_msgs/package.dsv'
[5.236s] INFO:colcon.colcon_core.shell:Creating package script '/home/kimsohee/ev-1-5/ev-Autonomous-Vehicle-1-5/install/t870_msgs/share/t870_msgs/package.sh'
[5.236s] INFO:colcon.colcon_core.shell:Creating package script '/home/kimsohee/ev-1-5/ev-Autonomous-Vehicle-1-5/install/t870_msgs/share/t870_msgs/package.bash'
[5.236s] INFO:colcon.colcon_core.shell:Creating package script '/home/kimsohee/ev-1-5/ev-Autonomous-Vehicle-1-5/install/t870_msgs/share/t870_msgs/package.zsh'
[5.236s] Level 1:colcon.colcon_core.environment:create_file_with_runtime_dependencies(/home/kimsohee/ev-1-5/ev-Autonomous-Vehicle-1-5/install/t870_msgs/share/colcon-core/packages/t870_msgs)
[5.236s] Level 1:colcon.colcon_core.environment:create_environment_scripts_only(t870_msgs)
[5.236s] Level 1:colcon.colcon_core.environment:checking '/home/kimsohee/ev-1-5/ev-Autonomous-Vehicle-1-5/install/t870_msgs' for CMake module files
[5.237s] Level 1:colcon.colcon_core.environment:checking '/home/kimsohee/ev-1-5/ev-Autonomous-Vehicle-1-5/install/t870_msgs' for CMake config files
[5.237s] Level 1:colcon.colcon_core.shell:create_environment_hook('t870_msgs', 'cmake_prefix_path')
[5.237s] INFO:colcon.colcon_core.shell:Creating environment hook '/home/kimsohee/ev-1-5/ev-Autonomous-Vehicle-1-5/install/t870_msgs/share/t870_msgs/hook/cmake_prefix_path.ps1'
[5.237s] INFO:colcon.colcon_core.shell:Creating environment descriptor '/home/kimsohee/ev-1-5/ev-Autonomous-Vehicle-1-5/install/t870_msgs/share/t870_msgs/hook/cmake_prefix_path.dsv'
[5.238s] INFO:colcon.colcon_core.shell:Creating environment hook '/home/kimsohee/ev-1-5/ev-Autonomous-Vehicle-1-5/install/t870_msgs/share/t870_msgs/hook/cmake_prefix_path.sh'
[5.238s] Level 1:colcon.colcon_core.environment:checking '/home/kimsohee/ev-1-5/ev-Autonomous-Vehicle-1-5/install/t870_msgs/lib'
[5.238s] Level 1:colcon.colcon_core.shell:create_environment_hook('t870_msgs', 'ld_library_path_lib')
[5.238s] INFO:colcon.colcon_core.shell:Creating environment hook '/home/kimsohee/ev-1-5/ev-Autonomous-Vehicle-1-5/install/t870_msgs/share/t870_msgs/hook/ld_library_path_lib.ps1'
[5.242s] INFO:colcon.colcon_core.shell:Creating environment descriptor '/home/kimsohee/ev-1-5/ev-Autonomous-Vehicle-1-5/install/t870_msgs/share/t870_msgs/hook/ld_library_path_lib.dsv'
[5.242s] INFO:colcon.colcon_core.shell:Creating environment hook '/home/kimsohee/ev-1-5/ev-Autonomous-Vehicle-1-5/install/t870_msgs/share/t870_msgs/hook/ld_library_path_lib.sh'
[5.243s] Level 1:colcon.colcon_core.environment:checking '/home/kimsohee/ev-1-5/ev-Autonomous-Vehicle-1-5/install/t870_msgs/bin'
[5.243s] Level 1:colcon.colcon_core.environment:checking '/home/kimsohee/ev-1-5/ev-Autonomous-Vehicle-1-5/install/t870_msgs/lib/pkgconfig/t870_msgs.pc'
[5.243s] Level 1:colcon.colcon_core.environment:checking '/home/kimsohee/ev-1-5/ev-Autonomous-Vehicle-1-5/install/t870_msgs/lib/python3.10/site-packages'
[5.243s] Level 1:colcon.colcon_core.environment:checking '/home/kimsohee/ev-1-5/ev-Autonomous-Vehicle-1-5/install/t870_msgs/bin'
[5.244s] INFO:colcon.colcon_core.shell:Creating package script '/home/kimsohee/ev-1-5/ev-Autonomous-Vehicle-1-5/install/t870_msgs/share/t870_msgs/package.ps1'
[5.244s] INFO:colcon.colcon_core.shell:Creating package descriptor '/home/kimsohee/ev-1-5/ev-Autonomous-Vehicle-1-5/install/t870_msgs/share/t870_msgs/package.dsv'
[5.244s] INFO:colcon.colcon_core.shell:Creating package script '/home/kimsohee/ev-1-5/ev-Autonomous-Vehicle-1-5/install/t870_msgs/share/t870_msgs/package.sh'
[5.244s] INFO:colcon.colcon_core.shell:Creating package script '/home/kimsohee/ev-1-5/ev-Autonomous-Vehicle-1-5/install/t870_msgs/share/t870_msgs/package.bash'
[5.245s] INFO:colcon.colcon_core.shell:Creating package script '/home/kimsohee/ev-1-5/ev-Autonomous-Vehicle-1-5/install/t870_msgs/share/t870_msgs/package.zsh'
[5.245s] Level 1:colcon.colcon_core.environment:create_file_with_runtime_dependencies(/home/kimsohee/ev-1-5/ev-Autonomous-Vehicle-1-5/install/t870_msgs/share/colcon-core/packages/t870_msgs)
[5.246s] INFO:colcon.colcon_ros.task.ament_cmake.build:Building ROS package in '/home/kimsohee/ev-1-5/ev-Autonomous-Vehicle-1-5/t870_ros/src/t870_rqt_plugin' with build type 'ament_cmake'
[5.246s] INFO:colcon.colcon_cmake.task.cmake.build:Building CMake package in '/home/kimsohee/ev-1-5/ev-Autonomous-Vehicle-1-5/t870_ros/src/t870_rqt_plugin'
[5.246s] INFO:colcon.colcon_core.shell:Skip shell extension 'powershell' for command environment: Not usable outside of PowerShell
[5.246s] DEBUG:colcon.colcon_core.shell:Skip shell extension 'dsv' for command environment
[5.254s] INFO:colcon.colcon_ros.task.ament_cmake.build:Building ROS package in '/home/kimsohee/ev-1-5/ev-Autonomous-Vehicle-1-5/t870_ros/src/t870_serial' with build type 'ament_cmake'
[5.254s] INFO:colcon.colcon_cmake.task.cmake.build:Building CMake package in '/home/kimsohee/ev-1-5/ev-Autonomous-Vehicle-1-5/t870_ros/src/t870_serial'
[5.254s] INFO:colcon.colcon_core.shell:Skip shell extension 'powershell' for command environment: Not usable outside of PowerShell
[5.254s] DEBUG:colcon.colcon_core.shell:Skip shell extension 'dsv' for command environment
[5.259s] DEBUG:colcon.colcon_core.event_handler.log_command:Invoking command in '/home/kimsohee/ev-1-5/ev-Autonomous-Vehicle-1-5/build/t870_rqt_plugin': CMAKE_PREFIX_PATH=/home/kimsohee/ev-1-5/ev-Autonomous-Vehicle-1-5/install/t870_util:/home/kimsohee/ev-1-5/ev-Autonomous-Vehicle-1-5/install/t870_msgs:/home/kimsohee/ev-1-5/ev-Autonomous-Vehicle-1-5/install/t870_cmake:/home/kimsohee/ev-1-5/ev-Autonomous-Vehicle-1-5/install/velodyne_pointcloud:/home/kimsohee/ev-1-5/ev-Autonomous-Vehicle-1-5/install/velodyne_driver:/home/kimsohee/ev-1-5/ev-Autonomous-Vehicle-1-5/install/velodyne_msgs:/home/kimsohee/ev-1-5/ev-Autonomous-Vehicle-1-5/install/velodyne_cropbox:/home/kimsohee/ev-1-5/ev-Autonomous-Vehicle-1-5/install/t870_serial:/home/kimsohee/ev-1-5/ev-Autonomous-Vehicle-1-5/install/t870_rqt_plugin:/home/kimsohee/ev-1-5/ev-Autonomous-Vehicle-1-5/install/make_bbox:/home/kimsohee/ev-1-5/ev-Autonomous-Vehicle-1-5/install/localization_fusion:/home/kimsohee/ev-1-5/ev-Autonomous-Vehicle-1-5/install/ev_msgs:/home/kimsohee/ev-1-5/ev-Autonomous-Vehicle-1-5/install/erp42_serial:/home/kimsohee/ev-1-5/ev-Autonomous-Vehicle-1-5/install/erp42_rqt_plugin:/home/kimsohee/ev-1-5/ev-Autonomous-Vehicle-1-5/install/erp42_util:/home/kimsohee/ev-1-5/ev-Autonomous-Vehicle-1-5/install/erp42_msgs:/home/kimsohee/ev-1-5/ev-Autonomous-Vehicle-1-5/install/erp42_description:/home/kimsohee/ev-1-5/ev-Autonomous-Vehicle-1-5/install/erp42_cmake:/home/kimsohee/ev-1-5/ev-Autonomous-Vehicle-1-5/install/gps_localization:/home/kimsohee/ev-1-5/ev-Autonomous-Vehicle-1-5/install/erp42_gazebo:/home/kimsohee/ev-1-5/ev-Autonomous-Vehicle-1-5/install/carsa_gazebo:/opt/ros/humble LD_LIBRARY_PATH=/home/kimsohee/ev-1-5/ev-Autonomous-Vehicle-1-5/install/t870_util/lib:/home/kimsohee/ev-1-5/ev-Autonomous-Vehicle-1-5/install/t870_msgs/lib:/home/kimsohee/ev-1-5/ev-Autonomous-Vehicle-1-5/install/velodyne_pointcloud/lib:/home/kimsohee/ev-1-5/ev-Autonomous-Vehicle-1-5/install/velodyne_driver/lib:/home/kimsohee/ev-1-5/ev-Autonomous-Vehicle-1-5/install/velodyne_msgs/lib:/home/kimsohee/ev-1-5/ev-Autonomous-Vehicle-1-5/install/velodyne_cropbox/lib:/home/kimsohee/ev-1-5/ev-Autonomous-Vehicle-1-5/install/t870_serial/lib:/home/kimsohee/ev-1-5/ev-Autonomous-Vehicle-1-5/install/t870_rqt_plugin/lib:/home/kimsohee/ev-1-5/ev-Autonomous-Vehicle-1-5/install/make_bbox/lib:/home/kimsohee/ev-1-5/ev-Autonomous-Vehicle-1-5/install/ev_msgs/lib:/home/kimsohee/ev-1-5/ev-Autonomous-Vehicle-1-5/install/erp42_serial/lib:/home/kimsohee/ev-1-5/ev-Autonomous-Vehicle-1-5/install/erp42_rqt_plugin/lib:/home/kimsohee/ev-1-5/ev-Autonomous-Vehicle-1-5/install/erp42_util/lib:/home/kimsohee/ev-1-5/ev-Autonomous-Vehicle-1-5/install/erp42_msgs/lib:/home/kimsohee/ev-1-5/ev-Autonomous-Vehicle-1-5/install/erp42_gazebo/lib:/opt/ros/humble/opt/rviz_ogre_vendor/lib:/opt/ros/humble/lib/aarch64-linux-gnu:/opt/ros/humble/lib /usr/bin/cmake /home/kimsohee/ev-1-5/ev-Autonomous-Vehicle-1-5/t870_ros/src/t870_rqt_plugin -DAMENT_CMAKE_SYMLINK_INSTALL=1 -DCMAKE_INSTALL_PREFIX=/home/kimsohee/ev-1-5/ev-Autonomous-Vehicle-1-5/install/t870_rqt_plugin
[5.272s] DEBUG:colcon.colcon_core.event_handler.log_command:Invoking command in '/home/kimsohee/ev-1-5/ev-Autonomous-Vehicle-1-5/build/t870_serial': CMAKE_PREFIX_PATH=/home/kimsohee/ev-1-5/ev-Autonomous-Vehicle-1-5/install/t870_util:/home/kimsohee/ev-1-5/ev-Autonomous-Vehicle-1-5/install/t870_msgs:/home/kimsohee/ev-1-5/ev-Autonomous-Vehicle-1-5/install/t870_cmake:/home/kimsohee/ev-1-5/ev-Autonomous-Vehicle-1-5/install/velodyne_pointcloud:/home/kimsohee/ev-1-5/ev-Autonomous-Vehicle-1-5/install/velodyne_driver:/home/kimsohee/ev-1-5/ev-Autonomous-Vehicle-1-5/install/velodyne_msgs:/home/kimsohee/ev-1-5/ev-Autonomous-Vehicle-1-5/install/velodyne_cropbox:/home/kimsohee/ev-1-5/ev-Autonomous-Vehicle-1-5/install/t870_serial:/home/kimsohee/ev-1-5/ev-Autonomous-Vehicle-1-5/install/t870_rqt_plugin:/home/kimsohee/ev-1-5/ev-Autonomous-Vehicle-1-5/install/make_bbox:/home/kimsohee/ev-1-5/ev-Autonomous-Vehicle-1-5/install/localization_fusion:/home/kimsohee/ev-1-5/ev-Autonomous-Vehicle-1-5/install/ev_msgs:/home/kimsohee/ev-1-5/ev-Autonomous-Vehicle-1-5/install/erp42_serial:/home/kimsohee/ev-1-5/ev-Autonomous-Vehicle-1-5/install/erp42_rqt_plugin:/home/kimsohee/ev-1-5/ev-Autonomous-Vehicle-1-5/install/erp42_util:/home/kimsohee/ev-1-5/ev-Autonomous-Vehicle-1-5/install/erp42_msgs:/home/kimsohee/ev-1-5/ev-Autonomous-Vehicle-1-5/install/erp42_description:/home/kimsohee/ev-1-5/ev-Autonomous-Vehicle-1-5/install/erp42_cmake:/home/kimsohee/ev-1-5/ev-Autonomous-Vehicle-1-5/install/gps_localization:/home/kimsohee/ev-1-5/ev-Autonomous-Vehicle-1-5/install/erp42_gazebo:/home/kimsohee/ev-1-5/ev-Autonomous-Vehicle-1-5/install/carsa_gazebo:/opt/ros/humble LD_LIBRARY_PATH=/home/kimsohee/ev-1-5/ev-Autonomous-Vehicle-1-5/install/t870_util/lib:/home/kimsohee/ev-1-5/ev-Autonomous-Vehicle-1-5/install/t870_msgs/lib:/home/kimsohee/ev-1-5/ev-Autonomous-Vehicle-1-5/install/velodyne_pointcloud/lib:/home/kimsohee/ev-1-5/ev-Autonomous-Vehicle-1-5/install/velodyne_driver/lib:/home/kimsohee/ev-1-5/ev-Autonomous-Vehicle-1-5/install/velodyne_msgs/lib:/home/kimsohee/ev-1-5/ev-Autonomous-Vehicle-1-5/install/velodyne_cropbox/lib:/home/kimsohee/ev-1-5/ev-Autonomous-Vehicle-1-5/install/t870_serial/lib:/home/kimsohee/ev-1-5/ev-Autonomous-Vehicle-1-5/install/t870_rqt_plugin/lib:/home/kimsohee/ev-1-5/ev-Autonomous-Vehicle-1-5/install/make_bbox/lib:/home/kimsohee/ev-1-5/ev-Autonomous-Vehicle-1-5/install/ev_msgs/lib:/home/kimsohee/ev-1-5/ev-Autonomous-Vehicle-1-5/install/erp42_serial/lib:/home/kimsohee/ev-1-5/ev-Autonomous-Vehicle-1-5/install/erp42_rqt_plugin/lib:/home/kimsohee/ev-1-5/ev-Autonomous-Vehicle-1-5/install/erp42_util/lib:/home/kimsohee/ev-1-5/ev-Autonomous-Vehicle-1-5/install/erp42_msgs/lib:/home/kimsohee/ev-1-5/ev-Autonomous-Vehicle-1-5/install/erp42_gazebo/lib:/opt/ros/humble/opt/rviz_ogre_vendor/lib:/opt/ros/humble/lib/aarch64-linux-gnu:/opt/ros/humble/lib /usr/bin/cmake /home/kimsohee/ev-1-5/ev-Autonomous-Vehicle-1-5/t870_ros/src/t870_serial -DAMENT_CMAKE_SYMLINK_INSTALL=1 -DCMAKE_INSTALL_PREFIX=/home/kimsohee/ev-1-5/ev-Autonomous-Vehicle-1-5/install/t870_serial
[5.399s] Level 1:colcon.colcon_core.environment:create_environment_scripts_only(erp42_msgs)
[5.399s] Level 1:colcon.colcon_core.environment:checking '/home/kimsohee/ev-1-5/ev-Autonomous-Vehicle-1-5/install/erp42_msgs' for CMake module files
[5.399s] DEBUG:colcon.colcon_core.event_handler.log_command:Invoked command in '/home/kimsohee/ev-1-5/ev-Autonomous-Vehicle-1-5/build/erp42_msgs' returned '0': CMAKE_PREFIX_PATH=${CMAKE_PREFIX_PATH}:/opt/ros/humble /usr/bin/cmake --install /home/kimsohee/ev-1-5/ev-Autonomous-Vehicle-1-5/build/erp42_msgs
[5.399s] Level 1:colcon.colcon_core.environment:checking '/home/kimsohee/ev-1-5/ev-Autonomous-Vehicle-1-5/install/erp42_msgs' for CMake config files
[5.400s] Level 1:colcon.colcon_core.shell:create_environment_hook('erp42_msgs', 'cmake_prefix_path')
[5.400s] INFO:colcon.colcon_core.shell:Creating environment hook '/home/kimsohee/ev-1-5/ev-Autonomous-Vehicle-1-5/install/erp42_msgs/share/erp42_msgs/hook/cmake_prefix_path.ps1'
[5.401s] INFO:colcon.colcon_core.shell:Creating environment descriptor '/home/kimsohee/ev-1-5/ev-Autonomous-Vehicle-1-5/install/erp42_msgs/share/erp42_msgs/hook/cmake_prefix_path.dsv'
[5.401s] INFO:colcon.colcon_core.shell:Creating environment hook '/home/kimsohee/ev-1-5/ev-Autonomous-Vehicle-1-5/install/erp42_msgs/share/erp42_msgs/hook/cmake_prefix_path.sh'
[5.401s] Level 1:colcon.colcon_core.environment:checking '/home/kimsohee/ev-1-5/ev-Autonomous-Vehicle-1-5/install/erp42_msgs/lib'
[5.401s] Level 1:colcon.colcon_core.shell:create_environment_hook('erp42_msgs', 'ld_library_path_lib')
[5.401s] INFO:colcon.colcon_core.shell:Creating environment hook '/home/kimsohee/ev-1-5/ev-Autonomous-Vehicle-1-5/install/erp42_msgs/share/erp42_msgs/hook/ld_library_path_lib.ps1'
[5.401s] INFO:colcon.colcon_core.shell:Creating environment descriptor '/home/kimsohee/ev-1-5/ev-Autonomous-Vehicle-1-5/install/erp42_msgs/share/erp42_msgs/hook/ld_library_path_lib.dsv'
[5.401s] INFO:colcon.colcon_core.shell:Creating environment hook '/home/kimsohee/ev-1-5/ev-Autonomous-Vehicle-1-5/install/erp42_msgs/share/erp42_msgs/hook/ld_library_path_lib.sh'
[5.401s] Level 1:colcon.colcon_core.environment:checking '/home/kimsohee/ev-1-5/ev-Autonomous-Vehicle-1-5/install/erp42_msgs/bin'
[5.402s] Level 1:colcon.colcon_core.environment:checking '/home/kimsohee/ev-1-5/ev-Autonomous-Vehicle-1-5/install/erp42_msgs/lib/pkgconfig/erp42_msgs.pc'
[5.402s] Level 1:colcon.colcon_core.environment:checking '/home/kimsohee/ev-1-5/ev-Autonomous-Vehicle-1-5/install/erp42_msgs/lib/python3.10/site-packages'
[5.402s] Level 1:colcon.colcon_core.environment:checking '/home/kimsohee/ev-1-5/ev-Autonomous-Vehicle-1-5/install/erp42_msgs/bin'
[5.402s] INFO:colcon.colcon_core.shell:Creating package script '/home/kimsohee/ev-1-5/ev-Autonomous-Vehicle-1-5/install/erp42_msgs/share/erp42_msgs/package.ps1'
[5.402s] INFO:colcon.colcon_core.shell:Creating package descriptor '/home/kimsohee/ev-1-5/ev-Autonomous-Vehicle-1-5/install/erp42_msgs/share/erp42_msgs/package.dsv'
[5.402s] INFO:colcon.colcon_core.shell:Creating package script '/home/kimsohee/ev-1-5/ev-Autonomous-Vehicle-1-5/install/erp42_msgs/share/erp42_msgs/package.sh'
[5.402s] INFO:colcon.colcon_core.shell:Creating package script '/home/kimsohee/ev-1-5/ev-Autonomous-Vehicle-1-5/install/erp42_msgs/share/erp42_msgs/package.bash'
[5.403s] INFO:colcon.colcon_core.shell:Creating package script '/home/kimsohee/ev-1-5/ev-Autonomous-Vehicle-1-5/install/erp42_msgs/share/erp42_msgs/package.zsh'
[5.403s] Level 1:colcon.colcon_core.environment:create_file_with_runtime_dependencies(/home/kimsohee/ev-1-5/ev-Autonomous-Vehicle-1-5/install/erp42_msgs/share/colcon-core/packages/erp42_msgs)
[5.403s] Level 1:colcon.colcon_core.environment:create_environment_scripts_only(erp42_msgs)
[5.403s] Level 1:colcon.colcon_core.environment:checking '/home/kimsohee/ev-1-5/ev-Autonomous-Vehicle-1-5/install/erp42_msgs' for CMake module files
[5.403s] Level 1:colcon.colcon_core.environment:checking '/home/kimsohee/ev-1-5/ev-Autonomous-Vehicle-1-5/install/erp42_msgs' for CMake config files
[5.404s] Level 1:colcon.colcon_core.shell:create_environment_hook('erp42_msgs', 'cmake_prefix_path')
[5.404s] INFO:colcon.colcon_core.shell:Creating environment hook '/home/kimsohee/ev-1-5/ev-Autonomous-Vehicle-1-5/install/erp42_msgs/share/erp42_msgs/hook/cmake_prefix_path.ps1'
[5.405s] INFO:colcon.colcon_core.shell:Creating environment descriptor '/home/kimsohee/ev-1-5/ev-Autonomous-Vehicle-1-5/install/erp42_msgs/share/erp42_msgs/hook/cmake_prefix_path.dsv'
[5.407s] INFO:colcon.colcon_core.shell:Creating environment hook '/home/kimsohee/ev-1-5/ev-Autonomous-Vehicle-1-5/install/erp42_msgs/share/erp42_msgs/hook/cmake_prefix_path.sh'
[5.408s] Level 1:colcon.colcon_core.environment:checking '/home/kimsohee/ev-1-5/ev-Autonomous-Vehicle-1-5/install/erp42_msgs/lib'
[5.409s] Level 1:colcon.colcon_core.shell:create_environment_hook('erp42_msgs', 'ld_library_path_lib')
[5.409s] INFO:colcon.colcon_core.shell:Creating environment hook '/home/kimsohee/ev-1-5/ev-Autonomous-Vehicle-1-5/install/erp42_msgs/share/erp42_msgs/hook/ld_library_path_lib.ps1'
[5.409s] INFO:colcon.colcon_core.shell:Creating environment descriptor '/home/kimsohee/ev-1-5/ev-Autonomous-Vehicle-1-5/install/erp42_msgs/share/erp42_msgs/hook/ld_library_path_lib.dsv'
[5.410s] INFO:colcon.colcon_core.shell:Creating environment hook '/home/kimsohee/ev-1-5/ev-Autonomous-Vehicle-1-5/install/erp42_msgs/share/erp42_msgs/hook/ld_library_path_lib.sh'
[5.411s] Level 1:colcon.colcon_core.environment:checking '/home/kimsohee/ev-1-5/ev-Autonomous-Vehicle-1-5/install/erp42_msgs/bin'
[5.411s] Level 1:colcon.colcon_core.environment:checking '/home/kimsohee/ev-1-5/ev-Autonomous-Vehicle-1-5/install/erp42_msgs/lib/pkgconfig/erp42_msgs.pc'
[5.411s] Level 1:colcon.colcon_core.environment:checking '/home/kimsohee/ev-1-5/ev-Autonomous-Vehicle-1-5/install/erp42_msgs/lib/python3.10/site-packages'
[5.412s] Level 1:colcon.colcon_core.environment:checking '/home/kimsohee/ev-1-5/ev-Autonomous-Vehicle-1-5/install/erp42_msgs/bin'
[5.412s] INFO:colcon.colcon_core.shell:Creating package script '/home/kimsohee/ev-1-5/ev-Autonomous-Vehicle-1-5/install/erp42_msgs/share/erp42_msgs/package.ps1'
[5.412s] INFO:colcon.colcon_core.shell:Creating package descriptor '/home/kimsohee/ev-1-5/ev-Autonomous-Vehicle-1-5/install/erp42_msgs/share/erp42_msgs/package.dsv'
[5.412s] INFO:colcon.colcon_core.shell:Creating package script '/home/kimsohee/ev-1-5/ev-Autonomous-Vehicle-1-5/install/erp42_msgs/share/erp42_msgs/package.sh'
[5.412s] INFO:colcon.colcon_core.shell:Creating package script '/home/kimsohee/ev-1-5/ev-Autonomous-Vehicle-1-5/install/erp42_msgs/share/erp42_msgs/package.bash'
[5.413s] INFO:colcon.colcon_core.shell:Creating package script '/home/kimsohee/ev-1-5/ev-Autonomous-Vehicle-1-5/install/erp42_msgs/share/erp42_msgs/package.zsh'
[5.413s] Level 1:colcon.colcon_core.environment:create_file_with_runtime_dependencies(/home/kimsohee/ev-1-5/ev-Autonomous-Vehicle-1-5/install/erp42_msgs/share/colcon-core/packages/erp42_msgs)
[5.414s] INFO:colcon.colcon_ros.task.ament_cmake.build:Building ROS package in '/home/kimsohee/ev-1-5/ev-Autonomous-Vehicle-1-5/erp42_ros/src/erp42_rqt_plugin' with build type 'ament_cmake'
[5.414s] INFO:colcon.colcon_cmake.task.cmake.build:Building CMake package in '/home/kimsohee/ev-1-5/ev-Autonomous-Vehicle-1-5/erp42_ros/src/erp42_rqt_plugin'
[5.414s] INFO:colcon.colcon_core.shell:Skip shell extension 'powershell' for command environment: Not usable outside of PowerShell
[5.414s] DEBUG:colcon.colcon_core.shell:Skip shell extension 'dsv' for command environment
[5.417s] INFO:colcon.colcon_ros.task.ament_cmake.build:Building ROS package in '/home/kimsohee/ev-1-5/ev-Autonomous-Vehicle-1-5/erp42_ros/src/erp42_serial' with build type 'ament_cmake'
[5.417s] INFO:colcon.colcon_cmake.task.cmake.build:Building CMake package in '/home/kimsohee/ev-1-5/ev-Autonomous-Vehicle-1-5/erp42_ros/src/erp42_serial'
[5.417s] INFO:colcon.colcon_core.shell:Skip shell extension 'powershell' for command environment: Not usable outside of PowerShell
[5.417s] DEBUG:colcon.colcon_core.shell:Skip shell extension 'dsv' for command environment
[5.454s] DEBUG:colcon.colcon_core.event_handler.log_command:Invoking command in '/home/kimsohee/ev-1-5/ev-Autonomous-Vehicle-1-5/build/erp42_rqt_plugin': CMAKE_PREFIX_PATH=/home/kimsohee/ev-1-5/ev-Autonomous-Vehicle-1-5/install/erp42_util:/home/kimsohee/ev-1-5/ev-Autonomous-Vehicle-1-5/install/erp42_msgs:/home/kimsohee/ev-1-5/ev-Autonomous-Vehicle-1-5/install/erp42_cmake:/home/kimsohee/ev-1-5/ev-Autonomous-Vehicle-1-5/install/velodyne_pointcloud:/home/kimsohee/ev-1-5/ev-Autonomous-Vehicle-1-5/install/velodyne_driver:/home/kimsohee/ev-1-5/ev-Autonomous-Vehicle-1-5/install/velodyne_msgs:/home/kimsohee/ev-1-5/ev-Autonomous-Vehicle-1-5/install/velodyne_cropbox:/home/kimsohee/ev-1-5/ev-Autonomous-Vehicle-1-5/install/t870_serial:/home/kimsohee/ev-1-5/ev-Autonomous-Vehicle-1-5/install/t870_rqt_plugin:/home/kimsohee/ev-1-5/ev-Autonomous-Vehicle-1-5/install/t870_util:/home/kimsohee/ev-1-5/ev-Autonomous-Vehicle-1-5/install/t870_msgs:/home/kimsohee/ev-1-5/ev-Autonomous-Vehicle-1-5/install/t870_cmake:/home/kimsohee/ev-1-5/ev-Autonomous-Vehicle-1-5/install/make_bbox:/home/kimsohee/ev-1-5/ev-Autonomous-Vehicle-1-5/install/localization_fusion:/home/kimsohee/ev-1-5/ev-Autonomous-Vehicle-1-5/install/ev_msgs:/home/kimsohee/ev-1-5/ev-Autonomous-Vehicle-1-5/install/erp42_serial:/home/kimsohee/ev-1-5/ev-Autonomous-Vehicle-1-5/install/erp42_rqt_plugin:/home/kimsohee/ev-1-5/ev-Autonomous-Vehicle-1-5/install/erp42_description:/home/kimsohee/ev-1-5/ev-Autonomous-Vehicle-1-5/install/gps_localization:/home/kimsohee/ev-1-5/ev-Autonomous-Vehicle-1-5/install/erp42_gazebo:/home/kimsohee/ev-1-5/ev-Autonomous-Vehicle-1-5/install/carsa_gazebo:/opt/ros/humble LD_LIBRARY_PATH=/home/kimsohee/ev-1-5/ev-Autonomous-Vehicle-1-5/install/erp42_util/lib:/home/kimsohee/ev-1-5/ev-Autonomous-Vehicle-1-5/install/erp42_msgs/lib:/home/kimsohee/ev-1-5/ev-Autonomous-Vehicle-1-5/install/velodyne_pointcloud/lib:/home/kimsohee/ev-1-5/ev-Autonomous-Vehicle-1-5/install/velodyne_driver/lib:/home/kimsohee/ev-1-5/ev-Autonomous-Vehicle-1-5/install/velodyne_msgs/lib:/home/kimsohee/ev-1-5/ev-Autonomous-Vehicle-1-5/install/velodyne_cropbox/lib:/home/kimsohee/ev-1-5/ev-Autonomous-Vehicle-1-5/install/t870_serial/lib:/home/kimsohee/ev-1-5/ev-Autonomous-Vehicle-1-5/install/t870_rqt_plugin/lib:/home/kimsohee/ev-1-5/ev-Autonomous-Vehicle-1-5/install/t870_util/lib:/home/kimsohee/ev-1-5/ev-Autonomous-Vehicle-1-5/install/t870_msgs/lib:/home/kimsohee/ev-1-5/ev-Autonomous-Vehicle-1-5/install/make_bbox/lib:/home/kimsohee/ev-1-5/ev-Autonomous-Vehicle-1-5/install/ev_msgs/lib:/home/kimsohee/ev-1-5/ev-Autonomous-Vehicle-1-5/install/erp42_serial/lib:/home/kimsohee/ev-1-5/ev-Autonomous-Vehicle-1-5/install/erp42_rqt_plugin/lib:/home/kimsohee/ev-1-5/ev-Autonomous-Vehicle-1-5/install/erp42_gazebo/lib:/opt/ros/humble/opt/rviz_ogre_vendor/lib:/opt/ros/humble/lib/aarch64-linux-gnu:/opt/ros/humble/lib /usr/bin/cmake /home/kimsohee/ev-1-5/ev-Autonomous-Vehicle-1-5/erp42_ros/src/erp42_rqt_plugin -DAMENT_CMAKE_SYMLINK_INSTALL=1 -DCMAKE_INSTALL_PREFIX=/home/kimsohee/ev-1-5/ev-Autonomous-Vehicle-1-5/install/erp42_rqt_plugin
[5.456s] DEBUG:colcon.colcon_core.event_handler.log_command:Invoking command in '/home/kimsohee/ev-1-5/ev-Autonomous-Vehicle-1-5/build/erp42_serial': CMAKE_PREFIX_PATH=/home/kimsohee/ev-1-5/ev-Autonomous-Vehicle-1-5/install/erp42_util:/home/kimsohee/ev-1-5/ev-Autonomous-Vehicle-1-5/install/erp42_description:/home/kimsohee/ev-1-5/ev-Autonomous-Vehicle-1-5/install/erp42_msgs:/home/kimsohee/ev-1-5/ev-Autonomous-Vehicle-1-5/install/erp42_cmake:/home/kimsohee/ev-1-5/ev-Autonomous-Vehicle-1-5/install/velodyne_pointcloud:/home/kimsohee/ev-1-5/ev-Autonomous-Vehicle-1-5/install/velodyne_driver:/home/kimsohee/ev-1-5/ev-Autonomous-Vehicle-1-5/install/velodyne_msgs:/home/kimsohee/ev-1-5/ev-Autonomous-Vehicle-1-5/install/velodyne_cropbox:/home/kimsohee/ev-1-5/ev-Autonomous-Vehicle-1-5/install/t870_serial:/home/kimsohee/ev-1-5/ev-Autonomous-Vehicle-1-5/install/t870_rqt_plugin:/home/kimsohee/ev-1-5/ev-Autonomous-Vehicle-1-5/install/t870_util:/home/kimsohee/ev-1-5/ev-Autonomous-Vehicle-1-5/install/t870_msgs:/home/kimsohee/ev-1-5/ev-Autonomous-Vehicle-1-5/install/t870_cmake:/home/kimsohee/ev-1-5/ev-Autonomous-Vehicle-1-5/install/make_bbox:/home/kimsohee/ev-1-5/ev-Autonomous-Vehicle-1-5/install/localization_fusion:/home/kimsohee/ev-1-5/ev-Autonomous-Vehicle-1-5/install/ev_msgs:/home/kimsohee/ev-1-5/ev-Autonomous-Vehicle-1-5/install/erp42_serial:/home/kimsohee/ev-1-5/ev-Autonomous-Vehicle-1-5/install/erp42_rqt_plugin:/home/kimsohee/ev-1-5/ev-Autonomous-Vehicle-1-5/install/gps_localization:/home/kimsohee/ev-1-5/ev-Autonomous-Vehicle-1-5/install/erp42_gazebo:/home/kimsohee/ev-1-5/ev-Autonomous-Vehicle-1-5/install/carsa_gazebo:/opt/ros/humble LD_LIBRARY_PATH=/home/kimsohee/ev-1-5/ev-Autonomous-Vehicle-1-5/install/erp42_util/lib:/home/kimsohee/ev-1-5/ev-Autonomous-Vehicle-1-5/install/erp42_msgs/lib:/home/kimsohee/ev-1-5/ev-Autonomous-Vehicle-1-5/install/velodyne_pointcloud/lib:/home/kimsohee/ev-1-5/ev-Autonomous-Vehicle-1-5/install/velodyne_driver/lib:/home/kimsohee/ev-1-5/ev-Autonomous-Vehicle-1-5/install/velodyne_msgs/lib:/home/kimsohee/ev-1-5/ev-Autonomous-Vehicle-1-5/install/velodyne_cropbox/lib:/home/kimsohee/ev-1-5/ev-Autonomous-Vehicle-1-5/install/t870_serial/lib:/home/kimsohee/ev-1-5/ev-Autonomous-Vehicle-1-5/install/t870_rqt_plugin/lib:/home/kimsohee/ev-1-5/ev-Autonomous-Vehicle-1-5/install/t870_util/lib:/home/kimsohee/ev-1-5/ev-Autonomous-Vehicle-1-5/install/t870_msgs/lib:/home/kimsohee/ev-1-5/ev-Autonomous-Vehicle-1-5/install/make_bbox/lib:/home/kimsohee/ev-1-5/ev-Autonomous-Vehicle-1-5/install/ev_msgs/lib:/home/kimsohee/ev-1-5/ev-Autonomous-Vehicle-1-5/install/erp42_serial/lib:/home/kimsohee/ev-1-5/ev-Autonomous-Vehicle-1-5/install/erp42_rqt_plugin/lib:/home/kimsohee/ev-1-5/ev-Autonomous-Vehicle-1-5/install/erp42_gazebo/lib:/opt/ros/humble/opt/rviz_ogre_vendor/lib:/opt/ros/humble/lib/aarch64-linux-gnu:/opt/ros/humble/lib /usr/bin/cmake /home/kimsohee/ev-1-5/ev-Autonomous-Vehicle-1-5/erp42_ros/src/erp42_serial -DAMENT_CMAKE_SYMLINK_INSTALL=1 -DCMAKE_INSTALL_PREFIX=/home/kimsohee/ev-1-5/ev-Autonomous-Vehicle-1-5/install/erp42_serial
[5.494s] Level 1:colcon.colcon_core.environment:create_environment_scripts_only(ev_msgs)
[5.494s] DEBUG:colcon.colcon_core.event_handler.log_command:Invoked command in '/home/kimsohee/ev-1-5/ev-Autonomous-Vehicle-1-5/build/ev_msgs' returned '0': CMAKE_PREFIX_PATH=${CMAKE_PREFIX_PATH}:/opt/ros/humble /usr/bin/cmake --install /home/kimsohee/ev-1-5/ev-Autonomous-Vehicle-1-5/build/ev_msgs
[5.494s] Level 1:colcon.colcon_core.environment:checking '/home/kimsohee/ev-1-5/ev-Autonomous-Vehicle-1-5/install/ev_msgs' for CMake module files
[5.495s] Level 1:colcon.colcon_core.environment:checking '/home/kimsohee/ev-1-5/ev-Autonomous-Vehicle-1-5/install/ev_msgs' for CMake config files
[5.495s] Level 1:colcon.colcon_core.shell:create_environment_hook('ev_msgs', 'cmake_prefix_path')
[5.495s] INFO:colcon.colcon_core.shell:Creating environment hook '/home/kimsohee/ev-1-5/ev-Autonomous-Vehicle-1-5/install/ev_msgs/share/ev_msgs/hook/cmake_prefix_path.ps1'
[5.496s] INFO:colcon.colcon_core.shell:Creating environment descriptor '/home/kimsohee/ev-1-5/ev-Autonomous-Vehicle-1-5/install/ev_msgs/share/ev_msgs/hook/cmake_prefix_path.dsv'
[5.496s] INFO:colcon.colcon_core.shell:Creating environment hook '/home/kimsohee/ev-1-5/ev-Autonomous-Vehicle-1-5/install/ev_msgs/share/ev_msgs/hook/cmake_prefix_path.sh'
[5.496s] Level 1:colcon.colcon_core.environment:checking '/home/kimsohee/ev-1-5/ev-Autonomous-Vehicle-1-5/install/ev_msgs/lib'
[5.496s] Level 1:colcon.colcon_core.shell:create_environment_hook('ev_msgs', 'ld_library_path_lib')
[5.496s] INFO:colcon.colcon_core.shell:Creating environment hook '/home/kimsohee/ev-1-5/ev-Autonomous-Vehicle-1-5/install/ev_msgs/share/ev_msgs/hook/ld_library_path_lib.ps1'
[5.496s] INFO:colcon.colcon_core.shell:Creating environment descriptor '/home/kimsohee/ev-1-5/ev-Autonomous-Vehicle-1-5/install/ev_msgs/share/ev_msgs/hook/ld_library_path_lib.dsv'
[5.496s] INFO:colcon.colcon_core.shell:Creating environment hook '/home/kimsohee/ev-1-5/ev-Autonomous-Vehicle-1-5/install/ev_msgs/share/ev_msgs/hook/ld_library_path_lib.sh'
[5.496s] Level 1:colcon.colcon_core.environment:checking '/home/kimsohee/ev-1-5/ev-Autonomous-Vehicle-1-5/install/ev_msgs/bin'
[5.496s] Level 1:colcon.colcon_core.environment:checking '/home/kimsohee/ev-1-5/ev-Autonomous-Vehicle-1-5/install/ev_msgs/lib/pkgconfig/ev_msgs.pc'
[5.497s] Level 1:colcon.colcon_core.environment:checking '/home/kimsohee/ev-1-5/ev-Autonomous-Vehicle-1-5/install/ev_msgs/lib/python3.10/site-packages'
[5.497s] Level 1:colcon.colcon_core.environment:checking '/home/kimsohee/ev-1-5/ev-Autonomous-Vehicle-1-5/install/ev_msgs/bin'
[5.497s] INFO:colcon.colcon_core.shell:Creating package script '/home/kimsohee/ev-1-5/ev-Autonomous-Vehicle-1-5/install/ev_msgs/share/ev_msgs/package.ps1'
[5.497s] INFO:colcon.colcon_core.shell:Creating package descriptor '/home/kimsohee/ev-1-5/ev-Autonomous-Vehicle-1-5/install/ev_msgs/share/ev_msgs/package.dsv'
[5.497s] INFO:colcon.colcon_core.shell:Creating package script '/home/kimsohee/ev-1-5/ev-Autonomous-Vehicle-1-5/install/ev_msgs/share/ev_msgs/package.sh'
[5.497s] INFO:colcon.colcon_core.shell:Creating package script '/home/kimsohee/ev-1-5/ev-Autonomous-Vehicle-1-5/install/ev_msgs/share/ev_msgs/package.bash'
[5.497s] INFO:colcon.colcon_core.shell:Creating package script '/home/kimsohee/ev-1-5/ev-Autonomous-Vehicle-1-5/install/ev_msgs/share/ev_msgs/package.zsh'
[5.497s] Level 1:colcon.colcon_core.environment:create_file_with_runtime_dependencies(/home/kimsohee/ev-1-5/ev-Autonomous-Vehicle-1-5/install/ev_msgs/share/colcon-core/packages/ev_msgs)
[5.498s] Level 1:colcon.colcon_core.environment:create_environment_scripts_only(ev_msgs)
[5.498s] Level 1:colcon.colcon_core.environment:checking '/home/kimsohee/ev-1-5/ev-Autonomous-Vehicle-1-5/install/ev_msgs' for CMake module files
[5.498s] Level 1:colcon.colcon_core.environment:checking '/home/kimsohee/ev-1-5/ev-Autonomous-Vehicle-1-5/install/ev_msgs' for CMake config files
[5.498s] Level 1:colcon.colcon_core.shell:create_environment_hook('ev_msgs', 'cmake_prefix_path')
[5.498s] INFO:colcon.colcon_core.shell:Creating environment hook '/home/kimsohee/ev-1-5/ev-Autonomous-Vehicle-1-5/install/ev_msgs/share/ev_msgs/hook/cmake_prefix_path.ps1'
[5.498s] INFO:colcon.colcon_core.shell:Creating environment descriptor '/home/kimsohee/ev-1-5/ev-Autonomous-Vehicle-1-5/install/ev_msgs/share/ev_msgs/hook/cmake_prefix_path.dsv'
[5.499s] INFO:colcon.colcon_core.shell:Creating environment hook '/home/kimsohee/ev-1-5/ev-Autonomous-Vehicle-1-5/install/ev_msgs/share/ev_msgs/hook/cmake_prefix_path.sh'
[5.499s] Level 1:colcon.colcon_core.environment:checking '/home/kimsohee/ev-1-5/ev-Autonomous-Vehicle-1-5/install/ev_msgs/lib'
[5.499s] Level 1:colcon.colcon_core.shell:create_environment_hook('ev_msgs', 'ld_library_path_lib')
[5.499s] INFO:colcon.colcon_core.shell:Creating environment hook '/home/kimsohee/ev-1-5/ev-Autonomous-Vehicle-1-5/install/ev_msgs/share/ev_msgs/hook/ld_library_path_lib.ps1'
[5.499s] INFO:colcon.colcon_core.shell:Creating environment descriptor '/home/kimsohee/ev-1-5/ev-Autonomous-Vehicle-1-5/install/ev_msgs/share/ev_msgs/hook/ld_library_path_lib.dsv'
[5.500s] INFO:colcon.colcon_core.shell:Creating environment hook '/home/kimsohee/ev-1-5/ev-Autonomous-Vehicle-1-5/install/ev_msgs/share/ev_msgs/hook/ld_library_path_lib.sh'
[5.500s] Level 1:colcon.colcon_core.environment:checking '/home/kimsohee/ev-1-5/ev-Autonomous-Vehicle-1-5/install/ev_msgs/bin'
[5.500s] Level 1:colcon.colcon_core.environment:checking '/home/kimsohee/ev-1-5/ev-Autonomous-Vehicle-1-5/install/ev_msgs/lib/pkgconfig/ev_msgs.pc'
[5.500s] Level 1:colcon.colcon_core.environment:checking '/home/kimsohee/ev-1-5/ev-Autonomous-Vehicle-1-5/install/ev_msgs/lib/python3.10/site-packages'
[5.500s] Level 1:colcon.colcon_core.environment:checking '/home/kimsohee/ev-1-5/ev-Autonomous-Vehicle-1-5/install/ev_msgs/bin'
[5.500s] INFO:colcon.colcon_core.shell:Creating package script '/home/kimsohee/ev-1-5/ev-Autonomous-Vehicle-1-5/install/ev_msgs/share/ev_msgs/package.ps1'
[5.501s] INFO:colcon.colcon_core.shell:Creating package descriptor '/home/kimsohee/ev-1-5/ev-Autonomous-Vehicle-1-5/install/ev_msgs/share/ev_msgs/package.dsv'
[5.501s] INFO:colcon.colcon_core.shell:Creating package script '/home/kimsohee/ev-1-5/ev-Autonomous-Vehicle-1-5/install/ev_msgs/share/ev_msgs/package.sh'
[5.501s] INFO:colcon.colcon_core.shell:Creating package script '/home/kimsohee/ev-1-5/ev-Autonomous-Vehicle-1-5/install/ev_msgs/share/ev_msgs/package.bash'
[5.501s] INFO:colcon.colcon_core.shell:Creating package script '/home/kimsohee/ev-1-5/ev-Autonomous-Vehicle-1-5/install/ev_msgs/share/ev_msgs/package.zsh'
[5.501s] Level 1:colcon.colcon_core.environment:create_file_with_runtime_dependencies(/home/kimsohee/ev-1-5/ev-Autonomous-Vehicle-1-5/install/ev_msgs/share/colcon-core/packages/ev_msgs)
[5.502s] INFO:colcon.colcon_ros.task.ament_cmake.build:Building ROS package in '/home/kimsohee/ev-1-5/ev-Autonomous-Vehicle-1-5/perception/src/lidar/make_bbox' with build type 'ament_cmake'
[5.502s] INFO:colcon.colcon_cmake.task.cmake.build:Building CMake package in '/home/kimsohee/ev-1-5/ev-Autonomous-Vehicle-1-5/perception/src/lidar/make_bbox'
[5.502s] INFO:colcon.colcon_core.shell:Skip shell extension 'powershell' for command environment: Not usable outside of PowerShell
[5.502s] DEBUG:colcon.colcon_core.shell:Skip shell extension 'dsv' for command environment
[5.530s] DEBUG:colcon.colcon_core.event_handler.log_command:Invoking command in '/home/kimsohee/ev-1-5/ev-Autonomous-Vehicle-1-5/build/make_bbox': CMAKE_PREFIX_PATH=/home/kimsohee/ev-1-5/ev-Autonomous-Vehicle-1-5/install/ev_msgs:/home/kimsohee/ev-1-5/ev-Autonomous-Vehicle-1-5/install/velodyne_pointcloud:/home/kimsohee/ev-1-5/ev-Autonomous-Vehicle-1-5/install/velodyne_driver:/home/kimsohee/ev-1-5/ev-Autonomous-Vehicle-1-5/install/velodyne_msgs:/home/kimsohee/ev-1-5/ev-Autonomous-Vehicle-1-5/install/velodyne_cropbox:/home/kimsohee/ev-1-5/ev-Autonomous-Vehicle-1-5/install/t870_serial:/home/kimsohee/ev-1-5/ev-Autonomous-Vehicle-1-5/install/t870_rqt_plugin:/home/kimsohee/ev-1-5/ev-Autonomous-Vehicle-1-5/install/t870_util:/home/kimsohee/ev-1-5/ev-Autonomous-Vehicle-1-5/install/t870_msgs:/home/kimsohee/ev-1-5/ev-Autonomous-Vehicle-1-5/install/t870_cmake:/home/kimsohee/ev-1-5/ev-Autonomous-Vehicle-1-5/install/make_bbox:/home/kimsohee/ev-1-5/ev-Autonomous-Vehicle-1-5/install/localization_fusion:/home/kimsohee/ev-1-5/ev-Autonomous-Vehicle-1-5/install/erp42_serial:/home/kimsohee/ev-1-5/ev-Autonomous-Vehicle-1-5/install/erp42_rqt_plugin:/home/kimsohee/ev-1-5/ev-Autonomous-Vehicle-1-5/install/erp42_util:/home/kimsohee/ev-1-5/ev-Autonomous-Vehicle-1-5/install/erp42_msgs:/home/kimsohee/ev-1-5/ev-Autonomous-Vehicle-1-5/install/erp42_description:/home/kimsohee/ev-1-5/ev-Autonomous-Vehicle-1-5/install/erp42_cmake:/home/kimsohee/ev-1-5/ev-Autonomous-Vehicle-1-5/install/gps_localization:/home/kimsohee/ev-1-5/ev-Autonomous-Vehicle-1-5/install/erp42_gazebo:/home/kimsohee/ev-1-5/ev-Autonomous-Vehicle-1-5/install/carsa_gazebo:/opt/ros/humble LD_LIBRARY_PATH=/home/kimsohee/ev-1-5/ev-Autonomous-Vehicle-1-5/install/ev_msgs/lib:/home/kimsohee/ev-1-5/ev-Autonomous-Vehicle-1-5/install/velodyne_pointcloud/lib:/home/kimsohee/ev-1-5/ev-Autonomous-Vehicle-1-5/install/velodyne_driver/lib:/home/kimsohee/ev-1-5/ev-Autonomous-Vehicle-1-5/install/velodyne_msgs/lib:/home/kimsohee/ev-1-5/ev-Autonomous-Vehicle-1-5/install/velodyne_cropbox/lib:/home/kimsohee/ev-1-5/ev-Autonomous-Vehicle-1-5/install/t870_serial/lib:/home/kimsohee/ev-1-5/ev-Autonomous-Vehicle-1-5/install/t870_rqt_plugin/lib:/home/kimsohee/ev-1-5/ev-Autonomous-Vehicle-1-5/install/t870_util/lib:/home/kimsohee/ev-1-5/ev-Autonomous-Vehicle-1-5/install/t870_msgs/lib:/home/kimsohee/ev-1-5/ev-Autonomous-Vehicle-1-5/install/make_bbox/lib:/home/kimsohee/ev-1-5/ev-Autonomous-Vehicle-1-5/install/erp42_serial/lib:/home/kimsohee/ev-1-5/ev-Autonomous-Vehicle-1-5/install/erp42_rqt_plugin/lib:/home/kimsohee/ev-1-5/ev-Autonomous-Vehicle-1-5/install/erp42_util/lib:/home/kimsohee/ev-1-5/ev-Autonomous-Vehicle-1-5/install/erp42_msgs/lib:/home/kimsohee/ev-1-5/ev-Autonomous-Vehicle-1-5/install/erp42_gazebo/lib:/opt/ros/humble/opt/rviz_ogre_vendor/lib:/opt/ros/humble/lib/aarch64-linux-gnu:/opt/ros/humble/lib /usr/bin/cmake /home/kimsohee/ev-1-5/ev-Autonomous-Vehicle-1-5/perception/src/lidar/make_bbox -DAMENT_CMAKE_SYMLINK_INSTALL=1 -DCMAKE_INSTALL_PREFIX=/home/kimsohee/ev-1-5/ev-Autonomous-Vehicle-1-5/install/make_bbox
[5.929s] DEBUG:colcon.colcon_core.event_handler.log_command:Invoked command in '/home/kimsohee/ev-1-5/ev-Autonomous-Vehicle-1-5/build/velodyne_driver' returned '0': CMAKE_PREFIX_PATH=/home/kimsohee/ev-1-5/ev-Autonomous-Vehicle-1-5/install/velodyne_msgs:/home/kimsohee/ev-1-5/ev-Autonomous-Vehicle-1-5/install/velodyne_pointcloud:/home/kimsohee/ev-1-5/ev-Autonomous-Vehicle-1-5/install/velodyne_driver:/home/kimsohee/ev-1-5/ev-Autonomous-Vehicle-1-5/install/velodyne_cropbox:/home/kimsohee/ev-1-5/ev-Autonomous-Vehicle-1-5/install/t870_serial:/home/kimsohee/ev-1-5/ev-Autonomous-Vehicle-1-5/install/t870_rqt_plugin:/home/kimsohee/ev-1-5/ev-Autonomous-Vehicle-1-5/install/t870_util:/home/kimsohee/ev-1-5/ev-Autonomous-Vehicle-1-5/install/t870_msgs:/home/kimsohee/ev-1-5/ev-Autonomous-Vehicle-1-5/install/t870_cmake:/home/kimsohee/ev-1-5/ev-Autonomous-Vehicle-1-5/install/make_bbox:/home/kimsohee/ev-1-5/ev-Autonomous-Vehicle-1-5/install/localization_fusion:/home/kimsohee/ev-1-5/ev-Autonomous-Vehicle-1-5/install/ev_msgs:/home/kimsohee/ev-1-5/ev-Autonomous-Vehicle-1-5/install/erp42_serial:/home/kimsohee/ev-1-5/ev-Autonomous-Vehicle-1-5/install/erp42_rqt_plugin:/home/kimsohee/ev-1-5/ev-Autonomous-Vehicle-1-5/install/erp42_util:/home/kimsohee/ev-1-5/ev-Autonomous-Vehicle-1-5/install/erp42_msgs:/home/kimsohee/ev-1-5/ev-Autonomous-Vehicle-1-5/install/erp42_description:/home/kimsohee/ev-1-5/ev-Autonomous-Vehicle-1-5/install/erp42_cmake:/home/kimsohee/ev-1-5/ev-Autonomous-Vehicle-1-5/install/gps_localization:/home/kimsohee/ev-1-5/ev-Autonomous-Vehicle-1-5/install/erp42_gazebo:/home/kimsohee/ev-1-5/ev-Autonomous-Vehicle-1-5/install/carsa_gazebo:/opt/ros/humble LD_LIBRARY_PATH=/home/kimsohee/ev-1-5/ev-Autonomous-Vehicle-1-5/install/velodyne_msgs/lib:/home/kimsohee/ev-1-5/ev-Autonomous-Vehicle-1-5/install/velodyne_pointcloud/lib:/home/kimsohee/ev-1-5/ev-Autonomous-Vehicle-1-5/install/velodyne_driver/lib:/home/kimsohee/ev-1-5/ev-Autonomous-Vehicle-1-5/install/velodyne_cropbox/lib:/home/kimsohee/ev-1-5/ev-Autonomous-Vehicle-1-5/install/t870_serial/lib:/home/kimsohee/ev-1-5/ev-Autonomous-Vehicle-1-5/install/t870_rqt_plugin/lib:/home/kimsohee/ev-1-5/ev-Autonomous-Vehicle-1-5/install/t870_util/lib:/home/kimsohee/ev-1-5/ev-Autonomous-Vehicle-1-5/install/t870_msgs/lib:/home/kimsohee/ev-1-5/ev-Autonomous-Vehicle-1-5/install/make_bbox/lib:/home/kimsohee/ev-1-5/ev-Autonomous-Vehicle-1-5/install/ev_msgs/lib:/home/kimsohee/ev-1-5/ev-Autonomous-Vehicle-1-5/install/erp42_serial/lib:/home/kimsohee/ev-1-5/ev-Autonomous-Vehicle-1-5/install/erp42_rqt_plugin/lib:/home/kimsohee/ev-1-5/ev-Autonomous-Vehicle-1-5/install/erp42_util/lib:/home/kimsohee/ev-1-5/ev-Autonomous-Vehicle-1-5/install/erp42_msgs/lib:/home/kimsohee/ev-1-5/ev-Autonomous-Vehicle-1-5/install/erp42_gazebo/lib:/opt/ros/humble/opt/rviz_ogre_vendor/lib:/opt/ros/humble/lib/aarch64-linux-gnu:/opt/ros/humble/lib /usr/bin/cmake /home/kimsohee/ev-1-5/ev-Autonomous-Vehicle-1-5/perception/src/lidar/velodyne_driver -DAMENT_CMAKE_SYMLINK_INSTALL=1 -DCMAKE_INSTALL_PREFIX=/home/kimsohee/ev-1-5/ev-Autonomous-Vehicle-1-5/install/velodyne_driver
[5.930s] DEBUG:colcon.colcon_core.event_handler.log_command:Invoking command in '/home/kimsohee/ev-1-5/ev-Autonomous-Vehicle-1-5/build/velodyne_driver': CMAKE_PREFIX_PATH=/home/kimsohee/ev-1-5/ev-Autonomous-Vehicle-1-5/install/velodyne_msgs:/home/kimsohee/ev-1-5/ev-Autonomous-Vehicle-1-5/install/velodyne_pointcloud:/home/kimsohee/ev-1-5/ev-Autonomous-Vehicle-1-5/install/velodyne_driver:/home/kimsohee/ev-1-5/ev-Autonomous-Vehicle-1-5/install/velodyne_cropbox:/home/kimsohee/ev-1-5/ev-Autonomous-Vehicle-1-5/install/t870_serial:/home/kimsohee/ev-1-5/ev-Autonomous-Vehicle-1-5/install/t870_rqt_plugin:/home/kimsohee/ev-1-5/ev-Autonomous-Vehicle-1-5/install/t870_util:/home/kimsohee/ev-1-5/ev-Autonomous-Vehicle-1-5/install/t870_msgs:/home/kimsohee/ev-1-5/ev-Autonomous-Vehicle-1-5/install/t870_cmake:/home/kimsohee/ev-1-5/ev-Autonomous-Vehicle-1-5/install/make_bbox:/home/kimsohee/ev-1-5/ev-Autonomous-Vehicle-1-5/install/localization_fusion:/home/kimsohee/ev-1-5/ev-Autonomous-Vehicle-1-5/install/ev_msgs:/home/kimsohee/ev-1-5/ev-Autonomous-Vehicle-1-5/install/erp42_serial:/home/kimsohee/ev-1-5/ev-Autonomous-Vehicle-1-5/install/erp42_rqt_plugin:/home/kimsohee/ev-1-5/ev-Autonomous-Vehicle-1-5/install/erp42_util:/home/kimsohee/ev-1-5/ev-Autonomous-Vehicle-1-5/install/erp42_msgs:/home/kimsohee/ev-1-5/ev-Autonomous-Vehicle-1-5/install/erp42_description:/home/kimsohee/ev-1-5/ev-Autonomous-Vehicle-1-5/install/erp42_cmake:/home/kimsohee/ev-1-5/ev-Autonomous-Vehicle-1-5/install/gps_localization:/home/kimsohee/ev-1-5/ev-Autonomous-Vehicle-1-5/install/erp42_gazebo:/home/kimsohee/ev-1-5/ev-Autonomous-Vehicle-1-5/install/carsa_gazebo:/opt/ros/humble LD_LIBRARY_PATH=/home/kimsohee/ev-1-5/ev-Autonomous-Vehicle-1-5/install/velodyne_msgs/lib:/home/kimsohee/ev-1-5/ev-Autonomous-Vehicle-1-5/install/velodyne_pointcloud/lib:/home/kimsohee/ev-1-5/ev-Autonomous-Vehicle-1-5/install/velodyne_driver/lib:/home/kimsohee/ev-1-5/ev-Autonomous-Vehicle-1-5/install/velodyne_cropbox/lib:/home/kimsohee/ev-1-5/ev-Autonomous-Vehicle-1-5/install/t870_serial/lib:/home/kimsohee/ev-1-5/ev-Autonomous-Vehicle-1-5/install/t870_rqt_plugin/lib:/home/kimsohee/ev-1-5/ev-Autonomous-Vehicle-1-5/install/t870_util/lib:/home/kimsohee/ev-1-5/ev-Autonomous-Vehicle-1-5/install/t870_msgs/lib:/home/kimsohee/ev-1-5/ev-Autonomous-Vehicle-1-5/install/make_bbox/lib:/home/kimsohee/ev-1-5/ev-Autonomous-Vehicle-1-5/install/ev_msgs/lib:/home/kimsohee/ev-1-5/ev-Autonomous-Vehicle-1-5/install/erp42_serial/lib:/home/kimsohee/ev-1-5/ev-Autonomous-Vehicle-1-5/install/erp42_rqt_plugin/lib:/home/kimsohee/ev-1-5/ev-Autonomous-Vehicle-1-5/install/erp42_util/lib:/home/kimsohee/ev-1-5/ev-Autonomous-Vehicle-1-5/install/erp42_msgs/lib:/home/kimsohee/ev-1-5/ev-Autonomous-Vehicle-1-5/install/erp42_gazebo/lib:/opt/ros/humble/opt/rviz_ogre_vendor/lib:/opt/ros/humble/lib/aarch64-linux-gnu:/opt/ros/humble/lib /usr/bin/cmake --build /home/kimsohee/ev-1-5/ev-Autonomous-Vehicle-1-5/build/velodyne_driver -- -j10 -l10
[5.985s] DEBUG:colcon.colcon_core.event_handler.log_command:Invoked command in '/home/kimsohee/ev-1-5/ev-Autonomous-Vehicle-1-5/build/velodyne_pointcloud' returned '0': CMAKE_PREFIX_PATH=/home/kimsohee/ev-1-5/ev-Autonomous-Vehicle-1-5/install/velodyne_msgs:/home/kimsohee/ev-1-5/ev-Autonomous-Vehicle-1-5/install/velodyne_pointcloud:/home/kimsohee/ev-1-5/ev-Autonomous-Vehicle-1-5/install/velodyne_driver:/home/kimsohee/ev-1-5/ev-Autonomous-Vehicle-1-5/install/velodyne_cropbox:/home/kimsohee/ev-1-5/ev-Autonomous-Vehicle-1-5/install/t870_serial:/home/kimsohee/ev-1-5/ev-Autonomous-Vehicle-1-5/install/t870_rqt_plugin:/home/kimsohee/ev-1-5/ev-Autonomous-Vehicle-1-5/install/t870_util:/home/kimsohee/ev-1-5/ev-Autonomous-Vehicle-1-5/install/t870_msgs:/home/kimsohee/ev-1-5/ev-Autonomous-Vehicle-1-5/install/t870_cmake:/home/kimsohee/ev-1-5/ev-Autonomous-Vehicle-1-5/install/make_bbox:/home/kimsohee/ev-1-5/ev-Autonomous-Vehicle-1-5/install/localization_fusion:/home/kimsohee/ev-1-5/ev-Autonomous-Vehicle-1-5/install/ev_msgs:/home/kimsohee/ev-1-5/ev-Autonomous-Vehicle-1-5/install/erp42_serial:/home/kimsohee/ev-1-5/ev-Autonomous-Vehicle-1-5/install/erp42_rqt_plugin:/home/kimsohee/ev-1-5/ev-Autonomous-Vehicle-1-5/install/erp42_util:/home/kimsohee/ev-1-5/ev-Autonomous-Vehicle-1-5/install/erp42_msgs:/home/kimsohee/ev-1-5/ev-Autonomous-Vehicle-1-5/install/erp42_description:/home/kimsohee/ev-1-5/ev-Autonomous-Vehicle-1-5/install/erp42_cmake:/home/kimsohee/ev-1-5/ev-Autonomous-Vehicle-1-5/install/gps_localization:/home/kimsohee/ev-1-5/ev-Autonomous-Vehicle-1-5/install/erp42_gazebo:/home/kimsohee/ev-1-5/ev-Autonomous-Vehicle-1-5/install/carsa_gazebo:/opt/ros/humble LD_LIBRARY_PATH=/home/kimsohee/ev-1-5/ev-Autonomous-Vehicle-1-5/install/velodyne_msgs/lib:/home/kimsohee/ev-1-5/ev-Autonomous-Vehicle-1-5/install/velodyne_pointcloud/lib:/home/kimsohee/ev-1-5/ev-Autonomous-Vehicle-1-5/install/velodyne_driver/lib:/home/kimsohee/ev-1-5/ev-Autonomous-Vehicle-1-5/install/velodyne_cropbox/lib:/home/kimsohee/ev-1-5/ev-Autonomous-Vehicle-1-5/install/t870_serial/lib:/home/kimsohee/ev-1-5/ev-Autonomous-Vehicle-1-5/install/t870_rqt_plugin/lib:/home/kimsohee/ev-1-5/ev-Autonomous-Vehicle-1-5/install/t870_util/lib:/home/kimsohee/ev-1-5/ev-Autonomous-Vehicle-1-5/install/t870_msgs/lib:/home/kimsohee/ev-1-5/ev-Autonomous-Vehicle-1-5/install/make_bbox/lib:/home/kimsohee/ev-1-5/ev-Autonomous-Vehicle-1-5/install/ev_msgs/lib:/home/kimsohee/ev-1-5/ev-Autonomous-Vehicle-1-5/install/erp42_serial/lib:/home/kimsohee/ev-1-5/ev-Autonomous-Vehicle-1-5/install/erp42_rqt_plugin/lib:/home/kimsohee/ev-1-5/ev-Autonomous-Vehicle-1-5/install/erp42_util/lib:/home/kimsohee/ev-1-5/ev-Autonomous-Vehicle-1-5/install/erp42_msgs/lib:/home/kimsohee/ev-1-5/ev-Autonomous-Vehicle-1-5/install/erp42_gazebo/lib:/opt/ros/humble/opt/rviz_ogre_vendor/lib:/opt/ros/humble/lib/aarch64-linux-gnu:/opt/ros/humble/lib /usr/bin/cmake /home/kimsohee/ev-1-5/ev-Autonomous-Vehicle-1-5/perception/src/lidar/velodyne_pointcloud -DAMENT_CMAKE_SYMLINK_INSTALL=1 -DCMAKE_INSTALL_PREFIX=/home/kimsohee/ev-1-5/ev-Autonomous-Vehicle-1-5/install/velodyne_pointcloud
[5.985s] DEBUG:colcon.colcon_core.event_handler.log_command:Invoking command in '/home/kimsohee/ev-1-5/ev-Autonomous-Vehicle-1-5/build/velodyne_pointcloud': CMAKE_PREFIX_PATH=/home/kimsohee/ev-1-5/ev-Autonomous-Vehicle-1-5/install/velodyne_msgs:/home/kimsohee/ev-1-5/ev-Autonomous-Vehicle-1-5/install/velodyne_pointcloud:/home/kimsohee/ev-1-5/ev-Autonomous-Vehicle-1-5/install/velodyne_driver:/home/kimsohee/ev-1-5/ev-Autonomous-Vehicle-1-5/install/velodyne_cropbox:/home/kimsohee/ev-1-5/ev-Autonomous-Vehicle-1-5/install/t870_serial:/home/kimsohee/ev-1-5/ev-Autonomous-Vehicle-1-5/install/t870_rqt_plugin:/home/kimsohee/ev-1-5/ev-Autonomous-Vehicle-1-5/install/t870_util:/home/kimsohee/ev-1-5/ev-Autonomous-Vehicle-1-5/install/t870_msgs:/home/kimsohee/ev-1-5/ev-Autonomous-Vehicle-1-5/install/t870_cmake:/home/kimsohee/ev-1-5/ev-Autonomous-Vehicle-1-5/install/make_bbox:/home/kimsohee/ev-1-5/ev-Autonomous-Vehicle-1-5/install/localization_fusion:/home/kimsohee/ev-1-5/ev-Autonomous-Vehicle-1-5/install/ev_msgs:/home/kimsohee/ev-1-5/ev-Autonomous-Vehicle-1-5/install/erp42_serial:/home/kimsohee/ev-1-5/ev-Autonomous-Vehicle-1-5/install/erp42_rqt_plugin:/home/kimsohee/ev-1-5/ev-Autonomous-Vehicle-1-5/install/erp42_util:/home/kimsohee/ev-1-5/ev-Autonomous-Vehicle-1-5/install/erp42_msgs:/home/kimsohee/ev-1-5/ev-Autonomous-Vehicle-1-5/install/erp42_description:/home/kimsohee/ev-1-5/ev-Autonomous-Vehicle-1-5/install/erp42_cmake:/home/kimsohee/ev-1-5/ev-Autonomous-Vehicle-1-5/install/gps_localization:/home/kimsohee/ev-1-5/ev-Autonomous-Vehicle-1-5/install/erp42_gazebo:/home/kimsohee/ev-1-5/ev-Autonomous-Vehicle-1-5/install/carsa_gazebo:/opt/ros/humble LD_LIBRARY_PATH=/home/kimsohee/ev-1-5/ev-Autonomous-Vehicle-1-5/install/velodyne_msgs/lib:/home/kimsohee/ev-1-5/ev-Autonomous-Vehicle-1-5/install/velodyne_pointcloud/lib:/home/kimsohee/ev-1-5/ev-Autonomous-Vehicle-1-5/install/velodyne_driver/lib:/home/kimsohee/ev-1-5/ev-Autonomous-Vehicle-1-5/install/velodyne_cropbox/lib:/home/kimsohee/ev-1-5/ev-Autonomous-Vehicle-1-5/install/t870_serial/lib:/home/kimsohee/ev-1-5/ev-Autonomous-Vehicle-1-5/install/t870_rqt_plugin/lib:/home/kimsohee/ev-1-5/ev-Autonomous-Vehicle-1-5/install/t870_util/lib:/home/kimsohee/ev-1-5/ev-Autonomous-Vehicle-1-5/install/t870_msgs/lib:/home/kimsohee/ev-1-5/ev-Autonomous-Vehicle-1-5/install/make_bbox/lib:/home/kimsohee/ev-1-5/ev-Autonomous-Vehicle-1-5/install/ev_msgs/lib:/home/kimsohee/ev-1-5/ev-Autonomous-Vehicle-1-5/install/erp42_serial/lib:/home/kimsohee/ev-1-5/ev-Autonomous-Vehicle-1-5/install/erp42_rqt_plugin/lib:/home/kimsohee/ev-1-5/ev-Autonomous-Vehicle-1-5/install/erp42_util/lib:/home/kimsohee/ev-1-5/ev-Autonomous-Vehicle-1-5/install/erp42_msgs/lib:/home/kimsohee/ev-1-5/ev-Autonomous-Vehicle-1-5/install/erp42_gazebo/lib:/opt/ros/humble/opt/rviz_ogre_vendor/lib:/opt/ros/humble/lib/aarch64-linux-gnu:/opt/ros/humble/lib /usr/bin/cmake --build /home/kimsohee/ev-1-5/ev-Autonomous-Vehicle-1-5/build/velodyne_pointcloud -- -j10 -l10
[6.387s] DEBUG:colcon.colcon_core.event_handler.log_command:Invoked command in '/home/kimsohee/ev-1-5/ev-Autonomous-Vehicle-1-5/build/t870_serial' returned '0': CMAKE_PREFIX_PATH=/home/kimsohee/ev-1-5/ev-Autonomous-Vehicle-1-5/install/t870_util:/home/kimsohee/ev-1-5/ev-Autonomous-Vehicle-1-5/install/t870_msgs:/home/kimsohee/ev-1-5/ev-Autonomous-Vehicle-1-5/install/t870_cmake:/home/kimsohee/ev-1-5/ev-Autonomous-Vehicle-1-5/install/velodyne_pointcloud:/home/kimsohee/ev-1-5/ev-Autonomous-Vehicle-1-5/install/velodyne_driver:/home/kimsohee/ev-1-5/ev-Autonomous-Vehicle-1-5/install/velodyne_msgs:/home/kimsohee/ev-1-5/ev-Autonomous-Vehicle-1-5/install/velodyne_cropbox:/home/kimsohee/ev-1-5/ev-Autonomous-Vehicle-1-5/install/t870_serial:/home/kimsohee/ev-1-5/ev-Autonomous-Vehicle-1-5/install/t870_rqt_plugin:/home/kimsohee/ev-1-5/ev-Autonomous-Vehicle-1-5/install/make_bbox:/home/kimsohee/ev-1-5/ev-Autonomous-Vehicle-1-5/install/localization_fusion:/home/kimsohee/ev-1-5/ev-Autonomous-Vehicle-1-5/install/ev_msgs:/home/kimsohee/ev-1-5/ev-Autonomous-Vehicle-1-5/install/erp42_serial:/home/kimsohee/ev-1-5/ev-Autonomous-Vehicle-1-5/install/erp42_rqt_plugin:/home/kimsohee/ev-1-5/ev-Autonomous-Vehicle-1-5/install/erp42_util:/home/kimsohee/ev-1-5/ev-Autonomous-Vehicle-1-5/install/erp42_msgs:/home/kimsohee/ev-1-5/ev-Autonomous-Vehicle-1-5/install/erp42_description:/home/kimsohee/ev-1-5/ev-Autonomous-Vehicle-1-5/install/erp42_cmake:/home/kimsohee/ev-1-5/ev-Autonomous-Vehicle-1-5/install/gps_localization:/home/kimsohee/ev-1-5/ev-Autonomous-Vehicle-1-5/install/erp42_gazebo:/home/kimsohee/ev-1-5/ev-Autonomous-Vehicle-1-5/install/carsa_gazebo:/opt/ros/humble LD_LIBRARY_PATH=/home/kimsohee/ev-1-5/ev-Autonomous-Vehicle-1-5/install/t870_util/lib:/home/kimsohee/ev-1-5/ev-Autonomous-Vehicle-1-5/install/t870_msgs/lib:/home/kimsohee/ev-1-5/ev-Autonomous-Vehicle-1-5/install/velodyne_pointcloud/lib:/home/kimsohee/ev-1-5/ev-Autonomous-Vehicle-1-5/install/velodyne_driver/lib:/home/kimsohee/ev-1-5/ev-Autonomous-Vehicle-1-5/install/velodyne_msgs/lib:/home/kimsohee/ev-1-5/ev-Autonomous-Vehicle-1-5/install/velodyne_cropbox/lib:/home/kimsohee/ev-1-5/ev-Autonomous-Vehicle-1-5/install/t870_serial/lib:/home/kimsohee/ev-1-5/ev-Autonomous-Vehicle-1-5/install/t870_rqt_plugin/lib:/home/kimsohee/ev-1-5/ev-Autonomous-Vehicle-1-5/install/make_bbox/lib:/home/kimsohee/ev-1-5/ev-Autonomous-Vehicle-1-5/install/ev_msgs/lib:/home/kimsohee/ev-1-5/ev-Autonomous-Vehicle-1-5/install/erp42_serial/lib:/home/kimsohee/ev-1-5/ev-Autonomous-Vehicle-1-5/install/erp42_rqt_plugin/lib:/home/kimsohee/ev-1-5/ev-Autonomous-Vehicle-1-5/install/erp42_util/lib:/home/kimsohee/ev-1-5/ev-Autonomous-Vehicle-1-5/install/erp42_msgs/lib:/home/kimsohee/ev-1-5/ev-Autonomous-Vehicle-1-5/install/erp42_gazebo/lib:/opt/ros/humble/opt/rviz_ogre_vendor/lib:/opt/ros/humble/lib/aarch64-linux-gnu:/opt/ros/humble/lib /usr/bin/cmake /home/kimsohee/ev-1-5/ev-Autonomous-Vehicle-1-5/t870_ros/src/t870_serial -DAMENT_CMAKE_SYMLINK_INSTALL=1 -DCMAKE_INSTALL_PREFIX=/home/kimsohee/ev-1-5/ev-Autonomous-Vehicle-1-5/install/t870_serial
[6.387s] DEBUG:colcon.colcon_core.event_handler.log_command:Invoking command in '/home/kimsohee/ev-1-5/ev-Autonomous-Vehicle-1-5/build/t870_serial': CMAKE_PREFIX_PATH=/home/kimsohee/ev-1-5/ev-Autonomous-Vehicle-1-5/install/t870_util:/home/kimsohee/ev-1-5/ev-Autonomous-Vehicle-1-5/install/t870_msgs:/home/kimsohee/ev-1-5/ev-Autonomous-Vehicle-1-5/install/t870_cmake:/home/kimsohee/ev-1-5/ev-Autonomous-Vehicle-1-5/install/velodyne_pointcloud:/home/kimsohee/ev-1-5/ev-Autonomous-Vehicle-1-5/install/velodyne_driver:/home/kimsohee/ev-1-5/ev-Autonomous-Vehicle-1-5/install/velodyne_msgs:/home/kimsohee/ev-1-5/ev-Autonomous-Vehicle-1-5/install/velodyne_cropbox:/home/kimsohee/ev-1-5/ev-Autonomous-Vehicle-1-5/install/t870_serial:/home/kimsohee/ev-1-5/ev-Autonomous-Vehicle-1-5/install/t870_rqt_plugin:/home/kimsohee/ev-1-5/ev-Autonomous-Vehicle-1-5/install/make_bbox:/home/kimsohee/ev-1-5/ev-Autonomous-Vehicle-1-5/install/localization_fusion:/home/kimsohee/ev-1-5/ev-Autonomous-Vehicle-1-5/install/ev_msgs:/home/kimsohee/ev-1-5/ev-Autonomous-Vehicle-1-5/install/erp42_serial:/home/kimsohee/ev-1-5/ev-Autonomous-Vehicle-1-5/install/erp42_rqt_plugin:/home/kimsohee/ev-1-5/ev-Autonomous-Vehicle-1-5/install/erp42_util:/home/kimsohee/ev-1-5/ev-Autonomous-Vehicle-1-5/install/erp42_msgs:/home/kimsohee/ev-1-5/ev-Autonomous-Vehicle-1-5/install/erp42_description:/home/kimsohee/ev-1-5/ev-Autonomous-Vehicle-1-5/install/erp42_cmake:/home/kimsohee/ev-1-5/ev-Autonomous-Vehicle-1-5/install/gps_localization:/home/kimsohee/ev-1-5/ev-Autonomous-Vehicle-1-5/install/erp42_gazebo:/home/kimsohee/ev-1-5/ev-Autonomous-Vehicle-1-5/install/carsa_gazebo:/opt/ros/humble LD_LIBRARY_PATH=/home/kimsohee/ev-1-5/ev-Autonomous-Vehicle-1-5/install/t870_util/lib:/home/kimsohee/ev-1-5/ev-Autonomous-Vehicle-1-5/install/t870_msgs/lib:/home/kimsohee/ev-1-5/ev-Autonomous-Vehicle-1-5/install/velodyne_pointcloud/lib:/home/kimsohee/ev-1-5/ev-Autonomous-Vehicle-1-5/install/velodyne_driver/lib:/home/kimsohee/ev-1-5/ev-Autonomous-Vehicle-1-5/install/velodyne_msgs/lib:/home/kimsohee/ev-1-5/ev-Autonomous-Vehicle-1-5/install/velodyne_cropbox/lib:/home/kimsohee/ev-1-5/ev-Autonomous-Vehicle-1-5/install/t870_serial/lib:/home/kimsohee/ev-1-5/ev-Autonomous-Vehicle-1-5/install/t870_rqt_plugin/lib:/home/kimsohee/ev-1-5/ev-Autonomous-Vehicle-1-5/install/make_bbox/lib:/home/kimsohee/ev-1-5/ev-Autonomous-Vehicle-1-5/install/ev_msgs/lib:/home/kimsohee/ev-1-5/ev-Autonomous-Vehicle-1-5/install/erp42_serial/lib:/home/kimsohee/ev-1-5/ev-Autonomous-Vehicle-1-5/install/erp42_rqt_plugin/lib:/home/kimsohee/ev-1-5/ev-Autonomous-Vehicle-1-5/install/erp42_util/lib:/home/kimsohee/ev-1-5/ev-Autonomous-Vehicle-1-5/install/erp42_msgs/lib:/home/kimsohee/ev-1-5/ev-Autonomous-Vehicle-1-5/install/erp42_gazebo/lib:/opt/ros/humble/opt/rviz_ogre_vendor/lib:/opt/ros/humble/lib/aarch64-linux-gnu:/opt/ros/humble/lib /usr/bin/cmake --build /home/kimsohee/ev-1-5/ev-Autonomous-Vehicle-1-5/build/t870_serial -- -j10 -l10
[6.407s] DEBUG:colcon.colcon_core.event_handler.log_command:Invoked command in '/home/kimsohee/ev-1-5/ev-Autonomous-Vehicle-1-5/build/t870_rqt_plugin' returned '0': CMAKE_PREFIX_PATH=/home/kimsohee/ev-1-5/ev-Autonomous-Vehicle-1-5/install/t870_util:/home/kimsohee/ev-1-5/ev-Autonomous-Vehicle-1-5/install/t870_msgs:/home/kimsohee/ev-1-5/ev-Autonomous-Vehicle-1-5/install/t870_cmake:/home/kimsohee/ev-1-5/ev-Autonomous-Vehicle-1-5/install/velodyne_pointcloud:/home/kimsohee/ev-1-5/ev-Autonomous-Vehicle-1-5/install/velodyne_driver:/home/kimsohee/ev-1-5/ev-Autonomous-Vehicle-1-5/install/velodyne_msgs:/home/kimsohee/ev-1-5/ev-Autonomous-Vehicle-1-5/install/velodyne_cropbox:/home/kimsohee/ev-1-5/ev-Autonomous-Vehicle-1-5/install/t870_serial:/home/kimsohee/ev-1-5/ev-Autonomous-Vehicle-1-5/install/t870_rqt_plugin:/home/kimsohee/ev-1-5/ev-Autonomous-Vehicle-1-5/install/make_bbox:/home/kimsohee/ev-1-5/ev-Autonomous-Vehicle-1-5/install/localization_fusion:/home/kimsohee/ev-1-5/ev-Autonomous-Vehicle-1-5/install/ev_msgs:/home/kimsohee/ev-1-5/ev-Autonomous-Vehicle-1-5/install/erp42_serial:/home/kimsohee/ev-1-5/ev-Autonomous-Vehicle-1-5/install/erp42_rqt_plugin:/home/kimsohee/ev-1-5/ev-Autonomous-Vehicle-1-5/install/erp42_util:/home/kimsohee/ev-1-5/ev-Autonomous-Vehicle-1-5/install/erp42_msgs:/home/kimsohee/ev-1-5/ev-Autonomous-Vehicle-1-5/install/erp42_description:/home/kimsohee/ev-1-5/ev-Autonomous-Vehicle-1-5/install/erp42_cmake:/home/kimsohee/ev-1-5/ev-Autonomous-Vehicle-1-5/install/gps_localization:/home/kimsohee/ev-1-5/ev-Autonomous-Vehicle-1-5/install/erp42_gazebo:/home/kimsohee/ev-1-5/ev-Autonomous-Vehicle-1-5/install/carsa_gazebo:/opt/ros/humble LD_LIBRARY_PATH=/home/kimsohee/ev-1-5/ev-Autonomous-Vehicle-1-5/install/t870_util/lib:/home/kimsohee/ev-1-5/ev-Autonomous-Vehicle-1-5/install/t870_msgs/lib:/home/kimsohee/ev-1-5/ev-Autonomous-Vehicle-1-5/install/velodyne_pointcloud/lib:/home/kimsohee/ev-1-5/ev-Autonomous-Vehicle-1-5/install/velodyne_driver/lib:/home/kimsohee/ev-1-5/ev-Autonomous-Vehicle-1-5/install/velodyne_msgs/lib:/home/kimsohee/ev-1-5/ev-Autonomous-Vehicle-1-5/install/velodyne_cropbox/lib:/home/kimsohee/ev-1-5/ev-Autonomous-Vehicle-1-5/install/t870_serial/lib:/home/kimsohee/ev-1-5/ev-Autonomous-Vehicle-1-5/install/t870_rqt_plugin/lib:/home/kimsohee/ev-1-5/ev-Autonomous-Vehicle-1-5/install/make_bbox/lib:/home/kimsohee/ev-1-5/ev-Autonomous-Vehicle-1-5/install/ev_msgs/lib:/home/kimsohee/ev-1-5/ev-Autonomous-Vehicle-1-5/install/erp42_serial/lib:/home/kimsohee/ev-1-5/ev-Autonomous-Vehicle-1-5/install/erp42_rqt_plugin/lib:/home/kimsohee/ev-1-5/ev-Autonomous-Vehicle-1-5/install/erp42_util/lib:/home/kimsohee/ev-1-5/ev-Autonomous-Vehicle-1-5/install/erp42_msgs/lib:/home/kimsohee/ev-1-5/ev-Autonomous-Vehicle-1-5/install/erp42_gazebo/lib:/opt/ros/humble/opt/rviz_ogre_vendor/lib:/opt/ros/humble/lib/aarch64-linux-gnu:/opt/ros/humble/lib /usr/bin/cmake /home/kimsohee/ev-1-5/ev-Autonomous-Vehicle-1-5/t870_ros/src/t870_rqt_plugin -DAMENT_CMAKE_SYMLINK_INSTALL=1 -DCMAKE_INSTALL_PREFIX=/home/kimsohee/ev-1-5/ev-Autonomous-Vehicle-1-5/install/t870_rqt_plugin
[6.407s] DEBUG:colcon.colcon_core.event_handler.log_command:Invoking command in '/home/kimsohee/ev-1-5/ev-Autonomous-Vehicle-1-5/build/t870_rqt_plugin': CMAKE_PREFIX_PATH=/home/kimsohee/ev-1-5/ev-Autonomous-Vehicle-1-5/install/t870_util:/home/kimsohee/ev-1-5/ev-Autonomous-Vehicle-1-5/install/t870_msgs:/home/kimsohee/ev-1-5/ev-Autonomous-Vehicle-1-5/install/t870_cmake:/home/kimsohee/ev-1-5/ev-Autonomous-Vehicle-1-5/install/velodyne_pointcloud:/home/kimsohee/ev-1-5/ev-Autonomous-Vehicle-1-5/install/velodyne_driver:/home/kimsohee/ev-1-5/ev-Autonomous-Vehicle-1-5/install/velodyne_msgs:/home/kimsohee/ev-1-5/ev-Autonomous-Vehicle-1-5/install/velodyne_cropbox:/home/kimsohee/ev-1-5/ev-Autonomous-Vehicle-1-5/install/t870_serial:/home/kimsohee/ev-1-5/ev-Autonomous-Vehicle-1-5/install/t870_rqt_plugin:/home/kimsohee/ev-1-5/ev-Autonomous-Vehicle-1-5/install/make_bbox:/home/kimsohee/ev-1-5/ev-Autonomous-Vehicle-1-5/install/localization_fusion:/home/kimsohee/ev-1-5/ev-Autonomous-Vehicle-1-5/install/ev_msgs:/home/kimsohee/ev-1-5/ev-Autonomous-Vehicle-1-5/install/erp42_serial:/home/kimsohee/ev-1-5/ev-Autonomous-Vehicle-1-5/install/erp42_rqt_plugin:/home/kimsohee/ev-1-5/ev-Autonomous-Vehicle-1-5/install/erp42_util:/home/kimsohee/ev-1-5/ev-Autonomous-Vehicle-1-5/install/erp42_msgs:/home/kimsohee/ev-1-5/ev-Autonomous-Vehicle-1-5/install/erp42_description:/home/kimsohee/ev-1-5/ev-Autonomous-Vehicle-1-5/install/erp42_cmake:/home/kimsohee/ev-1-5/ev-Autonomous-Vehicle-1-5/install/gps_localization:/home/kimsohee/ev-1-5/ev-Autonomous-Vehicle-1-5/install/erp42_gazebo:/home/kimsohee/ev-1-5/ev-Autonomous-Vehicle-1-5/install/carsa_gazebo:/opt/ros/humble LD_LIBRARY_PATH=/home/kimsohee/ev-1-5/ev-Autonomous-Vehicle-1-5/install/t870_util/lib:/home/kimsohee/ev-1-5/ev-Autonomous-Vehicle-1-5/install/t870_msgs/lib:/home/kimsohee/ev-1-5/ev-Autonomous-Vehicle-1-5/install/velodyne_pointcloud/lib:/home/kimsohee/ev-1-5/ev-Autonomous-Vehicle-1-5/install/velodyne_driver/lib:/home/kimsohee/ev-1-5/ev-Autonomous-Vehicle-1-5/install/velodyne_msgs/lib:/home/kimsohee/ev-1-5/ev-Autonomous-Vehicle-1-5/install/velodyne_cropbox/lib:/home/kimsohee/ev-1-5/ev-Autonomous-Vehicle-1-5/install/t870_serial/lib:/home/kimsohee/ev-1-5/ev-Autonomous-Vehicle-1-5/install/t870_rqt_plugin/lib:/home/kimsohee/ev-1-5/ev-Autonomous-Vehicle-1-5/install/make_bbox/lib:/home/kimsohee/ev-1-5/ev-Autonomous-Vehicle-1-5/install/ev_msgs/lib:/home/kimsohee/ev-1-5/ev-Autonomous-Vehicle-1-5/install/erp42_serial/lib:/home/kimsohee/ev-1-5/ev-Autonomous-Vehicle-1-5/install/erp42_rqt_plugin/lib:/home/kimsohee/ev-1-5/ev-Autonomous-Vehicle-1-5/install/erp42_util/lib:/home/kimsohee/ev-1-5/ev-Autonomous-Vehicle-1-5/install/erp42_msgs/lib:/home/kimsohee/ev-1-5/ev-Autonomous-Vehicle-1-5/install/erp42_gazebo/lib:/opt/ros/humble/opt/rviz_ogre_vendor/lib:/opt/ros/humble/lib/aarch64-linux-gnu:/opt/ros/humble/lib /usr/bin/cmake --build /home/kimsohee/ev-1-5/ev-Autonomous-Vehicle-1-5/build/t870_rqt_plugin -- -j10 -l10
[6.791s] DEBUG:colcon.colcon_core.event_handler.log_command:Invoked command in '/home/kimsohee/ev-1-5/ev-Autonomous-Vehicle-1-5/build/erp42_serial' returned '0': CMAKE_PREFIX_PATH=/home/kimsohee/ev-1-5/ev-Autonomous-Vehicle-1-5/install/erp42_util:/home/kimsohee/ev-1-5/ev-Autonomous-Vehicle-1-5/install/erp42_description:/home/kimsohee/ev-1-5/ev-Autonomous-Vehicle-1-5/install/erp42_msgs:/home/kimsohee/ev-1-5/ev-Autonomous-Vehicle-1-5/install/erp42_cmake:/home/kimsohee/ev-1-5/ev-Autonomous-Vehicle-1-5/install/velodyne_pointcloud:/home/kimsohee/ev-1-5/ev-Autonomous-Vehicle-1-5/install/velodyne_driver:/home/kimsohee/ev-1-5/ev-Autonomous-Vehicle-1-5/install/velodyne_msgs:/home/kimsohee/ev-1-5/ev-Autonomous-Vehicle-1-5/install/velodyne_cropbox:/home/kimsohee/ev-1-5/ev-Autonomous-Vehicle-1-5/install/t870_serial:/home/kimsohee/ev-1-5/ev-Autonomous-Vehicle-1-5/install/t870_rqt_plugin:/home/kimsohee/ev-1-5/ev-Autonomous-Vehicle-1-5/install/t870_util:/home/kimsohee/ev-1-5/ev-Autonomous-Vehicle-1-5/install/t870_msgs:/home/kimsohee/ev-1-5/ev-Autonomous-Vehicle-1-5/install/t870_cmake:/home/kimsohee/ev-1-5/ev-Autonomous-Vehicle-1-5/install/make_bbox:/home/kimsohee/ev-1-5/ev-Autonomous-Vehicle-1-5/install/localization_fusion:/home/kimsohee/ev-1-5/ev-Autonomous-Vehicle-1-5/install/ev_msgs:/home/kimsohee/ev-1-5/ev-Autonomous-Vehicle-1-5/install/erp42_serial:/home/kimsohee/ev-1-5/ev-Autonomous-Vehicle-1-5/install/erp42_rqt_plugin:/home/kimsohee/ev-1-5/ev-Autonomous-Vehicle-1-5/install/gps_localization:/home/kimsohee/ev-1-5/ev-Autonomous-Vehicle-1-5/install/erp42_gazebo:/home/kimsohee/ev-1-5/ev-Autonomous-Vehicle-1-5/install/carsa_gazebo:/opt/ros/humble LD_LIBRARY_PATH=/home/kimsohee/ev-1-5/ev-Autonomous-Vehicle-1-5/install/erp42_util/lib:/home/kimsohee/ev-1-5/ev-Autonomous-Vehicle-1-5/install/erp42_msgs/lib:/home/kimsohee/ev-1-5/ev-Autonomous-Vehicle-1-5/install/velodyne_pointcloud/lib:/home/kimsohee/ev-1-5/ev-Autonomous-Vehicle-1-5/install/velodyne_driver/lib:/home/kimsohee/ev-1-5/ev-Autonomous-Vehicle-1-5/install/velodyne_msgs/lib:/home/kimsohee/ev-1-5/ev-Autonomous-Vehicle-1-5/install/velodyne_cropbox/lib:/home/kimsohee/ev-1-5/ev-Autonomous-Vehicle-1-5/install/t870_serial/lib:/home/kimsohee/ev-1-5/ev-Autonomous-Vehicle-1-5/install/t870_rqt_plugin/lib:/home/kimsohee/ev-1-5/ev-Autonomous-Vehicle-1-5/install/t870_util/lib:/home/kimsohee/ev-1-5/ev-Autonomous-Vehicle-1-5/install/t870_msgs/lib:/home/kimsohee/ev-1-5/ev-Autonomous-Vehicle-1-5/install/make_bbox/lib:/home/kimsohee/ev-1-5/ev-Autonomous-Vehicle-1-5/install/ev_msgs/lib:/home/kimsohee/ev-1-5/ev-Autonomous-Vehicle-1-5/install/erp42_serial/lib:/home/kimsohee/ev-1-5/ev-Autonomous-Vehicle-1-5/install/erp42_rqt_plugin/lib:/home/kimsohee/ev-1-5/ev-Autonomous-Vehicle-1-5/install/erp42_gazebo/lib:/opt/ros/humble/opt/rviz_ogre_vendor/lib:/opt/ros/humble/lib/aarch64-linux-gnu:/opt/ros/humble/lib /usr/bin/cmake /home/kimsohee/ev-1-5/ev-Autonomous-Vehicle-1-5/erp42_ros/src/erp42_serial -DAMENT_CMAKE_SYMLINK_INSTALL=1 -DCMAKE_INSTALL_PREFIX=/home/kimsohee/ev-1-5/ev-Autonomous-Vehicle-1-5/install/erp42_serial
[6.791s] DEBUG:colcon.colcon_core.event_handler.log_command:Invoking command in '/home/kimsohee/ev-1-5/ev-Autonomous-Vehicle-1-5/build/erp42_serial': CMAKE_PREFIX_PATH=/home/kimsohee/ev-1-5/ev-Autonomous-Vehicle-1-5/install/erp42_util:/home/kimsohee/ev-1-5/ev-Autonomous-Vehicle-1-5/install/erp42_description:/home/kimsohee/ev-1-5/ev-Autonomous-Vehicle-1-5/install/erp42_msgs:/home/kimsohee/ev-1-5/ev-Autonomous-Vehicle-1-5/install/erp42_cmake:/home/kimsohee/ev-1-5/ev-Autonomous-Vehicle-1-5/install/velodyne_pointcloud:/home/kimsohee/ev-1-5/ev-Autonomous-Vehicle-1-5/install/velodyne_driver:/home/kimsohee/ev-1-5/ev-Autonomous-Vehicle-1-5/install/velodyne_msgs:/home/kimsohee/ev-1-5/ev-Autonomous-Vehicle-1-5/install/velodyne_cropbox:/home/kimsohee/ev-1-5/ev-Autonomous-Vehicle-1-5/install/t870_serial:/home/kimsohee/ev-1-5/ev-Autonomous-Vehicle-1-5/install/t870_rqt_plugin:/home/kimsohee/ev-1-5/ev-Autonomous-Vehicle-1-5/install/t870_util:/home/kimsohee/ev-1-5/ev-Autonomous-Vehicle-1-5/install/t870_msgs:/home/kimsohee/ev-1-5/ev-Autonomous-Vehicle-1-5/install/t870_cmake:/home/kimsohee/ev-1-5/ev-Autonomous-Vehicle-1-5/install/make_bbox:/home/kimsohee/ev-1-5/ev-Autonomous-Vehicle-1-5/install/localization_fusion:/home/kimsohee/ev-1-5/ev-Autonomous-Vehicle-1-5/install/ev_msgs:/home/kimsohee/ev-1-5/ev-Autonomous-Vehicle-1-5/install/erp42_serial:/home/kimsohee/ev-1-5/ev-Autonomous-Vehicle-1-5/install/erp42_rqt_plugin:/home/kimsohee/ev-1-5/ev-Autonomous-Vehicle-1-5/install/gps_localization:/home/kimsohee/ev-1-5/ev-Autonomous-Vehicle-1-5/install/erp42_gazebo:/home/kimsohee/ev-1-5/ev-Autonomous-Vehicle-1-5/install/carsa_gazebo:/opt/ros/humble LD_LIBRARY_PATH=/home/kimsohee/ev-1-5/ev-Autonomous-Vehicle-1-5/install/erp42_util/lib:/home/kimsohee/ev-1-5/ev-Autonomous-Vehicle-1-5/install/erp42_msgs/lib:/home/kimsohee/ev-1-5/ev-Autonomous-Vehicle-1-5/install/velodyne_pointcloud/lib:/home/kimsohee/ev-1-5/ev-Autonomous-Vehicle-1-5/install/velodyne_driver/lib:/home/kimsohee/ev-1-5/ev-Autonomous-Vehicle-1-5/install/velodyne_msgs/lib:/home/kimsohee/ev-1-5/ev-Autonomous-Vehicle-1-5/install/velodyne_cropbox/lib:/home/kimsohee/ev-1-5/ev-Autonomous-Vehicle-1-5/install/t870_serial/lib:/home/kimsohee/ev-1-5/ev-Autonomous-Vehicle-1-5/install/t870_rqt_plugin/lib:/home/kimsohee/ev-1-5/ev-Autonomous-Vehicle-1-5/install/t870_util/lib:/home/kimsohee/ev-1-5/ev-Autonomous-Vehicle-1-5/install/t870_msgs/lib:/home/kimsohee/ev-1-5/ev-Autonomous-Vehicle-1-5/install/make_bbox/lib:/home/kimsohee/ev-1-5/ev-Autonomous-Vehicle-1-5/install/ev_msgs/lib:/home/kimsohee/ev-1-5/ev-Autonomous-Vehicle-1-5/install/erp42_serial/lib:/home/kimsohee/ev-1-5/ev-Autonomous-Vehicle-1-5/install/erp42_rqt_plugin/lib:/home/kimsohee/ev-1-5/ev-Autonomous-Vehicle-1-5/install/erp42_gazebo/lib:/opt/ros/humble/opt/rviz_ogre_vendor/lib:/opt/ros/humble/lib/aarch64-linux-gnu:/opt/ros/humble/lib /usr/bin/cmake --build /home/kimsohee/ev-1-5/ev-Autonomous-Vehicle-1-5/build/erp42_serial -- -j10 -l10
[6.863s] DEBUG:colcon.colcon_core.event_handler.log_command:Invoked command in '/home/kimsohee/ev-1-5/ev-Autonomous-Vehicle-1-5/build/erp42_rqt_plugin' returned '0': CMAKE_PREFIX_PATH=/home/kimsohee/ev-1-5/ev-Autonomous-Vehicle-1-5/install/erp42_util:/home/kimsohee/ev-1-5/ev-Autonomous-Vehicle-1-5/install/erp42_msgs:/home/kimsohee/ev-1-5/ev-Autonomous-Vehicle-1-5/install/erp42_cmake:/home/kimsohee/ev-1-5/ev-Autonomous-Vehicle-1-5/install/velodyne_pointcloud:/home/kimsohee/ev-1-5/ev-Autonomous-Vehicle-1-5/install/velodyne_driver:/home/kimsohee/ev-1-5/ev-Autonomous-Vehicle-1-5/install/velodyne_msgs:/home/kimsohee/ev-1-5/ev-Autonomous-Vehicle-1-5/install/velodyne_cropbox:/home/kimsohee/ev-1-5/ev-Autonomous-Vehicle-1-5/install/t870_serial:/home/kimsohee/ev-1-5/ev-Autonomous-Vehicle-1-5/install/t870_rqt_plugin:/home/kimsohee/ev-1-5/ev-Autonomous-Vehicle-1-5/install/t870_util:/home/kimsohee/ev-1-5/ev-Autonomous-Vehicle-1-5/install/t870_msgs:/home/kimsohee/ev-1-5/ev-Autonomous-Vehicle-1-5/install/t870_cmake:/home/kimsohee/ev-1-5/ev-Autonomous-Vehicle-1-5/install/make_bbox:/home/kimsohee/ev-1-5/ev-Autonomous-Vehicle-1-5/install/localization_fusion:/home/kimsohee/ev-1-5/ev-Autonomous-Vehicle-1-5/install/ev_msgs:/home/kimsohee/ev-1-5/ev-Autonomous-Vehicle-1-5/install/erp42_serial:/home/kimsohee/ev-1-5/ev-Autonomous-Vehicle-1-5/install/erp42_rqt_plugin:/home/kimsohee/ev-1-5/ev-Autonomous-Vehicle-1-5/install/erp42_description:/home/kimsohee/ev-1-5/ev-Autonomous-Vehicle-1-5/install/gps_localization:/home/kimsohee/ev-1-5/ev-Autonomous-Vehicle-1-5/install/erp42_gazebo:/home/kimsohee/ev-1-5/ev-Autonomous-Vehicle-1-5/install/carsa_gazebo:/opt/ros/humble LD_LIBRARY_PATH=/home/kimsohee/ev-1-5/ev-Autonomous-Vehicle-1-5/install/erp42_util/lib:/home/kimsohee/ev-1-5/ev-Autonomous-Vehicle-1-5/install/erp42_msgs/lib:/home/kimsohee/ev-1-5/ev-Autonomous-Vehicle-1-5/install/velodyne_pointcloud/lib:/home/kimsohee/ev-1-5/ev-Autonomous-Vehicle-1-5/install/velodyne_driver/lib:/home/kimsohee/ev-1-5/ev-Autonomous-Vehicle-1-5/install/velodyne_msgs/lib:/home/kimsohee/ev-1-5/ev-Autonomous-Vehicle-1-5/install/velodyne_cropbox/lib:/home/kimsohee/ev-1-5/ev-Autonomous-Vehicle-1-5/install/t870_serial/lib:/home/kimsohee/ev-1-5/ev-Autonomous-Vehicle-1-5/install/t870_rqt_plugin/lib:/home/kimsohee/ev-1-5/ev-Autonomous-Vehicle-1-5/install/t870_util/lib:/home/kimsohee/ev-1-5/ev-Autonomous-Vehicle-1-5/install/t870_msgs/lib:/home/kimsohee/ev-1-5/ev-Autonomous-Vehicle-1-5/install/make_bbox/lib:/home/kimsohee/ev-1-5/ev-Autonomous-Vehicle-1-5/install/ev_msgs/lib:/home/kimsohee/ev-1-5/ev-Autonomous-Vehicle-1-5/install/erp42_serial/lib:/home/kimsohee/ev-1-5/ev-Autonomous-Vehicle-1-5/install/erp42_rqt_plugin/lib:/home/kimsohee/ev-1-5/ev-Autonomous-Vehicle-1-5/install/erp42_gazebo/lib:/opt/ros/humble/opt/rviz_ogre_vendor/lib:/opt/ros/humble/lib/aarch64-linux-gnu:/opt/ros/humble/lib /usr/bin/cmake /home/kimsohee/ev-1-5/ev-Autonomous-Vehicle-1-5/erp42_ros/src/erp42_rqt_plugin -DAMENT_CMAKE_SYMLINK_INSTALL=1 -DCMAKE_INSTALL_PREFIX=/home/kimsohee/ev-1-5/ev-Autonomous-Vehicle-1-5/install/erp42_rqt_plugin
[6.863s] DEBUG:colcon.colcon_core.event_handler.log_command:Invoking command in '/home/kimsohee/ev-1-5/ev-Autonomous-Vehicle-1-5/build/erp42_rqt_plugin': CMAKE_PREFIX_PATH=/home/kimsohee/ev-1-5/ev-Autonomous-Vehicle-1-5/install/erp42_util:/home/kimsohee/ev-1-5/ev-Autonomous-Vehicle-1-5/install/erp42_msgs:/home/kimsohee/ev-1-5/ev-Autonomous-Vehicle-1-5/install/erp42_cmake:/home/kimsohee/ev-1-5/ev-Autonomous-Vehicle-1-5/install/velodyne_pointcloud:/home/kimsohee/ev-1-5/ev-Autonomous-Vehicle-1-5/install/velodyne_driver:/home/kimsohee/ev-1-5/ev-Autonomous-Vehicle-1-5/install/velodyne_msgs:/home/kimsohee/ev-1-5/ev-Autonomous-Vehicle-1-5/install/velodyne_cropbox:/home/kimsohee/ev-1-5/ev-Autonomous-Vehicle-1-5/install/t870_serial:/home/kimsohee/ev-1-5/ev-Autonomous-Vehicle-1-5/install/t870_rqt_plugin:/home/kimsohee/ev-1-5/ev-Autonomous-Vehicle-1-5/install/t870_util:/home/kimsohee/ev-1-5/ev-Autonomous-Vehicle-1-5/install/t870_msgs:/home/kimsohee/ev-1-5/ev-Autonomous-Vehicle-1-5/install/t870_cmake:/home/kimsohee/ev-1-5/ev-Autonomous-Vehicle-1-5/install/make_bbox:/home/kimsohee/ev-1-5/ev-Autonomous-Vehicle-1-5/install/localization_fusion:/home/kimsohee/ev-1-5/ev-Autonomous-Vehicle-1-5/install/ev_msgs:/home/kimsohee/ev-1-5/ev-Autonomous-Vehicle-1-5/install/erp42_serial:/home/kimsohee/ev-1-5/ev-Autonomous-Vehicle-1-5/install/erp42_rqt_plugin:/home/kimsohee/ev-1-5/ev-Autonomous-Vehicle-1-5/install/erp42_description:/home/kimsohee/ev-1-5/ev-Autonomous-Vehicle-1-5/install/gps_localization:/home/kimsohee/ev-1-5/ev-Autonomous-Vehicle-1-5/install/erp42_gazebo:/home/kimsohee/ev-1-5/ev-Autonomous-Vehicle-1-5/install/carsa_gazebo:/opt/ros/humble LD_LIBRARY_PATH=/home/kimsohee/ev-1-5/ev-Autonomous-Vehicle-1-5/install/erp42_util/lib:/home/kimsohee/ev-1-5/ev-Autonomous-Vehicle-1-5/install/erp42_msgs/lib:/home/kimsohee/ev-1-5/ev-Autonomous-Vehicle-1-5/install/velodyne_pointcloud/lib:/home/kimsohee/ev-1-5/ev-Autonomous-Vehicle-1-5/install/velodyne_driver/lib:/home/kimsohee/ev-1-5/ev-Autonomous-Vehicle-1-5/install/velodyne_msgs/lib:/home/kimsohee/ev-1-5/ev-Autonomous-Vehicle-1-5/install/velodyne_cropbox/lib:/home/kimsohee/ev-1-5/ev-Autonomous-Vehicle-1-5/install/t870_serial/lib:/home/kimsohee/ev-1-5/ev-Autonomous-Vehicle-1-5/install/t870_rqt_plugin/lib:/home/kimsohee/ev-1-5/ev-Autonomous-Vehicle-1-5/install/t870_util/lib:/home/kimsohee/ev-1-5/ev-Autonomous-Vehicle-1-5/install/t870_msgs/lib:/home/kimsohee/ev-1-5/ev-Autonomous-Vehicle-1-5/install/make_bbox/lib:/home/kimsohee/ev-1-5/ev-Autonomous-Vehicle-1-5/install/ev_msgs/lib:/home/kimsohee/ev-1-5/ev-Autonomous-Vehicle-1-5/install/erp42_serial/lib:/home/kimsohee/ev-1-5/ev-Autonomous-Vehicle-1-5/install/erp42_rqt_plugin/lib:/home/kimsohee/ev-1-5/ev-Autonomous-Vehicle-1-5/install/erp42_gazebo/lib:/opt/ros/humble/opt/rviz_ogre_vendor/lib:/opt/ros/humble/lib/aarch64-linux-gnu:/opt/ros/humble/lib /usr/bin/cmake --build /home/kimsohee/ev-1-5/ev-Autonomous-Vehicle-1-5/build/erp42_rqt_plugin -- -j10 -l10
[7.205s] DEBUG:colcon.colcon_core.event_handler.log_command:Invoked command in '/home/kimsohee/ev-1-5/ev-Autonomous-Vehicle-1-5/build/make_bbox' returned '0': CMAKE_PREFIX_PATH=/home/kimsohee/ev-1-5/ev-Autonomous-Vehicle-1-5/install/ev_msgs:/home/kimsohee/ev-1-5/ev-Autonomous-Vehicle-1-5/install/velodyne_pointcloud:/home/kimsohee/ev-1-5/ev-Autonomous-Vehicle-1-5/install/velodyne_driver:/home/kimsohee/ev-1-5/ev-Autonomous-Vehicle-1-5/install/velodyne_msgs:/home/kimsohee/ev-1-5/ev-Autonomous-Vehicle-1-5/install/velodyne_cropbox:/home/kimsohee/ev-1-5/ev-Autonomous-Vehicle-1-5/install/t870_serial:/home/kimsohee/ev-1-5/ev-Autonomous-Vehicle-1-5/install/t870_rqt_plugin:/home/kimsohee/ev-1-5/ev-Autonomous-Vehicle-1-5/install/t870_util:/home/kimsohee/ev-1-5/ev-Autonomous-Vehicle-1-5/install/t870_msgs:/home/kimsohee/ev-1-5/ev-Autonomous-Vehicle-1-5/install/t870_cmake:/home/kimsohee/ev-1-5/ev-Autonomous-Vehicle-1-5/install/make_bbox:/home/kimsohee/ev-1-5/ev-Autonomous-Vehicle-1-5/install/localization_fusion:/home/kimsohee/ev-1-5/ev-Autonomous-Vehicle-1-5/install/erp42_serial:/home/kimsohee/ev-1-5/ev-Autonomous-Vehicle-1-5/install/erp42_rqt_plugin:/home/kimsohee/ev-1-5/ev-Autonomous-Vehicle-1-5/install/erp42_util:/home/kimsohee/ev-1-5/ev-Autonomous-Vehicle-1-5/install/erp42_msgs:/home/kimsohee/ev-1-5/ev-Autonomous-Vehicle-1-5/install/erp42_description:/home/kimsohee/ev-1-5/ev-Autonomous-Vehicle-1-5/install/erp42_cmake:/home/kimsohee/ev-1-5/ev-Autonomous-Vehicle-1-5/install/gps_localization:/home/kimsohee/ev-1-5/ev-Autonomous-Vehicle-1-5/install/erp42_gazebo:/home/kimsohee/ev-1-5/ev-Autonomous-Vehicle-1-5/install/carsa_gazebo:/opt/ros/humble LD_LIBRARY_PATH=/home/kimsohee/ev-1-5/ev-Autonomous-Vehicle-1-5/install/ev_msgs/lib:/home/kimsohee/ev-1-5/ev-Autonomous-Vehicle-1-5/install/velodyne_pointcloud/lib:/home/kimsohee/ev-1-5/ev-Autonomous-Vehicle-1-5/install/velodyne_driver/lib:/home/kimsohee/ev-1-5/ev-Autonomous-Vehicle-1-5/install/velodyne_msgs/lib:/home/kimsohee/ev-1-5/ev-Autonomous-Vehicle-1-5/install/velodyne_cropbox/lib:/home/kimsohee/ev-1-5/ev-Autonomous-Vehicle-1-5/install/t870_serial/lib:/home/kimsohee/ev-1-5/ev-Autonomous-Vehicle-1-5/install/t870_rqt_plugin/lib:/home/kimsohee/ev-1-5/ev-Autonomous-Vehicle-1-5/install/t870_util/lib:/home/kimsohee/ev-1-5/ev-Autonomous-Vehicle-1-5/install/t870_msgs/lib:/home/kimsohee/ev-1-5/ev-Autonomous-Vehicle-1-5/install/make_bbox/lib:/home/kimsohee/ev-1-5/ev-Autonomous-Vehicle-1-5/install/erp42_serial/lib:/home/kimsohee/ev-1-5/ev-Autonomous-Vehicle-1-5/install/erp42_rqt_plugin/lib:/home/kimsohee/ev-1-5/ev-Autonomous-Vehicle-1-5/install/erp42_util/lib:/home/kimsohee/ev-1-5/ev-Autonomous-Vehicle-1-5/install/erp42_msgs/lib:/home/kimsohee/ev-1-5/ev-Autonomous-Vehicle-1-5/install/erp42_gazebo/lib:/opt/ros/humble/opt/rviz_ogre_vendor/lib:/opt/ros/humble/lib/aarch64-linux-gnu:/opt/ros/humble/lib /usr/bin/cmake /home/kimsohee/ev-1-5/ev-Autonomous-Vehicle-1-5/perception/src/lidar/make_bbox -DAMENT_CMAKE_SYMLINK_INSTALL=1 -DCMAKE_INSTALL_PREFIX=/home/kimsohee/ev-1-5/ev-Autonomous-Vehicle-1-5/install/make_bbox
[7.205s] DEBUG:colcon.colcon_core.event_handler.log_command:Invoking command in '/home/kimsohee/ev-1-5/ev-Autonomous-Vehicle-1-5/build/make_bbox': CMAKE_PREFIX_PATH=/home/kimsohee/ev-1-5/ev-Autonomous-Vehicle-1-5/install/ev_msgs:/home/kimsohee/ev-1-5/ev-Autonomous-Vehicle-1-5/install/velodyne_pointcloud:/home/kimsohee/ev-1-5/ev-Autonomous-Vehicle-1-5/install/velodyne_driver:/home/kimsohee/ev-1-5/ev-Autonomous-Vehicle-1-5/install/velodyne_msgs:/home/kimsohee/ev-1-5/ev-Autonomous-Vehicle-1-5/install/velodyne_cropbox:/home/kimsohee/ev-1-5/ev-Autonomous-Vehicle-1-5/install/t870_serial:/home/kimsohee/ev-1-5/ev-Autonomous-Vehicle-1-5/install/t870_rqt_plugin:/home/kimsohee/ev-1-5/ev-Autonomous-Vehicle-1-5/install/t870_util:/home/kimsohee/ev-1-5/ev-Autonomous-Vehicle-1-5/install/t870_msgs:/home/kimsohee/ev-1-5/ev-Autonomous-Vehicle-1-5/install/t870_cmake:/home/kimsohee/ev-1-5/ev-Autonomous-Vehicle-1-5/install/make_bbox:/home/kimsohee/ev-1-5/ev-Autonomous-Vehicle-1-5/install/localization_fusion:/home/kimsohee/ev-1-5/ev-Autonomous-Vehicle-1-5/install/erp42_serial:/home/kimsohee/ev-1-5/ev-Autonomous-Vehicle-1-5/install/erp42_rqt_plugin:/home/kimsohee/ev-1-5/ev-Autonomous-Vehicle-1-5/install/erp42_util:/home/kimsohee/ev-1-5/ev-Autonomous-Vehicle-1-5/install/erp42_msgs:/home/kimsohee/ev-1-5/ev-Autonomous-Vehicle-1-5/install/erp42_description:/home/kimsohee/ev-1-5/ev-Autonomous-Vehicle-1-5/install/erp42_cmake:/home/kimsohee/ev-1-5/ev-Autonomous-Vehicle-1-5/install/gps_localization:/home/kimsohee/ev-1-5/ev-Autonomous-Vehicle-1-5/install/erp42_gazebo:/home/kimsohee/ev-1-5/ev-Autonomous-Vehicle-1-5/install/carsa_gazebo:/opt/ros/humble LD_LIBRARY_PATH=/home/kimsohee/ev-1-5/ev-Autonomous-Vehicle-1-5/install/ev_msgs/lib:/home/kimsohee/ev-1-5/ev-Autonomous-Vehicle-1-5/install/velodyne_pointcloud/lib:/home/kimsohee/ev-1-5/ev-Autonomous-Vehicle-1-5/install/velodyne_driver/lib:/home/kimsohee/ev-1-5/ev-Autonomous-Vehicle-1-5/install/velodyne_msgs/lib:/home/kimsohee/ev-1-5/ev-Autonomous-Vehicle-1-5/install/velodyne_cropbox/lib:/home/kimsohee/ev-1-5/ev-Autonomous-Vehicle-1-5/install/t870_serial/lib:/home/kimsohee/ev-1-5/ev-Autonomous-Vehicle-1-5/install/t870_rqt_plugin/lib:/home/kimsohee/ev-1-5/ev-Autonomous-Vehicle-1-5/install/t870_util/lib:/home/kimsohee/ev-1-5/ev-Autonomous-Vehicle-1-5/install/t870_msgs/lib:/home/kimsohee/ev-1-5/ev-Autonomous-Vehicle-1-5/install/make_bbox/lib:/home/kimsohee/ev-1-5/ev-Autonomous-Vehicle-1-5/install/erp42_serial/lib:/home/kimsohee/ev-1-5/ev-Autonomous-Vehicle-1-5/install/erp42_rqt_plugin/lib:/home/kimsohee/ev-1-5/ev-Autonomous-Vehicle-1-5/install/erp42_util/lib:/home/kimsohee/ev-1-5/ev-Autonomous-Vehicle-1-5/install/erp42_msgs/lib:/home/kimsohee/ev-1-5/ev-Autonomous-Vehicle-1-5/install/erp42_gazebo/lib:/opt/ros/humble/opt/rviz_ogre_vendor/lib:/opt/ros/humble/lib/aarch64-linux-gnu:/opt/ros/humble/lib /usr/bin/cmake --build /home/kimsohee/ev-1-5/ev-Autonomous-Vehicle-1-5/build/make_bbox -- -j10 -l10
[8.594s] DEBUG:colcon.colcon_core.event_handler.log_command:Invoked command in '/home/kimsohee/ev-1-5/ev-Autonomous-Vehicle-1-5/build/velodyne_cropbox' returned '0': CMAKE_PREFIX_PATH=${CMAKE_PREFIX_PATH}:/opt/ros/humble /usr/bin/cmake --build /home/kimsohee/ev-1-5/ev-Autonomous-Vehicle-1-5/build/velodyne_cropbox -- -j10 -l10
[8.594s] DEBUG:colcon.colcon_core.event_handler.log_command:Invoking command in '/home/kimsohee/ev-1-5/ev-Autonomous-Vehicle-1-5/build/velodyne_cropbox': CMAKE_PREFIX_PATH=${CMAKE_PREFIX_PATH}:/opt/ros/humble /usr/bin/cmake --install /home/kimsohee/ev-1-5/ev-Autonomous-Vehicle-1-5/build/velodyne_cropbox
[18.038s] DEBUG:colcon.colcon_core.event_handler.log_command:Invoked command in '/home/kimsohee/ev-1-5/ev-Autonomous-Vehicle-1-5/build/gps_localization' returned '0': CMAKE_PREFIX_PATH=${CMAKE_PREFIX_PATH}:/opt/ros/humble /usr/bin/cmake --build /home/kimsohee/ev-1-5/ev-Autonomous-Vehicle-1-5/build/gps_localization -- -j10 -l10
[18.160s] DEBUG:colcon.colcon_core.event_handler.log_command:Invoking command in '/home/kimsohee/ev-1-5/ev-Autonomous-Vehicle-1-5/build/gps_localization': CMAKE_PREFIX_PATH=${CMAKE_PREFIX_PATH}:/opt/ros/humble /usr/bin/cmake --install /home/kimsohee/ev-1-5/ev-Autonomous-Vehicle-1-5/build/gps_localization
[21.727s] DEBUG:colcon.colcon_core.event_handler.log_command:Invoked command in '/home/kimsohee/ev-1-5/ev-Autonomous-Vehicle-1-5/build/make_bbox' returned '0': CMAKE_PREFIX_PATH=/home/kimsohee/ev-1-5/ev-Autonomous-Vehicle-1-5/install/ev_msgs:/home/kimsohee/ev-1-5/ev-Autonomous-Vehicle-1-5/install/velodyne_pointcloud:/home/kimsohee/ev-1-5/ev-Autonomous-Vehicle-1-5/install/velodyne_driver:/home/kimsohee/ev-1-5/ev-Autonomous-Vehicle-1-5/install/velodyne_msgs:/home/kimsohee/ev-1-5/ev-Autonomous-Vehicle-1-5/install/velodyne_cropbox:/home/kimsohee/ev-1-5/ev-Autonomous-Vehicle-1-5/install/t870_serial:/home/kimsohee/ev-1-5/ev-Autonomous-Vehicle-1-5/install/t870_rqt_plugin:/home/kimsohee/ev-1-5/ev-Autonomous-Vehicle-1-5/install/t870_util:/home/kimsohee/ev-1-5/ev-Autonomous-Vehicle-1-5/install/t870_msgs:/home/kimsohee/ev-1-5/ev-Autonomous-Vehicle-1-5/install/t870_cmake:/home/kimsohee/ev-1-5/ev-Autonomous-Vehicle-1-5/install/make_bbox:/home/kimsohee/ev-1-5/ev-Autonomous-Vehicle-1-5/install/localization_fusion:/home/kimsohee/ev-1-5/ev-Autonomous-Vehicle-1-5/install/erp42_serial:/home/kimsohee/ev-1-5/ev-Autonomous-Vehicle-1-5/install/erp42_rqt_plugin:/home/kimsohee/ev-1-5/ev-Autonomous-Vehicle-1-5/install/erp42_util:/home/kimsohee/ev-1-5/ev-Autonomous-Vehicle-1-5/install/erp42_msgs:/home/kimsohee/ev-1-5/ev-Autonomous-Vehicle-1-5/install/erp42_description:/home/kimsohee/ev-1-5/ev-Autonomous-Vehicle-1-5/install/erp42_cmake:/home/kimsohee/ev-1-5/ev-Autonomous-Vehicle-1-5/install/gps_localization:/home/kimsohee/ev-1-5/ev-Autonomous-Vehicle-1-5/install/erp42_gazebo:/home/kimsohee/ev-1-5/ev-Autonomous-Vehicle-1-5/install/carsa_gazebo:/opt/ros/humble LD_LIBRARY_PATH=/home/kimsohee/ev-1-5/ev-Autonomous-Vehicle-1-5/install/ev_msgs/lib:/home/kimsohee/ev-1-5/ev-Autonomous-Vehicle-1-5/install/velodyne_pointcloud/lib:/home/kimsohee/ev-1-5/ev-Autonomous-Vehicle-1-5/install/velodyne_driver/lib:/home/kimsohee/ev-1-5/ev-Autonomous-Vehicle-1-5/install/velodyne_msgs/lib:/home/kimsohee/ev-1-5/ev-Autonomous-Vehicle-1-5/install/velodyne_cropbox/lib:/home/kimsohee/ev-1-5/ev-Autonomous-Vehicle-1-5/install/t870_serial/lib:/home/kimsohee/ev-1-5/ev-Autonomous-Vehicle-1-5/install/t870_rqt_plugin/lib:/home/kimsohee/ev-1-5/ev-Autonomous-Vehicle-1-5/install/t870_util/lib:/home/kimsohee/ev-1-5/ev-Autonomous-Vehicle-1-5/install/t870_msgs/lib:/home/kimsohee/ev-1-5/ev-Autonomous-Vehicle-1-5/install/make_bbox/lib:/home/kimsohee/ev-1-5/ev-Autonomous-Vehicle-1-5/install/erp42_serial/lib:/home/kimsohee/ev-1-5/ev-Autonomous-Vehicle-1-5/install/erp42_rqt_plugin/lib:/home/kimsohee/ev-1-5/ev-Autonomous-Vehicle-1-5/install/erp42_util/lib:/home/kimsohee/ev-1-5/ev-Autonomous-Vehicle-1-5/install/erp42_msgs/lib:/home/kimsohee/ev-1-5/ev-Autonomous-Vehicle-1-5/install/erp42_gazebo/lib:/opt/ros/humble/opt/rviz_ogre_vendor/lib:/opt/ros/humble/lib/aarch64-linux-gnu:/opt/ros/humble/lib /usr/bin/cmake --build /home/kimsohee/ev-1-5/ev-Autonomous-Vehicle-1-5/build/make_bbox -- -j10 -l10
[21.733s] DEBUG:colcon.colcon_core.event_handler.log_command:Invoking command in '/home/kimsohee/ev-1-5/ev-Autonomous-Vehicle-1-5/build/make_bbox': CMAKE_PREFIX_PATH=/home/kimsohee/ev-1-5/ev-Autonomous-Vehicle-1-5/install/ev_msgs:/home/kimsohee/ev-1-5/ev-Autonomous-Vehicle-1-5/install/velodyne_pointcloud:/home/kimsohee/ev-1-5/ev-Autonomous-Vehicle-1-5/install/velodyne_driver:/home/kimsohee/ev-1-5/ev-Autonomous-Vehicle-1-5/install/velodyne_msgs:/home/kimsohee/ev-1-5/ev-Autonomous-Vehicle-1-5/install/velodyne_cropbox:/home/kimsohee/ev-1-5/ev-Autonomous-Vehicle-1-5/install/t870_serial:/home/kimsohee/ev-1-5/ev-Autonomous-Vehicle-1-5/install/t870_rqt_plugin:/home/kimsohee/ev-1-5/ev-Autonomous-Vehicle-1-5/install/t870_util:/home/kimsohee/ev-1-5/ev-Autonomous-Vehicle-1-5/install/t870_msgs:/home/kimsohee/ev-1-5/ev-Autonomous-Vehicle-1-5/install/t870_cmake:/home/kimsohee/ev-1-5/ev-Autonomous-Vehicle-1-5/install/make_bbox:/home/kimsohee/ev-1-5/ev-Autonomous-Vehicle-1-5/install/localization_fusion:/home/kimsohee/ev-1-5/ev-Autonomous-Vehicle-1-5/install/erp42_serial:/home/kimsohee/ev-1-5/ev-Autonomous-Vehicle-1-5/install/erp42_rqt_plugin:/home/kimsohee/ev-1-5/ev-Autonomous-Vehicle-1-5/install/erp42_util:/home/kimsohee/ev-1-5/ev-Autonomous-Vehicle-1-5/install/erp42_msgs:/home/kimsohee/ev-1-5/ev-Autonomous-Vehicle-1-5/install/erp42_description:/home/kimsohee/ev-1-5/ev-Autonomous-Vehicle-1-5/install/erp42_cmake:/home/kimsohee/ev-1-5/ev-Autonomous-Vehicle-1-5/install/gps_localization:/home/kimsohee/ev-1-5/ev-Autonomous-Vehicle-1-5/install/erp42_gazebo:/home/kimsohee/ev-1-5/ev-Autonomous-Vehicle-1-5/install/carsa_gazebo:/opt/ros/humble LD_LIBRARY_PATH=/home/kimsohee/ev-1-5/ev-Autonomous-Vehicle-1-5/install/ev_msgs/lib:/home/kimsohee/ev-1-5/ev-Autonomous-Vehicle-1-5/install/velodyne_pointcloud/lib:/home/kimsohee/ev-1-5/ev-Autonomous-Vehicle-1-5/install/velodyne_driver/lib:/home/kimsohee/ev-1-5/ev-Autonomous-Vehicle-1-5/install/velodyne_msgs/lib:/home/kimsohee/ev-1-5/ev-Autonomous-Vehicle-1-5/install/velodyne_cropbox/lib:/home/kimsohee/ev-1-5/ev-Autonomous-Vehicle-1-5/install/t870_serial/lib:/home/kimsohee/ev-1-5/ev-Autonomous-Vehicle-1-5/install/t870_rqt_plugin/lib:/home/kimsohee/ev-1-5/ev-Autonomous-Vehicle-1-5/install/t870_util/lib:/home/kimsohee/ev-1-5/ev-Autonomous-Vehicle-1-5/install/t870_msgs/lib:/home/kimsohee/ev-1-5/ev-Autonomous-Vehicle-1-5/install/make_bbox/lib:/home/kimsohee/ev-1-5/ev-Autonomous-Vehicle-1-5/install/erp42_serial/lib:/home/kimsohee/ev-1-5/ev-Autonomous-Vehicle-1-5/install/erp42_rqt_plugin/lib:/home/kimsohee/ev-1-5/ev-Autonomous-Vehicle-1-5/install/erp42_util/lib:/home/kimsohee/ev-1-5/ev-Autonomous-Vehicle-1-5/install/erp42_msgs/lib:/home/kimsohee/ev-1-5/ev-Autonomous-Vehicle-1-5/install/erp42_gazebo/lib:/opt/ros/humble/opt/rviz_ogre_vendor/lib:/opt/ros/humble/lib/aarch64-linux-gnu:/opt/ros/humble/lib /usr/bin/cmake --install /home/kimsohee/ev-1-5/ev-Autonomous-Vehicle-1-5/build/make_bbox
[21.739s] Level 1:colcon.colcon_core.environment:create_environment_scripts_only(velodyne_cropbox)
[21.762s] DEBUG:colcon.colcon_core.event_handler.log_command:Invoked command in '/home/kimsohee/ev-1-5/ev-Autonomous-Vehicle-1-5/build/velodyne_cropbox' returned '0': CMAKE_PREFIX_PATH=${CMAKE_PREFIX_PATH}:/opt/ros/humble /usr/bin/cmake --install /home/kimsohee/ev-1-5/ev-Autonomous-Vehicle-1-5/build/velodyne_cropbox
[21.817s] Level 1:colcon.colcon_core.environment:checking '/home/kimsohee/ev-1-5/ev-Autonomous-Vehicle-1-5/install/velodyne_cropbox' for CMake module files
[21.836s] Level 1:colcon.colcon_core.environment:checking '/home/kimsohee/ev-1-5/ev-Autonomous-Vehicle-1-5/install/velodyne_cropbox' for CMake config files
[21.852s] Level 1:colcon.colcon_core.shell:create_environment_hook('velodyne_cropbox', 'cmake_prefix_path')
[21.871s] INFO:colcon.colcon_core.shell:Creating environment hook '/home/kimsohee/ev-1-5/ev-Autonomous-Vehicle-1-5/install/velodyne_cropbox/share/velodyne_cropbox/hook/cmake_prefix_path.ps1'
[21.952s] INFO:colcon.colcon_core.shell:Creating environment descriptor '/home/kimsohee/ev-1-5/ev-Autonomous-Vehicle-1-5/install/velodyne_cropbox/share/velodyne_cropbox/hook/cmake_prefix_path.dsv'
[21.965s] INFO:colcon.colcon_core.shell:Creating environment hook '/home/kimsohee/ev-1-5/ev-Autonomous-Vehicle-1-5/install/velodyne_cropbox/share/velodyne_cropbox/hook/cmake_prefix_path.sh'
[22.009s] Level 1:colcon.colcon_core.environment:checking '/home/kimsohee/ev-1-5/ev-Autonomous-Vehicle-1-5/install/velodyne_cropbox/lib'
[22.014s] Level 1:colcon.colcon_core.shell:create_environment_hook('velodyne_cropbox', 'ld_library_path_lib')
[22.016s] INFO:colcon.colcon_core.shell:Creating environment hook '/home/kimsohee/ev-1-5/ev-Autonomous-Vehicle-1-5/install/velodyne_cropbox/share/velodyne_cropbox/hook/ld_library_path_lib.ps1'
[22.017s] INFO:colcon.colcon_core.shell:Creating environment descriptor '/home/kimsohee/ev-1-5/ev-Autonomous-Vehicle-1-5/install/velodyne_cropbox/share/velodyne_cropbox/hook/ld_library_path_lib.dsv'
[22.019s] INFO:colcon.colcon_core.shell:Creating environment hook '/home/kimsohee/ev-1-5/ev-Autonomous-Vehicle-1-5/install/velodyne_cropbox/share/velodyne_cropbox/hook/ld_library_path_lib.sh'
[22.021s] Level 1:colcon.colcon_core.environment:checking '/home/kimsohee/ev-1-5/ev-Autonomous-Vehicle-1-5/install/velodyne_cropbox/bin'
[22.022s] Level 1:colcon.colcon_core.environment:checking '/home/kimsohee/ev-1-5/ev-Autonomous-Vehicle-1-5/install/velodyne_cropbox/lib/pkgconfig/velodyne_cropbox.pc'
[22.054s] Level 1:colcon.colcon_core.environment:checking '/home/kimsohee/ev-1-5/ev-Autonomous-Vehicle-1-5/install/velodyne_cropbox/lib/python3.10/site-packages'
[22.054s] Level 1:colcon.colcon_core.environment:checking '/home/kimsohee/ev-1-5/ev-Autonomous-Vehicle-1-5/install/velodyne_cropbox/bin'
[22.055s] INFO:colcon.colcon_core.shell:Creating package script '/home/kimsohee/ev-1-5/ev-Autonomous-Vehicle-1-5/install/velodyne_cropbox/share/velodyne_cropbox/package.ps1'
[22.063s] INFO:colcon.colcon_core.shell:Creating package descriptor '/home/kimsohee/ev-1-5/ev-Autonomous-Vehicle-1-5/install/velodyne_cropbox/share/velodyne_cropbox/package.dsv'
[22.066s] INFO:colcon.colcon_core.shell:Creating package script '/home/kimsohee/ev-1-5/ev-Autonomous-Vehicle-1-5/install/velodyne_cropbox/share/velodyne_cropbox/package.sh'
[22.073s] INFO:colcon.colcon_core.shell:Creating package script '/home/kimsohee/ev-1-5/ev-Autonomous-Vehicle-1-5/install/velodyne_cropbox/share/velodyne_cropbox/package.bash'
[22.079s] INFO:colcon.colcon_core.shell:Creating package script '/home/kimsohee/ev-1-5/ev-Autonomous-Vehicle-1-5/install/velodyne_cropbox/share/velodyne_cropbox/package.zsh'
[22.090s] Level 1:colcon.colcon_core.environment:create_file_with_runtime_dependencies(/home/kimsohee/ev-1-5/ev-Autonomous-Vehicle-1-5/install/velodyne_cropbox/share/colcon-core/packages/velodyne_cropbox)
[22.111s] Level 1:colcon.colcon_core.environment:create_environment_scripts_only(velodyne_cropbox)
[22.111s] Level 1:colcon.colcon_core.environment:checking '/home/kimsohee/ev-1-5/ev-Autonomous-Vehicle-1-5/install/velodyne_cropbox' for CMake module files
[22.111s] Level 1:colcon.colcon_core.environment:checking '/home/kimsohee/ev-1-5/ev-Autonomous-Vehicle-1-5/install/velodyne_cropbox' for CMake config files
[22.111s] Level 1:colcon.colcon_core.shell:create_environment_hook('velodyne_cropbox', 'cmake_prefix_path')
[22.112s] INFO:colcon.colcon_core.shell:Creating environment hook '/home/kimsohee/ev-1-5/ev-Autonomous-Vehicle-1-5/install/velodyne_cropbox/share/velodyne_cropbox/hook/cmake_prefix_path.ps1'
[22.112s] INFO:colcon.colcon_core.shell:Creating environment descriptor '/home/kimsohee/ev-1-5/ev-Autonomous-Vehicle-1-5/install/velodyne_cropbox/share/velodyne_cropbox/hook/cmake_prefix_path.dsv'
[22.112s] INFO:colcon.colcon_core.shell:Creating environment hook '/home/kimsohee/ev-1-5/ev-Autonomous-Vehicle-1-5/install/velodyne_cropbox/share/velodyne_cropbox/hook/cmake_prefix_path.sh'
[22.114s] Level 1:colcon.colcon_core.environment:checking '/home/kimsohee/ev-1-5/ev-Autonomous-Vehicle-1-5/install/velodyne_cropbox/lib'
[22.114s] Level 1:colcon.colcon_core.shell:create_environment_hook('velodyne_cropbox', 'ld_library_path_lib')
[22.115s] INFO:colcon.colcon_core.shell:Creating environment hook '/home/kimsohee/ev-1-5/ev-Autonomous-Vehicle-1-5/install/velodyne_cropbox/share/velodyne_cropbox/hook/ld_library_path_lib.ps1'
[22.118s] INFO:colcon.colcon_core.shell:Creating environment descriptor '/home/kimsohee/ev-1-5/ev-Autonomous-Vehicle-1-5/install/velodyne_cropbox/share/velodyne_cropbox/hook/ld_library_path_lib.dsv'
[22.120s] INFO:colcon.colcon_core.shell:Creating environment hook '/home/kimsohee/ev-1-5/ev-Autonomous-Vehicle-1-5/install/velodyne_cropbox/share/velodyne_cropbox/hook/ld_library_path_lib.sh'
[22.121s] Level 1:colcon.colcon_core.environment:checking '/home/kimsohee/ev-1-5/ev-Autonomous-Vehicle-1-5/install/velodyne_cropbox/bin'
[22.121s] Level 1:colcon.colcon_core.environment:checking '/home/kimsohee/ev-1-5/ev-Autonomous-Vehicle-1-5/install/velodyne_cropbox/lib/pkgconfig/velodyne_cropbox.pc'
[22.121s] Level 1:colcon.colcon_core.environment:checking '/home/kimsohee/ev-1-5/ev-Autonomous-Vehicle-1-5/install/velodyne_cropbox/lib/python3.10/site-packages'
[22.121s] Level 1:colcon.colcon_core.environment:checking '/home/kimsohee/ev-1-5/ev-Autonomous-Vehicle-1-5/install/velodyne_cropbox/bin'
[22.122s] INFO:colcon.colcon_core.shell:Creating package script '/home/kimsohee/ev-1-5/ev-Autonomous-Vehicle-1-5/install/velodyne_cropbox/share/velodyne_cropbox/package.ps1'
[22.123s] INFO:colcon.colcon_core.shell:Creating package descriptor '/home/kimsohee/ev-1-5/ev-Autonomous-Vehicle-1-5/install/velodyne_cropbox/share/velodyne_cropbox/package.dsv'
[22.124s] INFO:colcon.colcon_core.shell:Creating package script '/home/kimsohee/ev-1-5/ev-Autonomous-Vehicle-1-5/install/velodyne_cropbox/share/velodyne_cropbox/package.sh'
[22.127s] INFO:colcon.colcon_core.shell:Creating package script '/home/kimsohee/ev-1-5/ev-Autonomous-Vehicle-1-5/install/velodyne_cropbox/share/velodyne_cropbox/package.bash'
[22.127s] INFO:colcon.colcon_core.shell:Creating package script '/home/kimsohee/ev-1-5/ev-Autonomous-Vehicle-1-5/install/velodyne_cropbox/share/velodyne_cropbox/package.zsh'
[22.127s] Level 1:colcon.colcon_core.environment:create_file_with_runtime_dependencies(/home/kimsohee/ev-1-5/ev-Autonomous-Vehicle-1-5/install/velodyne_cropbox/share/colcon-core/packages/velodyne_cropbox)
[22.128s] Level 1:colcon.colcon_core.environment:create_environment_scripts_only(gps_localization)
[22.132s] Level 1:colcon.colcon_core.environment:checking '/home/kimsohee/ev-1-5/ev-Autonomous-Vehicle-1-5/install/gps_localization' for CMake module files
[22.155s] DEBUG:colcon.colcon_core.event_handler.log_command:Invoked command in '/home/kimsohee/ev-1-5/ev-Autonomous-Vehicle-1-5/build/gps_localization' returned '0': CMAKE_PREFIX_PATH=${CMAKE_PREFIX_PATH}:/opt/ros/humble /usr/bin/cmake --install /home/kimsohee/ev-1-5/ev-Autonomous-Vehicle-1-5/build/gps_localization
[22.155s] Level 1:colcon.colcon_core.environment:checking '/home/kimsohee/ev-1-5/ev-Autonomous-Vehicle-1-5/install/gps_localization' for CMake config files
[22.155s] Level 1:colcon.colcon_core.shell:create_environment_hook('gps_localization', 'cmake_prefix_path')
[22.155s] INFO:colcon.colcon_core.shell:Creating environment hook '/home/kimsohee/ev-1-5/ev-Autonomous-Vehicle-1-5/install/gps_localization/share/gps_localization/hook/cmake_prefix_path.ps1'
[22.155s] INFO:colcon.colcon_core.shell:Creating environment descriptor '/home/kimsohee/ev-1-5/ev-Autonomous-Vehicle-1-5/install/gps_localization/share/gps_localization/hook/cmake_prefix_path.dsv'
[22.156s] INFO:colcon.colcon_core.shell:Creating environment hook '/home/kimsohee/ev-1-5/ev-Autonomous-Vehicle-1-5/install/gps_localization/share/gps_localization/hook/cmake_prefix_path.sh'
[22.156s] Level 1:colcon.colcon_core.environment:checking '/home/kimsohee/ev-1-5/ev-Autonomous-Vehicle-1-5/install/gps_localization/lib'
[22.156s] Level 1:colcon.colcon_core.environment:checking '/home/kimsohee/ev-1-5/ev-Autonomous-Vehicle-1-5/install/gps_localization/bin'
[22.157s] Level 1:colcon.colcon_core.environment:checking '/home/kimsohee/ev-1-5/ev-Autonomous-Vehicle-1-5/install/gps_localization/lib/pkgconfig/gps_localization.pc'
[22.157s] Level 1:colcon.colcon_core.environment:checking '/home/kimsohee/ev-1-5/ev-Autonomous-Vehicle-1-5/install/gps_localization/lib/python3.10/site-packages'
[22.158s] Level 1:colcon.colcon_core.environment:checking '/home/kimsohee/ev-1-5/ev-Autonomous-Vehicle-1-5/install/gps_localization/bin'
[22.158s] INFO:colcon.colcon_core.shell:Creating package script '/home/kimsohee/ev-1-5/ev-Autonomous-Vehicle-1-5/install/gps_localization/share/gps_localization/package.ps1'
[22.159s] INFO:colcon.colcon_core.shell:Creating package descriptor '/home/kimsohee/ev-1-5/ev-Autonomous-Vehicle-1-5/install/gps_localization/share/gps_localization/package.dsv'
[22.159s] INFO:colcon.colcon_core.shell:Creating package script '/home/kimsohee/ev-1-5/ev-Autonomous-Vehicle-1-5/install/gps_localization/share/gps_localization/package.sh'
[22.160s] INFO:colcon.colcon_core.shell:Creating package script '/home/kimsohee/ev-1-5/ev-Autonomous-Vehicle-1-5/install/gps_localization/share/gps_localization/package.bash'
[22.160s] INFO:colcon.colcon_core.shell:Creating package script '/home/kimsohee/ev-1-5/ev-Autonomous-Vehicle-1-5/install/gps_localization/share/gps_localization/package.zsh'
[22.160s] Level 1:colcon.colcon_core.environment:create_file_with_runtime_dependencies(/home/kimsohee/ev-1-5/ev-Autonomous-Vehicle-1-5/install/gps_localization/share/colcon-core/packages/gps_localization)
[22.164s] Level 1:colcon.colcon_core.environment:create_environment_scripts_only(gps_localization)
[22.164s] Level 1:colcon.colcon_core.environment:checking '/home/kimsohee/ev-1-5/ev-Autonomous-Vehicle-1-5/install/gps_localization' for CMake module files
[22.165s] Level 1:colcon.colcon_core.environment:checking '/home/kimsohee/ev-1-5/ev-Autonomous-Vehicle-1-5/install/gps_localization' for CMake config files
[22.165s] Level 1:colcon.colcon_core.shell:create_environment_hook('gps_localization', 'cmake_prefix_path')
[22.166s] INFO:colcon.colcon_core.shell:Creating environment hook '/home/kimsohee/ev-1-5/ev-Autonomous-Vehicle-1-5/install/gps_localization/share/gps_localization/hook/cmake_prefix_path.ps1'
[22.166s] INFO:colcon.colcon_core.shell:Creating environment descriptor '/home/kimsohee/ev-1-5/ev-Autonomous-Vehicle-1-5/install/gps_localization/share/gps_localization/hook/cmake_prefix_path.dsv'
[22.169s] INFO:colcon.colcon_core.shell:Creating environment hook '/home/kimsohee/ev-1-5/ev-Autonomous-Vehicle-1-5/install/gps_localization/share/gps_localization/hook/cmake_prefix_path.sh'
[22.169s] Level 1:colcon.colcon_core.environment:checking '/home/kimsohee/ev-1-5/ev-Autonomous-Vehicle-1-5/install/gps_localization/lib'
[22.169s] Level 1:colcon.colcon_core.environment:checking '/home/kimsohee/ev-1-5/ev-Autonomous-Vehicle-1-5/install/gps_localization/bin'
[22.169s] Level 1:colcon.colcon_core.environment:checking '/home/kimsohee/ev-1-5/ev-Autonomous-Vehicle-1-5/install/gps_localization/lib/pkgconfig/gps_localization.pc'
[22.170s] Level 1:colcon.colcon_core.environment:checking '/home/kimsohee/ev-1-5/ev-Autonomous-Vehicle-1-5/install/gps_localization/lib/python3.10/site-packages'
[22.170s] Level 1:colcon.colcon_core.environment:checking '/home/kimsohee/ev-1-5/ev-Autonomous-Vehicle-1-5/install/gps_localization/bin'
[22.173s] INFO:colcon.colcon_core.shell:Creating package script '/home/kimsohee/ev-1-5/ev-Autonomous-Vehicle-1-5/install/gps_localization/share/gps_localization/package.ps1'
[22.177s] INFO:colcon.colcon_core.shell:Creating package descriptor '/home/kimsohee/ev-1-5/ev-Autonomous-Vehicle-1-5/install/gps_localization/share/gps_localization/package.dsv'
[22.180s] INFO:colcon.colcon_core.shell:Creating package script '/home/kimsohee/ev-1-5/ev-Autonomous-Vehicle-1-5/install/gps_localization/share/gps_localization/package.sh'
[22.184s] INFO:colcon.colcon_core.shell:Creating package script '/home/kimsohee/ev-1-5/ev-Autonomous-Vehicle-1-5/install/gps_localization/share/gps_localization/package.bash'
[22.186s] INFO:colcon.colcon_core.shell:Creating package script '/home/kimsohee/ev-1-5/ev-Autonomous-Vehicle-1-5/install/gps_localization/share/gps_localization/package.zsh'
[22.189s] Level 1:colcon.colcon_core.environment:create_file_with_runtime_dependencies(/home/kimsohee/ev-1-5/ev-Autonomous-Vehicle-1-5/install/gps_localization/share/colcon-core/packages/gps_localization)
[22.213s] Level 1:colcon.colcon_core.environment:create_environment_scripts_only(make_bbox)
[22.213s] Level 1:colcon.colcon_core.environment:checking '/home/kimsohee/ev-1-5/ev-Autonomous-Vehicle-1-5/install/make_bbox' for CMake module files
[22.214s] Level 1:colcon.colcon_core.environment:checking '/home/kimsohee/ev-1-5/ev-Autonomous-Vehicle-1-5/install/make_bbox' for CMake config files
[22.214s] DEBUG:colcon.colcon_core.event_handler.log_command:Invoked command in '/home/kimsohee/ev-1-5/ev-Autonomous-Vehicle-1-5/build/make_bbox' returned '0': CMAKE_PREFIX_PATH=/home/kimsohee/ev-1-5/ev-Autonomous-Vehicle-1-5/install/ev_msgs:/home/kimsohee/ev-1-5/ev-Autonomous-Vehicle-1-5/install/velodyne_pointcloud:/home/kimsohee/ev-1-5/ev-Autonomous-Vehicle-1-5/install/velodyne_driver:/home/kimsohee/ev-1-5/ev-Autonomous-Vehicle-1-5/install/velodyne_msgs:/home/kimsohee/ev-1-5/ev-Autonomous-Vehicle-1-5/install/velodyne_cropbox:/home/kimsohee/ev-1-5/ev-Autonomous-Vehicle-1-5/install/t870_serial:/home/kimsohee/ev-1-5/ev-Autonomous-Vehicle-1-5/install/t870_rqt_plugin:/home/kimsohee/ev-1-5/ev-Autonomous-Vehicle-1-5/install/t870_util:/home/kimsohee/ev-1-5/ev-Autonomous-Vehicle-1-5/install/t870_msgs:/home/kimsohee/ev-1-5/ev-Autonomous-Vehicle-1-5/install/t870_cmake:/home/kimsohee/ev-1-5/ev-Autonomous-Vehicle-1-5/install/make_bbox:/home/kimsohee/ev-1-5/ev-Autonomous-Vehicle-1-5/install/localization_fusion:/home/kimsohee/ev-1-5/ev-Autonomous-Vehicle-1-5/install/erp42_serial:/home/kimsohee/ev-1-5/ev-Autonomous-Vehicle-1-5/install/erp42_rqt_plugin:/home/kimsohee/ev-1-5/ev-Autonomous-Vehicle-1-5/install/erp42_util:/home/kimsohee/ev-1-5/ev-Autonomous-Vehicle-1-5/install/erp42_msgs:/home/kimsohee/ev-1-5/ev-Autonomous-Vehicle-1-5/install/erp42_description:/home/kimsohee/ev-1-5/ev-Autonomous-Vehicle-1-5/install/erp42_cmake:/home/kimsohee/ev-1-5/ev-Autonomous-Vehicle-1-5/install/gps_localization:/home/kimsohee/ev-1-5/ev-Autonomous-Vehicle-1-5/install/erp42_gazebo:/home/kimsohee/ev-1-5/ev-Autonomous-Vehicle-1-5/install/carsa_gazebo:/opt/ros/humble LD_LIBRARY_PATH=/home/kimsohee/ev-1-5/ev-Autonomous-Vehicle-1-5/install/ev_msgs/lib:/home/kimsohee/ev-1-5/ev-Autonomous-Vehicle-1-5/install/velodyne_pointcloud/lib:/home/kimsohee/ev-1-5/ev-Autonomous-Vehicle-1-5/install/velodyne_driver/lib:/home/kimsohee/ev-1-5/ev-Autonomous-Vehicle-1-5/install/velodyne_msgs/lib:/home/kimsohee/ev-1-5/ev-Autonomous-Vehicle-1-5/install/velodyne_cropbox/lib:/home/kimsohee/ev-1-5/ev-Autonomous-Vehicle-1-5/install/t870_serial/lib:/home/kimsohee/ev-1-5/ev-Autonomous-Vehicle-1-5/install/t870_rqt_plugin/lib:/home/kimsohee/ev-1-5/ev-Autonomous-Vehicle-1-5/install/t870_util/lib:/home/kimsohee/ev-1-5/ev-Autonomous-Vehicle-1-5/install/t870_msgs/lib:/home/kimsohee/ev-1-5/ev-Autonomous-Vehicle-1-5/install/make_bbox/lib:/home/kimsohee/ev-1-5/ev-Autonomous-Vehicle-1-5/install/erp42_serial/lib:/home/kimsohee/ev-1-5/ev-Autonomous-Vehicle-1-5/install/erp42_rqt_plugin/lib:/home/kimsohee/ev-1-5/ev-Autonomous-Vehicle-1-5/install/erp42_util/lib:/home/kimsohee/ev-1-5/ev-Autonomous-Vehicle-1-5/install/erp42_msgs/lib:/home/kimsohee/ev-1-5/ev-Autonomous-Vehicle-1-5/install/erp42_gazebo/lib:/opt/ros/humble/opt/rviz_ogre_vendor/lib:/opt/ros/humble/lib/aarch64-linux-gnu:/opt/ros/humble/lib /usr/bin/cmake --install /home/kimsohee/ev-1-5/ev-Autonomous-Vehicle-1-5/build/make_bbox
[22.215s] Level 1:colcon.colcon_core.shell:create_environment_hook('make_bbox', 'cmake_prefix_path')
[22.216s] INFO:colcon.colcon_core.shell:Creating environment hook '/home/kimsohee/ev-1-5/ev-Autonomous-Vehicle-1-5/install/make_bbox/share/make_bbox/hook/cmake_prefix_path.ps1'
[22.217s] INFO:colcon.colcon_core.shell:Creating environment descriptor '/home/kimsohee/ev-1-5/ev-Autonomous-Vehicle-1-5/install/make_bbox/share/make_bbox/hook/cmake_prefix_path.dsv'
[22.218s] INFO:colcon.colcon_core.shell:Creating environment hook '/home/kimsohee/ev-1-5/ev-Autonomous-Vehicle-1-5/install/make_bbox/share/make_bbox/hook/cmake_prefix_path.sh'
[22.220s] Level 1:colcon.colcon_core.environment:checking '/home/kimsohee/ev-1-5/ev-Autonomous-Vehicle-1-5/install/make_bbox/lib'
[22.221s] Level 1:colcon.colcon_core.shell:create_environment_hook('make_bbox', 'ld_library_path_lib')
[22.222s] INFO:colcon.colcon_core.shell:Creating environment hook '/home/kimsohee/ev-1-5/ev-Autonomous-Vehicle-1-5/install/make_bbox/share/make_bbox/hook/ld_library_path_lib.ps1'
[22.224s] INFO:colcon.colcon_core.shell:Creating environment descriptor '/home/kimsohee/ev-1-5/ev-Autonomous-Vehicle-1-5/install/make_bbox/share/make_bbox/hook/ld_library_path_lib.dsv'
[22.226s] INFO:colcon.colcon_core.shell:Creating environment hook '/home/kimsohee/ev-1-5/ev-Autonomous-Vehicle-1-5/install/make_bbox/share/make_bbox/hook/ld_library_path_lib.sh'
[22.227s] Level 1:colcon.colcon_core.environment:checking '/home/kimsohee/ev-1-5/ev-Autonomous-Vehicle-1-5/install/make_bbox/bin'
[22.227s] Level 1:colcon.colcon_core.environment:checking '/home/kimsohee/ev-1-5/ev-Autonomous-Vehicle-1-5/install/make_bbox/lib/pkgconfig/make_bbox.pc'
[22.227s] Level 1:colcon.colcon_core.environment:checking '/home/kimsohee/ev-1-5/ev-Autonomous-Vehicle-1-5/install/make_bbox/lib/python3.10/site-packages'
[22.227s] Level 1:colcon.colcon_core.environment:checking '/home/kimsohee/ev-1-5/ev-Autonomous-Vehicle-1-5/install/make_bbox/bin'
[22.227s] INFO:colcon.colcon_core.shell:Creating package script '/home/kimsohee/ev-1-5/ev-Autonomous-Vehicle-1-5/install/make_bbox/share/make_bbox/package.ps1'
[22.229s] INFO:colcon.colcon_core.shell:Creating package descriptor '/home/kimsohee/ev-1-5/ev-Autonomous-Vehicle-1-5/install/make_bbox/share/make_bbox/package.dsv'
[22.250s] INFO:colcon.colcon_core.shell:Creating package script '/home/kimsohee/ev-1-5/ev-Autonomous-Vehicle-1-5/install/make_bbox/share/make_bbox/package.sh'
[22.250s] INFO:colcon.colcon_core.shell:Creating package script '/home/kimsohee/ev-1-5/ev-Autonomous-Vehicle-1-5/install/make_bbox/share/make_bbox/package.bash'
[22.251s] INFO:colcon.colcon_core.shell:Creating package script '/home/kimsohee/ev-1-5/ev-Autonomous-Vehicle-1-5/install/make_bbox/share/make_bbox/package.zsh'
[22.251s] Level 1:colcon.colcon_core.environment:create_file_with_runtime_dependencies(/home/kimsohee/ev-1-5/ev-Autonomous-Vehicle-1-5/install/make_bbox/share/colcon-core/packages/make_bbox)
[22.251s] Level 1:colcon.colcon_core.environment:create_environment_scripts_only(make_bbox)
[22.251s] Level 1:colcon.colcon_core.environment:checking '/home/kimsohee/ev-1-5/ev-Autonomous-Vehicle-1-5/install/make_bbox' for CMake module files
[22.251s] Level 1:colcon.colcon_core.environment:checking '/home/kimsohee/ev-1-5/ev-Autonomous-Vehicle-1-5/install/make_bbox' for CMake config files
[22.251s] Level 1:colcon.colcon_core.shell:create_environment_hook('make_bbox', 'cmake_prefix_path')
[22.251s] INFO:colcon.colcon_core.shell:Creating environment hook '/home/kimsohee/ev-1-5/ev-Autonomous-Vehicle-1-5/install/make_bbox/share/make_bbox/hook/cmake_prefix_path.ps1'
[22.252s] INFO:colcon.colcon_core.shell:Creating environment descriptor '/home/kimsohee/ev-1-5/ev-Autonomous-Vehicle-1-5/install/make_bbox/share/make_bbox/hook/cmake_prefix_path.dsv'
[22.252s] INFO:colcon.colcon_core.shell:Creating environment hook '/home/kimsohee/ev-1-5/ev-Autonomous-Vehicle-1-5/install/make_bbox/share/make_bbox/hook/cmake_prefix_path.sh'
[22.255s] Level 1:colcon.colcon_core.environment:checking '/home/kimsohee/ev-1-5/ev-Autonomous-Vehicle-1-5/install/make_bbox/lib'
[22.256s] Level 1:colcon.colcon_core.shell:create_environment_hook('make_bbox', 'ld_library_path_lib')
[22.256s] INFO:colcon.colcon_core.shell:Creating environment hook '/home/kimsohee/ev-1-5/ev-Autonomous-Vehicle-1-5/install/make_bbox/share/make_bbox/hook/ld_library_path_lib.ps1'
[22.256s] INFO:colcon.colcon_core.shell:Creating environment descriptor '/home/kimsohee/ev-1-5/ev-Autonomous-Vehicle-1-5/install/make_bbox/share/make_bbox/hook/ld_library_path_lib.dsv'
[22.256s] INFO:colcon.colcon_core.shell:Creating environment hook '/home/kimsohee/ev-1-5/ev-Autonomous-Vehicle-1-5/install/make_bbox/share/make_bbox/hook/ld_library_path_lib.sh'
[22.256s] Level 1:colcon.colcon_core.environment:checking '/home/kimsohee/ev-1-5/ev-Autonomous-Vehicle-1-5/install/make_bbox/bin'
[22.256s] Level 1:colcon.colcon_core.environment:checking '/home/kimsohee/ev-1-5/ev-Autonomous-Vehicle-1-5/install/make_bbox/lib/pkgconfig/make_bbox.pc'
[22.256s] Level 1:colcon.colcon_core.environment:checking '/home/kimsohee/ev-1-5/ev-Autonomous-Vehicle-1-5/install/make_bbox/lib/python3.10/site-packages'
[22.257s] Level 1:colcon.colcon_core.environment:checking '/home/kimsohee/ev-1-5/ev-Autonomous-Vehicle-1-5/install/make_bbox/bin'
[22.257s] INFO:colcon.colcon_core.shell:Creating package script '/home/kimsohee/ev-1-5/ev-Autonomous-Vehicle-1-5/install/make_bbox/share/make_bbox/package.ps1'
[22.258s] INFO:colcon.colcon_core.shell:Creating package descriptor '/home/kimsohee/ev-1-5/ev-Autonomous-Vehicle-1-5/install/make_bbox/share/make_bbox/package.dsv'
[22.258s] INFO:colcon.colcon_core.shell:Creating package script '/home/kimsohee/ev-1-5/ev-Autonomous-Vehicle-1-5/install/make_bbox/share/make_bbox/package.sh'
[22.259s] INFO:colcon.colcon_core.shell:Creating package script '/home/kimsohee/ev-1-5/ev-Autonomous-Vehicle-1-5/install/make_bbox/share/make_bbox/package.bash'
[22.259s] INFO:colcon.colcon_core.shell:Creating package script '/home/kimsohee/ev-1-5/ev-Autonomous-Vehicle-1-5/install/make_bbox/share/make_bbox/package.zsh'
[22.259s] Level 1:colcon.colcon_core.environment:create_file_with_runtime_dependencies(/home/kimsohee/ev-1-5/ev-Autonomous-Vehicle-1-5/install/make_bbox/share/colcon-core/packages/make_bbox)
[23.343s] DEBUG:colcon.colcon_core.event_handler.log_command:Invoked command in '/home/kimsohee/ev-1-5/ev-Autonomous-Vehicle-1-5/build/erp42_rqt_plugin' returned '0': CMAKE_PREFIX_PATH=/home/kimsohee/ev-1-5/ev-Autonomous-Vehicle-1-5/install/erp42_util:/home/kimsohee/ev-1-5/ev-Autonomous-Vehicle-1-5/install/erp42_msgs:/home/kimsohee/ev-1-5/ev-Autonomous-Vehicle-1-5/install/erp42_cmake:/home/kimsohee/ev-1-5/ev-Autonomous-Vehicle-1-5/install/velodyne_pointcloud:/home/kimsohee/ev-1-5/ev-Autonomous-Vehicle-1-5/install/velodyne_driver:/home/kimsohee/ev-1-5/ev-Autonomous-Vehicle-1-5/install/velodyne_msgs:/home/kimsohee/ev-1-5/ev-Autonomous-Vehicle-1-5/install/velodyne_cropbox:/home/kimsohee/ev-1-5/ev-Autonomous-Vehicle-1-5/install/t870_serial:/home/kimsohee/ev-1-5/ev-Autonomous-Vehicle-1-5/install/t870_rqt_plugin:/home/kimsohee/ev-1-5/ev-Autonomous-Vehicle-1-5/install/t870_util:/home/kimsohee/ev-1-5/ev-Autonomous-Vehicle-1-5/install/t870_msgs:/home/kimsohee/ev-1-5/ev-Autonomous-Vehicle-1-5/install/t870_cmake:/home/kimsohee/ev-1-5/ev-Autonomous-Vehicle-1-5/install/make_bbox:/home/kimsohee/ev-1-5/ev-Autonomous-Vehicle-1-5/install/localization_fusion:/home/kimsohee/ev-1-5/ev-Autonomous-Vehicle-1-5/install/ev_msgs:/home/kimsohee/ev-1-5/ev-Autonomous-Vehicle-1-5/install/erp42_serial:/home/kimsohee/ev-1-5/ev-Autonomous-Vehicle-1-5/install/erp42_rqt_plugin:/home/kimsohee/ev-1-5/ev-Autonomous-Vehicle-1-5/install/erp42_description:/home/kimsohee/ev-1-5/ev-Autonomous-Vehicle-1-5/install/gps_localization:/home/kimsohee/ev-1-5/ev-Autonomous-Vehicle-1-5/install/erp42_gazebo:/home/kimsohee/ev-1-5/ev-Autonomous-Vehicle-1-5/install/carsa_gazebo:/opt/ros/humble LD_LIBRARY_PATH=/home/kimsohee/ev-1-5/ev-Autonomous-Vehicle-1-5/install/erp42_util/lib:/home/kimsohee/ev-1-5/ev-Autonomous-Vehicle-1-5/install/erp42_msgs/lib:/home/kimsohee/ev-1-5/ev-Autonomous-Vehicle-1-5/install/velodyne_pointcloud/lib:/home/kimsohee/ev-1-5/ev-Autonomous-Vehicle-1-5/install/velodyne_driver/lib:/home/kimsohee/ev-1-5/ev-Autonomous-Vehicle-1-5/install/velodyne_msgs/lib:/home/kimsohee/ev-1-5/ev-Autonomous-Vehicle-1-5/install/velodyne_cropbox/lib:/home/kimsohee/ev-1-5/ev-Autonomous-Vehicle-1-5/install/t870_serial/lib:/home/kimsohee/ev-1-5/ev-Autonomous-Vehicle-1-5/install/t870_rqt_plugin/lib:/home/kimsohee/ev-1-5/ev-Autonomous-Vehicle-1-5/install/t870_util/lib:/home/kimsohee/ev-1-5/ev-Autonomous-Vehicle-1-5/install/t870_msgs/lib:/home/kimsohee/ev-1-5/ev-Autonomous-Vehicle-1-5/install/make_bbox/lib:/home/kimsohee/ev-1-5/ev-Autonomous-Vehicle-1-5/install/ev_msgs/lib:/home/kimsohee/ev-1-5/ev-Autonomous-Vehicle-1-5/install/erp42_serial/lib:/home/kimsohee/ev-1-5/ev-Autonomous-Vehicle-1-5/install/erp42_rqt_plugin/lib:/home/kimsohee/ev-1-5/ev-Autonomous-Vehicle-1-5/install/erp42_gazebo/lib:/opt/ros/humble/opt/rviz_ogre_vendor/lib:/opt/ros/humble/lib/aarch64-linux-gnu:/opt/ros/humble/lib /usr/bin/cmake --build /home/kimsohee/ev-1-5/ev-Autonomous-Vehicle-1-5/build/erp42_rqt_plugin -- -j10 -l10
[23.354s] DEBUG:colcon.colcon_core.event_handler.log_command:Invoking command in '/home/kimsohee/ev-1-5/ev-Autonomous-Vehicle-1-5/build/erp42_rqt_plugin': CMAKE_PREFIX_PATH=/home/kimsohee/ev-1-5/ev-Autonomous-Vehicle-1-5/install/erp42_util:/home/kimsohee/ev-1-5/ev-Autonomous-Vehicle-1-5/install/erp42_msgs:/home/kimsohee/ev-1-5/ev-Autonomous-Vehicle-1-5/install/erp42_cmake:/home/kimsohee/ev-1-5/ev-Autonomous-Vehicle-1-5/install/velodyne_pointcloud:/home/kimsohee/ev-1-5/ev-Autonomous-Vehicle-1-5/install/velodyne_driver:/home/kimsohee/ev-1-5/ev-Autonomous-Vehicle-1-5/install/velodyne_msgs:/home/kimsohee/ev-1-5/ev-Autonomous-Vehicle-1-5/install/velodyne_cropbox:/home/kimsohee/ev-1-5/ev-Autonomous-Vehicle-1-5/install/t870_serial:/home/kimsohee/ev-1-5/ev-Autonomous-Vehicle-1-5/install/t870_rqt_plugin:/home/kimsohee/ev-1-5/ev-Autonomous-Vehicle-1-5/install/t870_util:/home/kimsohee/ev-1-5/ev-Autonomous-Vehicle-1-5/install/t870_msgs:/home/kimsohee/ev-1-5/ev-Autonomous-Vehicle-1-5/install/t870_cmake:/home/kimsohee/ev-1-5/ev-Autonomous-Vehicle-1-5/install/make_bbox:/home/kimsohee/ev-1-5/ev-Autonomous-Vehicle-1-5/install/localization_fusion:/home/kimsohee/ev-1-5/ev-Autonomous-Vehicle-1-5/install/ev_msgs:/home/kimsohee/ev-1-5/ev-Autonomous-Vehicle-1-5/install/erp42_serial:/home/kimsohee/ev-1-5/ev-Autonomous-Vehicle-1-5/install/erp42_rqt_plugin:/home/kimsohee/ev-1-5/ev-Autonomous-Vehicle-1-5/install/erp42_description:/home/kimsohee/ev-1-5/ev-Autonomous-Vehicle-1-5/install/gps_localization:/home/kimsohee/ev-1-5/ev-Autonomous-Vehicle-1-5/install/erp42_gazebo:/home/kimsohee/ev-1-5/ev-Autonomous-Vehicle-1-5/install/carsa_gazebo:/opt/ros/humble LD_LIBRARY_PATH=/home/kimsohee/ev-1-5/ev-Autonomous-Vehicle-1-5/install/erp42_util/lib:/home/kimsohee/ev-1-5/ev-Autonomous-Vehicle-1-5/install/erp42_msgs/lib:/home/kimsohee/ev-1-5/ev-Autonomous-Vehicle-1-5/install/velodyne_pointcloud/lib:/home/kimsohee/ev-1-5/ev-Autonomous-Vehicle-1-5/install/velodyne_driver/lib:/home/kimsohee/ev-1-5/ev-Autonomous-Vehicle-1-5/install/velodyne_msgs/lib:/home/kimsohee/ev-1-5/ev-Autonomous-Vehicle-1-5/install/velodyne_cropbox/lib:/home/kimsohee/ev-1-5/ev-Autonomous-Vehicle-1-5/install/t870_serial/lib:/home/kimsohee/ev-1-5/ev-Autonomous-Vehicle-1-5/install/t870_rqt_plugin/lib:/home/kimsohee/ev-1-5/ev-Autonomous-Vehicle-1-5/install/t870_util/lib:/home/kimsohee/ev-1-5/ev-Autonomous-Vehicle-1-5/install/t870_msgs/lib:/home/kimsohee/ev-1-5/ev-Autonomous-Vehicle-1-5/install/make_bbox/lib:/home/kimsohee/ev-1-5/ev-Autonomous-Vehicle-1-5/install/ev_msgs/lib:/home/kimsohee/ev-1-5/ev-Autonomous-Vehicle-1-5/install/erp42_serial/lib:/home/kimsohee/ev-1-5/ev-Autonomous-Vehicle-1-5/install/erp42_rqt_plugin/lib:/home/kimsohee/ev-1-5/ev-Autonomous-Vehicle-1-5/install/erp42_gazebo/lib:/opt/ros/humble/opt/rviz_ogre_vendor/lib:/opt/ros/humble/lib/aarch64-linux-gnu:/opt/ros/humble/lib /usr/bin/cmake --install /home/kimsohee/ev-1-5/ev-Autonomous-Vehicle-1-5/build/erp42_rqt_plugin
[23.537s] Level 1:colcon.colcon_core.environment:create_environment_scripts_only(erp42_rqt_plugin)
[23.538s] Level 1:colcon.colcon_core.environment:checking '/home/kimsohee/ev-1-5/ev-Autonomous-Vehicle-1-5/install/erp42_rqt_plugin' for CMake module files
[23.538s] Level 1:colcon.colcon_core.environment:checking '/home/kimsohee/ev-1-5/ev-Autonomous-Vehicle-1-5/install/erp42_rqt_plugin' for CMake config files
[23.538s] Level 1:colcon.colcon_core.shell:create_environment_hook('erp42_rqt_plugin', 'cmake_prefix_path')
[23.538s] INFO:colcon.colcon_core.shell:Creating environment hook '/home/kimsohee/ev-1-5/ev-Autonomous-Vehicle-1-5/install/erp42_rqt_plugin/share/erp42_rqt_plugin/hook/cmake_prefix_path.ps1'
[23.539s] INFO:colcon.colcon_core.shell:Creating environment descriptor '/home/kimsohee/ev-1-5/ev-Autonomous-Vehicle-1-5/install/erp42_rqt_plugin/share/erp42_rqt_plugin/hook/cmake_prefix_path.dsv'
[23.539s] INFO:colcon.colcon_core.shell:Creating environment hook '/home/kimsohee/ev-1-5/ev-Autonomous-Vehicle-1-5/install/erp42_rqt_plugin/share/erp42_rqt_plugin/hook/cmake_prefix_path.sh'
[23.539s] Level 1:colcon.colcon_core.environment:checking '/home/kimsohee/ev-1-5/ev-Autonomous-Vehicle-1-5/install/erp42_rqt_plugin/lib'
[23.539s] Level 1:colcon.colcon_core.shell:create_environment_hook('erp42_rqt_plugin', 'ld_library_path_lib')
[23.539s] INFO:colcon.colcon_core.shell:Creating environment hook '/home/kimsohee/ev-1-5/ev-Autonomous-Vehicle-1-5/install/erp42_rqt_plugin/share/erp42_rqt_plugin/hook/ld_library_path_lib.ps1'
[23.539s] INFO:colcon.colcon_core.shell:Creating environment descriptor '/home/kimsohee/ev-1-5/ev-Autonomous-Vehicle-1-5/install/erp42_rqt_plugin/share/erp42_rqt_plugin/hook/ld_library_path_lib.dsv'
[23.540s] INFO:colcon.colcon_core.shell:Creating environment hook '/home/kimsohee/ev-1-5/ev-Autonomous-Vehicle-1-5/install/erp42_rqt_plugin/share/erp42_rqt_plugin/hook/ld_library_path_lib.sh'
[23.540s] Level 1:colcon.colcon_core.environment:checking '/home/kimsohee/ev-1-5/ev-Autonomous-Vehicle-1-5/install/erp42_rqt_plugin/bin'
[23.540s] Level 1:colcon.colcon_core.environment:checking '/home/kimsohee/ev-1-5/ev-Autonomous-Vehicle-1-5/install/erp42_rqt_plugin/lib/pkgconfig/erp42_rqt_plugin.pc'
[23.540s] Level 1:colcon.colcon_core.environment:checking '/home/kimsohee/ev-1-5/ev-Autonomous-Vehicle-1-5/install/erp42_rqt_plugin/lib/python3.10/site-packages'
[23.540s] Level 1:colcon.colcon_core.environment:checking '/home/kimsohee/ev-1-5/ev-Autonomous-Vehicle-1-5/install/erp42_rqt_plugin/bin'
[23.541s] INFO:colcon.colcon_core.shell:Creating package script '/home/kimsohee/ev-1-5/ev-Autonomous-Vehicle-1-5/install/erp42_rqt_plugin/share/erp42_rqt_plugin/package.ps1'
[23.541s] INFO:colcon.colcon_core.shell:Creating package descriptor '/home/kimsohee/ev-1-5/ev-Autonomous-Vehicle-1-5/install/erp42_rqt_plugin/share/erp42_rqt_plugin/package.dsv'
[23.541s] INFO:colcon.colcon_core.shell:Creating package script '/home/kimsohee/ev-1-5/ev-Autonomous-Vehicle-1-5/install/erp42_rqt_plugin/share/erp42_rqt_plugin/package.sh'
[23.541s] INFO:colcon.colcon_core.shell:Creating package script '/home/kimsohee/ev-1-5/ev-Autonomous-Vehicle-1-5/install/erp42_rqt_plugin/share/erp42_rqt_plugin/package.bash'
[23.541s] INFO:colcon.colcon_core.shell:Creating package script '/home/kimsohee/ev-1-5/ev-Autonomous-Vehicle-1-5/install/erp42_rqt_plugin/share/erp42_rqt_plugin/package.zsh'
[23.541s] Level 1:colcon.colcon_core.environment:create_file_with_runtime_dependencies(/home/kimsohee/ev-1-5/ev-Autonomous-Vehicle-1-5/install/erp42_rqt_plugin/share/colcon-core/packages/erp42_rqt_plugin)
[23.547s] DEBUG:colcon.colcon_core.event_handler.log_command:Invoked command in '/home/kimsohee/ev-1-5/ev-Autonomous-Vehicle-1-5/build/erp42_rqt_plugin' returned '0': CMAKE_PREFIX_PATH=/home/kimsohee/ev-1-5/ev-Autonomous-Vehicle-1-5/install/erp42_util:/home/kimsohee/ev-1-5/ev-Autonomous-Vehicle-1-5/install/erp42_msgs:/home/kimsohee/ev-1-5/ev-Autonomous-Vehicle-1-5/install/erp42_cmake:/home/kimsohee/ev-1-5/ev-Autonomous-Vehicle-1-5/install/velodyne_pointcloud:/home/kimsohee/ev-1-5/ev-Autonomous-Vehicle-1-5/install/velodyne_driver:/home/kimsohee/ev-1-5/ev-Autonomous-Vehicle-1-5/install/velodyne_msgs:/home/kimsohee/ev-1-5/ev-Autonomous-Vehicle-1-5/install/velodyne_cropbox:/home/kimsohee/ev-1-5/ev-Autonomous-Vehicle-1-5/install/t870_serial:/home/kimsohee/ev-1-5/ev-Autonomous-Vehicle-1-5/install/t870_rqt_plugin:/home/kimsohee/ev-1-5/ev-Autonomous-Vehicle-1-5/install/t870_util:/home/kimsohee/ev-1-5/ev-Autonomous-Vehicle-1-5/install/t870_msgs:/home/kimsohee/ev-1-5/ev-Autonomous-Vehicle-1-5/install/t870_cmake:/home/kimsohee/ev-1-5/ev-Autonomous-Vehicle-1-5/install/make_bbox:/home/kimsohee/ev-1-5/ev-Autonomous-Vehicle-1-5/install/localization_fusion:/home/kimsohee/ev-1-5/ev-Autonomous-Vehicle-1-5/install/ev_msgs:/home/kimsohee/ev-1-5/ev-Autonomous-Vehicle-1-5/install/erp42_serial:/home/kimsohee/ev-1-5/ev-Autonomous-Vehicle-1-5/install/erp42_rqt_plugin:/home/kimsohee/ev-1-5/ev-Autonomous-Vehicle-1-5/install/erp42_description:/home/kimsohee/ev-1-5/ev-Autonomous-Vehicle-1-5/install/gps_localization:/home/kimsohee/ev-1-5/ev-Autonomous-Vehicle-1-5/install/erp42_gazebo:/home/kimsohee/ev-1-5/ev-Autonomous-Vehicle-1-5/install/carsa_gazebo:/opt/ros/humble LD_LIBRARY_PATH=/home/kimsohee/ev-1-5/ev-Autonomous-Vehicle-1-5/install/erp42_util/lib:/home/kimsohee/ev-1-5/ev-Autonomous-Vehicle-1-5/install/erp42_msgs/lib:/home/kimsohee/ev-1-5/ev-Autonomous-Vehicle-1-5/install/velodyne_pointcloud/lib:/home/kimsohee/ev-1-5/ev-Autonomous-Vehicle-1-5/install/velodyne_driver/lib:/home/kimsohee/ev-1-5/ev-Autonomous-Vehicle-1-5/install/velodyne_msgs/lib:/home/kimsohee/ev-1-5/ev-Autonomous-Vehicle-1-5/install/velodyne_cropbox/lib:/home/kimsohee/ev-1-5/ev-Autonomous-Vehicle-1-5/install/t870_serial/lib:/home/kimsohee/ev-1-5/ev-Autonomous-Vehicle-1-5/install/t870_rqt_plugin/lib:/home/kimsohee/ev-1-5/ev-Autonomous-Vehicle-1-5/install/t870_util/lib:/home/kimsohee/ev-1-5/ev-Autonomous-Vehicle-1-5/install/t870_msgs/lib:/home/kimsohee/ev-1-5/ev-Autonomous-Vehicle-1-5/install/make_bbox/lib:/home/kimsohee/ev-1-5/ev-Autonomous-Vehicle-1-5/install/ev_msgs/lib:/home/kimsohee/ev-1-5/ev-Autonomous-Vehicle-1-5/install/erp42_serial/lib:/home/kimsohee/ev-1-5/ev-Autonomous-Vehicle-1-5/install/erp42_rqt_plugin/lib:/home/kimsohee/ev-1-5/ev-Autonomous-Vehicle-1-5/install/erp42_gazebo/lib:/opt/ros/humble/opt/rviz_ogre_vendor/lib:/opt/ros/humble/lib/aarch64-linux-gnu:/opt/ros/humble/lib /usr/bin/cmake --install /home/kimsohee/ev-1-5/ev-Autonomous-Vehicle-1-5/build/erp42_rqt_plugin
[23.547s] Level 1:colcon.colcon_core.environment:create_environment_scripts_only(erp42_rqt_plugin)
[23.548s] Level 1:colcon.colcon_core.environment:checking '/home/kimsohee/ev-1-5/ev-Autonomous-Vehicle-1-5/install/erp42_rqt_plugin' for CMake module files
[23.548s] Level 1:colcon.colcon_core.environment:checking '/home/kimsohee/ev-1-5/ev-Autonomous-Vehicle-1-5/install/erp42_rqt_plugin' for CMake config files
[23.548s] Level 1:colcon.colcon_core.shell:create_environment_hook('erp42_rqt_plugin', 'cmake_prefix_path')
[23.548s] INFO:colcon.colcon_core.shell:Creating environment hook '/home/kimsohee/ev-1-5/ev-Autonomous-Vehicle-1-5/install/erp42_rqt_plugin/share/erp42_rqt_plugin/hook/cmake_prefix_path.ps1'
[23.548s] INFO:colcon.colcon_core.shell:Creating environment descriptor '/home/kimsohee/ev-1-5/ev-Autonomous-Vehicle-1-5/install/erp42_rqt_plugin/share/erp42_rqt_plugin/hook/cmake_prefix_path.dsv'
[23.549s] INFO:colcon.colcon_core.shell:Creating environment hook '/home/kimsohee/ev-1-5/ev-Autonomous-Vehicle-1-5/install/erp42_rqt_plugin/share/erp42_rqt_plugin/hook/cmake_prefix_path.sh'
[23.549s] Level 1:colcon.colcon_core.environment:checking '/home/kimsohee/ev-1-5/ev-Autonomous-Vehicle-1-5/install/erp42_rqt_plugin/lib'
[23.550s] Level 1:colcon.colcon_core.shell:create_environment_hook('erp42_rqt_plugin', 'ld_library_path_lib')
[23.550s] INFO:colcon.colcon_core.shell:Creating environment hook '/home/kimsohee/ev-1-5/ev-Autonomous-Vehicle-1-5/install/erp42_rqt_plugin/share/erp42_rqt_plugin/hook/ld_library_path_lib.ps1'
[23.551s] INFO:colcon.colcon_core.shell:Creating environment descriptor '/home/kimsohee/ev-1-5/ev-Autonomous-Vehicle-1-5/install/erp42_rqt_plugin/share/erp42_rqt_plugin/hook/ld_library_path_lib.dsv'
[23.551s] INFO:colcon.colcon_core.shell:Creating environment hook '/home/kimsohee/ev-1-5/ev-Autonomous-Vehicle-1-5/install/erp42_rqt_plugin/share/erp42_rqt_plugin/hook/ld_library_path_lib.sh'
[23.551s] Level 1:colcon.colcon_core.environment:checking '/home/kimsohee/ev-1-5/ev-Autonomous-Vehicle-1-5/install/erp42_rqt_plugin/bin'
[23.551s] Level 1:colcon.colcon_core.environment:checking '/home/kimsohee/ev-1-5/ev-Autonomous-Vehicle-1-5/install/erp42_rqt_plugin/lib/pkgconfig/erp42_rqt_plugin.pc'
[23.552s] Level 1:colcon.colcon_core.environment:checking '/home/kimsohee/ev-1-5/ev-Autonomous-Vehicle-1-5/install/erp42_rqt_plugin/lib/python3.10/site-packages'
[23.552s] Level 1:colcon.colcon_core.environment:checking '/home/kimsohee/ev-1-5/ev-Autonomous-Vehicle-1-5/install/erp42_rqt_plugin/bin'
[23.552s] INFO:colcon.colcon_core.shell:Creating package script '/home/kimsohee/ev-1-5/ev-Autonomous-Vehicle-1-5/install/erp42_rqt_plugin/share/erp42_rqt_plugin/package.ps1'
[23.553s] INFO:colcon.colcon_core.shell:Creating package descriptor '/home/kimsohee/ev-1-5/ev-Autonomous-Vehicle-1-5/install/erp42_rqt_plugin/share/erp42_rqt_plugin/package.dsv'
[23.553s] INFO:colcon.colcon_core.shell:Creating package script '/home/kimsohee/ev-1-5/ev-Autonomous-Vehicle-1-5/install/erp42_rqt_plugin/share/erp42_rqt_plugin/package.sh'
[23.554s] INFO:colcon.colcon_core.shell:Creating package script '/home/kimsohee/ev-1-5/ev-Autonomous-Vehicle-1-5/install/erp42_rqt_plugin/share/erp42_rqt_plugin/package.bash'
[23.554s] INFO:colcon.colcon_core.shell:Creating package script '/home/kimsohee/ev-1-5/ev-Autonomous-Vehicle-1-5/install/erp42_rqt_plugin/share/erp42_rqt_plugin/package.zsh'
[23.555s] Level 1:colcon.colcon_core.environment:create_file_with_runtime_dependencies(/home/kimsohee/ev-1-5/ev-Autonomous-Vehicle-1-5/install/erp42_rqt_plugin/share/colcon-core/packages/erp42_rqt_plugin)
[23.980s] DEBUG:colcon.colcon_core.event_handler.log_command:Invoked command in '/home/kimsohee/ev-1-5/ev-Autonomous-Vehicle-1-5/build/erp42_serial' returned '0': CMAKE_PREFIX_PATH=/home/kimsohee/ev-1-5/ev-Autonomous-Vehicle-1-5/install/erp42_util:/home/kimsohee/ev-1-5/ev-Autonomous-Vehicle-1-5/install/erp42_description:/home/kimsohee/ev-1-5/ev-Autonomous-Vehicle-1-5/install/erp42_msgs:/home/kimsohee/ev-1-5/ev-Autonomous-Vehicle-1-5/install/erp42_cmake:/home/kimsohee/ev-1-5/ev-Autonomous-Vehicle-1-5/install/velodyne_pointcloud:/home/kimsohee/ev-1-5/ev-Autonomous-Vehicle-1-5/install/velodyne_driver:/home/kimsohee/ev-1-5/ev-Autonomous-Vehicle-1-5/install/velodyne_msgs:/home/kimsohee/ev-1-5/ev-Autonomous-Vehicle-1-5/install/velodyne_cropbox:/home/kimsohee/ev-1-5/ev-Autonomous-Vehicle-1-5/install/t870_serial:/home/kimsohee/ev-1-5/ev-Autonomous-Vehicle-1-5/install/t870_rqt_plugin:/home/kimsohee/ev-1-5/ev-Autonomous-Vehicle-1-5/install/t870_util:/home/kimsohee/ev-1-5/ev-Autonomous-Vehicle-1-5/install/t870_msgs:/home/kimsohee/ev-1-5/ev-Autonomous-Vehicle-1-5/install/t870_cmake:/home/kimsohee/ev-1-5/ev-Autonomous-Vehicle-1-5/install/make_bbox:/home/kimsohee/ev-1-5/ev-Autonomous-Vehicle-1-5/install/localization_fusion:/home/kimsohee/ev-1-5/ev-Autonomous-Vehicle-1-5/install/ev_msgs:/home/kimsohee/ev-1-5/ev-Autonomous-Vehicle-1-5/install/erp42_serial:/home/kimsohee/ev-1-5/ev-Autonomous-Vehicle-1-5/install/erp42_rqt_plugin:/home/kimsohee/ev-1-5/ev-Autonomous-Vehicle-1-5/install/gps_localization:/home/kimsohee/ev-1-5/ev-Autonomous-Vehicle-1-5/install/erp42_gazebo:/home/kimsohee/ev-1-5/ev-Autonomous-Vehicle-1-5/install/carsa_gazebo:/opt/ros/humble LD_LIBRARY_PATH=/home/kimsohee/ev-1-5/ev-Autonomous-Vehicle-1-5/install/erp42_util/lib:/home/kimsohee/ev-1-5/ev-Autonomous-Vehicle-1-5/install/erp42_msgs/lib:/home/kimsohee/ev-1-5/ev-Autonomous-Vehicle-1-5/install/velodyne_pointcloud/lib:/home/kimsohee/ev-1-5/ev-Autonomous-Vehicle-1-5/install/velodyne_driver/lib:/home/kimsohee/ev-1-5/ev-Autonomous-Vehicle-1-5/install/velodyne_msgs/lib:/home/kimsohee/ev-1-5/ev-Autonomous-Vehicle-1-5/install/velodyne_cropbox/lib:/home/kimsohee/ev-1-5/ev-Autonomous-Vehicle-1-5/install/t870_serial/lib:/home/kimsohee/ev-1-5/ev-Autonomous-Vehicle-1-5/install/t870_rqt_plugin/lib:/home/kimsohee/ev-1-5/ev-Autonomous-Vehicle-1-5/install/t870_util/lib:/home/kimsohee/ev-1-5/ev-Autonomous-Vehicle-1-5/install/t870_msgs/lib:/home/kimsohee/ev-1-5/ev-Autonomous-Vehicle-1-5/install/make_bbox/lib:/home/kimsohee/ev-1-5/ev-Autonomous-Vehicle-1-5/install/ev_msgs/lib:/home/kimsohee/ev-1-5/ev-Autonomous-Vehicle-1-5/install/erp42_serial/lib:/home/kimsohee/ev-1-5/ev-Autonomous-Vehicle-1-5/install/erp42_rqt_plugin/lib:/home/kimsohee/ev-1-5/ev-Autonomous-Vehicle-1-5/install/erp42_gazebo/lib:/opt/ros/humble/opt/rviz_ogre_vendor/lib:/opt/ros/humble/lib/aarch64-linux-gnu:/opt/ros/humble/lib /usr/bin/cmake --build /home/kimsohee/ev-1-5/ev-Autonomous-Vehicle-1-5/build/erp42_serial -- -j10 -l10
[23.990s] DEBUG:colcon.colcon_core.event_handler.log_command:Invoking command in '/home/kimsohee/ev-1-5/ev-Autonomous-Vehicle-1-5/build/erp42_serial': CMAKE_PREFIX_PATH=/home/kimsohee/ev-1-5/ev-Autonomous-Vehicle-1-5/install/erp42_util:/home/kimsohee/ev-1-5/ev-Autonomous-Vehicle-1-5/install/erp42_description:/home/kimsohee/ev-1-5/ev-Autonomous-Vehicle-1-5/install/erp42_msgs:/home/kimsohee/ev-1-5/ev-Autonomous-Vehicle-1-5/install/erp42_cmake:/home/kimsohee/ev-1-5/ev-Autonomous-Vehicle-1-5/install/velodyne_pointcloud:/home/kimsohee/ev-1-5/ev-Autonomous-Vehicle-1-5/install/velodyne_driver:/home/kimsohee/ev-1-5/ev-Autonomous-Vehicle-1-5/install/velodyne_msgs:/home/kimsohee/ev-1-5/ev-Autonomous-Vehicle-1-5/install/velodyne_cropbox:/home/kimsohee/ev-1-5/ev-Autonomous-Vehicle-1-5/install/t870_serial:/home/kimsohee/ev-1-5/ev-Autonomous-Vehicle-1-5/install/t870_rqt_plugin:/home/kimsohee/ev-1-5/ev-Autonomous-Vehicle-1-5/install/t870_util:/home/kimsohee/ev-1-5/ev-Autonomous-Vehicle-1-5/install/t870_msgs:/home/kimsohee/ev-1-5/ev-Autonomous-Vehicle-1-5/install/t870_cmake:/home/kimsohee/ev-1-5/ev-Autonomous-Vehicle-1-5/install/make_bbox:/home/kimsohee/ev-1-5/ev-Autonomous-Vehicle-1-5/install/localization_fusion:/home/kimsohee/ev-1-5/ev-Autonomous-Vehicle-1-5/install/ev_msgs:/home/kimsohee/ev-1-5/ev-Autonomous-Vehicle-1-5/install/erp42_serial:/home/kimsohee/ev-1-5/ev-Autonomous-Vehicle-1-5/install/erp42_rqt_plugin:/home/kimsohee/ev-1-5/ev-Autonomous-Vehicle-1-5/install/gps_localization:/home/kimsohee/ev-1-5/ev-Autonomous-Vehicle-1-5/install/erp42_gazebo:/home/kimsohee/ev-1-5/ev-Autonomous-Vehicle-1-5/install/carsa_gazebo:/opt/ros/humble LD_LIBRARY_PATH=/home/kimsohee/ev-1-5/ev-Autonomous-Vehicle-1-5/install/erp42_util/lib:/home/kimsohee/ev-1-5/ev-Autonomous-Vehicle-1-5/install/erp42_msgs/lib:/home/kimsohee/ev-1-5/ev-Autonomous-Vehicle-1-5/install/velodyne_pointcloud/lib:/home/kimsohee/ev-1-5/ev-Autonomous-Vehicle-1-5/install/velodyne_driver/lib:/home/kimsohee/ev-1-5/ev-Autonomous-Vehicle-1-5/install/velodyne_msgs/lib:/home/kimsohee/ev-1-5/ev-Autonomous-Vehicle-1-5/install/velodyne_cropbox/lib:/home/kimsohee/ev-1-5/ev-Autonomous-Vehicle-1-5/install/t870_serial/lib:/home/kimsohee/ev-1-5/ev-Autonomous-Vehicle-1-5/install/t870_rqt_plugin/lib:/home/kimsohee/ev-1-5/ev-Autonomous-Vehicle-1-5/install/t870_util/lib:/home/kimsohee/ev-1-5/ev-Autonomous-Vehicle-1-5/install/t870_msgs/lib:/home/kimsohee/ev-1-5/ev-Autonomous-Vehicle-1-5/install/make_bbox/lib:/home/kimsohee/ev-1-5/ev-Autonomous-Vehicle-1-5/install/ev_msgs/lib:/home/kimsohee/ev-1-5/ev-Autonomous-Vehicle-1-5/install/erp42_serial/lib:/home/kimsohee/ev-1-5/ev-Autonomous-Vehicle-1-5/install/erp42_rqt_plugin/lib:/home/kimsohee/ev-1-5/ev-Autonomous-Vehicle-1-5/install/erp42_gazebo/lib:/opt/ros/humble/opt/rviz_ogre_vendor/lib:/opt/ros/humble/lib/aarch64-linux-gnu:/opt/ros/humble/lib /usr/bin/cmake --install /home/kimsohee/ev-1-5/ev-Autonomous-Vehicle-1-5/build/erp42_serial
[24.167s] Level 1:colcon.colcon_core.environment:create_environment_scripts_only(erp42_serial)
[24.167s] Level 1:colcon.colcon_core.environment:checking '/home/kimsohee/ev-1-5/ev-Autonomous-Vehicle-1-5/install/erp42_serial' for CMake module files
[24.168s] DEBUG:colcon.colcon_core.event_handler.log_command:Invoked command in '/home/kimsohee/ev-1-5/ev-Autonomous-Vehicle-1-5/build/erp42_serial' returned '0': CMAKE_PREFIX_PATH=/home/kimsohee/ev-1-5/ev-Autonomous-Vehicle-1-5/install/erp42_util:/home/kimsohee/ev-1-5/ev-Autonomous-Vehicle-1-5/install/erp42_description:/home/kimsohee/ev-1-5/ev-Autonomous-Vehicle-1-5/install/erp42_msgs:/home/kimsohee/ev-1-5/ev-Autonomous-Vehicle-1-5/install/erp42_cmake:/home/kimsohee/ev-1-5/ev-Autonomous-Vehicle-1-5/install/velodyne_pointcloud:/home/kimsohee/ev-1-5/ev-Autonomous-Vehicle-1-5/install/velodyne_driver:/home/kimsohee/ev-1-5/ev-Autonomous-Vehicle-1-5/install/velodyne_msgs:/home/kimsohee/ev-1-5/ev-Autonomous-Vehicle-1-5/install/velodyne_cropbox:/home/kimsohee/ev-1-5/ev-Autonomous-Vehicle-1-5/install/t870_serial:/home/kimsohee/ev-1-5/ev-Autonomous-Vehicle-1-5/install/t870_rqt_plugin:/home/kimsohee/ev-1-5/ev-Autonomous-Vehicle-1-5/install/t870_util:/home/kimsohee/ev-1-5/ev-Autonomous-Vehicle-1-5/install/t870_msgs:/home/kimsohee/ev-1-5/ev-Autonomous-Vehicle-1-5/install/t870_cmake:/home/kimsohee/ev-1-5/ev-Autonomous-Vehicle-1-5/install/make_bbox:/home/kimsohee/ev-1-5/ev-Autonomous-Vehicle-1-5/install/localization_fusion:/home/kimsohee/ev-1-5/ev-Autonomous-Vehicle-1-5/install/ev_msgs:/home/kimsohee/ev-1-5/ev-Autonomous-Vehicle-1-5/install/erp42_serial:/home/kimsohee/ev-1-5/ev-Autonomous-Vehicle-1-5/install/erp42_rqt_plugin:/home/kimsohee/ev-1-5/ev-Autonomous-Vehicle-1-5/install/gps_localization:/home/kimsohee/ev-1-5/ev-Autonomous-Vehicle-1-5/install/erp42_gazebo:/home/kimsohee/ev-1-5/ev-Autonomous-Vehicle-1-5/install/carsa_gazebo:/opt/ros/humble LD_LIBRARY_PATH=/home/kimsohee/ev-1-5/ev-Autonomous-Vehicle-1-5/install/erp42_util/lib:/home/kimsohee/ev-1-5/ev-Autonomous-Vehicle-1-5/install/erp42_msgs/lib:/home/kimsohee/ev-1-5/ev-Autonomous-Vehicle-1-5/install/velodyne_pointcloud/lib:/home/kimsohee/ev-1-5/ev-Autonomous-Vehicle-1-5/install/velodyne_driver/lib:/home/kimsohee/ev-1-5/ev-Autonomous-Vehicle-1-5/install/velodyne_msgs/lib:/home/kimsohee/ev-1-5/ev-Autonomous-Vehicle-1-5/install/velodyne_cropbox/lib:/home/kimsohee/ev-1-5/ev-Autonomous-Vehicle-1-5/install/t870_serial/lib:/home/kimsohee/ev-1-5/ev-Autonomous-Vehicle-1-5/install/t870_rqt_plugin/lib:/home/kimsohee/ev-1-5/ev-Autonomous-Vehicle-1-5/install/t870_util/lib:/home/kimsohee/ev-1-5/ev-Autonomous-Vehicle-1-5/install/t870_msgs/lib:/home/kimsohee/ev-1-5/ev-Autonomous-Vehicle-1-5/install/make_bbox/lib:/home/kimsohee/ev-1-5/ev-Autonomous-Vehicle-1-5/install/ev_msgs/lib:/home/kimsohee/ev-1-5/ev-Autonomous-Vehicle-1-5/install/erp42_serial/lib:/home/kimsohee/ev-1-5/ev-Autonomous-Vehicle-1-5/install/erp42_rqt_plugin/lib:/home/kimsohee/ev-1-5/ev-Autonomous-Vehicle-1-5/install/erp42_gazebo/lib:/opt/ros/humble/opt/rviz_ogre_vendor/lib:/opt/ros/humble/lib/aarch64-linux-gnu:/opt/ros/humble/lib /usr/bin/cmake --install /home/kimsohee/ev-1-5/ev-Autonomous-Vehicle-1-5/build/erp42_serial
[24.168s] Level 1:colcon.colcon_core.environment:checking '/home/kimsohee/ev-1-5/ev-Autonomous-Vehicle-1-5/install/erp42_serial' for CMake config files
[24.168s] Level 1:colcon.colcon_core.shell:create_environment_hook('erp42_serial', 'cmake_prefix_path')
[24.169s] INFO:colcon.colcon_core.shell:Creating environment hook '/home/kimsohee/ev-1-5/ev-Autonomous-Vehicle-1-5/install/erp42_serial/share/erp42_serial/hook/cmake_prefix_path.ps1'
[24.169s] INFO:colcon.colcon_core.shell:Creating environment descriptor '/home/kimsohee/ev-1-5/ev-Autonomous-Vehicle-1-5/install/erp42_serial/share/erp42_serial/hook/cmake_prefix_path.dsv'
[24.169s] INFO:colcon.colcon_core.shell:Creating environment hook '/home/kimsohee/ev-1-5/ev-Autonomous-Vehicle-1-5/install/erp42_serial/share/erp42_serial/hook/cmake_prefix_path.sh'
[24.170s] Level 1:colcon.colcon_core.environment:checking '/home/kimsohee/ev-1-5/ev-Autonomous-Vehicle-1-5/install/erp42_serial/lib'
[24.170s] Level 1:colcon.colcon_core.shell:create_environment_hook('erp42_serial', 'ld_library_path_lib')
[24.171s] INFO:colcon.colcon_core.shell:Creating environment hook '/home/kimsohee/ev-1-5/ev-Autonomous-Vehicle-1-5/install/erp42_serial/share/erp42_serial/hook/ld_library_path_lib.ps1'
[24.171s] INFO:colcon.colcon_core.shell:Creating environment descriptor '/home/kimsohee/ev-1-5/ev-Autonomous-Vehicle-1-5/install/erp42_serial/share/erp42_serial/hook/ld_library_path_lib.dsv'
[24.171s] INFO:colcon.colcon_core.shell:Creating environment hook '/home/kimsohee/ev-1-5/ev-Autonomous-Vehicle-1-5/install/erp42_serial/share/erp42_serial/hook/ld_library_path_lib.sh'
[24.172s] Level 1:colcon.colcon_core.environment:checking '/home/kimsohee/ev-1-5/ev-Autonomous-Vehicle-1-5/install/erp42_serial/bin'
[24.172s] Level 1:colcon.colcon_core.environment:checking '/home/kimsohee/ev-1-5/ev-Autonomous-Vehicle-1-5/install/erp42_serial/lib/pkgconfig/erp42_serial.pc'
[24.172s] Level 1:colcon.colcon_core.environment:checking '/home/kimsohee/ev-1-5/ev-Autonomous-Vehicle-1-5/install/erp42_serial/lib/python3.10/site-packages'
[24.172s] Level 1:colcon.colcon_core.environment:checking '/home/kimsohee/ev-1-5/ev-Autonomous-Vehicle-1-5/install/erp42_serial/bin'
[24.172s] INFO:colcon.colcon_core.shell:Creating package script '/home/kimsohee/ev-1-5/ev-Autonomous-Vehicle-1-5/install/erp42_serial/share/erp42_serial/package.ps1'
[24.172s] INFO:colcon.colcon_core.shell:Creating package descriptor '/home/kimsohee/ev-1-5/ev-Autonomous-Vehicle-1-5/install/erp42_serial/share/erp42_serial/package.dsv'
[24.172s] INFO:colcon.colcon_core.shell:Creating package script '/home/kimsohee/ev-1-5/ev-Autonomous-Vehicle-1-5/install/erp42_serial/share/erp42_serial/package.sh'
[24.172s] INFO:colcon.colcon_core.shell:Creating package script '/home/kimsohee/ev-1-5/ev-Autonomous-Vehicle-1-5/install/erp42_serial/share/erp42_serial/package.bash'
[24.173s] INFO:colcon.colcon_core.shell:Creating package script '/home/kimsohee/ev-1-5/ev-Autonomous-Vehicle-1-5/install/erp42_serial/share/erp42_serial/package.zsh'
[24.173s] Level 1:colcon.colcon_core.environment:create_file_with_runtime_dependencies(/home/kimsohee/ev-1-5/ev-Autonomous-Vehicle-1-5/install/erp42_serial/share/colcon-core/packages/erp42_serial)
[24.175s] Level 1:colcon.colcon_core.environment:create_environment_scripts_only(erp42_serial)
[24.176s] Level 1:colcon.colcon_core.environment:checking '/home/kimsohee/ev-1-5/ev-Autonomous-Vehicle-1-5/install/erp42_serial' for CMake module files
[24.177s] Level 1:colcon.colcon_core.environment:checking '/home/kimsohee/ev-1-5/ev-Autonomous-Vehicle-1-5/install/erp42_serial' for CMake config files
[24.177s] Level 1:colcon.colcon_core.shell:create_environment_hook('erp42_serial', 'cmake_prefix_path')
[24.177s] INFO:colcon.colcon_core.shell:Creating environment hook '/home/kimsohee/ev-1-5/ev-Autonomous-Vehicle-1-5/install/erp42_serial/share/erp42_serial/hook/cmake_prefix_path.ps1'
[24.177s] INFO:colcon.colcon_core.shell:Creating environment descriptor '/home/kimsohee/ev-1-5/ev-Autonomous-Vehicle-1-5/install/erp42_serial/share/erp42_serial/hook/cmake_prefix_path.dsv'
[24.178s] INFO:colcon.colcon_core.shell:Creating environment hook '/home/kimsohee/ev-1-5/ev-Autonomous-Vehicle-1-5/install/erp42_serial/share/erp42_serial/hook/cmake_prefix_path.sh'
[24.180s] Level 1:colcon.colcon_core.environment:checking '/home/kimsohee/ev-1-5/ev-Autonomous-Vehicle-1-5/install/erp42_serial/lib'
[24.180s] Level 1:colcon.colcon_core.shell:create_environment_hook('erp42_serial', 'ld_library_path_lib')
[24.181s] INFO:colcon.colcon_core.shell:Creating environment hook '/home/kimsohee/ev-1-5/ev-Autonomous-Vehicle-1-5/install/erp42_serial/share/erp42_serial/hook/ld_library_path_lib.ps1'
[24.181s] INFO:colcon.colcon_core.shell:Creating environment descriptor '/home/kimsohee/ev-1-5/ev-Autonomous-Vehicle-1-5/install/erp42_serial/share/erp42_serial/hook/ld_library_path_lib.dsv'
[24.181s] INFO:colcon.colcon_core.shell:Creating environment hook '/home/kimsohee/ev-1-5/ev-Autonomous-Vehicle-1-5/install/erp42_serial/share/erp42_serial/hook/ld_library_path_lib.sh'
[24.182s] Level 1:colcon.colcon_core.environment:checking '/home/kimsohee/ev-1-5/ev-Autonomous-Vehicle-1-5/install/erp42_serial/bin'
[24.183s] Level 1:colcon.colcon_core.environment:checking '/home/kimsohee/ev-1-5/ev-Autonomous-Vehicle-1-5/install/erp42_serial/lib/pkgconfig/erp42_serial.pc'
[24.183s] Level 1:colcon.colcon_core.environment:checking '/home/kimsohee/ev-1-5/ev-Autonomous-Vehicle-1-5/install/erp42_serial/lib/python3.10/site-packages'
[24.184s] Level 1:colcon.colcon_core.environment:checking '/home/kimsohee/ev-1-5/ev-Autonomous-Vehicle-1-5/install/erp42_serial/bin'
[24.185s] INFO:colcon.colcon_core.shell:Creating package script '/home/kimsohee/ev-1-5/ev-Autonomous-Vehicle-1-5/install/erp42_serial/share/erp42_serial/package.ps1'
[24.187s] INFO:colcon.colcon_core.shell:Creating package descriptor '/home/kimsohee/ev-1-5/ev-Autonomous-Vehicle-1-5/install/erp42_serial/share/erp42_serial/package.dsv'
[24.192s] INFO:colcon.colcon_core.shell:Creating package script '/home/kimsohee/ev-1-5/ev-Autonomous-Vehicle-1-5/install/erp42_serial/share/erp42_serial/package.sh'
[24.193s] INFO:colcon.colcon_core.shell:Creating package script '/home/kimsohee/ev-1-5/ev-Autonomous-Vehicle-1-5/install/erp42_serial/share/erp42_serial/package.bash'
[24.193s] INFO:colcon.colcon_core.shell:Creating package script '/home/kimsohee/ev-1-5/ev-Autonomous-Vehicle-1-5/install/erp42_serial/share/erp42_serial/package.zsh'
[24.194s] Level 1:colcon.colcon_core.environment:create_file_with_runtime_dependencies(/home/kimsohee/ev-1-5/ev-Autonomous-Vehicle-1-5/install/erp42_serial/share/colcon-core/packages/erp42_serial)
[24.283s] DEBUG:colcon.colcon_core.event_handler.log_command:Invoked command in '/home/kimsohee/ev-1-5/ev-Autonomous-Vehicle-1-5/build/velodyne_driver' returned '0': CMAKE_PREFIX_PATH=/home/kimsohee/ev-1-5/ev-Autonomous-Vehicle-1-5/install/velodyne_msgs:/home/kimsohee/ev-1-5/ev-Autonomous-Vehicle-1-5/install/velodyne_pointcloud:/home/kimsohee/ev-1-5/ev-Autonomous-Vehicle-1-5/install/velodyne_driver:/home/kimsohee/ev-1-5/ev-Autonomous-Vehicle-1-5/install/velodyne_cropbox:/home/kimsohee/ev-1-5/ev-Autonomous-Vehicle-1-5/install/t870_serial:/home/kimsohee/ev-1-5/ev-Autonomous-Vehicle-1-5/install/t870_rqt_plugin:/home/kimsohee/ev-1-5/ev-Autonomous-Vehicle-1-5/install/t870_util:/home/kimsohee/ev-1-5/ev-Autonomous-Vehicle-1-5/install/t870_msgs:/home/kimsohee/ev-1-5/ev-Autonomous-Vehicle-1-5/install/t870_cmake:/home/kimsohee/ev-1-5/ev-Autonomous-Vehicle-1-5/install/make_bbox:/home/kimsohee/ev-1-5/ev-Autonomous-Vehicle-1-5/install/localization_fusion:/home/kimsohee/ev-1-5/ev-Autonomous-Vehicle-1-5/install/ev_msgs:/home/kimsohee/ev-1-5/ev-Autonomous-Vehicle-1-5/install/erp42_serial:/home/kimsohee/ev-1-5/ev-Autonomous-Vehicle-1-5/install/erp42_rqt_plugin:/home/kimsohee/ev-1-5/ev-Autonomous-Vehicle-1-5/install/erp42_util:/home/kimsohee/ev-1-5/ev-Autonomous-Vehicle-1-5/install/erp42_msgs:/home/kimsohee/ev-1-5/ev-Autonomous-Vehicle-1-5/install/erp42_description:/home/kimsohee/ev-1-5/ev-Autonomous-Vehicle-1-5/install/erp42_cmake:/home/kimsohee/ev-1-5/ev-Autonomous-Vehicle-1-5/install/gps_localization:/home/kimsohee/ev-1-5/ev-Autonomous-Vehicle-1-5/install/erp42_gazebo:/home/kimsohee/ev-1-5/ev-Autonomous-Vehicle-1-5/install/carsa_gazebo:/opt/ros/humble LD_LIBRARY_PATH=/home/kimsohee/ev-1-5/ev-Autonomous-Vehicle-1-5/install/velodyne_msgs/lib:/home/kimsohee/ev-1-5/ev-Autonomous-Vehicle-1-5/install/velodyne_pointcloud/lib:/home/kimsohee/ev-1-5/ev-Autonomous-Vehicle-1-5/install/velodyne_driver/lib:/home/kimsohee/ev-1-5/ev-Autonomous-Vehicle-1-5/install/velodyne_cropbox/lib:/home/kimsohee/ev-1-5/ev-Autonomous-Vehicle-1-5/install/t870_serial/lib:/home/kimsohee/ev-1-5/ev-Autonomous-Vehicle-1-5/install/t870_rqt_plugin/lib:/home/kimsohee/ev-1-5/ev-Autonomous-Vehicle-1-5/install/t870_util/lib:/home/kimsohee/ev-1-5/ev-Autonomous-Vehicle-1-5/install/t870_msgs/lib:/home/kimsohee/ev-1-5/ev-Autonomous-Vehicle-1-5/install/make_bbox/lib:/home/kimsohee/ev-1-5/ev-Autonomous-Vehicle-1-5/install/ev_msgs/lib:/home/kimsohee/ev-1-5/ev-Autonomous-Vehicle-1-5/install/erp42_serial/lib:/home/kimsohee/ev-1-5/ev-Autonomous-Vehicle-1-5/install/erp42_rqt_plugin/lib:/home/kimsohee/ev-1-5/ev-Autonomous-Vehicle-1-5/install/erp42_util/lib:/home/kimsohee/ev-1-5/ev-Autonomous-Vehicle-1-5/install/erp42_msgs/lib:/home/kimsohee/ev-1-5/ev-Autonomous-Vehicle-1-5/install/erp42_gazebo/lib:/opt/ros/humble/opt/rviz_ogre_vendor/lib:/opt/ros/humble/lib/aarch64-linux-gnu:/opt/ros/humble/lib /usr/bin/cmake --build /home/kimsohee/ev-1-5/ev-Autonomous-Vehicle-1-5/build/velodyne_driver -- -j10 -l10
[24.293s] DEBUG:colcon.colcon_core.event_handler.log_command:Invoking command in '/home/kimsohee/ev-1-5/ev-Autonomous-Vehicle-1-5/build/velodyne_driver': CMAKE_PREFIX_PATH=/home/kimsohee/ev-1-5/ev-Autonomous-Vehicle-1-5/install/velodyne_msgs:/home/kimsohee/ev-1-5/ev-Autonomous-Vehicle-1-5/install/velodyne_pointcloud:/home/kimsohee/ev-1-5/ev-Autonomous-Vehicle-1-5/install/velodyne_driver:/home/kimsohee/ev-1-5/ev-Autonomous-Vehicle-1-5/install/velodyne_cropbox:/home/kimsohee/ev-1-5/ev-Autonomous-Vehicle-1-5/install/t870_serial:/home/kimsohee/ev-1-5/ev-Autonomous-Vehicle-1-5/install/t870_rqt_plugin:/home/kimsohee/ev-1-5/ev-Autonomous-Vehicle-1-5/install/t870_util:/home/kimsohee/ev-1-5/ev-Autonomous-Vehicle-1-5/install/t870_msgs:/home/kimsohee/ev-1-5/ev-Autonomous-Vehicle-1-5/install/t870_cmake:/home/kimsohee/ev-1-5/ev-Autonomous-Vehicle-1-5/install/make_bbox:/home/kimsohee/ev-1-5/ev-Autonomous-Vehicle-1-5/install/localization_fusion:/home/kimsohee/ev-1-5/ev-Autonomous-Vehicle-1-5/install/ev_msgs:/home/kimsohee/ev-1-5/ev-Autonomous-Vehicle-1-5/install/erp42_serial:/home/kimsohee/ev-1-5/ev-Autonomous-Vehicle-1-5/install/erp42_rqt_plugin:/home/kimsohee/ev-1-5/ev-Autonomous-Vehicle-1-5/install/erp42_util:/home/kimsohee/ev-1-5/ev-Autonomous-Vehicle-1-5/install/erp42_msgs:/home/kimsohee/ev-1-5/ev-Autonomous-Vehicle-1-5/install/erp42_description:/home/kimsohee/ev-1-5/ev-Autonomous-Vehicle-1-5/install/erp42_cmake:/home/kimsohee/ev-1-5/ev-Autonomous-Vehicle-1-5/install/gps_localization:/home/kimsohee/ev-1-5/ev-Autonomous-Vehicle-1-5/install/erp42_gazebo:/home/kimsohee/ev-1-5/ev-Autonomous-Vehicle-1-5/install/carsa_gazebo:/opt/ros/humble LD_LIBRARY_PATH=/home/kimsohee/ev-1-5/ev-Autonomous-Vehicle-1-5/install/velodyne_msgs/lib:/home/kimsohee/ev-1-5/ev-Autonomous-Vehicle-1-5/install/velodyne_pointcloud/lib:/home/kimsohee/ev-1-5/ev-Autonomous-Vehicle-1-5/install/velodyne_driver/lib:/home/kimsohee/ev-1-5/ev-Autonomous-Vehicle-1-5/install/velodyne_cropbox/lib:/home/kimsohee/ev-1-5/ev-Autonomous-Vehicle-1-5/install/t870_serial/lib:/home/kimsohee/ev-1-5/ev-Autonomous-Vehicle-1-5/install/t870_rqt_plugin/lib:/home/kimsohee/ev-1-5/ev-Autonomous-Vehicle-1-5/install/t870_util/lib:/home/kimsohee/ev-1-5/ev-Autonomous-Vehicle-1-5/install/t870_msgs/lib:/home/kimsohee/ev-1-5/ev-Autonomous-Vehicle-1-5/install/make_bbox/lib:/home/kimsohee/ev-1-5/ev-Autonomous-Vehicle-1-5/install/ev_msgs/lib:/home/kimsohee/ev-1-5/ev-Autonomous-Vehicle-1-5/install/erp42_serial/lib:/home/kimsohee/ev-1-5/ev-Autonomous-Vehicle-1-5/install/erp42_rqt_plugin/lib:/home/kimsohee/ev-1-5/ev-Autonomous-Vehicle-1-5/install/erp42_util/lib:/home/kimsohee/ev-1-5/ev-Autonomous-Vehicle-1-5/install/erp42_msgs/lib:/home/kimsohee/ev-1-5/ev-Autonomous-Vehicle-1-5/install/erp42_gazebo/lib:/opt/ros/humble/opt/rviz_ogre_vendor/lib:/opt/ros/humble/lib/aarch64-linux-gnu:/opt/ros/humble/lib /usr/bin/cmake --install /home/kimsohee/ev-1-5/ev-Autonomous-Vehicle-1-5/build/velodyne_driver
[24.503s] Level 1:colcon.colcon_core.environment:create_environment_scripts_only(velodyne_driver)
[24.503s] Level 1:colcon.colcon_core.environment:checking '/home/kimsohee/ev-1-5/ev-Autonomous-Vehicle-1-5/install/velodyne_driver' for CMake module files
[24.503s] Level 1:colcon.colcon_core.environment:checking '/home/kimsohee/ev-1-5/ev-Autonomous-Vehicle-1-5/install/velodyne_driver' for CMake config files
[24.504s] DEBUG:colcon.colcon_core.event_handler.log_command:Invoked command in '/home/kimsohee/ev-1-5/ev-Autonomous-Vehicle-1-5/build/velodyne_driver' returned '0': CMAKE_PREFIX_PATH=/home/kimsohee/ev-1-5/ev-Autonomous-Vehicle-1-5/install/velodyne_msgs:/home/kimsohee/ev-1-5/ev-Autonomous-Vehicle-1-5/install/velodyne_pointcloud:/home/kimsohee/ev-1-5/ev-Autonomous-Vehicle-1-5/install/velodyne_driver:/home/kimsohee/ev-1-5/ev-Autonomous-Vehicle-1-5/install/velodyne_cropbox:/home/kimsohee/ev-1-5/ev-Autonomous-Vehicle-1-5/install/t870_serial:/home/kimsohee/ev-1-5/ev-Autonomous-Vehicle-1-5/install/t870_rqt_plugin:/home/kimsohee/ev-1-5/ev-Autonomous-Vehicle-1-5/install/t870_util:/home/kimsohee/ev-1-5/ev-Autonomous-Vehicle-1-5/install/t870_msgs:/home/kimsohee/ev-1-5/ev-Autonomous-Vehicle-1-5/install/t870_cmake:/home/kimsohee/ev-1-5/ev-Autonomous-Vehicle-1-5/install/make_bbox:/home/kimsohee/ev-1-5/ev-Autonomous-Vehicle-1-5/install/localization_fusion:/home/kimsohee/ev-1-5/ev-Autonomous-Vehicle-1-5/install/ev_msgs:/home/kimsohee/ev-1-5/ev-Autonomous-Vehicle-1-5/install/erp42_serial:/home/kimsohee/ev-1-5/ev-Autonomous-Vehicle-1-5/install/erp42_rqt_plugin:/home/kimsohee/ev-1-5/ev-Autonomous-Vehicle-1-5/install/erp42_util:/home/kimsohee/ev-1-5/ev-Autonomous-Vehicle-1-5/install/erp42_msgs:/home/kimsohee/ev-1-5/ev-Autonomous-Vehicle-1-5/install/erp42_description:/home/kimsohee/ev-1-5/ev-Autonomous-Vehicle-1-5/install/erp42_cmake:/home/kimsohee/ev-1-5/ev-Autonomous-Vehicle-1-5/install/gps_localization:/home/kimsohee/ev-1-5/ev-Autonomous-Vehicle-1-5/install/erp42_gazebo:/home/kimsohee/ev-1-5/ev-Autonomous-Vehicle-1-5/install/carsa_gazebo:/opt/ros/humble LD_LIBRARY_PATH=/home/kimsohee/ev-1-5/ev-Autonomous-Vehicle-1-5/install/velodyne_msgs/lib:/home/kimsohee/ev-1-5/ev-Autonomous-Vehicle-1-5/install/velodyne_pointcloud/lib:/home/kimsohee/ev-1-5/ev-Autonomous-Vehicle-1-5/install/velodyne_driver/lib:/home/kimsohee/ev-1-5/ev-Autonomous-Vehicle-1-5/install/velodyne_cropbox/lib:/home/kimsohee/ev-1-5/ev-Autonomous-Vehicle-1-5/install/t870_serial/lib:/home/kimsohee/ev-1-5/ev-Autonomous-Vehicle-1-5/install/t870_rqt_plugin/lib:/home/kimsohee/ev-1-5/ev-Autonomous-Vehicle-1-5/install/t870_util/lib:/home/kimsohee/ev-1-5/ev-Autonomous-Vehicle-1-5/install/t870_msgs/lib:/home/kimsohee/ev-1-5/ev-Autonomous-Vehicle-1-5/install/make_bbox/lib:/home/kimsohee/ev-1-5/ev-Autonomous-Vehicle-1-5/install/ev_msgs/lib:/home/kimsohee/ev-1-5/ev-Autonomous-Vehicle-1-5/install/erp42_serial/lib:/home/kimsohee/ev-1-5/ev-Autonomous-Vehicle-1-5/install/erp42_rqt_plugin/lib:/home/kimsohee/ev-1-5/ev-Autonomous-Vehicle-1-5/install/erp42_util/lib:/home/kimsohee/ev-1-5/ev-Autonomous-Vehicle-1-5/install/erp42_msgs/lib:/home/kimsohee/ev-1-5/ev-Autonomous-Vehicle-1-5/install/erp42_gazebo/lib:/opt/ros/humble/opt/rviz_ogre_vendor/lib:/opt/ros/humble/lib/aarch64-linux-gnu:/opt/ros/humble/lib /usr/bin/cmake --install /home/kimsohee/ev-1-5/ev-Autonomous-Vehicle-1-5/build/velodyne_driver
[24.504s] Level 1:colcon.colcon_core.shell:create_environment_hook('velodyne_driver', 'cmake_prefix_path')
[24.504s] INFO:colcon.colcon_core.shell:Creating environment hook '/home/kimsohee/ev-1-5/ev-Autonomous-Vehicle-1-5/install/velodyne_driver/share/velodyne_driver/hook/cmake_prefix_path.ps1'
[24.504s] INFO:colcon.colcon_core.shell:Creating environment descriptor '/home/kimsohee/ev-1-5/ev-Autonomous-Vehicle-1-5/install/velodyne_driver/share/velodyne_driver/hook/cmake_prefix_path.dsv'
[24.505s] INFO:colcon.colcon_core.shell:Creating environment hook '/home/kimsohee/ev-1-5/ev-Autonomous-Vehicle-1-5/install/velodyne_driver/share/velodyne_driver/hook/cmake_prefix_path.sh'
[24.505s] Level 1:colcon.colcon_core.environment:checking '/home/kimsohee/ev-1-5/ev-Autonomous-Vehicle-1-5/install/velodyne_driver/lib'
[24.506s] Level 1:colcon.colcon_core.shell:create_environment_hook('velodyne_driver', 'ld_library_path_lib')
[24.506s] INFO:colcon.colcon_core.shell:Creating environment hook '/home/kimsohee/ev-1-5/ev-Autonomous-Vehicle-1-5/install/velodyne_driver/share/velodyne_driver/hook/ld_library_path_lib.ps1'
[24.506s] INFO:colcon.colcon_core.shell:Creating environment descriptor '/home/kimsohee/ev-1-5/ev-Autonomous-Vehicle-1-5/install/velodyne_driver/share/velodyne_driver/hook/ld_library_path_lib.dsv'
[24.506s] INFO:colcon.colcon_core.shell:Creating environment hook '/home/kimsohee/ev-1-5/ev-Autonomous-Vehicle-1-5/install/velodyne_driver/share/velodyne_driver/hook/ld_library_path_lib.sh'
[24.507s] Level 1:colcon.colcon_core.environment:checking '/home/kimsohee/ev-1-5/ev-Autonomous-Vehicle-1-5/install/velodyne_driver/bin'
[24.507s] Level 1:colcon.colcon_core.environment:checking '/home/kimsohee/ev-1-5/ev-Autonomous-Vehicle-1-5/install/velodyne_driver/lib/pkgconfig/velodyne_driver.pc'
[24.507s] Level 1:colcon.colcon_core.environment:checking '/home/kimsohee/ev-1-5/ev-Autonomous-Vehicle-1-5/install/velodyne_driver/lib/python3.10/site-packages'
[24.508s] Level 1:colcon.colcon_core.environment:checking '/home/kimsohee/ev-1-5/ev-Autonomous-Vehicle-1-5/install/velodyne_driver/bin'
[24.508s] INFO:colcon.colcon_core.shell:Creating package script '/home/kimsohee/ev-1-5/ev-Autonomous-Vehicle-1-5/install/velodyne_driver/share/velodyne_driver/package.ps1'
[24.510s] INFO:colcon.colcon_core.shell:Creating package descriptor '/home/kimsohee/ev-1-5/ev-Autonomous-Vehicle-1-5/install/velodyne_driver/share/velodyne_driver/package.dsv'
[24.510s] INFO:colcon.colcon_core.shell:Creating package script '/home/kimsohee/ev-1-5/ev-Autonomous-Vehicle-1-5/install/velodyne_driver/share/velodyne_driver/package.sh'
[24.511s] INFO:colcon.colcon_core.shell:Creating package script '/home/kimsohee/ev-1-5/ev-Autonomous-Vehicle-1-5/install/velodyne_driver/share/velodyne_driver/package.bash'
[24.511s] INFO:colcon.colcon_core.shell:Creating package script '/home/kimsohee/ev-1-5/ev-Autonomous-Vehicle-1-5/install/velodyne_driver/share/velodyne_driver/package.zsh'
[24.511s] Level 1:colcon.colcon_core.environment:create_file_with_runtime_dependencies(/home/kimsohee/ev-1-5/ev-Autonomous-Vehicle-1-5/install/velodyne_driver/share/colcon-core/packages/velodyne_driver)
[24.514s] Level 1:colcon.colcon_core.environment:create_environment_scripts_only(velodyne_driver)
[24.514s] Level 1:colcon.colcon_core.environment:checking '/home/kimsohee/ev-1-5/ev-Autonomous-Vehicle-1-5/install/velodyne_driver' for CMake module files
[24.515s] Level 1:colcon.colcon_core.environment:checking '/home/kimsohee/ev-1-5/ev-Autonomous-Vehicle-1-5/install/velodyne_driver' for CMake config files
[24.515s] Level 1:colcon.colcon_core.shell:create_environment_hook('velodyne_driver', 'cmake_prefix_path')
[24.515s] INFO:colcon.colcon_core.shell:Creating environment hook '/home/kimsohee/ev-1-5/ev-Autonomous-Vehicle-1-5/install/velodyne_driver/share/velodyne_driver/hook/cmake_prefix_path.ps1'
[24.515s] INFO:colcon.colcon_core.shell:Creating environment descriptor '/home/kimsohee/ev-1-5/ev-Autonomous-Vehicle-1-5/install/velodyne_driver/share/velodyne_driver/hook/cmake_prefix_path.dsv'
[24.516s] INFO:colcon.colcon_core.shell:Creating environment hook '/home/kimsohee/ev-1-5/ev-Autonomous-Vehicle-1-5/install/velodyne_driver/share/velodyne_driver/hook/cmake_prefix_path.sh'
[24.518s] Level 1:colcon.colcon_core.environment:checking '/home/kimsohee/ev-1-5/ev-Autonomous-Vehicle-1-5/install/velodyne_driver/lib'
[24.518s] Level 1:colcon.colcon_core.shell:create_environment_hook('velodyne_driver', 'ld_library_path_lib')
[24.518s] INFO:colcon.colcon_core.shell:Creating environment hook '/home/kimsohee/ev-1-5/ev-Autonomous-Vehicle-1-5/install/velodyne_driver/share/velodyne_driver/hook/ld_library_path_lib.ps1'
[24.519s] INFO:colcon.colcon_core.shell:Creating environment descriptor '/home/kimsohee/ev-1-5/ev-Autonomous-Vehicle-1-5/install/velodyne_driver/share/velodyne_driver/hook/ld_library_path_lib.dsv'
[24.519s] INFO:colcon.colcon_core.shell:Creating environment hook '/home/kimsohee/ev-1-5/ev-Autonomous-Vehicle-1-5/install/velodyne_driver/share/velodyne_driver/hook/ld_library_path_lib.sh'
[24.520s] Level 1:colcon.colcon_core.environment:checking '/home/kimsohee/ev-1-5/ev-Autonomous-Vehicle-1-5/install/velodyne_driver/bin'
[24.520s] Level 1:colcon.colcon_core.environment:checking '/home/kimsohee/ev-1-5/ev-Autonomous-Vehicle-1-5/install/velodyne_driver/lib/pkgconfig/velodyne_driver.pc'
[24.520s] Level 1:colcon.colcon_core.environment:checking '/home/kimsohee/ev-1-5/ev-Autonomous-Vehicle-1-5/install/velodyne_driver/lib/python3.10/site-packages'
[24.521s] Level 1:colcon.colcon_core.environment:checking '/home/kimsohee/ev-1-5/ev-Autonomous-Vehicle-1-5/install/velodyne_driver/bin'
[24.521s] INFO:colcon.colcon_core.shell:Creating package script '/home/kimsohee/ev-1-5/ev-Autonomous-Vehicle-1-5/install/velodyne_driver/share/velodyne_driver/package.ps1'
[24.521s] INFO:colcon.colcon_core.shell:Creating package descriptor '/home/kimsohee/ev-1-5/ev-Autonomous-Vehicle-1-5/install/velodyne_driver/share/velodyne_driver/package.dsv'
[24.522s] INFO:colcon.colcon_core.shell:Creating package script '/home/kimsohee/ev-1-5/ev-Autonomous-Vehicle-1-5/install/velodyne_driver/share/velodyne_driver/package.sh'
[24.523s] INFO:colcon.colcon_core.shell:Creating package script '/home/kimsohee/ev-1-5/ev-Autonomous-Vehicle-1-5/install/velodyne_driver/share/velodyne_driver/package.bash'
[24.525s] INFO:colcon.colcon_core.shell:Creating package script '/home/kimsohee/ev-1-5/ev-Autonomous-Vehicle-1-5/install/velodyne_driver/share/velodyne_driver/package.zsh'
[24.525s] Level 1:colcon.colcon_core.environment:create_file_with_runtime_dependencies(/home/kimsohee/ev-1-5/ev-Autonomous-Vehicle-1-5/install/velodyne_driver/share/colcon-core/packages/velodyne_driver)
[29.091s] DEBUG:colcon.colcon_core.event_handler.log_command:Invoked command in '/home/kimsohee/ev-1-5/ev-Autonomous-Vehicle-1-5/build/t870_rqt_plugin' returned '0': CMAKE_PREFIX_PATH=/home/kimsohee/ev-1-5/ev-Autonomous-Vehicle-1-5/install/t870_util:/home/kimsohee/ev-1-5/ev-Autonomous-Vehicle-1-5/install/t870_msgs:/home/kimsohee/ev-1-5/ev-Autonomous-Vehicle-1-5/install/t870_cmake:/home/kimsohee/ev-1-5/ev-Autonomous-Vehicle-1-5/install/velodyne_pointcloud:/home/kimsohee/ev-1-5/ev-Autonomous-Vehicle-1-5/install/velodyne_driver:/home/kimsohee/ev-1-5/ev-Autonomous-Vehicle-1-5/install/velodyne_msgs:/home/kimsohee/ev-1-5/ev-Autonomous-Vehicle-1-5/install/velodyne_cropbox:/home/kimsohee/ev-1-5/ev-Autonomous-Vehicle-1-5/install/t870_serial:/home/kimsohee/ev-1-5/ev-Autonomous-Vehicle-1-5/install/t870_rqt_plugin:/home/kimsohee/ev-1-5/ev-Autonomous-Vehicle-1-5/install/make_bbox:/home/kimsohee/ev-1-5/ev-Autonomous-Vehicle-1-5/install/localization_fusion:/home/kimsohee/ev-1-5/ev-Autonomous-Vehicle-1-5/install/ev_msgs:/home/kimsohee/ev-1-5/ev-Autonomous-Vehicle-1-5/install/erp42_serial:/home/kimsohee/ev-1-5/ev-Autonomous-Vehicle-1-5/install/erp42_rqt_plugin:/home/kimsohee/ev-1-5/ev-Autonomous-Vehicle-1-5/install/erp42_util:/home/kimsohee/ev-1-5/ev-Autonomous-Vehicle-1-5/install/erp42_msgs:/home/kimsohee/ev-1-5/ev-Autonomous-Vehicle-1-5/install/erp42_description:/home/kimsohee/ev-1-5/ev-Autonomous-Vehicle-1-5/install/erp42_cmake:/home/kimsohee/ev-1-5/ev-Autonomous-Vehicle-1-5/install/gps_localization:/home/kimsohee/ev-1-5/ev-Autonomous-Vehicle-1-5/install/erp42_gazebo:/home/kimsohee/ev-1-5/ev-Autonomous-Vehicle-1-5/install/carsa_gazebo:/opt/ros/humble LD_LIBRARY_PATH=/home/kimsohee/ev-1-5/ev-Autonomous-Vehicle-1-5/install/t870_util/lib:/home/kimsohee/ev-1-5/ev-Autonomous-Vehicle-1-5/install/t870_msgs/lib:/home/kimsohee/ev-1-5/ev-Autonomous-Vehicle-1-5/install/velodyne_pointcloud/lib:/home/kimsohee/ev-1-5/ev-Autonomous-Vehicle-1-5/install/velodyne_driver/lib:/home/kimsohee/ev-1-5/ev-Autonomous-Vehicle-1-5/install/velodyne_msgs/lib:/home/kimsohee/ev-1-5/ev-Autonomous-Vehicle-1-5/install/velodyne_cropbox/lib:/home/kimsohee/ev-1-5/ev-Autonomous-Vehicle-1-5/install/t870_serial/lib:/home/kimsohee/ev-1-5/ev-Autonomous-Vehicle-1-5/install/t870_rqt_plugin/lib:/home/kimsohee/ev-1-5/ev-Autonomous-Vehicle-1-5/install/make_bbox/lib:/home/kimsohee/ev-1-5/ev-Autonomous-Vehicle-1-5/install/ev_msgs/lib:/home/kimsohee/ev-1-5/ev-Autonomous-Vehicle-1-5/install/erp42_serial/lib:/home/kimsohee/ev-1-5/ev-Autonomous-Vehicle-1-5/install/erp42_rqt_plugin/lib:/home/kimsohee/ev-1-5/ev-Autonomous-Vehicle-1-5/install/erp42_util/lib:/home/kimsohee/ev-1-5/ev-Autonomous-Vehicle-1-5/install/erp42_msgs/lib:/home/kimsohee/ev-1-5/ev-Autonomous-Vehicle-1-5/install/erp42_gazebo/lib:/opt/ros/humble/opt/rviz_ogre_vendor/lib:/opt/ros/humble/lib/aarch64-linux-gnu:/opt/ros/humble/lib /usr/bin/cmake --build /home/kimsohee/ev-1-5/ev-Autonomous-Vehicle-1-5/build/t870_rqt_plugin -- -j10 -l10
[29.094s] DEBUG:colcon.colcon_core.event_handler.log_command:Invoking command in '/home/kimsohee/ev-1-5/ev-Autonomous-Vehicle-1-5/build/t870_rqt_plugin': CMAKE_PREFIX_PATH=/home/kimsohee/ev-1-5/ev-Autonomous-Vehicle-1-5/install/t870_util:/home/kimsohee/ev-1-5/ev-Autonomous-Vehicle-1-5/install/t870_msgs:/home/kimsohee/ev-1-5/ev-Autonomous-Vehicle-1-5/install/t870_cmake:/home/kimsohee/ev-1-5/ev-Autonomous-Vehicle-1-5/install/velodyne_pointcloud:/home/kimsohee/ev-1-5/ev-Autonomous-Vehicle-1-5/install/velodyne_driver:/home/kimsohee/ev-1-5/ev-Autonomous-Vehicle-1-5/install/velodyne_msgs:/home/kimsohee/ev-1-5/ev-Autonomous-Vehicle-1-5/install/velodyne_cropbox:/home/kimsohee/ev-1-5/ev-Autonomous-Vehicle-1-5/install/t870_serial:/home/kimsohee/ev-1-5/ev-Autonomous-Vehicle-1-5/install/t870_rqt_plugin:/home/kimsohee/ev-1-5/ev-Autonomous-Vehicle-1-5/install/make_bbox:/home/kimsohee/ev-1-5/ev-Autonomous-Vehicle-1-5/install/localization_fusion:/home/kimsohee/ev-1-5/ev-Autonomous-Vehicle-1-5/install/ev_msgs:/home/kimsohee/ev-1-5/ev-Autonomous-Vehicle-1-5/install/erp42_serial:/home/kimsohee/ev-1-5/ev-Autonomous-Vehicle-1-5/install/erp42_rqt_plugin:/home/kimsohee/ev-1-5/ev-Autonomous-Vehicle-1-5/install/erp42_util:/home/kimsohee/ev-1-5/ev-Autonomous-Vehicle-1-5/install/erp42_msgs:/home/kimsohee/ev-1-5/ev-Autonomous-Vehicle-1-5/install/erp42_description:/home/kimsohee/ev-1-5/ev-Autonomous-Vehicle-1-5/install/erp42_cmake:/home/kimsohee/ev-1-5/ev-Autonomous-Vehicle-1-5/install/gps_localization:/home/kimsohee/ev-1-5/ev-Autonomous-Vehicle-1-5/install/erp42_gazebo:/home/kimsohee/ev-1-5/ev-Autonomous-Vehicle-1-5/install/carsa_gazebo:/opt/ros/humble LD_LIBRARY_PATH=/home/kimsohee/ev-1-5/ev-Autonomous-Vehicle-1-5/install/t870_util/lib:/home/kimsohee/ev-1-5/ev-Autonomous-Vehicle-1-5/install/t870_msgs/lib:/home/kimsohee/ev-1-5/ev-Autonomous-Vehicle-1-5/install/velodyne_pointcloud/lib:/home/kimsohee/ev-1-5/ev-Autonomous-Vehicle-1-5/install/velodyne_driver/lib:/home/kimsohee/ev-1-5/ev-Autonomous-Vehicle-1-5/install/velodyne_msgs/lib:/home/kimsohee/ev-1-5/ev-Autonomous-Vehicle-1-5/install/velodyne_cropbox/lib:/home/kimsohee/ev-1-5/ev-Autonomous-Vehicle-1-5/install/t870_serial/lib:/home/kimsohee/ev-1-5/ev-Autonomous-Vehicle-1-5/install/t870_rqt_plugin/lib:/home/kimsohee/ev-1-5/ev-Autonomous-Vehicle-1-5/install/make_bbox/lib:/home/kimsohee/ev-1-5/ev-Autonomous-Vehicle-1-5/install/ev_msgs/lib:/home/kimsohee/ev-1-5/ev-Autonomous-Vehicle-1-5/install/erp42_serial/lib:/home/kimsohee/ev-1-5/ev-Autonomous-Vehicle-1-5/install/erp42_rqt_plugin/lib:/home/kimsohee/ev-1-5/ev-Autonomous-Vehicle-1-5/install/erp42_util/lib:/home/kimsohee/ev-1-5/ev-Autonomous-Vehicle-1-5/install/erp42_msgs/lib:/home/kimsohee/ev-1-5/ev-Autonomous-Vehicle-1-5/install/erp42_gazebo/lib:/opt/ros/humble/opt/rviz_ogre_vendor/lib:/opt/ros/humble/lib/aarch64-linux-gnu:/opt/ros/humble/lib /usr/bin/cmake --install /home/kimsohee/ev-1-5/ev-Autonomous-Vehicle-1-5/build/t870_rqt_plugin
[29.228s] Level 1:colcon.colcon_core.environment:create_environment_scripts_only(t870_rqt_plugin)
[29.228s] Level 1:colcon.colcon_core.environment:checking '/home/kimsohee/ev-1-5/ev-Autonomous-Vehicle-1-5/install/t870_rqt_plugin' for CMake module files
[29.229s] DEBUG:colcon.colcon_core.event_handler.log_command:Invoked command in '/home/kimsohee/ev-1-5/ev-Autonomous-Vehicle-1-5/build/t870_rqt_plugin' returned '0': CMAKE_PREFIX_PATH=/home/kimsohee/ev-1-5/ev-Autonomous-Vehicle-1-5/install/t870_util:/home/kimsohee/ev-1-5/ev-Autonomous-Vehicle-1-5/install/t870_msgs:/home/kimsohee/ev-1-5/ev-Autonomous-Vehicle-1-5/install/t870_cmake:/home/kimsohee/ev-1-5/ev-Autonomous-Vehicle-1-5/install/velodyne_pointcloud:/home/kimsohee/ev-1-5/ev-Autonomous-Vehicle-1-5/install/velodyne_driver:/home/kimsohee/ev-1-5/ev-Autonomous-Vehicle-1-5/install/velodyne_msgs:/home/kimsohee/ev-1-5/ev-Autonomous-Vehicle-1-5/install/velodyne_cropbox:/home/kimsohee/ev-1-5/ev-Autonomous-Vehicle-1-5/install/t870_serial:/home/kimsohee/ev-1-5/ev-Autonomous-Vehicle-1-5/install/t870_rqt_plugin:/home/kimsohee/ev-1-5/ev-Autonomous-Vehicle-1-5/install/make_bbox:/home/kimsohee/ev-1-5/ev-Autonomous-Vehicle-1-5/install/localization_fusion:/home/kimsohee/ev-1-5/ev-Autonomous-Vehicle-1-5/install/ev_msgs:/home/kimsohee/ev-1-5/ev-Autonomous-Vehicle-1-5/install/erp42_serial:/home/kimsohee/ev-1-5/ev-Autonomous-Vehicle-1-5/install/erp42_rqt_plugin:/home/kimsohee/ev-1-5/ev-Autonomous-Vehicle-1-5/install/erp42_util:/home/kimsohee/ev-1-5/ev-Autonomous-Vehicle-1-5/install/erp42_msgs:/home/kimsohee/ev-1-5/ev-Autonomous-Vehicle-1-5/install/erp42_description:/home/kimsohee/ev-1-5/ev-Autonomous-Vehicle-1-5/install/erp42_cmake:/home/kimsohee/ev-1-5/ev-Autonomous-Vehicle-1-5/install/gps_localization:/home/kimsohee/ev-1-5/ev-Autonomous-Vehicle-1-5/install/erp42_gazebo:/home/kimsohee/ev-1-5/ev-Autonomous-Vehicle-1-5/install/carsa_gazebo:/opt/ros/humble LD_LIBRARY_PATH=/home/kimsohee/ev-1-5/ev-Autonomous-Vehicle-1-5/install/t870_util/lib:/home/kimsohee/ev-1-5/ev-Autonomous-Vehicle-1-5/install/t870_msgs/lib:/home/kimsohee/ev-1-5/ev-Autonomous-Vehicle-1-5/install/velodyne_pointcloud/lib:/home/kimsohee/ev-1-5/ev-Autonomous-Vehicle-1-5/install/velodyne_driver/lib:/home/kimsohee/ev-1-5/ev-Autonomous-Vehicle-1-5/install/velodyne_msgs/lib:/home/kimsohee/ev-1-5/ev-Autonomous-Vehicle-1-5/install/velodyne_cropbox/lib:/home/kimsohee/ev-1-5/ev-Autonomous-Vehicle-1-5/install/t870_serial/lib:/home/kimsohee/ev-1-5/ev-Autonomous-Vehicle-1-5/install/t870_rqt_plugin/lib:/home/kimsohee/ev-1-5/ev-Autonomous-Vehicle-1-5/install/make_bbox/lib:/home/kimsohee/ev-1-5/ev-Autonomous-Vehicle-1-5/install/ev_msgs/lib:/home/kimsohee/ev-1-5/ev-Autonomous-Vehicle-1-5/install/erp42_serial/lib:/home/kimsohee/ev-1-5/ev-Autonomous-Vehicle-1-5/install/erp42_rqt_plugin/lib:/home/kimsohee/ev-1-5/ev-Autonomous-Vehicle-1-5/install/erp42_util/lib:/home/kimsohee/ev-1-5/ev-Autonomous-Vehicle-1-5/install/erp42_msgs/lib:/home/kimsohee/ev-1-5/ev-Autonomous-Vehicle-1-5/install/erp42_gazebo/lib:/opt/ros/humble/opt/rviz_ogre_vendor/lib:/opt/ros/humble/lib/aarch64-linux-gnu:/opt/ros/humble/lib /usr/bin/cmake --install /home/kimsohee/ev-1-5/ev-Autonomous-Vehicle-1-5/build/t870_rqt_plugin
[29.229s] Level 1:colcon.colcon_core.environment:checking '/home/kimsohee/ev-1-5/ev-Autonomous-Vehicle-1-5/install/t870_rqt_plugin' for CMake config files
[29.229s] Level 1:colcon.colcon_core.shell:create_environment_hook('t870_rqt_plugin', 'cmake_prefix_path')
[29.229s] INFO:colcon.colcon_core.shell:Creating environment hook '/home/kimsohee/ev-1-5/ev-Autonomous-Vehicle-1-5/install/t870_rqt_plugin/share/t870_rqt_plugin/hook/cmake_prefix_path.ps1'
[29.230s] INFO:colcon.colcon_core.shell:Creating environment descriptor '/home/kimsohee/ev-1-5/ev-Autonomous-Vehicle-1-5/install/t870_rqt_plugin/share/t870_rqt_plugin/hook/cmake_prefix_path.dsv'
[29.230s] INFO:colcon.colcon_core.shell:Creating environment hook '/home/kimsohee/ev-1-5/ev-Autonomous-Vehicle-1-5/install/t870_rqt_plugin/share/t870_rqt_plugin/hook/cmake_prefix_path.sh'
[29.230s] Level 1:colcon.colcon_core.environment:checking '/home/kimsohee/ev-1-5/ev-Autonomous-Vehicle-1-5/install/t870_rqt_plugin/lib'
[29.230s] Level 1:colcon.colcon_core.shell:create_environment_hook('t870_rqt_plugin', 'ld_library_path_lib')
[29.230s] INFO:colcon.colcon_core.shell:Creating environment hook '/home/kimsohee/ev-1-5/ev-Autonomous-Vehicle-1-5/install/t870_rqt_plugin/share/t870_rqt_plugin/hook/ld_library_path_lib.ps1'
[29.230s] INFO:colcon.colcon_core.shell:Creating environment descriptor '/home/kimsohee/ev-1-5/ev-Autonomous-Vehicle-1-5/install/t870_rqt_plugin/share/t870_rqt_plugin/hook/ld_library_path_lib.dsv'
[29.231s] INFO:colcon.colcon_core.shell:Creating environment hook '/home/kimsohee/ev-1-5/ev-Autonomous-Vehicle-1-5/install/t870_rqt_plugin/share/t870_rqt_plugin/hook/ld_library_path_lib.sh'
[29.231s] Level 1:colcon.colcon_core.environment:checking '/home/kimsohee/ev-1-5/ev-Autonomous-Vehicle-1-5/install/t870_rqt_plugin/bin'
[29.231s] Level 1:colcon.colcon_core.environment:checking '/home/kimsohee/ev-1-5/ev-Autonomous-Vehicle-1-5/install/t870_rqt_plugin/lib/pkgconfig/t870_rqt_plugin.pc'
[29.231s] Level 1:colcon.colcon_core.environment:checking '/home/kimsohee/ev-1-5/ev-Autonomous-Vehicle-1-5/install/t870_rqt_plugin/lib/python3.10/site-packages'
[29.231s] Level 1:colcon.colcon_core.environment:checking '/home/kimsohee/ev-1-5/ev-Autonomous-Vehicle-1-5/install/t870_rqt_plugin/bin'
[29.232s] INFO:colcon.colcon_core.shell:Creating package script '/home/kimsohee/ev-1-5/ev-Autonomous-Vehicle-1-5/install/t870_rqt_plugin/share/t870_rqt_plugin/package.ps1'
[29.232s] INFO:colcon.colcon_core.shell:Creating package descriptor '/home/kimsohee/ev-1-5/ev-Autonomous-Vehicle-1-5/install/t870_rqt_plugin/share/t870_rqt_plugin/package.dsv'
[29.232s] INFO:colcon.colcon_core.shell:Creating package script '/home/kimsohee/ev-1-5/ev-Autonomous-Vehicle-1-5/install/t870_rqt_plugin/share/t870_rqt_plugin/package.sh'
[29.232s] INFO:colcon.colcon_core.shell:Creating package script '/home/kimsohee/ev-1-5/ev-Autonomous-Vehicle-1-5/install/t870_rqt_plugin/share/t870_rqt_plugin/package.bash'
[29.233s] INFO:colcon.colcon_core.shell:Creating package script '/home/kimsohee/ev-1-5/ev-Autonomous-Vehicle-1-5/install/t870_rqt_plugin/share/t870_rqt_plugin/package.zsh'
[29.233s] Level 1:colcon.colcon_core.environment:create_file_with_runtime_dependencies(/home/kimsohee/ev-1-5/ev-Autonomous-Vehicle-1-5/install/t870_rqt_plugin/share/colcon-core/packages/t870_rqt_plugin)
[29.234s] Level 1:colcon.colcon_core.environment:create_environment_scripts_only(t870_rqt_plugin)
[29.234s] Level 1:colcon.colcon_core.environment:checking '/home/kimsohee/ev-1-5/ev-Autonomous-Vehicle-1-5/install/t870_rqt_plugin' for CMake module files
[29.234s] Level 1:colcon.colcon_core.environment:checking '/home/kimsohee/ev-1-5/ev-Autonomous-Vehicle-1-5/install/t870_rqt_plugin' for CMake config files
[29.235s] Level 1:colcon.colcon_core.shell:create_environment_hook('t870_rqt_plugin', 'cmake_prefix_path')
[29.235s] INFO:colcon.colcon_core.shell:Creating environment hook '/home/kimsohee/ev-1-5/ev-Autonomous-Vehicle-1-5/install/t870_rqt_plugin/share/t870_rqt_plugin/hook/cmake_prefix_path.ps1'
[29.235s] INFO:colcon.colcon_core.shell:Creating environment descriptor '/home/kimsohee/ev-1-5/ev-Autonomous-Vehicle-1-5/install/t870_rqt_plugin/share/t870_rqt_plugin/hook/cmake_prefix_path.dsv'
[29.235s] INFO:colcon.colcon_core.shell:Creating environment hook '/home/kimsohee/ev-1-5/ev-Autonomous-Vehicle-1-5/install/t870_rqt_plugin/share/t870_rqt_plugin/hook/cmake_prefix_path.sh'
[29.236s] Level 1:colcon.colcon_core.environment:checking '/home/kimsohee/ev-1-5/ev-Autonomous-Vehicle-1-5/install/t870_rqt_plugin/lib'
[29.236s] Level 1:colcon.colcon_core.shell:create_environment_hook('t870_rqt_plugin', 'ld_library_path_lib')
[29.236s] INFO:colcon.colcon_core.shell:Creating environment hook '/home/kimsohee/ev-1-5/ev-Autonomous-Vehicle-1-5/install/t870_rqt_plugin/share/t870_rqt_plugin/hook/ld_library_path_lib.ps1'
[29.236s] INFO:colcon.colcon_core.shell:Creating environment descriptor '/home/kimsohee/ev-1-5/ev-Autonomous-Vehicle-1-5/install/t870_rqt_plugin/share/t870_rqt_plugin/hook/ld_library_path_lib.dsv'
[29.236s] INFO:colcon.colcon_core.shell:Creating environment hook '/home/kimsohee/ev-1-5/ev-Autonomous-Vehicle-1-5/install/t870_rqt_plugin/share/t870_rqt_plugin/hook/ld_library_path_lib.sh'
[29.237s] Level 1:colcon.colcon_core.environment:checking '/home/kimsohee/ev-1-5/ev-Autonomous-Vehicle-1-5/install/t870_rqt_plugin/bin'
[29.237s] Level 1:colcon.colcon_core.environment:checking '/home/kimsohee/ev-1-5/ev-Autonomous-Vehicle-1-5/install/t870_rqt_plugin/lib/pkgconfig/t870_rqt_plugin.pc'
[29.238s] Level 1:colcon.colcon_core.environment:checking '/home/kimsohee/ev-1-5/ev-Autonomous-Vehicle-1-5/install/t870_rqt_plugin/lib/python3.10/site-packages'
[29.238s] Level 1:colcon.colcon_core.environment:checking '/home/kimsohee/ev-1-5/ev-Autonomous-Vehicle-1-5/install/t870_rqt_plugin/bin'
[29.238s] INFO:colcon.colcon_core.shell:Creating package script '/home/kimsohee/ev-1-5/ev-Autonomous-Vehicle-1-5/install/t870_rqt_plugin/share/t870_rqt_plugin/package.ps1'
[29.238s] INFO:colcon.colcon_core.shell:Creating package descriptor '/home/kimsohee/ev-1-5/ev-Autonomous-Vehicle-1-5/install/t870_rqt_plugin/share/t870_rqt_plugin/package.dsv'
[29.239s] INFO:colcon.colcon_core.shell:Creating package script '/home/kimsohee/ev-1-5/ev-Autonomous-Vehicle-1-5/install/t870_rqt_plugin/share/t870_rqt_plugin/package.sh'
[29.239s] INFO:colcon.colcon_core.shell:Creating package script '/home/kimsohee/ev-1-5/ev-Autonomous-Vehicle-1-5/install/t870_rqt_plugin/share/t870_rqt_plugin/package.bash'
[29.239s] INFO:colcon.colcon_core.shell:Creating package script '/home/kimsohee/ev-1-5/ev-Autonomous-Vehicle-1-5/install/t870_rqt_plugin/share/t870_rqt_plugin/package.zsh'
[29.240s] Level 1:colcon.colcon_core.environment:create_file_with_runtime_dependencies(/home/kimsohee/ev-1-5/ev-Autonomous-Vehicle-1-5/install/t870_rqt_plugin/share/colcon-core/packages/t870_rqt_plugin)
[30.828s] DEBUG:colcon.colcon_core.event_handler.log_command:Invoked command in '/home/kimsohee/ev-1-5/ev-Autonomous-Vehicle-1-5/build/t870_serial' returned '0': CMAKE_PREFIX_PATH=/home/kimsohee/ev-1-5/ev-Autonomous-Vehicle-1-5/install/t870_util:/home/kimsohee/ev-1-5/ev-Autonomous-Vehicle-1-5/install/t870_msgs:/home/kimsohee/ev-1-5/ev-Autonomous-Vehicle-1-5/install/t870_cmake:/home/kimsohee/ev-1-5/ev-Autonomous-Vehicle-1-5/install/velodyne_pointcloud:/home/kimsohee/ev-1-5/ev-Autonomous-Vehicle-1-5/install/velodyne_driver:/home/kimsohee/ev-1-5/ev-Autonomous-Vehicle-1-5/install/velodyne_msgs:/home/kimsohee/ev-1-5/ev-Autonomous-Vehicle-1-5/install/velodyne_cropbox:/home/kimsohee/ev-1-5/ev-Autonomous-Vehicle-1-5/install/t870_serial:/home/kimsohee/ev-1-5/ev-Autonomous-Vehicle-1-5/install/t870_rqt_plugin:/home/kimsohee/ev-1-5/ev-Autonomous-Vehicle-1-5/install/make_bbox:/home/kimsohee/ev-1-5/ev-Autonomous-Vehicle-1-5/install/localization_fusion:/home/kimsohee/ev-1-5/ev-Autonomous-Vehicle-1-5/install/ev_msgs:/home/kimsohee/ev-1-5/ev-Autonomous-Vehicle-1-5/install/erp42_serial:/home/kimsohee/ev-1-5/ev-Autonomous-Vehicle-1-5/install/erp42_rqt_plugin:/home/kimsohee/ev-1-5/ev-Autonomous-Vehicle-1-5/install/erp42_util:/home/kimsohee/ev-1-5/ev-Autonomous-Vehicle-1-5/install/erp42_msgs:/home/kimsohee/ev-1-5/ev-Autonomous-Vehicle-1-5/install/erp42_description:/home/kimsohee/ev-1-5/ev-Autonomous-Vehicle-1-5/install/erp42_cmake:/home/kimsohee/ev-1-5/ev-Autonomous-Vehicle-1-5/install/gps_localization:/home/kimsohee/ev-1-5/ev-Autonomous-Vehicle-1-5/install/erp42_gazebo:/home/kimsohee/ev-1-5/ev-Autonomous-Vehicle-1-5/install/carsa_gazebo:/opt/ros/humble LD_LIBRARY_PATH=/home/kimsohee/ev-1-5/ev-Autonomous-Vehicle-1-5/install/t870_util/lib:/home/kimsohee/ev-1-5/ev-Autonomous-Vehicle-1-5/install/t870_msgs/lib:/home/kimsohee/ev-1-5/ev-Autonomous-Vehicle-1-5/install/velodyne_pointcloud/lib:/home/kimsohee/ev-1-5/ev-Autonomous-Vehicle-1-5/install/velodyne_driver/lib:/home/kimsohee/ev-1-5/ev-Autonomous-Vehicle-1-5/install/velodyne_msgs/lib:/home/kimsohee/ev-1-5/ev-Autonomous-Vehicle-1-5/install/velodyne_cropbox/lib:/home/kimsohee/ev-1-5/ev-Autonomous-Vehicle-1-5/install/t870_serial/lib:/home/kimsohee/ev-1-5/ev-Autonomous-Vehicle-1-5/install/t870_rqt_plugin/lib:/home/kimsohee/ev-1-5/ev-Autonomous-Vehicle-1-5/install/make_bbox/lib:/home/kimsohee/ev-1-5/ev-Autonomous-Vehicle-1-5/install/ev_msgs/lib:/home/kimsohee/ev-1-5/ev-Autonomous-Vehicle-1-5/install/erp42_serial/lib:/home/kimsohee/ev-1-5/ev-Autonomous-Vehicle-1-5/install/erp42_rqt_plugin/lib:/home/kimsohee/ev-1-5/ev-Autonomous-Vehicle-1-5/install/erp42_util/lib:/home/kimsohee/ev-1-5/ev-Autonomous-Vehicle-1-5/install/erp42_msgs/lib:/home/kimsohee/ev-1-5/ev-Autonomous-Vehicle-1-5/install/erp42_gazebo/lib:/opt/ros/humble/opt/rviz_ogre_vendor/lib:/opt/ros/humble/lib/aarch64-linux-gnu:/opt/ros/humble/lib /usr/bin/cmake --build /home/kimsohee/ev-1-5/ev-Autonomous-Vehicle-1-5/build/t870_serial -- -j10 -l10
[30.829s] DEBUG:colcon.colcon_core.event_handler.log_command:Invoking command in '/home/kimsohee/ev-1-5/ev-Autonomous-Vehicle-1-5/build/t870_serial': CMAKE_PREFIX_PATH=/home/kimsohee/ev-1-5/ev-Autonomous-Vehicle-1-5/install/t870_util:/home/kimsohee/ev-1-5/ev-Autonomous-Vehicle-1-5/install/t870_msgs:/home/kimsohee/ev-1-5/ev-Autonomous-Vehicle-1-5/install/t870_cmake:/home/kimsohee/ev-1-5/ev-Autonomous-Vehicle-1-5/install/velodyne_pointcloud:/home/kimsohee/ev-1-5/ev-Autonomous-Vehicle-1-5/install/velodyne_driver:/home/kimsohee/ev-1-5/ev-Autonomous-Vehicle-1-5/install/velodyne_msgs:/home/kimsohee/ev-1-5/ev-Autonomous-Vehicle-1-5/install/velodyne_cropbox:/home/kimsohee/ev-1-5/ev-Autonomous-Vehicle-1-5/install/t870_serial:/home/kimsohee/ev-1-5/ev-Autonomous-Vehicle-1-5/install/t870_rqt_plugin:/home/kimsohee/ev-1-5/ev-Autonomous-Vehicle-1-5/install/make_bbox:/home/kimsohee/ev-1-5/ev-Autonomous-Vehicle-1-5/install/localization_fusion:/home/kimsohee/ev-1-5/ev-Autonomous-Vehicle-1-5/install/ev_msgs:/home/kimsohee/ev-1-5/ev-Autonomous-Vehicle-1-5/install/erp42_serial:/home/kimsohee/ev-1-5/ev-Autonomous-Vehicle-1-5/install/erp42_rqt_plugin:/home/kimsohee/ev-1-5/ev-Autonomous-Vehicle-1-5/install/erp42_util:/home/kimsohee/ev-1-5/ev-Autonomous-Vehicle-1-5/install/erp42_msgs:/home/kimsohee/ev-1-5/ev-Autonomous-Vehicle-1-5/install/erp42_description:/home/kimsohee/ev-1-5/ev-Autonomous-Vehicle-1-5/install/erp42_cmake:/home/kimsohee/ev-1-5/ev-Autonomous-Vehicle-1-5/install/gps_localization:/home/kimsohee/ev-1-5/ev-Autonomous-Vehicle-1-5/install/erp42_gazebo:/home/kimsohee/ev-1-5/ev-Autonomous-Vehicle-1-5/install/carsa_gazebo:/opt/ros/humble LD_LIBRARY_PATH=/home/kimsohee/ev-1-5/ev-Autonomous-Vehicle-1-5/install/t870_util/lib:/home/kimsohee/ev-1-5/ev-Autonomous-Vehicle-1-5/install/t870_msgs/lib:/home/kimsohee/ev-1-5/ev-Autonomous-Vehicle-1-5/install/velodyne_pointcloud/lib:/home/kimsohee/ev-1-5/ev-Autonomous-Vehicle-1-5/install/velodyne_driver/lib:/home/kimsohee/ev-1-5/ev-Autonomous-Vehicle-1-5/install/velodyne_msgs/lib:/home/kimsohee/ev-1-5/ev-Autonomous-Vehicle-1-5/install/velodyne_cropbox/lib:/home/kimsohee/ev-1-5/ev-Autonomous-Vehicle-1-5/install/t870_serial/lib:/home/kimsohee/ev-1-5/ev-Autonomous-Vehicle-1-5/install/t870_rqt_plugin/lib:/home/kimsohee/ev-1-5/ev-Autonomous-Vehicle-1-5/install/make_bbox/lib:/home/kimsohee/ev-1-5/ev-Autonomous-Vehicle-1-5/install/ev_msgs/lib:/home/kimsohee/ev-1-5/ev-Autonomous-Vehicle-1-5/install/erp42_serial/lib:/home/kimsohee/ev-1-5/ev-Autonomous-Vehicle-1-5/install/erp42_rqt_plugin/lib:/home/kimsohee/ev-1-5/ev-Autonomous-Vehicle-1-5/install/erp42_util/lib:/home/kimsohee/ev-1-5/ev-Autonomous-Vehicle-1-5/install/erp42_msgs/lib:/home/kimsohee/ev-1-5/ev-Autonomous-Vehicle-1-5/install/erp42_gazebo/lib:/opt/ros/humble/opt/rviz_ogre_vendor/lib:/opt/ros/humble/lib/aarch64-linux-gnu:/opt/ros/humble/lib /usr/bin/cmake --install /home/kimsohee/ev-1-5/ev-Autonomous-Vehicle-1-5/build/t870_serial
[30.943s] Level 1:colcon.colcon_core.environment:create_environment_scripts_only(t870_serial)
[30.943s] Level 1:colcon.colcon_core.environment:checking '/home/kimsohee/ev-1-5/ev-Autonomous-Vehicle-1-5/install/t870_serial' for CMake module files
[30.944s] DEBUG:colcon.colcon_core.event_handler.log_command:Invoked command in '/home/kimsohee/ev-1-5/ev-Autonomous-Vehicle-1-5/build/t870_serial' returned '0': CMAKE_PREFIX_PATH=/home/kimsohee/ev-1-5/ev-Autonomous-Vehicle-1-5/install/t870_util:/home/kimsohee/ev-1-5/ev-Autonomous-Vehicle-1-5/install/t870_msgs:/home/kimsohee/ev-1-5/ev-Autonomous-Vehicle-1-5/install/t870_cmake:/home/kimsohee/ev-1-5/ev-Autonomous-Vehicle-1-5/install/velodyne_pointcloud:/home/kimsohee/ev-1-5/ev-Autonomous-Vehicle-1-5/install/velodyne_driver:/home/kimsohee/ev-1-5/ev-Autonomous-Vehicle-1-5/install/velodyne_msgs:/home/kimsohee/ev-1-5/ev-Autonomous-Vehicle-1-5/install/velodyne_cropbox:/home/kimsohee/ev-1-5/ev-Autonomous-Vehicle-1-5/install/t870_serial:/home/kimsohee/ev-1-5/ev-Autonomous-Vehicle-1-5/install/t870_rqt_plugin:/home/kimsohee/ev-1-5/ev-Autonomous-Vehicle-1-5/install/make_bbox:/home/kimsohee/ev-1-5/ev-Autonomous-Vehicle-1-5/install/localization_fusion:/home/kimsohee/ev-1-5/ev-Autonomous-Vehicle-1-5/install/ev_msgs:/home/kimsohee/ev-1-5/ev-Autonomous-Vehicle-1-5/install/erp42_serial:/home/kimsohee/ev-1-5/ev-Autonomous-Vehicle-1-5/install/erp42_rqt_plugin:/home/kimsohee/ev-1-5/ev-Autonomous-Vehicle-1-5/install/erp42_util:/home/kimsohee/ev-1-5/ev-Autonomous-Vehicle-1-5/install/erp42_msgs:/home/kimsohee/ev-1-5/ev-Autonomous-Vehicle-1-5/install/erp42_description:/home/kimsohee/ev-1-5/ev-Autonomous-Vehicle-1-5/install/erp42_cmake:/home/kimsohee/ev-1-5/ev-Autonomous-Vehicle-1-5/install/gps_localization:/home/kimsohee/ev-1-5/ev-Autonomous-Vehicle-1-5/install/erp42_gazebo:/home/kimsohee/ev-1-5/ev-Autonomous-Vehicle-1-5/install/carsa_gazebo:/opt/ros/humble LD_LIBRARY_PATH=/home/kimsohee/ev-1-5/ev-Autonomous-Vehicle-1-5/install/t870_util/lib:/home/kimsohee/ev-1-5/ev-Autonomous-Vehicle-1-5/install/t870_msgs/lib:/home/kimsohee/ev-1-5/ev-Autonomous-Vehicle-1-5/install/velodyne_pointcloud/lib:/home/kimsohee/ev-1-5/ev-Autonomous-Vehicle-1-5/install/velodyne_driver/lib:/home/kimsohee/ev-1-5/ev-Autonomous-Vehicle-1-5/install/velodyne_msgs/lib:/home/kimsohee/ev-1-5/ev-Autonomous-Vehicle-1-5/install/velodyne_cropbox/lib:/home/kimsohee/ev-1-5/ev-Autonomous-Vehicle-1-5/install/t870_serial/lib:/home/kimsohee/ev-1-5/ev-Autonomous-Vehicle-1-5/install/t870_rqt_plugin/lib:/home/kimsohee/ev-1-5/ev-Autonomous-Vehicle-1-5/install/make_bbox/lib:/home/kimsohee/ev-1-5/ev-Autonomous-Vehicle-1-5/install/ev_msgs/lib:/home/kimsohee/ev-1-5/ev-Autonomous-Vehicle-1-5/install/erp42_serial/lib:/home/kimsohee/ev-1-5/ev-Autonomous-Vehicle-1-5/install/erp42_rqt_plugin/lib:/home/kimsohee/ev-1-5/ev-Autonomous-Vehicle-1-5/install/erp42_util/lib:/home/kimsohee/ev-1-5/ev-Autonomous-Vehicle-1-5/install/erp42_msgs/lib:/home/kimsohee/ev-1-5/ev-Autonomous-Vehicle-1-5/install/erp42_gazebo/lib:/opt/ros/humble/opt/rviz_ogre_vendor/lib:/opt/ros/humble/lib/aarch64-linux-gnu:/opt/ros/humble/lib /usr/bin/cmake --install /home/kimsohee/ev-1-5/ev-Autonomous-Vehicle-1-5/build/t870_serial
[30.944s] Level 1:colcon.colcon_core.environment:checking '/home/kimsohee/ev-1-5/ev-Autonomous-Vehicle-1-5/install/t870_serial' for CMake config files
[30.944s] Level 1:colcon.colcon_core.shell:create_environment_hook('t870_serial', 'cmake_prefix_path')
[30.944s] INFO:colcon.colcon_core.shell:Creating environment hook '/home/kimsohee/ev-1-5/ev-Autonomous-Vehicle-1-5/install/t870_serial/share/t870_serial/hook/cmake_prefix_path.ps1'
[30.945s] INFO:colcon.colcon_core.shell:Creating environment descriptor '/home/kimsohee/ev-1-5/ev-Autonomous-Vehicle-1-5/install/t870_serial/share/t870_serial/hook/cmake_prefix_path.dsv'
[30.945s] INFO:colcon.colcon_core.shell:Creating environment hook '/home/kimsohee/ev-1-5/ev-Autonomous-Vehicle-1-5/install/t870_serial/share/t870_serial/hook/cmake_prefix_path.sh'
[30.945s] Level 1:colcon.colcon_core.environment:checking '/home/kimsohee/ev-1-5/ev-Autonomous-Vehicle-1-5/install/t870_serial/lib'
[30.945s] Level 1:colcon.colcon_core.shell:create_environment_hook('t870_serial', 'ld_library_path_lib')
[30.945s] INFO:colcon.colcon_core.shell:Creating environment hook '/home/kimsohee/ev-1-5/ev-Autonomous-Vehicle-1-5/install/t870_serial/share/t870_serial/hook/ld_library_path_lib.ps1'
[30.945s] INFO:colcon.colcon_core.shell:Creating environment descriptor '/home/kimsohee/ev-1-5/ev-Autonomous-Vehicle-1-5/install/t870_serial/share/t870_serial/hook/ld_library_path_lib.dsv'
[30.945s] INFO:colcon.colcon_core.shell:Creating environment hook '/home/kimsohee/ev-1-5/ev-Autonomous-Vehicle-1-5/install/t870_serial/share/t870_serial/hook/ld_library_path_lib.sh'
[30.945s] Level 1:colcon.colcon_core.environment:checking '/home/kimsohee/ev-1-5/ev-Autonomous-Vehicle-1-5/install/t870_serial/bin'
[30.945s] Level 1:colcon.colcon_core.environment:checking '/home/kimsohee/ev-1-5/ev-Autonomous-Vehicle-1-5/install/t870_serial/lib/pkgconfig/t870_serial.pc'
[30.945s] Level 1:colcon.colcon_core.environment:checking '/home/kimsohee/ev-1-5/ev-Autonomous-Vehicle-1-5/install/t870_serial/lib/python3.10/site-packages'
[30.946s] Level 1:colcon.colcon_core.environment:checking '/home/kimsohee/ev-1-5/ev-Autonomous-Vehicle-1-5/install/t870_serial/bin'
[30.946s] INFO:colcon.colcon_core.shell:Creating package script '/home/kimsohee/ev-1-5/ev-Autonomous-Vehicle-1-5/install/t870_serial/share/t870_serial/package.ps1'
[30.946s] INFO:colcon.colcon_core.shell:Creating package descriptor '/home/kimsohee/ev-1-5/ev-Autonomous-Vehicle-1-5/install/t870_serial/share/t870_serial/package.dsv'
[30.947s] INFO:colcon.colcon_core.shell:Creating package script '/home/kimsohee/ev-1-5/ev-Autonomous-Vehicle-1-5/install/t870_serial/share/t870_serial/package.sh'
[30.947s] INFO:colcon.colcon_core.shell:Creating package script '/home/kimsohee/ev-1-5/ev-Autonomous-Vehicle-1-5/install/t870_serial/share/t870_serial/package.bash'
[30.947s] INFO:colcon.colcon_core.shell:Creating package script '/home/kimsohee/ev-1-5/ev-Autonomous-Vehicle-1-5/install/t870_serial/share/t870_serial/package.zsh'
[30.947s] Level 1:colcon.colcon_core.environment:create_file_with_runtime_dependencies(/home/kimsohee/ev-1-5/ev-Autonomous-Vehicle-1-5/install/t870_serial/share/colcon-core/packages/t870_serial)
[30.947s] Level 1:colcon.colcon_core.environment:create_environment_scripts_only(t870_serial)
[30.947s] Level 1:colcon.colcon_core.environment:checking '/home/kimsohee/ev-1-5/ev-Autonomous-Vehicle-1-5/install/t870_serial' for CMake module files
[30.947s] Level 1:colcon.colcon_core.environment:checking '/home/kimsohee/ev-1-5/ev-Autonomous-Vehicle-1-5/install/t870_serial' for CMake config files
[30.947s] Level 1:colcon.colcon_core.shell:create_environment_hook('t870_serial', 'cmake_prefix_path')
[30.948s] INFO:colcon.colcon_core.shell:Creating environment hook '/home/kimsohee/ev-1-5/ev-Autonomous-Vehicle-1-5/install/t870_serial/share/t870_serial/hook/cmake_prefix_path.ps1'
[30.948s] INFO:colcon.colcon_core.shell:Creating environment descriptor '/home/kimsohee/ev-1-5/ev-Autonomous-Vehicle-1-5/install/t870_serial/share/t870_serial/hook/cmake_prefix_path.dsv'
[30.948s] INFO:colcon.colcon_core.shell:Creating environment hook '/home/kimsohee/ev-1-5/ev-Autonomous-Vehicle-1-5/install/t870_serial/share/t870_serial/hook/cmake_prefix_path.sh'
[30.949s] Level 1:colcon.colcon_core.environment:checking '/home/kimsohee/ev-1-5/ev-Autonomous-Vehicle-1-5/install/t870_serial/lib'
[30.949s] Level 1:colcon.colcon_core.shell:create_environment_hook('t870_serial', 'ld_library_path_lib')
[30.949s] INFO:colcon.colcon_core.shell:Creating environment hook '/home/kimsohee/ev-1-5/ev-Autonomous-Vehicle-1-5/install/t870_serial/share/t870_serial/hook/ld_library_path_lib.ps1'
[30.949s] INFO:colcon.colcon_core.shell:Creating environment descriptor '/home/kimsohee/ev-1-5/ev-Autonomous-Vehicle-1-5/install/t870_serial/share/t870_serial/hook/ld_library_path_lib.dsv'
[30.949s] INFO:colcon.colcon_core.shell:Creating environment hook '/home/kimsohee/ev-1-5/ev-Autonomous-Vehicle-1-5/install/t870_serial/share/t870_serial/hook/ld_library_path_lib.sh'
[30.950s] Level 1:colcon.colcon_core.environment:checking '/home/kimsohee/ev-1-5/ev-Autonomous-Vehicle-1-5/install/t870_serial/bin'
[30.950s] Level 1:colcon.colcon_core.environment:checking '/home/kimsohee/ev-1-5/ev-Autonomous-Vehicle-1-5/install/t870_serial/lib/pkgconfig/t870_serial.pc'
[30.950s] Level 1:colcon.colcon_core.environment:checking '/home/kimsohee/ev-1-5/ev-Autonomous-Vehicle-1-5/install/t870_serial/lib/python3.10/site-packages'
[30.950s] Level 1:colcon.colcon_core.environment:checking '/home/kimsohee/ev-1-5/ev-Autonomous-Vehicle-1-5/install/t870_serial/bin'
[30.950s] INFO:colcon.colcon_core.shell:Creating package script '/home/kimsohee/ev-1-5/ev-Autonomous-Vehicle-1-5/install/t870_serial/share/t870_serial/package.ps1'
[30.951s] INFO:colcon.colcon_core.shell:Creating package descriptor '/home/kimsohee/ev-1-5/ev-Autonomous-Vehicle-1-5/install/t870_serial/share/t870_serial/package.dsv'
[30.951s] INFO:colcon.colcon_core.shell:Creating package script '/home/kimsohee/ev-1-5/ev-Autonomous-Vehicle-1-5/install/t870_serial/share/t870_serial/package.sh'
[30.951s] INFO:colcon.colcon_core.shell:Creating package script '/home/kimsohee/ev-1-5/ev-Autonomous-Vehicle-1-5/install/t870_serial/share/t870_serial/package.bash'
[30.951s] INFO:colcon.colcon_core.shell:Creating package script '/home/kimsohee/ev-1-5/ev-Autonomous-Vehicle-1-5/install/t870_serial/share/t870_serial/package.zsh'
[30.952s] Level 1:colcon.colcon_core.environment:create_file_with_runtime_dependencies(/home/kimsohee/ev-1-5/ev-Autonomous-Vehicle-1-5/install/t870_serial/share/colcon-core/packages/t870_serial)
[36.829s] DEBUG:colcon.colcon_core.event_handler.log_command:Invoked command in '/home/kimsohee/ev-1-5/ev-Autonomous-Vehicle-1-5/build/velodyne_pointcloud' returned '0': CMAKE_PREFIX_PATH=/home/kimsohee/ev-1-5/ev-Autonomous-Vehicle-1-5/install/velodyne_msgs:/home/kimsohee/ev-1-5/ev-Autonomous-Vehicle-1-5/install/velodyne_pointcloud:/home/kimsohee/ev-1-5/ev-Autonomous-Vehicle-1-5/install/velodyne_driver:/home/kimsohee/ev-1-5/ev-Autonomous-Vehicle-1-5/install/velodyne_cropbox:/home/kimsohee/ev-1-5/ev-Autonomous-Vehicle-1-5/install/t870_serial:/home/kimsohee/ev-1-5/ev-Autonomous-Vehicle-1-5/install/t870_rqt_plugin:/home/kimsohee/ev-1-5/ev-Autonomous-Vehicle-1-5/install/t870_util:/home/kimsohee/ev-1-5/ev-Autonomous-Vehicle-1-5/install/t870_msgs:/home/kimsohee/ev-1-5/ev-Autonomous-Vehicle-1-5/install/t870_cmake:/home/kimsohee/ev-1-5/ev-Autonomous-Vehicle-1-5/install/make_bbox:/home/kimsohee/ev-1-5/ev-Autonomous-Vehicle-1-5/install/localization_fusion:/home/kimsohee/ev-1-5/ev-Autonomous-Vehicle-1-5/install/ev_msgs:/home/kimsohee/ev-1-5/ev-Autonomous-Vehicle-1-5/install/erp42_serial:/home/kimsohee/ev-1-5/ev-Autonomous-Vehicle-1-5/install/erp42_rqt_plugin:/home/kimsohee/ev-1-5/ev-Autonomous-Vehicle-1-5/install/erp42_util:/home/kimsohee/ev-1-5/ev-Autonomous-Vehicle-1-5/install/erp42_msgs:/home/kimsohee/ev-1-5/ev-Autonomous-Vehicle-1-5/install/erp42_description:/home/kimsohee/ev-1-5/ev-Autonomous-Vehicle-1-5/install/erp42_cmake:/home/kimsohee/ev-1-5/ev-Autonomous-Vehicle-1-5/install/gps_localization:/home/kimsohee/ev-1-5/ev-Autonomous-Vehicle-1-5/install/erp42_gazebo:/home/kimsohee/ev-1-5/ev-Autonomous-Vehicle-1-5/install/carsa_gazebo:/opt/ros/humble LD_LIBRARY_PATH=/home/kimsohee/ev-1-5/ev-Autonomous-Vehicle-1-5/install/velodyne_msgs/lib:/home/kimsohee/ev-1-5/ev-Autonomous-Vehicle-1-5/install/velodyne_pointcloud/lib:/home/kimsohee/ev-1-5/ev-Autonomous-Vehicle-1-5/install/velodyne_driver/lib:/home/kimsohee/ev-1-5/ev-Autonomous-Vehicle-1-5/install/velodyne_cropbox/lib:/home/kimsohee/ev-1-5/ev-Autonomous-Vehicle-1-5/install/t870_serial/lib:/home/kimsohee/ev-1-5/ev-Autonomous-Vehicle-1-5/install/t870_rqt_plugin/lib:/home/kimsohee/ev-1-5/ev-Autonomous-Vehicle-1-5/install/t870_util/lib:/home/kimsohee/ev-1-5/ev-Autonomous-Vehicle-1-5/install/t870_msgs/lib:/home/kimsohee/ev-1-5/ev-Autonomous-Vehicle-1-5/install/make_bbox/lib:/home/kimsohee/ev-1-5/ev-Autonomous-Vehicle-1-5/install/ev_msgs/lib:/home/kimsohee/ev-1-5/ev-Autonomous-Vehicle-1-5/install/erp42_serial/lib:/home/kimsohee/ev-1-5/ev-Autonomous-Vehicle-1-5/install/erp42_rqt_plugin/lib:/home/kimsohee/ev-1-5/ev-Autonomous-Vehicle-1-5/install/erp42_util/lib:/home/kimsohee/ev-1-5/ev-Autonomous-Vehicle-1-5/install/erp42_msgs/lib:/home/kimsohee/ev-1-5/ev-Autonomous-Vehicle-1-5/install/erp42_gazebo/lib:/opt/ros/humble/opt/rviz_ogre_vendor/lib:/opt/ros/humble/lib/aarch64-linux-gnu:/opt/ros/humble/lib /usr/bin/cmake --build /home/kimsohee/ev-1-5/ev-Autonomous-Vehicle-1-5/build/velodyne_pointcloud -- -j10 -l10
[36.831s] DEBUG:colcon.colcon_core.event_handler.log_command:Invoking command in '/home/kimsohee/ev-1-5/ev-Autonomous-Vehicle-1-5/build/velodyne_pointcloud': CMAKE_PREFIX_PATH=/home/kimsohee/ev-1-5/ev-Autonomous-Vehicle-1-5/install/velodyne_msgs:/home/kimsohee/ev-1-5/ev-Autonomous-Vehicle-1-5/install/velodyne_pointcloud:/home/kimsohee/ev-1-5/ev-Autonomous-Vehicle-1-5/install/velodyne_driver:/home/kimsohee/ev-1-5/ev-Autonomous-Vehicle-1-5/install/velodyne_cropbox:/home/kimsohee/ev-1-5/ev-Autonomous-Vehicle-1-5/install/t870_serial:/home/kimsohee/ev-1-5/ev-Autonomous-Vehicle-1-5/install/t870_rqt_plugin:/home/kimsohee/ev-1-5/ev-Autonomous-Vehicle-1-5/install/t870_util:/home/kimsohee/ev-1-5/ev-Autonomous-Vehicle-1-5/install/t870_msgs:/home/kimsohee/ev-1-5/ev-Autonomous-Vehicle-1-5/install/t870_cmake:/home/kimsohee/ev-1-5/ev-Autonomous-Vehicle-1-5/install/make_bbox:/home/kimsohee/ev-1-5/ev-Autonomous-Vehicle-1-5/install/localization_fusion:/home/kimsohee/ev-1-5/ev-Autonomous-Vehicle-1-5/install/ev_msgs:/home/kimsohee/ev-1-5/ev-Autonomous-Vehicle-1-5/install/erp42_serial:/home/kimsohee/ev-1-5/ev-Autonomous-Vehicle-1-5/install/erp42_rqt_plugin:/home/kimsohee/ev-1-5/ev-Autonomous-Vehicle-1-5/install/erp42_util:/home/kimsohee/ev-1-5/ev-Autonomous-Vehicle-1-5/install/erp42_msgs:/home/kimsohee/ev-1-5/ev-Autonomous-Vehicle-1-5/install/erp42_description:/home/kimsohee/ev-1-5/ev-Autonomous-Vehicle-1-5/install/erp42_cmake:/home/kimsohee/ev-1-5/ev-Autonomous-Vehicle-1-5/install/gps_localization:/home/kimsohee/ev-1-5/ev-Autonomous-Vehicle-1-5/install/erp42_gazebo:/home/kimsohee/ev-1-5/ev-Autonomous-Vehicle-1-5/install/carsa_gazebo:/opt/ros/humble LD_LIBRARY_PATH=/home/kimsohee/ev-1-5/ev-Autonomous-Vehicle-1-5/install/velodyne_msgs/lib:/home/kimsohee/ev-1-5/ev-Autonomous-Vehicle-1-5/install/velodyne_pointcloud/lib:/home/kimsohee/ev-1-5/ev-Autonomous-Vehicle-1-5/install/velodyne_driver/lib:/home/kimsohee/ev-1-5/ev-Autonomous-Vehicle-1-5/install/velodyne_cropbox/lib:/home/kimsohee/ev-1-5/ev-Autonomous-Vehicle-1-5/install/t870_serial/lib:/home/kimsohee/ev-1-5/ev-Autonomous-Vehicle-1-5/install/t870_rqt_plugin/lib:/home/kimsohee/ev-1-5/ev-Autonomous-Vehicle-1-5/install/t870_util/lib:/home/kimsohee/ev-1-5/ev-Autonomous-Vehicle-1-5/install/t870_msgs/lib:/home/kimsohee/ev-1-5/ev-Autonomous-Vehicle-1-5/install/make_bbox/lib:/home/kimsohee/ev-1-5/ev-Autonomous-Vehicle-1-5/install/ev_msgs/lib:/home/kimsohee/ev-1-5/ev-Autonomous-Vehicle-1-5/install/erp42_serial/lib:/home/kimsohee/ev-1-5/ev-Autonomous-Vehicle-1-5/install/erp42_rqt_plugin/lib:/home/kimsohee/ev-1-5/ev-Autonomous-Vehicle-1-5/install/erp42_util/lib:/home/kimsohee/ev-1-5/ev-Autonomous-Vehicle-1-5/install/erp42_msgs/lib:/home/kimsohee/ev-1-5/ev-Autonomous-Vehicle-1-5/install/erp42_gazebo/lib:/opt/ros/humble/opt/rviz_ogre_vendor/lib:/opt/ros/humble/lib/aarch64-linux-gnu:/opt/ros/humble/lib /usr/bin/cmake --install /home/kimsohee/ev-1-5/ev-Autonomous-Vehicle-1-5/build/velodyne_pointcloud
[36.999s] Level 1:colcon.colcon_core.environment:create_environment_scripts_only(velodyne_pointcloud)
[36.999s] Level 1:colcon.colcon_core.environment:checking '/home/kimsohee/ev-1-5/ev-Autonomous-Vehicle-1-5/install/velodyne_pointcloud' for CMake module files
[36.999s] DEBUG:colcon.colcon_core.event_handler.log_command:Invoked command in '/home/kimsohee/ev-1-5/ev-Autonomous-Vehicle-1-5/build/velodyne_pointcloud' returned '0': CMAKE_PREFIX_PATH=/home/kimsohee/ev-1-5/ev-Autonomous-Vehicle-1-5/install/velodyne_msgs:/home/kimsohee/ev-1-5/ev-Autonomous-Vehicle-1-5/install/velodyne_pointcloud:/home/kimsohee/ev-1-5/ev-Autonomous-Vehicle-1-5/install/velodyne_driver:/home/kimsohee/ev-1-5/ev-Autonomous-Vehicle-1-5/install/velodyne_cropbox:/home/kimsohee/ev-1-5/ev-Autonomous-Vehicle-1-5/install/t870_serial:/home/kimsohee/ev-1-5/ev-Autonomous-Vehicle-1-5/install/t870_rqt_plugin:/home/kimsohee/ev-1-5/ev-Autonomous-Vehicle-1-5/install/t870_util:/home/kimsohee/ev-1-5/ev-Autonomous-Vehicle-1-5/install/t870_msgs:/home/kimsohee/ev-1-5/ev-Autonomous-Vehicle-1-5/install/t870_cmake:/home/kimsohee/ev-1-5/ev-Autonomous-Vehicle-1-5/install/make_bbox:/home/kimsohee/ev-1-5/ev-Autonomous-Vehicle-1-5/install/localization_fusion:/home/kimsohee/ev-1-5/ev-Autonomous-Vehicle-1-5/install/ev_msgs:/home/kimsohee/ev-1-5/ev-Autonomous-Vehicle-1-5/install/erp42_serial:/home/kimsohee/ev-1-5/ev-Autonomous-Vehicle-1-5/install/erp42_rqt_plugin:/home/kimsohee/ev-1-5/ev-Autonomous-Vehicle-1-5/install/erp42_util:/home/kimsohee/ev-1-5/ev-Autonomous-Vehicle-1-5/install/erp42_msgs:/home/kimsohee/ev-1-5/ev-Autonomous-Vehicle-1-5/install/erp42_description:/home/kimsohee/ev-1-5/ev-Autonomous-Vehicle-1-5/install/erp42_cmake:/home/kimsohee/ev-1-5/ev-Autonomous-Vehicle-1-5/install/gps_localization:/home/kimsohee/ev-1-5/ev-Autonomous-Vehicle-1-5/install/erp42_gazebo:/home/kimsohee/ev-1-5/ev-Autonomous-Vehicle-1-5/install/carsa_gazebo:/opt/ros/humble LD_LIBRARY_PATH=/home/kimsohee/ev-1-5/ev-Autonomous-Vehicle-1-5/install/velodyne_msgs/lib:/home/kimsohee/ev-1-5/ev-Autonomous-Vehicle-1-5/install/velodyne_pointcloud/lib:/home/kimsohee/ev-1-5/ev-Autonomous-Vehicle-1-5/install/velodyne_driver/lib:/home/kimsohee/ev-1-5/ev-Autonomous-Vehicle-1-5/install/velodyne_cropbox/lib:/home/kimsohee/ev-1-5/ev-Autonomous-Vehicle-1-5/install/t870_serial/lib:/home/kimsohee/ev-1-5/ev-Autonomous-Vehicle-1-5/install/t870_rqt_plugin/lib:/home/kimsohee/ev-1-5/ev-Autonomous-Vehicle-1-5/install/t870_util/lib:/home/kimsohee/ev-1-5/ev-Autonomous-Vehicle-1-5/install/t870_msgs/lib:/home/kimsohee/ev-1-5/ev-Autonomous-Vehicle-1-5/install/make_bbox/lib:/home/kimsohee/ev-1-5/ev-Autonomous-Vehicle-1-5/install/ev_msgs/lib:/home/kimsohee/ev-1-5/ev-Autonomous-Vehicle-1-5/install/erp42_serial/lib:/home/kimsohee/ev-1-5/ev-Autonomous-Vehicle-1-5/install/erp42_rqt_plugin/lib:/home/kimsohee/ev-1-5/ev-Autonomous-Vehicle-1-5/install/erp42_util/lib:/home/kimsohee/ev-1-5/ev-Autonomous-Vehicle-1-5/install/erp42_msgs/lib:/home/kimsohee/ev-1-5/ev-Autonomous-Vehicle-1-5/install/erp42_gazebo/lib:/opt/ros/humble/opt/rviz_ogre_vendor/lib:/opt/ros/humble/lib/aarch64-linux-gnu:/opt/ros/humble/lib /usr/bin/cmake --install /home/kimsohee/ev-1-5/ev-Autonomous-Vehicle-1-5/build/velodyne_pointcloud
[37.000s] Level 1:colcon.colcon_core.environment:checking '/home/kimsohee/ev-1-5/ev-Autonomous-Vehicle-1-5/install/velodyne_pointcloud' for CMake config files
[37.000s] Level 1:colcon.colcon_core.shell:create_environment_hook('velodyne_pointcloud', 'cmake_prefix_path')
[37.000s] INFO:colcon.colcon_core.shell:Creating environment hook '/home/kimsohee/ev-1-5/ev-Autonomous-Vehicle-1-5/install/velodyne_pointcloud/share/velodyne_pointcloud/hook/cmake_prefix_path.ps1'
[37.000s] INFO:colcon.colcon_core.shell:Creating environment descriptor '/home/kimsohee/ev-1-5/ev-Autonomous-Vehicle-1-5/install/velodyne_pointcloud/share/velodyne_pointcloud/hook/cmake_prefix_path.dsv'
[37.001s] INFO:colcon.colcon_core.shell:Creating environment hook '/home/kimsohee/ev-1-5/ev-Autonomous-Vehicle-1-5/install/velodyne_pointcloud/share/velodyne_pointcloud/hook/cmake_prefix_path.sh'
[37.001s] Level 1:colcon.colcon_core.environment:checking '/home/kimsohee/ev-1-5/ev-Autonomous-Vehicle-1-5/install/velodyne_pointcloud/lib'
[37.001s] Level 1:colcon.colcon_core.shell:create_environment_hook('velodyne_pointcloud', 'ld_library_path_lib')
[37.001s] INFO:colcon.colcon_core.shell:Creating environment hook '/home/kimsohee/ev-1-5/ev-Autonomous-Vehicle-1-5/install/velodyne_pointcloud/share/velodyne_pointcloud/hook/ld_library_path_lib.ps1'
[37.001s] INFO:colcon.colcon_core.shell:Creating environment descriptor '/home/kimsohee/ev-1-5/ev-Autonomous-Vehicle-1-5/install/velodyne_pointcloud/share/velodyne_pointcloud/hook/ld_library_path_lib.dsv'
[37.002s] INFO:colcon.colcon_core.shell:Creating environment hook '/home/kimsohee/ev-1-5/ev-Autonomous-Vehicle-1-5/install/velodyne_pointcloud/share/velodyne_pointcloud/hook/ld_library_path_lib.sh'
[37.002s] Level 1:colcon.colcon_core.environment:checking '/home/kimsohee/ev-1-5/ev-Autonomous-Vehicle-1-5/install/velodyne_pointcloud/bin'
[37.002s] Level 1:colcon.colcon_core.environment:checking '/home/kimsohee/ev-1-5/ev-Autonomous-Vehicle-1-5/install/velodyne_pointcloud/lib/pkgconfig/velodyne_pointcloud.pc'
[37.002s] Level 1:colcon.colcon_core.environment:checking '/home/kimsohee/ev-1-5/ev-Autonomous-Vehicle-1-5/install/velodyne_pointcloud/lib/python3.10/site-packages'
[37.002s] Level 1:colcon.colcon_core.environment:checking '/home/kimsohee/ev-1-5/ev-Autonomous-Vehicle-1-5/install/velodyne_pointcloud/bin'
[37.002s] INFO:colcon.colcon_core.shell:Creating package script '/home/kimsohee/ev-1-5/ev-Autonomous-Vehicle-1-5/install/velodyne_pointcloud/share/velodyne_pointcloud/package.ps1'
[37.003s] INFO:colcon.colcon_core.shell:Creating package descriptor '/home/kimsohee/ev-1-5/ev-Autonomous-Vehicle-1-5/install/velodyne_pointcloud/share/velodyne_pointcloud/package.dsv'
[37.003s] INFO:colcon.colcon_core.shell:Creating package script '/home/kimsohee/ev-1-5/ev-Autonomous-Vehicle-1-5/install/velodyne_pointcloud/share/velodyne_pointcloud/package.sh'
[37.003s] INFO:colcon.colcon_core.shell:Creating package script '/home/kimsohee/ev-1-5/ev-Autonomous-Vehicle-1-5/install/velodyne_pointcloud/share/velodyne_pointcloud/package.bash'
[37.003s] INFO:colcon.colcon_core.shell:Creating package script '/home/kimsohee/ev-1-5/ev-Autonomous-Vehicle-1-5/install/velodyne_pointcloud/share/velodyne_pointcloud/package.zsh'
[37.003s] Level 1:colcon.colcon_core.environment:create_file_with_runtime_dependencies(/home/kimsohee/ev-1-5/ev-Autonomous-Vehicle-1-5/install/velodyne_pointcloud/share/colcon-core/packages/velodyne_pointcloud)
[37.004s] Level 1:colcon.colcon_core.environment:create_environment_scripts_only(velodyne_pointcloud)
[37.004s] Level 1:colcon.colcon_core.environment:checking '/home/kimsohee/ev-1-5/ev-Autonomous-Vehicle-1-5/install/velodyne_pointcloud' for CMake module files
[37.004s] Level 1:colcon.colcon_core.environment:checking '/home/kimsohee/ev-1-5/ev-Autonomous-Vehicle-1-5/install/velodyne_pointcloud' for CMake config files
[37.004s] Level 1:colcon.colcon_core.shell:create_environment_hook('velodyne_pointcloud', 'cmake_prefix_path')
[37.004s] INFO:colcon.colcon_core.shell:Creating environment hook '/home/kimsohee/ev-1-5/ev-Autonomous-Vehicle-1-5/install/velodyne_pointcloud/share/velodyne_pointcloud/hook/cmake_prefix_path.ps1'
[37.005s] INFO:colcon.colcon_core.shell:Creating environment descriptor '/home/kimsohee/ev-1-5/ev-Autonomous-Vehicle-1-5/install/velodyne_pointcloud/share/velodyne_pointcloud/hook/cmake_prefix_path.dsv'
[37.005s] INFO:colcon.colcon_core.shell:Creating environment hook '/home/kimsohee/ev-1-5/ev-Autonomous-Vehicle-1-5/install/velodyne_pointcloud/share/velodyne_pointcloud/hook/cmake_prefix_path.sh'
[37.005s] Level 1:colcon.colcon_core.environment:checking '/home/kimsohee/ev-1-5/ev-Autonomous-Vehicle-1-5/install/velodyne_pointcloud/lib'
[37.005s] Level 1:colcon.colcon_core.shell:create_environment_hook('velodyne_pointcloud', 'ld_library_path_lib')
[37.005s] INFO:colcon.colcon_core.shell:Creating environment hook '/home/kimsohee/ev-1-5/ev-Autonomous-Vehicle-1-5/install/velodyne_pointcloud/share/velodyne_pointcloud/hook/ld_library_path_lib.ps1'
[37.006s] INFO:colcon.colcon_core.shell:Creating environment descriptor '/home/kimsohee/ev-1-5/ev-Autonomous-Vehicle-1-5/install/velodyne_pointcloud/share/velodyne_pointcloud/hook/ld_library_path_lib.dsv'
[37.006s] INFO:colcon.colcon_core.shell:Creating environment hook '/home/kimsohee/ev-1-5/ev-Autonomous-Vehicle-1-5/install/velodyne_pointcloud/share/velodyne_pointcloud/hook/ld_library_path_lib.sh'
[37.007s] Level 1:colcon.colcon_core.environment:checking '/home/kimsohee/ev-1-5/ev-Autonomous-Vehicle-1-5/install/velodyne_pointcloud/bin'
[37.007s] Level 1:colcon.colcon_core.environment:checking '/home/kimsohee/ev-1-5/ev-Autonomous-Vehicle-1-5/install/velodyne_pointcloud/lib/pkgconfig/velodyne_pointcloud.pc'
[37.007s] Level 1:colcon.colcon_core.environment:checking '/home/kimsohee/ev-1-5/ev-Autonomous-Vehicle-1-5/install/velodyne_pointcloud/lib/python3.10/site-packages'
[37.007s] Level 1:colcon.colcon_core.environment:checking '/home/kimsohee/ev-1-5/ev-Autonomous-Vehicle-1-5/install/velodyne_pointcloud/bin'
[37.007s] INFO:colcon.colcon_core.shell:Creating package script '/home/kimsohee/ev-1-5/ev-Autonomous-Vehicle-1-5/install/velodyne_pointcloud/share/velodyne_pointcloud/package.ps1'
[37.007s] INFO:colcon.colcon_core.shell:Creating package descriptor '/home/kimsohee/ev-1-5/ev-Autonomous-Vehicle-1-5/install/velodyne_pointcloud/share/velodyne_pointcloud/package.dsv'
[37.008s] INFO:colcon.colcon_core.shell:Creating package script '/home/kimsohee/ev-1-5/ev-Autonomous-Vehicle-1-5/install/velodyne_pointcloud/share/velodyne_pointcloud/package.sh'
[37.008s] INFO:colcon.colcon_core.shell:Creating package script '/home/kimsohee/ev-1-5/ev-Autonomous-Vehicle-1-5/install/velodyne_pointcloud/share/velodyne_pointcloud/package.bash'
[37.008s] INFO:colcon.colcon_core.shell:Creating package script '/home/kimsohee/ev-1-5/ev-Autonomous-Vehicle-1-5/install/velodyne_pointcloud/share/velodyne_pointcloud/package.zsh'
[37.008s] Level 1:colcon.colcon_core.environment:create_file_with_runtime_dependencies(/home/kimsohee/ev-1-5/ev-Autonomous-Vehicle-1-5/install/velodyne_pointcloud/share/colcon-core/packages/velodyne_pointcloud)
[37.011s] DEBUG:colcon.colcon_parallel_executor.executor.parallel:closing loop
[37.014s] DEBUG:colcon.colcon_parallel_executor.executor.parallel:loop closed
[37.015s] DEBUG:colcon.colcon_parallel_executor.executor.parallel:run_until_complete finished with '0'
[37.017s] DEBUG:colcon.colcon_core.event_reactor:joining thread
[37.062s] INFO:colcon.colcon_core.plugin_system:Skipping extension 'colcon_notification.desktop_notification.terminal_notifier': Not used on non-Darwin systems
[37.062s] INFO:colcon.colcon_core.plugin_system:Skipping extension 'colcon_notification.desktop_notification.win32': Not used on non-Windows systems
[37.063s] INFO:colcon.colcon_notification.desktop_notification:Sending desktop notification using 'notify2'
[37.141s] DEBUG:colcon.colcon_core.event_reactor:joined thread
[37.143s] INFO:colcon.colcon_core.shell:Creating prefix script '/home/kimsohee/ev-1-5/ev-Autonomous-Vehicle-1-5/install/local_setup.ps1'
[37.144s] INFO:colcon.colcon_core.shell:Creating prefix util module '/home/kimsohee/ev-1-5/ev-Autonomous-Vehicle-1-5/install/_local_setup_util_ps1.py'
[37.145s] INFO:colcon.colcon_core.shell:Creating prefix chain script '/home/kimsohee/ev-1-5/ev-Autonomous-Vehicle-1-5/install/setup.ps1'
[37.149s] INFO:colcon.colcon_core.shell:Creating prefix script '/home/kimsohee/ev-1-5/ev-Autonomous-Vehicle-1-5/install/local_setup.sh'
[37.150s] INFO:colcon.colcon_core.shell:Creating prefix util module '/home/kimsohee/ev-1-5/ev-Autonomous-Vehicle-1-5/install/_local_setup_util_sh.py'
[37.150s] INFO:colcon.colcon_core.shell:Creating prefix chain script '/home/kimsohee/ev-1-5/ev-Autonomous-Vehicle-1-5/install/setup.sh'
[37.151s] INFO:colcon.colcon_core.shell:Creating prefix script '/home/kimsohee/ev-1-5/ev-Autonomous-Vehicle-1-5/install/local_setup.bash'
[37.152s] INFO:colcon.colcon_core.shell:Creating prefix chain script '/home/kimsohee/ev-1-5/ev-Autonomous-Vehicle-1-5/install/setup.bash'
[37.153s] INFO:colcon.colcon_core.shell:Creating prefix script '/home/kimsohee/ev-1-5/ev-Autonomous-Vehicle-1-5/install/local_setup.zsh'
[37.155s] INFO:colcon.colcon_core.shell:Creating prefix chain script '/home/kimsohee/ev-1-5/ev-Autonomous-Vehicle-1-5/install/setup.zsh'
