[0.048s] DEBUG:colcon:Command line arguments: ['/usr/bin/colcon', 'build', '--symlink-install']
[0.048s] DEBUG:colcon:Parsed command line arguments: Namespace(log_base=None, log_level=None, verb_name='build', build_base='build', install_base='install', merge_install=False, symlink_install=True, test_result_base=None, continue_on_error=False, executor='parallel', parallel_workers=28, event_handlers=None, ignore_user_meta=False, metas=['./colcon.meta'], base_paths=['.'], packages_ignore=None, packages_ignore_regex=None, paths=None, packages_up_to=None, packages_up_to_regex=None, packages_above=None, packages_above_and_dependencies=None, packages_above_depth=None, packages_select_by_dep=None, packages_skip_by_dep=None, packages_skip_up_to=None, packages_select_build_failed=False, packages_skip_build_finished=False, packages_select_test_failures=False, packages_skip_test_passed=False, packages_select=None, packages_skip=None, packages_select_regex=None, packages_skip_regex=None, packages_start=None, packages_end=None, allow_overriding=[], cmake_args=None, cmake_target=None, cmake_target_skip_unavailable=False, cmake_clean_cache=False, cmake_clean_first=False, cmake_force_configure=False, ament_cmake_args=None, catkin_cmake_args=None, catkin_skip_building_tests=False, mixin_files=None, mixin=None, verb_parser=<colcon_mixin.mixin.mixin_argument.MixinArgumentDecorator object at 0x7fd37174f790>, verb_extension=<colcon_core.verb.build.BuildVerb object at 0x7fd37174f220>, main=<bound method BuildVerb.main of <colcon_core.verb.build.BuildVerb object at 0x7fd37174f220>>, mixin_verb=('build',))
[0.120s] Level 1:colcon.colcon_core.package_discovery:discover_packages(colcon_meta) check parameters
[0.120s] Level 1:colcon.colcon_core.package_discovery:discover_packages(recursive) check parameters
[0.120s] Level 1:colcon.colcon_core.package_discovery:discover_packages(ignore) check parameters
[0.120s] Level 1:colcon.colcon_core.package_discovery:discover_packages(path) check parameters
[0.120s] Level 1:colcon.colcon_core.package_discovery:discover_packages(colcon_meta) discover
[0.120s] Level 1:colcon.colcon_core.package_discovery:discover_packages(recursive) discover
[0.120s] INFO:colcon.colcon_core.package_discovery:Crawling recursively for packages in '/home/aiv/ev_ws'
[0.120s] Level 1:colcon.colcon_core.package_identification:_identify(.) by extensions ['ignore', 'ignore_ament_install']
[0.120s] Level 1:colcon.colcon_core.package_identification:_identify(.) by extension 'ignore'
[0.120s] Level 1:colcon.colcon_core.package_identification:_identify(.) by extension 'ignore_ament_install'
[0.120s] Level 1:colcon.colcon_core.package_identification:_identify(.) by extensions ['colcon_pkg']
[0.120s] Level 1:colcon.colcon_core.package_identification:_identify(.) by extension 'colcon_pkg'
[0.120s] Level 1:colcon.colcon_core.package_identification:_identify(.) by extensions ['colcon_meta']
[0.120s] Level 1:colcon.colcon_core.package_identification:_identify(.) by extension 'colcon_meta'
[0.120s] Level 1:colcon.colcon_core.package_identification:_identify(.) by extensions ['ros']
[0.120s] Level 1:colcon.colcon_core.package_identification:_identify(.) by extension 'ros'
[0.125s] Level 1:colcon.colcon_core.package_identification:_identify(.) by extensions ['cmake', 'python']
[0.125s] Level 1:colcon.colcon_core.package_identification:_identify(.) by extension 'cmake'
[0.125s] Level 1:colcon.colcon_core.package_identification:_identify(.) by extension 'python'
[0.125s] Level 1:colcon.colcon_core.package_identification:_identify(.) by extensions ['python_setup_py']
[0.125s] Level 1:colcon.colcon_core.package_identification:_identify(.) by extension 'python_setup_py'
[0.125s] Level 1:colcon.colcon_core.package_identification:_identify(build) by extensions ['ignore', 'ignore_ament_install']
[0.125s] Level 1:colcon.colcon_core.package_identification:_identify(build) by extension 'ignore'
[0.125s] Level 1:colcon.colcon_core.package_identification:_identify(build) ignored
[0.125s] Level 1:colcon.colcon_core.package_identification:_identify(carsa_gazebo) by extensions ['ignore', 'ignore_ament_install']
[0.125s] Level 1:colcon.colcon_core.package_identification:_identify(carsa_gazebo) by extension 'ignore'
[0.125s] Level 1:colcon.colcon_core.package_identification:_identify(carsa_gazebo) by extension 'ignore_ament_install'
[0.125s] Level 1:colcon.colcon_core.package_identification:_identify(carsa_gazebo) by extensions ['colcon_pkg']
[0.125s] Level 1:colcon.colcon_core.package_identification:_identify(carsa_gazebo) by extension 'colcon_pkg'
[0.126s] Level 1:colcon.colcon_core.package_identification:_identify(carsa_gazebo) by extensions ['colcon_meta']
[0.126s] Level 1:colcon.colcon_core.package_identification:_identify(carsa_gazebo) by extension 'colcon_meta'
[0.126s] Level 1:colcon.colcon_core.package_identification:_identify(carsa_gazebo) by extensions ['ros']
[0.126s] Level 1:colcon.colcon_core.package_identification:_identify(carsa_gazebo) by extension 'ros'
[0.127s] DEBUG:colcon.colcon_core.package_identification:Package 'carsa_gazebo' with type 'ros.ament_cmake' and name 'carsa_gazebo'
[0.127s] Level 1:colcon.colcon_core.package_identification:_identify(erp42_ros) by extensions ['ignore', 'ignore_ament_install']
[0.127s] Level 1:colcon.colcon_core.package_identification:_identify(erp42_ros) by extension 'ignore'
[0.127s] Level 1:colcon.colcon_core.package_identification:_identify(erp42_ros) by extension 'ignore_ament_install'
[0.127s] Level 1:colcon.colcon_core.package_identification:_identify(erp42_ros) by extensions ['colcon_pkg']
[0.127s] Level 1:colcon.colcon_core.package_identification:_identify(erp42_ros) by extension 'colcon_pkg'
[0.127s] Level 1:colcon.colcon_core.package_identification:_identify(erp42_ros) by extensions ['colcon_meta']
[0.127s] Level 1:colcon.colcon_core.package_identification:_identify(erp42_ros) by extension 'colcon_meta'
[0.127s] Level 1:colcon.colcon_core.package_identification:_identify(erp42_ros) by extensions ['ros']
[0.127s] Level 1:colcon.colcon_core.package_identification:_identify(erp42_ros) by extension 'ros'
[0.127s] Level 1:colcon.colcon_core.package_identification:_identify(erp42_ros) by extensions ['cmake', 'python']
[0.127s] Level 1:colcon.colcon_core.package_identification:_identify(erp42_ros) by extension 'cmake'
[0.127s] Level 1:colcon.colcon_core.package_identification:_identify(erp42_ros) by extension 'python'
[0.127s] Level 1:colcon.colcon_core.package_identification:_identify(erp42_ros) by extensions ['python_setup_py']
[0.127s] Level 1:colcon.colcon_core.package_identification:_identify(erp42_ros) by extension 'python_setup_py'
[0.127s] Level 1:colcon.colcon_core.package_identification:_identify(erp42_ros/build) by extensions ['ignore', 'ignore_ament_install']
[0.127s] Level 1:colcon.colcon_core.package_identification:_identify(erp42_ros/build) by extension 'ignore'
[0.127s] Level 1:colcon.colcon_core.package_identification:_identify(erp42_ros/build) ignored
[0.128s] Level 1:colcon.colcon_core.package_identification:_identify(erp42_ros/docker) by extensions ['ignore', 'ignore_ament_install']
[0.128s] Level 1:colcon.colcon_core.package_identification:_identify(erp42_ros/docker) by extension 'ignore'
[0.128s] Level 1:colcon.colcon_core.package_identification:_identify(erp42_ros/docker) by extension 'ignore_ament_install'
[0.128s] Level 1:colcon.colcon_core.package_identification:_identify(erp42_ros/docker) by extensions ['colcon_pkg']
[0.128s] Level 1:colcon.colcon_core.package_identification:_identify(erp42_ros/docker) by extension 'colcon_pkg'
[0.128s] Level 1:colcon.colcon_core.package_identification:_identify(erp42_ros/docker) by extensions ['colcon_meta']
[0.128s] Level 1:colcon.colcon_core.package_identification:_identify(erp42_ros/docker) by extension 'colcon_meta'
[0.128s] Level 1:colcon.colcon_core.package_identification:_identify(erp42_ros/docker) by extensions ['ros']
[0.128s] Level 1:colcon.colcon_core.package_identification:_identify(erp42_ros/docker) by extension 'ros'
[0.128s] Level 1:colcon.colcon_core.package_identification:_identify(erp42_ros/docker) by extensions ['cmake', 'python']
[0.128s] Level 1:colcon.colcon_core.package_identification:_identify(erp42_ros/docker) by extension 'cmake'
[0.128s] Level 1:colcon.colcon_core.package_identification:_identify(erp42_ros/docker) by extension 'python'
[0.128s] Level 1:colcon.colcon_core.package_identification:_identify(erp42_ros/docker) by extensions ['python_setup_py']
[0.128s] Level 1:colcon.colcon_core.package_identification:_identify(erp42_ros/docker) by extension 'python_setup_py'
[0.128s] Level 1:colcon.colcon_core.package_identification:_identify(erp42_ros/install) by extensions ['ignore', 'ignore_ament_install']
[0.128s] Level 1:colcon.colcon_core.package_identification:_identify(erp42_ros/install) by extension 'ignore'
[0.128s] Level 1:colcon.colcon_core.package_identification:_identify(erp42_ros/install) ignored
[0.128s] Level 1:colcon.colcon_core.package_identification:_identify(erp42_ros/log) by extensions ['ignore', 'ignore_ament_install']
[0.128s] Level 1:colcon.colcon_core.package_identification:_identify(erp42_ros/log) by extension 'ignore'
[0.128s] Level 1:colcon.colcon_core.package_identification:_identify(erp42_ros/log) ignored
[0.128s] Level 1:colcon.colcon_core.package_identification:_identify(erp42_ros/src) by extensions ['ignore', 'ignore_ament_install']
[0.128s] Level 1:colcon.colcon_core.package_identification:_identify(erp42_ros/src) by extension 'ignore'
[0.128s] Level 1:colcon.colcon_core.package_identification:_identify(erp42_ros/src) by extension 'ignore_ament_install'
[0.128s] Level 1:colcon.colcon_core.package_identification:_identify(erp42_ros/src) by extensions ['colcon_pkg']
[0.128s] Level 1:colcon.colcon_core.package_identification:_identify(erp42_ros/src) by extension 'colcon_pkg'
[0.128s] Level 1:colcon.colcon_core.package_identification:_identify(erp42_ros/src) by extensions ['colcon_meta']
[0.128s] Level 1:colcon.colcon_core.package_identification:_identify(erp42_ros/src) by extension 'colcon_meta'
[0.128s] Level 1:colcon.colcon_core.package_identification:_identify(erp42_ros/src) by extensions ['ros']
[0.128s] Level 1:colcon.colcon_core.package_identification:_identify(erp42_ros/src) by extension 'ros'
[0.128s] Level 1:colcon.colcon_core.package_identification:_identify(erp42_ros/src) by extensions ['cmake', 'python']
[0.128s] Level 1:colcon.colcon_core.package_identification:_identify(erp42_ros/src) by extension 'cmake'
[0.128s] Level 1:colcon.colcon_core.package_identification:_identify(erp42_ros/src) by extension 'python'
[0.128s] Level 1:colcon.colcon_core.package_identification:_identify(erp42_ros/src) by extensions ['python_setup_py']
[0.128s] Level 1:colcon.colcon_core.package_identification:_identify(erp42_ros/src) by extension 'python_setup_py'
[0.128s] Level 1:colcon.colcon_core.package_identification:_identify(erp42_ros/src/erp42_cmake) by extensions ['ignore', 'ignore_ament_install']
[0.128s] Level 1:colcon.colcon_core.package_identification:_identify(erp42_ros/src/erp42_cmake) by extension 'ignore'
[0.128s] Level 1:colcon.colcon_core.package_identification:_identify(erp42_ros/src/erp42_cmake) by extension 'ignore_ament_install'
[0.128s] Level 1:colcon.colcon_core.package_identification:_identify(erp42_ros/src/erp42_cmake) by extensions ['colcon_pkg']
[0.128s] Level 1:colcon.colcon_core.package_identification:_identify(erp42_ros/src/erp42_cmake) by extension 'colcon_pkg'
[0.128s] Level 1:colcon.colcon_core.package_identification:_identify(erp42_ros/src/erp42_cmake) by extensions ['colcon_meta']
[0.128s] Level 1:colcon.colcon_core.package_identification:_identify(erp42_ros/src/erp42_cmake) by extension 'colcon_meta'
[0.128s] Level 1:colcon.colcon_core.package_identification:_identify(erp42_ros/src/erp42_cmake) by extensions ['ros']
[0.128s] Level 1:colcon.colcon_core.package_identification:_identify(erp42_ros/src/erp42_cmake) by extension 'ros'
[0.129s] DEBUG:colcon.colcon_core.package_identification:Package 'erp42_ros/src/erp42_cmake' with type 'ros.ament_cmake' and name 'erp42_cmake'
[0.129s] Level 1:colcon.colcon_core.package_identification:_identify(erp42_ros/src/erp42_description) by extensions ['ignore', 'ignore_ament_install']
[0.129s] Level 1:colcon.colcon_core.package_identification:_identify(erp42_ros/src/erp42_description) by extension 'ignore'
[0.129s] Level 1:colcon.colcon_core.package_identification:_identify(erp42_ros/src/erp42_description) by extension 'ignore_ament_install'
[0.129s] Level 1:colcon.colcon_core.package_identification:_identify(erp42_ros/src/erp42_description) by extensions ['colcon_pkg']
[0.129s] Level 1:colcon.colcon_core.package_identification:_identify(erp42_ros/src/erp42_description) by extension 'colcon_pkg'
[0.129s] Level 1:colcon.colcon_core.package_identification:_identify(erp42_ros/src/erp42_description) by extensions ['colcon_meta']
[0.129s] Level 1:colcon.colcon_core.package_identification:_identify(erp42_ros/src/erp42_description) by extension 'colcon_meta'
[0.129s] Level 1:colcon.colcon_core.package_identification:_identify(erp42_ros/src/erp42_description) by extensions ['ros']
[0.129s] Level 1:colcon.colcon_core.package_identification:_identify(erp42_ros/src/erp42_description) by extension 'ros'
[0.129s] DEBUG:colcon.colcon_core.package_identification:Package 'erp42_ros/src/erp42_description' with type 'ros.ament_cmake' and name 'erp42_description'
[0.129s] Level 1:colcon.colcon_core.package_identification:_identify(erp42_ros/src/erp42_gazebo) by extensions ['ignore', 'ignore_ament_install']
[0.129s] Level 1:colcon.colcon_core.package_identification:_identify(erp42_ros/src/erp42_gazebo) by extension 'ignore'
[0.129s] Level 1:colcon.colcon_core.package_identification:_identify(erp42_ros/src/erp42_gazebo) by extension 'ignore_ament_install'
[0.129s] Level 1:colcon.colcon_core.package_identification:_identify(erp42_ros/src/erp42_gazebo) by extensions ['colcon_pkg']
[0.129s] Level 1:colcon.colcon_core.package_identification:_identify(erp42_ros/src/erp42_gazebo) by extension 'colcon_pkg'
[0.129s] Level 1:colcon.colcon_core.package_identification:_identify(erp42_ros/src/erp42_gazebo) by extensions ['colcon_meta']
[0.129s] Level 1:colcon.colcon_core.package_identification:_identify(erp42_ros/src/erp42_gazebo) by extension 'colcon_meta'
[0.129s] Level 1:colcon.colcon_core.package_identification:_identify(erp42_ros/src/erp42_gazebo) by extensions ['ros']
[0.129s] Level 1:colcon.colcon_core.package_identification:_identify(erp42_ros/src/erp42_gazebo) by extension 'ros'
[0.130s] DEBUG:colcon.colcon_core.package_identification:Package 'erp42_ros/src/erp42_gazebo' with type 'ros.ament_cmake' and name 'erp42_gazebo'
[0.130s] Level 1:colcon.colcon_core.package_identification:_identify(erp42_ros/src/erp42_msgs) by extensions ['ignore', 'ignore_ament_install']
[0.130s] Level 1:colcon.colcon_core.package_identification:_identify(erp42_ros/src/erp42_msgs) by extension 'ignore'
[0.130s] Level 1:colcon.colcon_core.package_identification:_identify(erp42_ros/src/erp42_msgs) by extension 'ignore_ament_install'
[0.130s] Level 1:colcon.colcon_core.package_identification:_identify(erp42_ros/src/erp42_msgs) by extensions ['colcon_pkg']
[0.130s] Level 1:colcon.colcon_core.package_identification:_identify(erp42_ros/src/erp42_msgs) by extension 'colcon_pkg'
[0.130s] Level 1:colcon.colcon_core.package_identification:_identify(erp42_ros/src/erp42_msgs) by extensions ['colcon_meta']
[0.130s] Level 1:colcon.colcon_core.package_identification:_identify(erp42_ros/src/erp42_msgs) by extension 'colcon_meta'
[0.130s] Level 1:colcon.colcon_core.package_identification:_identify(erp42_ros/src/erp42_msgs) by extensions ['ros']
[0.130s] Level 1:colcon.colcon_core.package_identification:_identify(erp42_ros/src/erp42_msgs) by extension 'ros'
[0.130s] DEBUG:colcon.colcon_core.package_identification:Package 'erp42_ros/src/erp42_msgs' with type 'ros.ament_cmake' and name 'erp42_msgs'
[0.130s] Level 1:colcon.colcon_core.package_identification:_identify(erp42_ros/src/erp42_rqt_plugin) by extensions ['ignore', 'ignore_ament_install']
[0.134s] Level 1:colcon.colcon_core.package_identification:_identify(erp42_ros/src/erp42_rqt_plugin) by extension 'ignore'
[0.134s] Level 1:colcon.colcon_core.package_identification:_identify(erp42_ros/src/erp42_rqt_plugin) by extension 'ignore_ament_install'
[0.134s] Level 1:colcon.colcon_core.package_identification:_identify(erp42_ros/src/erp42_rqt_plugin) by extensions ['colcon_pkg']
[0.134s] Level 1:colcon.colcon_core.package_identification:_identify(erp42_ros/src/erp42_rqt_plugin) by extension 'colcon_pkg'
[0.134s] Level 1:colcon.colcon_core.package_identification:_identify(erp42_ros/src/erp42_rqt_plugin) by extensions ['colcon_meta']
[0.134s] Level 1:colcon.colcon_core.package_identification:_identify(erp42_ros/src/erp42_rqt_plugin) by extension 'colcon_meta'
[0.134s] Level 1:colcon.colcon_core.package_identification:_identify(erp42_ros/src/erp42_rqt_plugin) by extensions ['ros']
[0.134s] Level 1:colcon.colcon_core.package_identification:_identify(erp42_ros/src/erp42_rqt_plugin) by extension 'ros'
[0.134s] DEBUG:colcon.colcon_core.package_identification:Package 'erp42_ros/src/erp42_rqt_plugin' with type 'ros.ament_cmake' and name 'erp42_rqt_plugin'
[0.134s] Level 1:colcon.colcon_core.package_identification:_identify(erp42_ros/src/erp42_serial) by extensions ['ignore', 'ignore_ament_install']
[0.134s] Level 1:colcon.colcon_core.package_identification:_identify(erp42_ros/src/erp42_serial) by extension 'ignore'
[0.134s] Level 1:colcon.colcon_core.package_identification:_identify(erp42_ros/src/erp42_serial) by extension 'ignore_ament_install'
[0.134s] Level 1:colcon.colcon_core.package_identification:_identify(erp42_ros/src/erp42_serial) by extensions ['colcon_pkg']
[0.134s] Level 1:colcon.colcon_core.package_identification:_identify(erp42_ros/src/erp42_serial) by extension 'colcon_pkg'
[0.134s] Level 1:colcon.colcon_core.package_identification:_identify(erp42_ros/src/erp42_serial) by extensions ['colcon_meta']
[0.134s] Level 1:colcon.colcon_core.package_identification:_identify(erp42_ros/src/erp42_serial) by extension 'colcon_meta'
[0.134s] Level 1:colcon.colcon_core.package_identification:_identify(erp42_ros/src/erp42_serial) by extensions ['ros']
[0.134s] Level 1:colcon.colcon_core.package_identification:_identify(erp42_ros/src/erp42_serial) by extension 'ros'
[0.135s] DEBUG:colcon.colcon_core.package_identification:Package 'erp42_ros/src/erp42_serial' with type 'ros.ament_cmake' and name 'erp42_serial'
[0.135s] Level 1:colcon.colcon_core.package_identification:_identify(erp42_ros/src/erp42_util) by extensions ['ignore', 'ignore_ament_install']
[0.135s] Level 1:colcon.colcon_core.package_identification:_identify(erp42_ros/src/erp42_util) by extension 'ignore'
[0.135s] Level 1:colcon.colcon_core.package_identification:_identify(erp42_ros/src/erp42_util) by extension 'ignore_ament_install'
[0.135s] Level 1:colcon.colcon_core.package_identification:_identify(erp42_ros/src/erp42_util) by extensions ['colcon_pkg']
[0.135s] Level 1:colcon.colcon_core.package_identification:_identify(erp42_ros/src/erp42_util) by extension 'colcon_pkg'
[0.135s] Level 1:colcon.colcon_core.package_identification:_identify(erp42_ros/src/erp42_util) by extensions ['colcon_meta']
[0.135s] Level 1:colcon.colcon_core.package_identification:_identify(erp42_ros/src/erp42_util) by extension 'colcon_meta'
[0.135s] Level 1:colcon.colcon_core.package_identification:_identify(erp42_ros/src/erp42_util) by extensions ['ros']
[0.135s] Level 1:colcon.colcon_core.package_identification:_identify(erp42_ros/src/erp42_util) by extension 'ros'
[0.135s] DEBUG:colcon.colcon_core.package_identification:Package 'erp42_ros/src/erp42_util' with type 'ros.ament_cmake' and name 'erp42_util'
[0.135s] Level 1:colcon.colcon_core.package_identification:_identify(ev_msgs) by extensions ['ignore', 'ignore_ament_install']
[0.135s] Level 1:colcon.colcon_core.package_identification:_identify(ev_msgs) by extension 'ignore'
[0.135s] Level 1:colcon.colcon_core.package_identification:_identify(ev_msgs) by extension 'ignore_ament_install'
[0.135s] Level 1:colcon.colcon_core.package_identification:_identify(ev_msgs) by extensions ['colcon_pkg']
[0.135s] Level 1:colcon.colcon_core.package_identification:_identify(ev_msgs) by extension 'colcon_pkg'
[0.135s] Level 1:colcon.colcon_core.package_identification:_identify(ev_msgs) by extensions ['colcon_meta']
[0.135s] Level 1:colcon.colcon_core.package_identification:_identify(ev_msgs) by extension 'colcon_meta'
[0.135s] Level 1:colcon.colcon_core.package_identification:_identify(ev_msgs) by extensions ['ros']
[0.135s] Level 1:colcon.colcon_core.package_identification:_identify(ev_msgs) by extension 'ros'
[0.136s] DEBUG:colcon.colcon_core.package_identification:Package 'ev_msgs' with type 'ros.ament_cmake' and name 'ev_msgs'
[0.136s] Level 1:colcon.colcon_core.package_identification:_identify(install) by extensions ['ignore', 'ignore_ament_install']
[0.136s] Level 1:colcon.colcon_core.package_identification:_identify(install) by extension 'ignore'
[0.136s] Level 1:colcon.colcon_core.package_identification:_identify(install) ignored
[0.136s] Level 1:colcon.colcon_core.package_identification:_identify(log) by extensions ['ignore', 'ignore_ament_install']
[0.136s] Level 1:colcon.colcon_core.package_identification:_identify(log) by extension 'ignore'
[0.136s] Level 1:colcon.colcon_core.package_identification:_identify(log) ignored
[0.136s] Level 1:colcon.colcon_core.package_identification:_identify(perception) by extensions ['ignore', 'ignore_ament_install']
[0.136s] Level 1:colcon.colcon_core.package_identification:_identify(perception) by extension 'ignore'
[0.136s] Level 1:colcon.colcon_core.package_identification:_identify(perception) by extension 'ignore_ament_install'
[0.136s] Level 1:colcon.colcon_core.package_identification:_identify(perception) by extensions ['colcon_pkg']
[0.136s] Level 1:colcon.colcon_core.package_identification:_identify(perception) by extension 'colcon_pkg'
[0.136s] Level 1:colcon.colcon_core.package_identification:_identify(perception) by extensions ['colcon_meta']
[0.136s] Level 1:colcon.colcon_core.package_identification:_identify(perception) by extension 'colcon_meta'
[0.136s] Level 1:colcon.colcon_core.package_identification:_identify(perception) by extensions ['ros']
[0.136s] Level 1:colcon.colcon_core.package_identification:_identify(perception) by extension 'ros'
[0.136s] Level 1:colcon.colcon_core.package_identification:_identify(perception) by extensions ['cmake', 'python']
[0.136s] Level 1:colcon.colcon_core.package_identification:_identify(perception) by extension 'cmake'
[0.136s] Level 1:colcon.colcon_core.package_identification:_identify(perception) by extension 'python'
[0.136s] Level 1:colcon.colcon_core.package_identification:_identify(perception) by extensions ['python_setup_py']
[0.136s] Level 1:colcon.colcon_core.package_identification:_identify(perception) by extension 'python_setup_py'
[0.136s] Level 1:colcon.colcon_core.package_identification:_identify(perception/build) by extensions ['ignore', 'ignore_ament_install']
[0.136s] Level 1:colcon.colcon_core.package_identification:_identify(perception/build) by extension 'ignore'
[0.136s] Level 1:colcon.colcon_core.package_identification:_identify(perception/build) ignored
[0.136s] Level 1:colcon.colcon_core.package_identification:_identify(perception/install) by extensions ['ignore', 'ignore_ament_install']
[0.136s] Level 1:colcon.colcon_core.package_identification:_identify(perception/install) by extension 'ignore'
[0.136s] Level 1:colcon.colcon_core.package_identification:_identify(perception/install) ignored
[0.136s] Level 1:colcon.colcon_core.package_identification:_identify(perception/log) by extensions ['ignore', 'ignore_ament_install']
[0.136s] Level 1:colcon.colcon_core.package_identification:_identify(perception/log) by extension 'ignore'
[0.136s] Level 1:colcon.colcon_core.package_identification:_identify(perception/log) ignored
[0.136s] Level 1:colcon.colcon_core.package_identification:_identify(perception/rosbag) by extensions ['ignore', 'ignore_ament_install']
[0.136s] Level 1:colcon.colcon_core.package_identification:_identify(perception/rosbag) by extension 'ignore'
[0.136s] Level 1:colcon.colcon_core.package_identification:_identify(perception/rosbag) by extension 'ignore_ament_install'
[0.136s] Level 1:colcon.colcon_core.package_identification:_identify(perception/rosbag) by extensions ['colcon_pkg']
[0.136s] Level 1:colcon.colcon_core.package_identification:_identify(perception/rosbag) by extension 'colcon_pkg'
[0.136s] Level 1:colcon.colcon_core.package_identification:_identify(perception/rosbag) by extensions ['colcon_meta']
[0.136s] Level 1:colcon.colcon_core.package_identification:_identify(perception/rosbag) by extension 'colcon_meta'
[0.136s] Level 1:colcon.colcon_core.package_identification:_identify(perception/rosbag) by extensions ['ros']
[0.136s] Level 1:colcon.colcon_core.package_identification:_identify(perception/rosbag) by extension 'ros'
[0.136s] Level 1:colcon.colcon_core.package_identification:_identify(perception/rosbag) by extensions ['cmake', 'python']
[0.136s] Level 1:colcon.colcon_core.package_identification:_identify(perception/rosbag) by extension 'cmake'
[0.136s] Level 1:colcon.colcon_core.package_identification:_identify(perception/rosbag) by extension 'python'
[0.136s] Level 1:colcon.colcon_core.package_identification:_identify(perception/rosbag) by extensions ['python_setup_py']
[0.137s] Level 1:colcon.colcon_core.package_identification:_identify(perception/rosbag) by extension 'python_setup_py'
[0.137s] Level 1:colcon.colcon_core.package_identification:_identify(perception/rosbag/playground) by extensions ['ignore', 'ignore_ament_install']
[0.137s] Level 1:colcon.colcon_core.package_identification:_identify(perception/rosbag/playground) by extension 'ignore'
[0.137s] Level 1:colcon.colcon_core.package_identification:_identify(perception/rosbag/playground) by extension 'ignore_ament_install'
[0.137s] Level 1:colcon.colcon_core.package_identification:_identify(perception/rosbag/playground) by extensions ['colcon_pkg']
[0.137s] Level 1:colcon.colcon_core.package_identification:_identify(perception/rosbag/playground) by extension 'colcon_pkg'
[0.137s] Level 1:colcon.colcon_core.package_identification:_identify(perception/rosbag/playground) by extensions ['colcon_meta']
[0.137s] Level 1:colcon.colcon_core.package_identification:_identify(perception/rosbag/playground) by extension 'colcon_meta'
[0.137s] Level 1:colcon.colcon_core.package_identification:_identify(perception/rosbag/playground) by extensions ['ros']
[0.137s] Level 1:colcon.colcon_core.package_identification:_identify(perception/rosbag/playground) by extension 'ros'
[0.137s] Level 1:colcon.colcon_core.package_identification:_identify(perception/rosbag/playground) by extensions ['cmake', 'python']
[0.137s] Level 1:colcon.colcon_core.package_identification:_identify(perception/rosbag/playground) by extension 'cmake'
[0.137s] Level 1:colcon.colcon_core.package_identification:_identify(perception/rosbag/playground) by extension 'python'
[0.137s] Level 1:colcon.colcon_core.package_identification:_identify(perception/rosbag/playground) by extensions ['python_setup_py']
[0.137s] Level 1:colcon.colcon_core.package_identification:_identify(perception/rosbag/playground) by extension 'python_setup_py'
[0.137s] Level 1:colcon.colcon_core.package_identification:_identify(perception/rosbag/playground2_good) by extensions ['ignore', 'ignore_ament_install']
[0.137s] Level 1:colcon.colcon_core.package_identification:_identify(perception/rosbag/playground2_good) by extension 'ignore'
[0.137s] Level 1:colcon.colcon_core.package_identification:_identify(perception/rosbag/playground2_good) by extension 'ignore_ament_install'
[0.137s] Level 1:colcon.colcon_core.package_identification:_identify(perception/rosbag/playground2_good) by extensions ['colcon_pkg']
[0.137s] Level 1:colcon.colcon_core.package_identification:_identify(perception/rosbag/playground2_good) by extension 'colcon_pkg'
[0.137s] Level 1:colcon.colcon_core.package_identification:_identify(perception/rosbag/playground2_good) by extensions ['colcon_meta']
[0.137s] Level 1:colcon.colcon_core.package_identification:_identify(perception/rosbag/playground2_good) by extension 'colcon_meta'
[0.137s] Level 1:colcon.colcon_core.package_identification:_identify(perception/rosbag/playground2_good) by extensions ['ros']
[0.137s] Level 1:colcon.colcon_core.package_identification:_identify(perception/rosbag/playground2_good) by extension 'ros'
[0.137s] Level 1:colcon.colcon_core.package_identification:_identify(perception/rosbag/playground2_good) by extensions ['cmake', 'python']
[0.137s] Level 1:colcon.colcon_core.package_identification:_identify(perception/rosbag/playground2_good) by extension 'cmake'
[0.137s] Level 1:colcon.colcon_core.package_identification:_identify(perception/rosbag/playground2_good) by extension 'python'
[0.137s] Level 1:colcon.colcon_core.package_identification:_identify(perception/rosbag/playground2_good) by extensions ['python_setup_py']
[0.137s] Level 1:colcon.colcon_core.package_identification:_identify(perception/rosbag/playground2_good) by extension 'python_setup_py'
[0.137s] Level 1:colcon.colcon_core.package_identification:_identify(perception/rosbag/playground3_good) by extensions ['ignore', 'ignore_ament_install']
[0.137s] Level 1:colcon.colcon_core.package_identification:_identify(perception/rosbag/playground3_good) by extension 'ignore'
[0.137s] Level 1:colcon.colcon_core.package_identification:_identify(perception/rosbag/playground3_good) by extension 'ignore_ament_install'
[0.137s] Level 1:colcon.colcon_core.package_identification:_identify(perception/rosbag/playground3_good) by extensions ['colcon_pkg']
[0.137s] Level 1:colcon.colcon_core.package_identification:_identify(perception/rosbag/playground3_good) by extension 'colcon_pkg'
[0.137s] Level 1:colcon.colcon_core.package_identification:_identify(perception/rosbag/playground3_good) by extensions ['colcon_meta']
[0.137s] Level 1:colcon.colcon_core.package_identification:_identify(perception/rosbag/playground3_good) by extension 'colcon_meta'
[0.137s] Level 1:colcon.colcon_core.package_identification:_identify(perception/rosbag/playground3_good) by extensions ['ros']
[0.137s] Level 1:colcon.colcon_core.package_identification:_identify(perception/rosbag/playground3_good) by extension 'ros'
[0.137s] Level 1:colcon.colcon_core.package_identification:_identify(perception/rosbag/playground3_good) by extensions ['cmake', 'python']
[0.137s] Level 1:colcon.colcon_core.package_identification:_identify(perception/rosbag/playground3_good) by extension 'cmake'
[0.137s] Level 1:colcon.colcon_core.package_identification:_identify(perception/rosbag/playground3_good) by extension 'python'
[0.137s] Level 1:colcon.colcon_core.package_identification:_identify(perception/rosbag/playground3_good) by extensions ['python_setup_py']
[0.137s] Level 1:colcon.colcon_core.package_identification:_identify(perception/rosbag/playground3_good) by extension 'python_setup_py'
[0.137s] Level 1:colcon.colcon_core.package_identification:_identify(perception/src) by extensions ['ignore', 'ignore_ament_install']
[0.137s] Level 1:colcon.colcon_core.package_identification:_identify(perception/src) by extension 'ignore'
[0.137s] Level 1:colcon.colcon_core.package_identification:_identify(perception/src) by extension 'ignore_ament_install'
[0.137s] Level 1:colcon.colcon_core.package_identification:_identify(perception/src) by extensions ['colcon_pkg']
[0.137s] Level 1:colcon.colcon_core.package_identification:_identify(perception/src) by extension 'colcon_pkg'
[0.137s] Level 1:colcon.colcon_core.package_identification:_identify(perception/src) by extensions ['colcon_meta']
[0.137s] Level 1:colcon.colcon_core.package_identification:_identify(perception/src) by extension 'colcon_meta'
[0.137s] Level 1:colcon.colcon_core.package_identification:_identify(perception/src) by extensions ['ros']
[0.137s] Level 1:colcon.colcon_core.package_identification:_identify(perception/src) by extension 'ros'
[0.137s] Level 1:colcon.colcon_core.package_identification:_identify(perception/src) by extensions ['cmake', 'python']
[0.137s] Level 1:colcon.colcon_core.package_identification:_identify(perception/src) by extension 'cmake'
[0.137s] Level 1:colcon.colcon_core.package_identification:_identify(perception/src) by extension 'python'
[0.137s] Level 1:colcon.colcon_core.package_identification:_identify(perception/src) by extensions ['python_setup_py']
[0.137s] Level 1:colcon.colcon_core.package_identification:_identify(perception/src) by extension 'python_setup_py'
[0.137s] Level 1:colcon.colcon_core.package_identification:_identify(perception/src/lidar) by extensions ['ignore', 'ignore_ament_install']
[0.138s] Level 1:colcon.colcon_core.package_identification:_identify(perception/src/lidar) by extension 'ignore'
[0.138s] Level 1:colcon.colcon_core.package_identification:_identify(perception/src/lidar) by extension 'ignore_ament_install'
[0.138s] Level 1:colcon.colcon_core.package_identification:_identify(perception/src/lidar) by extensions ['colcon_pkg']
[0.138s] Level 1:colcon.colcon_core.package_identification:_identify(perception/src/lidar) by extension 'colcon_pkg'
[0.138s] Level 1:colcon.colcon_core.package_identification:_identify(perception/src/lidar) by extensions ['colcon_meta']
[0.138s] Level 1:colcon.colcon_core.package_identification:_identify(perception/src/lidar) by extension 'colcon_meta'
[0.138s] Level 1:colcon.colcon_core.package_identification:_identify(perception/src/lidar) by extensions ['ros']
[0.138s] Level 1:colcon.colcon_core.package_identification:_identify(perception/src/lidar) by extension 'ros'
[0.138s] Level 1:colcon.colcon_core.package_identification:_identify(perception/src/lidar) by extensions ['cmake', 'python']
[0.138s] Level 1:colcon.colcon_core.package_identification:_identify(perception/src/lidar) by extension 'cmake'
[0.138s] Level 1:colcon.colcon_core.package_identification:_identify(perception/src/lidar) by extension 'python'
[0.138s] Level 1:colcon.colcon_core.package_identification:_identify(perception/src/lidar) by extensions ['python_setup_py']
[0.138s] Level 1:colcon.colcon_core.package_identification:_identify(perception/src/lidar) by extension 'python_setup_py'
[0.138s] Level 1:colcon.colcon_core.package_identification:_identify(perception/src/lidar/cluster_splitter) by extensions ['ignore', 'ignore_ament_install']
[0.138s] Level 1:colcon.colcon_core.package_identification:_identify(perception/src/lidar/cluster_splitter) by extension 'ignore'
[0.138s] Level 1:colcon.colcon_core.package_identification:_identify(perception/src/lidar/cluster_splitter) by extension 'ignore_ament_install'
[0.138s] Level 1:colcon.colcon_core.package_identification:_identify(perception/src/lidar/cluster_splitter) by extensions ['colcon_pkg']
[0.138s] Level 1:colcon.colcon_core.package_identification:_identify(perception/src/lidar/cluster_splitter) by extension 'colcon_pkg'
[0.138s] Level 1:colcon.colcon_core.package_identification:_identify(perception/src/lidar/cluster_splitter) by extensions ['colcon_meta']
[0.138s] Level 1:colcon.colcon_core.package_identification:_identify(perception/src/lidar/cluster_splitter) by extension 'colcon_meta'
[0.138s] Level 1:colcon.colcon_core.package_identification:_identify(perception/src/lidar/cluster_splitter) by extensions ['ros']
[0.138s] Level 1:colcon.colcon_core.package_identification:_identify(perception/src/lidar/cluster_splitter) by extension 'ros'
[0.138s] DEBUG:colcon.colcon_core.package_identification:Package 'perception/src/lidar/cluster_splitter' with type 'ros.ament_cmake' and name 'cluster_splitter'
[0.138s] Level 1:colcon.colcon_core.package_identification:_identify(perception/src/lidar/dbscan_clustering) by extensions ['ignore', 'ignore_ament_install']
[0.138s] Level 1:colcon.colcon_core.package_identification:_identify(perception/src/lidar/dbscan_clustering) by extension 'ignore'
[0.138s] Level 1:colcon.colcon_core.package_identification:_identify(perception/src/lidar/dbscan_clustering) by extension 'ignore_ament_install'
[0.138s] Level 1:colcon.colcon_core.package_identification:_identify(perception/src/lidar/dbscan_clustering) by extensions ['colcon_pkg']
[0.138s] Level 1:colcon.colcon_core.package_identification:_identify(perception/src/lidar/dbscan_clustering) by extension 'colcon_pkg'
[0.138s] Level 1:colcon.colcon_core.package_identification:_identify(perception/src/lidar/dbscan_clustering) by extensions ['colcon_meta']
[0.138s] Level 1:colcon.colcon_core.package_identification:_identify(perception/src/lidar/dbscan_clustering) by extension 'colcon_meta'
[0.138s] Level 1:colcon.colcon_core.package_identification:_identify(perception/src/lidar/dbscan_clustering) by extensions ['ros']
[0.138s] Level 1:colcon.colcon_core.package_identification:_identify(perception/src/lidar/dbscan_clustering) by extension 'ros'
[0.139s] DEBUG:colcon.colcon_core.package_identification:Package 'perception/src/lidar/dbscan_clustering' with type 'ros.ament_cmake' and name 'dbscan_clustering'
[0.139s] Level 1:colcon.colcon_core.package_identification:_identify(perception/src/lidar/lidar_voxel_grid) by extensions ['ignore', 'ignore_ament_install']
[0.139s] Level 1:colcon.colcon_core.package_identification:_identify(perception/src/lidar/lidar_voxel_grid) by extension 'ignore'
[0.139s] Level 1:colcon.colcon_core.package_identification:_identify(perception/src/lidar/lidar_voxel_grid) by extension 'ignore_ament_install'
[0.139s] Level 1:colcon.colcon_core.package_identification:_identify(perception/src/lidar/lidar_voxel_grid) by extensions ['colcon_pkg']
[0.139s] Level 1:colcon.colcon_core.package_identification:_identify(perception/src/lidar/lidar_voxel_grid) by extension 'colcon_pkg'
[0.139s] Level 1:colcon.colcon_core.package_identification:_identify(perception/src/lidar/lidar_voxel_grid) by extensions ['colcon_meta']
[0.139s] Level 1:colcon.colcon_core.package_identification:_identify(perception/src/lidar/lidar_voxel_grid) by extension 'colcon_meta'
[0.139s] Level 1:colcon.colcon_core.package_identification:_identify(perception/src/lidar/lidar_voxel_grid) by extensions ['ros']
[0.139s] Level 1:colcon.colcon_core.package_identification:_identify(perception/src/lidar/lidar_voxel_grid) by extension 'ros'
[0.139s] DEBUG:colcon.colcon_core.package_identification:Package 'perception/src/lidar/lidar_voxel_grid' with type 'ros.ament_cmake' and name 'lidar_voxel_grid'
[0.139s] Level 1:colcon.colcon_core.package_identification:_identify(perception/src/lidar/make_bbox) by extensions ['ignore', 'ignore_ament_install']
[0.139s] Level 1:colcon.colcon_core.package_identification:_identify(perception/src/lidar/make_bbox) by extension 'ignore'
[0.139s] Level 1:colcon.colcon_core.package_identification:_identify(perception/src/lidar/make_bbox) by extension 'ignore_ament_install'
[0.139s] Level 1:colcon.colcon_core.package_identification:_identify(perception/src/lidar/make_bbox) by extensions ['colcon_pkg']
[0.139s] Level 1:colcon.colcon_core.package_identification:_identify(perception/src/lidar/make_bbox) by extension 'colcon_pkg'
[0.139s] Level 1:colcon.colcon_core.package_identification:_identify(perception/src/lidar/make_bbox) by extensions ['colcon_meta']
[0.139s] Level 1:colcon.colcon_core.package_identification:_identify(perception/src/lidar/make_bbox) by extension 'colcon_meta'
[0.139s] Level 1:colcon.colcon_core.package_identification:_identify(perception/src/lidar/make_bbox) by extensions ['ros']
[0.139s] Level 1:colcon.colcon_core.package_identification:_identify(perception/src/lidar/make_bbox) by extension 'ros'
[0.140s] DEBUG:colcon.colcon_core.package_identification:Package 'perception/src/lidar/make_bbox' with type 'ros.ament_cmake' and name 'make_bbox'
[0.140s] Level 1:colcon.colcon_core.package_identification:_identify(perception/src/lidar/patchwork-plusplus-master) by extensions ['ignore', 'ignore_ament_install']
[0.140s] Level 1:colcon.colcon_core.package_identification:_identify(perception/src/lidar/patchwork-plusplus-master) by extension 'ignore'
[0.140s] Level 1:colcon.colcon_core.package_identification:_identify(perception/src/lidar/patchwork-plusplus-master) by extension 'ignore_ament_install'
[0.140s] Level 1:colcon.colcon_core.package_identification:_identify(perception/src/lidar/patchwork-plusplus-master) by extensions ['colcon_pkg']
[0.140s] Level 1:colcon.colcon_core.package_identification:_identify(perception/src/lidar/patchwork-plusplus-master) by extension 'colcon_pkg'
[0.140s] Level 1:colcon.colcon_core.package_identification:_identify(perception/src/lidar/patchwork-plusplus-master) by extensions ['colcon_meta']
[0.140s] Level 1:colcon.colcon_core.package_identification:_identify(perception/src/lidar/patchwork-plusplus-master) by extension 'colcon_meta'
[0.140s] Level 1:colcon.colcon_core.package_identification:_identify(perception/src/lidar/patchwork-plusplus-master) by extensions ['ros']
[0.140s] Level 1:colcon.colcon_core.package_identification:_identify(perception/src/lidar/patchwork-plusplus-master) by extension 'ros'
[0.140s] Level 1:colcon.colcon_core.package_identification:_identify(perception/src/lidar/patchwork-plusplus-master) by extensions ['cmake', 'python']
[0.140s] Level 1:colcon.colcon_core.package_identification:_identify(perception/src/lidar/patchwork-plusplus-master) by extension 'cmake'
[0.140s] Level 1:colcon.colcon_core.package_identification:_identify(perception/src/lidar/patchwork-plusplus-master) by extension 'python'
[0.140s] Level 1:colcon.colcon_core.package_identification:_identify(perception/src/lidar/patchwork-plusplus-master) by extensions ['python_setup_py']
[0.140s] Level 1:colcon.colcon_core.package_identification:_identify(perception/src/lidar/patchwork-plusplus-master) by extension 'python_setup_py'
[0.140s] Level 1:colcon.colcon_core.package_identification:_identify(perception/src/lidar/patchwork-plusplus-master/patchwork-plusplus-master) by extensions ['ignore', 'ignore_ament_install']
[0.140s] Level 1:colcon.colcon_core.package_identification:_identify(perception/src/lidar/patchwork-plusplus-master/patchwork-plusplus-master) by extension 'ignore'
[0.140s] Level 1:colcon.colcon_core.package_identification:_identify(perception/src/lidar/patchwork-plusplus-master/patchwork-plusplus-master) by extension 'ignore_ament_install'
[0.140s] Level 1:colcon.colcon_core.package_identification:_identify(perception/src/lidar/patchwork-plusplus-master/patchwork-plusplus-master) by extensions ['colcon_pkg']
[0.140s] Level 1:colcon.colcon_core.package_identification:_identify(perception/src/lidar/patchwork-plusplus-master/patchwork-plusplus-master) by extension 'colcon_pkg'
[0.140s] Level 1:colcon.colcon_core.package_identification:_identify(perception/src/lidar/patchwork-plusplus-master/patchwork-plusplus-master) by extensions ['colcon_meta']
[0.140s] Level 1:colcon.colcon_core.package_identification:_identify(perception/src/lidar/patchwork-plusplus-master/patchwork-plusplus-master) by extension 'colcon_meta'
[0.140s] Level 1:colcon.colcon_core.package_identification:_identify(perception/src/lidar/patchwork-plusplus-master/patchwork-plusplus-master) by extensions ['ros']
[0.140s] Level 1:colcon.colcon_core.package_identification:_identify(perception/src/lidar/patchwork-plusplus-master/patchwork-plusplus-master) by extension 'ros'
[0.140s] Level 1:colcon.colcon_core.package_identification:_identify(perception/src/lidar/patchwork-plusplus-master/patchwork-plusplus-master) by extensions ['cmake', 'python']
[0.140s] Level 1:colcon.colcon_core.package_identification:_identify(perception/src/lidar/patchwork-plusplus-master/patchwork-plusplus-master) by extension 'cmake'
[0.140s] Level 1:colcon.colcon_core.package_identification:_identify(perception/src/lidar/patchwork-plusplus-master/patchwork-plusplus-master) by extension 'python'
[0.140s] Level 1:colcon.colcon_core.package_identification:_identify(perception/src/lidar/patchwork-plusplus-master/patchwork-plusplus-master) by extensions ['python_setup_py']
[0.140s] Level 1:colcon.colcon_core.package_identification:_identify(perception/src/lidar/patchwork-plusplus-master/patchwork-plusplus-master) by extension 'python_setup_py'
[0.140s] Level 1:colcon.colcon_core.package_identification:_identify(perception/src/lidar/patchwork-plusplus-master/patchwork-plusplus-master/cpp) by extensions ['ignore', 'ignore_ament_install']
[0.140s] Level 1:colcon.colcon_core.package_identification:_identify(perception/src/lidar/patchwork-plusplus-master/patchwork-plusplus-master/cpp) by extension 'ignore'
[0.140s] Level 1:colcon.colcon_core.package_identification:_identify(perception/src/lidar/patchwork-plusplus-master/patchwork-plusplus-master/cpp) ignored
[0.140s] Level 1:colcon.colcon_core.package_identification:_identify(perception/src/lidar/patchwork-plusplus-master/patchwork-plusplus-master/data) by extensions ['ignore', 'ignore_ament_install']
[0.140s] Level 1:colcon.colcon_core.package_identification:_identify(perception/src/lidar/patchwork-plusplus-master/patchwork-plusplus-master/data) by extension 'ignore'
[0.140s] Level 1:colcon.colcon_core.package_identification:_identify(perception/src/lidar/patchwork-plusplus-master/patchwork-plusplus-master/data) by extension 'ignore_ament_install'
[0.140s] Level 1:colcon.colcon_core.package_identification:_identify(perception/src/lidar/patchwork-plusplus-master/patchwork-plusplus-master/data) by extensions ['colcon_pkg']
[0.140s] Level 1:colcon.colcon_core.package_identification:_identify(perception/src/lidar/patchwork-plusplus-master/patchwork-plusplus-master/data) by extension 'colcon_pkg'
[0.140s] Level 1:colcon.colcon_core.package_identification:_identify(perception/src/lidar/patchwork-plusplus-master/patchwork-plusplus-master/data) by extensions ['colcon_meta']
[0.140s] Level 1:colcon.colcon_core.package_identification:_identify(perception/src/lidar/patchwork-plusplus-master/patchwork-plusplus-master/data) by extension 'colcon_meta'
[0.140s] Level 1:colcon.colcon_core.package_identification:_identify(perception/src/lidar/patchwork-plusplus-master/patchwork-plusplus-master/data) by extensions ['ros']
[0.140s] Level 1:colcon.colcon_core.package_identification:_identify(perception/src/lidar/patchwork-plusplus-master/patchwork-plusplus-master/data) by extension 'ros'
[0.140s] Level 1:colcon.colcon_core.package_identification:_identify(perception/src/lidar/patchwork-plusplus-master/patchwork-plusplus-master/data) by extensions ['cmake', 'python']
[0.140s] Level 1:colcon.colcon_core.package_identification:_identify(perception/src/lidar/patchwork-plusplus-master/patchwork-plusplus-master/data) by extension 'cmake'
[0.141s] Level 1:colcon.colcon_core.package_identification:_identify(perception/src/lidar/patchwork-plusplus-master/patchwork-plusplus-master/data) by extension 'python'
[0.141s] Level 1:colcon.colcon_core.package_identification:_identify(perception/src/lidar/patchwork-plusplus-master/patchwork-plusplus-master/data) by extensions ['python_setup_py']
[0.141s] Level 1:colcon.colcon_core.package_identification:_identify(perception/src/lidar/patchwork-plusplus-master/patchwork-plusplus-master/data) by extension 'python_setup_py'
[0.141s] Level 1:colcon.colcon_core.package_identification:_identify(perception/src/lidar/patchwork-plusplus-master/patchwork-plusplus-master/pictures) by extensions ['ignore', 'ignore_ament_install']
[0.141s] Level 1:colcon.colcon_core.package_identification:_identify(perception/src/lidar/patchwork-plusplus-master/patchwork-plusplus-master/pictures) by extension 'ignore'
[0.141s] Level 1:colcon.colcon_core.package_identification:_identify(perception/src/lidar/patchwork-plusplus-master/patchwork-plusplus-master/pictures) by extension 'ignore_ament_install'
[0.141s] Level 1:colcon.colcon_core.package_identification:_identify(perception/src/lidar/patchwork-plusplus-master/patchwork-plusplus-master/pictures) by extensions ['colcon_pkg']
[0.141s] Level 1:colcon.colcon_core.package_identification:_identify(perception/src/lidar/patchwork-plusplus-master/patchwork-plusplus-master/pictures) by extension 'colcon_pkg'
[0.141s] Level 1:colcon.colcon_core.package_identification:_identify(perception/src/lidar/patchwork-plusplus-master/patchwork-plusplus-master/pictures) by extensions ['colcon_meta']
[0.141s] Level 1:colcon.colcon_core.package_identification:_identify(perception/src/lidar/patchwork-plusplus-master/patchwork-plusplus-master/pictures) by extension 'colcon_meta'
[0.141s] Level 1:colcon.colcon_core.package_identification:_identify(perception/src/lidar/patchwork-plusplus-master/patchwork-plusplus-master/pictures) by extensions ['ros']
[0.141s] Level 1:colcon.colcon_core.package_identification:_identify(perception/src/lidar/patchwork-plusplus-master/patchwork-plusplus-master/pictures) by extension 'ros'
[0.141s] Level 1:colcon.colcon_core.package_identification:_identify(perception/src/lidar/patchwork-plusplus-master/patchwork-plusplus-master/pictures) by extensions ['cmake', 'python']
[0.141s] Level 1:colcon.colcon_core.package_identification:_identify(perception/src/lidar/patchwork-plusplus-master/patchwork-plusplus-master/pictures) by extension 'cmake'
[0.141s] Level 1:colcon.colcon_core.package_identification:_identify(perception/src/lidar/patchwork-plusplus-master/patchwork-plusplus-master/pictures) by extension 'python'
[0.141s] Level 1:colcon.colcon_core.package_identification:_identify(perception/src/lidar/patchwork-plusplus-master/patchwork-plusplus-master/pictures) by extensions ['python_setup_py']
[0.141s] Level 1:colcon.colcon_core.package_identification:_identify(perception/src/lidar/patchwork-plusplus-master/patchwork-plusplus-master/pictures) by extension 'python_setup_py'
[0.141s] Level 1:colcon.colcon_core.package_identification:_identify(perception/src/lidar/patchwork-plusplus-master/patchwork-plusplus-master/python) by extensions ['ignore', 'ignore_ament_install']
[0.141s] Level 1:colcon.colcon_core.package_identification:_identify(perception/src/lidar/patchwork-plusplus-master/patchwork-plusplus-master/python) by extension 'ignore'
[0.141s] Level 1:colcon.colcon_core.package_identification:_identify(perception/src/lidar/patchwork-plusplus-master/patchwork-plusplus-master/python) ignored
[0.141s] Level 1:colcon.colcon_core.package_identification:_identify(perception/src/lidar/patchwork-plusplus-master/patchwork-plusplus-master/ros) by extensions ['ignore', 'ignore_ament_install']
[0.141s] Level 1:colcon.colcon_core.package_identification:_identify(perception/src/lidar/patchwork-plusplus-master/patchwork-plusplus-master/ros) by extension 'ignore'
[0.141s] Level 1:colcon.colcon_core.package_identification:_identify(perception/src/lidar/patchwork-plusplus-master/patchwork-plusplus-master/ros) by extension 'ignore_ament_install'
[0.141s] Level 1:colcon.colcon_core.package_identification:_identify(perception/src/lidar/patchwork-plusplus-master/patchwork-plusplus-master/ros) by extensions ['colcon_pkg']
[0.141s] Level 1:colcon.colcon_core.package_identification:_identify(perception/src/lidar/patchwork-plusplus-master/patchwork-plusplus-master/ros) by extension 'colcon_pkg'
[0.141s] Level 1:colcon.colcon_core.package_identification:_identify(perception/src/lidar/patchwork-plusplus-master/patchwork-plusplus-master/ros) by extensions ['colcon_meta']
[0.141s] Level 1:colcon.colcon_core.package_identification:_identify(perception/src/lidar/patchwork-plusplus-master/patchwork-plusplus-master/ros) by extension 'colcon_meta'
[0.141s] Level 1:colcon.colcon_core.package_identification:_identify(perception/src/lidar/patchwork-plusplus-master/patchwork-plusplus-master/ros) by extensions ['ros']
[0.141s] Level 1:colcon.colcon_core.package_identification:_identify(perception/src/lidar/patchwork-plusplus-master/patchwork-plusplus-master/ros) by extension 'ros'
[0.141s] DEBUG:colcon.colcon_core.package_identification:Package 'perception/src/lidar/patchwork-plusplus-master/patchwork-plusplus-master/ros' with type 'ros.ament_cmake' and name 'patchworkpp'
[0.142s] Level 1:colcon.colcon_core.package_identification:_identify(perception/src/lidar/patchwork-plusplus-master/patchwork-plusplus-master/scripts) by extensions ['ignore', 'ignore_ament_install']
[0.142s] Level 1:colcon.colcon_core.package_identification:_identify(perception/src/lidar/patchwork-plusplus-master/patchwork-plusplus-master/scripts) by extension 'ignore'
[0.142s] Level 1:colcon.colcon_core.package_identification:_identify(perception/src/lidar/patchwork-plusplus-master/patchwork-plusplus-master/scripts) by extension 'ignore_ament_install'
[0.142s] Level 1:colcon.colcon_core.package_identification:_identify(perception/src/lidar/patchwork-plusplus-master/patchwork-plusplus-master/scripts) by extensions ['colcon_pkg']
[0.142s] Level 1:colcon.colcon_core.package_identification:_identify(perception/src/lidar/patchwork-plusplus-master/patchwork-plusplus-master/scripts) by extension 'colcon_pkg'
[0.142s] Level 1:colcon.colcon_core.package_identification:_identify(perception/src/lidar/patchwork-plusplus-master/patchwork-plusplus-master/scripts) by extensions ['colcon_meta']
[0.142s] Level 1:colcon.colcon_core.package_identification:_identify(perception/src/lidar/patchwork-plusplus-master/patchwork-plusplus-master/scripts) by extension 'colcon_meta'
[0.142s] Level 1:colcon.colcon_core.package_identification:_identify(perception/src/lidar/patchwork-plusplus-master/patchwork-plusplus-master/scripts) by extensions ['ros']
[0.142s] Level 1:colcon.colcon_core.package_identification:_identify(perception/src/lidar/patchwork-plusplus-master/patchwork-plusplus-master/scripts) by extension 'ros'
[0.142s] Level 1:colcon.colcon_core.package_identification:_identify(perception/src/lidar/patchwork-plusplus-master/patchwork-plusplus-master/scripts) by extensions ['cmake', 'python']
[0.142s] Level 1:colcon.colcon_core.package_identification:_identify(perception/src/lidar/patchwork-plusplus-master/patchwork-plusplus-master/scripts) by extension 'cmake'
[0.142s] Level 1:colcon.colcon_core.package_identification:_identify(perception/src/lidar/patchwork-plusplus-master/patchwork-plusplus-master/scripts) by extension 'python'
[0.142s] Level 1:colcon.colcon_core.package_identification:_identify(perception/src/lidar/patchwork-plusplus-master/patchwork-plusplus-master/scripts) by extensions ['python_setup_py']
[0.142s] Level 1:colcon.colcon_core.package_identification:_identify(perception/src/lidar/patchwork-plusplus-master/patchwork-plusplus-master/scripts) by extension 'python_setup_py'
[0.142s] Level 1:colcon.colcon_core.package_identification:_identify(perception/src/lidar/velodyne) by extensions ['ignore', 'ignore_ament_install']
[0.142s] Level 1:colcon.colcon_core.package_identification:_identify(perception/src/lidar/velodyne) by extension 'ignore'
[0.142s] Level 1:colcon.colcon_core.package_identification:_identify(perception/src/lidar/velodyne) by extension 'ignore_ament_install'
[0.142s] Level 1:colcon.colcon_core.package_identification:_identify(perception/src/lidar/velodyne) by extensions ['colcon_pkg']
[0.142s] Level 1:colcon.colcon_core.package_identification:_identify(perception/src/lidar/velodyne) by extension 'colcon_pkg'
[0.142s] Level 1:colcon.colcon_core.package_identification:_identify(perception/src/lidar/velodyne) by extensions ['colcon_meta']
[0.142s] Level 1:colcon.colcon_core.package_identification:_identify(perception/src/lidar/velodyne) by extension 'colcon_meta'
[0.142s] Level 1:colcon.colcon_core.package_identification:_identify(perception/src/lidar/velodyne) by extensions ['ros']
[0.142s] Level 1:colcon.colcon_core.package_identification:_identify(perception/src/lidar/velodyne) by extension 'ros'
[0.142s] DEBUG:colcon.colcon_core.package_identification:Package 'perception/src/lidar/velodyne' with type 'ros.ament_cmake' and name 'velodyne'
[0.142s] Level 1:colcon.colcon_core.package_identification:_identify(perception/src/lidar/velodyne_cropbox) by extensions ['ignore', 'ignore_ament_install']
[0.142s] Level 1:colcon.colcon_core.package_identification:_identify(perception/src/lidar/velodyne_cropbox) by extension 'ignore'
[0.142s] Level 1:colcon.colcon_core.package_identification:_identify(perception/src/lidar/velodyne_cropbox) by extension 'ignore_ament_install'
[0.142s] Level 1:colcon.colcon_core.package_identification:_identify(perception/src/lidar/velodyne_cropbox) by extensions ['colcon_pkg']
[0.142s] Level 1:colcon.colcon_core.package_identification:_identify(perception/src/lidar/velodyne_cropbox) by extension 'colcon_pkg'
[0.142s] Level 1:colcon.colcon_core.package_identification:_identify(perception/src/lidar/velodyne_cropbox) by extensions ['colcon_meta']
[0.142s] Level 1:colcon.colcon_core.package_identification:_identify(perception/src/lidar/velodyne_cropbox) by extension 'colcon_meta'
[0.142s] Level 1:colcon.colcon_core.package_identification:_identify(perception/src/lidar/velodyne_cropbox) by extensions ['ros']
[0.142s] Level 1:colcon.colcon_core.package_identification:_identify(perception/src/lidar/velodyne_cropbox) by extension 'ros'
[0.143s] DEBUG:colcon.colcon_core.package_identification:Package 'perception/src/lidar/velodyne_cropbox' with type 'ros.ament_cmake' and name 'velodyne_cropbox'
[0.143s] Level 1:colcon.colcon_core.package_identification:_identify(perception/src/lidar/velodyne_driver) by extensions ['ignore', 'ignore_ament_install']
[0.143s] Level 1:colcon.colcon_core.package_identification:_identify(perception/src/lidar/velodyne_driver) by extension 'ignore'
[0.143s] Level 1:colcon.colcon_core.package_identification:_identify(perception/src/lidar/velodyne_driver) by extension 'ignore_ament_install'
[0.143s] Level 1:colcon.colcon_core.package_identification:_identify(perception/src/lidar/velodyne_driver) by extensions ['colcon_pkg']
[0.143s] Level 1:colcon.colcon_core.package_identification:_identify(perception/src/lidar/velodyne_driver) by extension 'colcon_pkg'
[0.143s] Level 1:colcon.colcon_core.package_identification:_identify(perception/src/lidar/velodyne_driver) by extensions ['colcon_meta']
[0.143s] Level 1:colcon.colcon_core.package_identification:_identify(perception/src/lidar/velodyne_driver) by extension 'colcon_meta'
[0.143s] Level 1:colcon.colcon_core.package_identification:_identify(perception/src/lidar/velodyne_driver) by extensions ['ros']
[0.143s] Level 1:colcon.colcon_core.package_identification:_identify(perception/src/lidar/velodyne_driver) by extension 'ros'
[0.143s] DEBUG:colcon.colcon_core.package_identification:Package 'perception/src/lidar/velodyne_driver' with type 'ros.ament_cmake' and name 'velodyne_driver'
[0.143s] Level 1:colcon.colcon_core.package_identification:_identify(perception/src/lidar/velodyne_msgs) by extensions ['ignore', 'ignore_ament_install']
[0.143s] Level 1:colcon.colcon_core.package_identification:_identify(perception/src/lidar/velodyne_msgs) by extension 'ignore'
[0.143s] Level 1:colcon.colcon_core.package_identification:_identify(perception/src/lidar/velodyne_msgs) by extension 'ignore_ament_install'
[0.143s] Level 1:colcon.colcon_core.package_identification:_identify(perception/src/lidar/velodyne_msgs) by extensions ['colcon_pkg']
[0.143s] Level 1:colcon.colcon_core.package_identification:_identify(perception/src/lidar/velodyne_msgs) by extension 'colcon_pkg'
[0.143s] Level 1:colcon.colcon_core.package_identification:_identify(perception/src/lidar/velodyne_msgs) by extensions ['colcon_meta']
[0.143s] Level 1:colcon.colcon_core.package_identification:_identify(perception/src/lidar/velodyne_msgs) by extension 'colcon_meta'
[0.143s] Level 1:colcon.colcon_core.package_identification:_identify(perception/src/lidar/velodyne_msgs) by extensions ['ros']
[0.143s] Level 1:colcon.colcon_core.package_identification:_identify(perception/src/lidar/velodyne_msgs) by extension 'ros'
[0.144s] DEBUG:colcon.colcon_core.package_identification:Package 'perception/src/lidar/velodyne_msgs' with type 'ros.ament_cmake' and name 'velodyne_msgs'
[0.144s] Level 1:colcon.colcon_core.package_identification:_identify(perception/src/lidar/velodyne_pointcloud) by extensions ['ignore', 'ignore_ament_install']
[0.144s] Level 1:colcon.colcon_core.package_identification:_identify(perception/src/lidar/velodyne_pointcloud) by extension 'ignore'
[0.144s] Level 1:colcon.colcon_core.package_identification:_identify(perception/src/lidar/velodyne_pointcloud) by extension 'ignore_ament_install'
[0.144s] Level 1:colcon.colcon_core.package_identification:_identify(perception/src/lidar/velodyne_pointcloud) by extensions ['colcon_pkg']
[0.144s] Level 1:colcon.colcon_core.package_identification:_identify(perception/src/lidar/velodyne_pointcloud) by extension 'colcon_pkg'
[0.144s] Level 1:colcon.colcon_core.package_identification:_identify(perception/src/lidar/velodyne_pointcloud) by extensions ['colcon_meta']
[0.144s] Level 1:colcon.colcon_core.package_identification:_identify(perception/src/lidar/velodyne_pointcloud) by extension 'colcon_meta'
[0.144s] Level 1:colcon.colcon_core.package_identification:_identify(perception/src/lidar/velodyne_pointcloud) by extensions ['ros']
[0.144s] Level 1:colcon.colcon_core.package_identification:_identify(perception/src/lidar/velodyne_pointcloud) by extension 'ros'
[0.145s] DEBUG:colcon.colcon_core.package_identification:Package 'perception/src/lidar/velodyne_pointcloud' with type 'ros.ament_cmake' and name 'velodyne_pointcloud'
[0.145s] Level 1:colcon.colcon_core.package_identification:_identify(perception/src/lidar_launch) by extensions ['ignore', 'ignore_ament_install']
[0.145s] Level 1:colcon.colcon_core.package_identification:_identify(perception/src/lidar_launch) by extension 'ignore'
[0.145s] Level 1:colcon.colcon_core.package_identification:_identify(perception/src/lidar_launch) by extension 'ignore_ament_install'
[0.145s] Level 1:colcon.colcon_core.package_identification:_identify(perception/src/lidar_launch) by extensions ['colcon_pkg']
[0.145s] Level 1:colcon.colcon_core.package_identification:_identify(perception/src/lidar_launch) by extension 'colcon_pkg'
[0.145s] Level 1:colcon.colcon_core.package_identification:_identify(perception/src/lidar_launch) by extensions ['colcon_meta']
[0.145s] Level 1:colcon.colcon_core.package_identification:_identify(perception/src/lidar_launch) by extension 'colcon_meta'
[0.145s] Level 1:colcon.colcon_core.package_identification:_identify(perception/src/lidar_launch) by extensions ['ros']
[0.145s] Level 1:colcon.colcon_core.package_identification:_identify(perception/src/lidar_launch) by extension 'ros'
[0.145s] DEBUG:colcon.colcon_core.package_identification:Package 'perception/src/lidar_launch' with type 'ros.ament_cmake' and name 'lidar_launch'
[0.145s] Level 1:colcon.colcon_core.package_identification:_identify(planning) by extensions ['ignore', 'ignore_ament_install']
[0.145s] Level 1:colcon.colcon_core.package_identification:_identify(planning) by extension 'ignore'
[0.145s] Level 1:colcon.colcon_core.package_identification:_identify(planning) by extension 'ignore_ament_install'
[0.145s] Level 1:colcon.colcon_core.package_identification:_identify(planning) by extensions ['colcon_pkg']
[0.145s] Level 1:colcon.colcon_core.package_identification:_identify(planning) by extension 'colcon_pkg'
[0.145s] Level 1:colcon.colcon_core.package_identification:_identify(planning) by extensions ['colcon_meta']
[0.145s] Level 1:colcon.colcon_core.package_identification:_identify(planning) by extension 'colcon_meta'
[0.145s] Level 1:colcon.colcon_core.package_identification:_identify(planning) by extensions ['ros']
[0.145s] Level 1:colcon.colcon_core.package_identification:_identify(planning) by extension 'ros'
[0.145s] Level 1:colcon.colcon_core.package_identification:_identify(planning) by extensions ['cmake', 'python']
[0.145s] Level 1:colcon.colcon_core.package_identification:_identify(planning) by extension 'cmake'
[0.145s] Level 1:colcon.colcon_core.package_identification:_identify(planning) by extension 'python'
[0.145s] Level 1:colcon.colcon_core.package_identification:_identify(planning) by extensions ['python_setup_py']
[0.145s] Level 1:colcon.colcon_core.package_identification:_identify(planning) by extension 'python_setup_py'
[0.145s] Level 1:colcon.colcon_core.package_identification:_identify(planning/build) by extensions ['ignore', 'ignore_ament_install']
[0.145s] Level 1:colcon.colcon_core.package_identification:_identify(planning/build) by extension 'ignore'
[0.145s] Level 1:colcon.colcon_core.package_identification:_identify(planning/build) ignored
[0.145s] Level 1:colcon.colcon_core.package_identification:_identify(planning/install) by extensions ['ignore', 'ignore_ament_install']
[0.145s] Level 1:colcon.colcon_core.package_identification:_identify(planning/install) by extension 'ignore'
[0.145s] Level 1:colcon.colcon_core.package_identification:_identify(planning/install) ignored
[0.145s] Level 1:colcon.colcon_core.package_identification:_identify(planning/log) by extensions ['ignore', 'ignore_ament_install']
[0.145s] Level 1:colcon.colcon_core.package_identification:_identify(planning/log) by extension 'ignore'
[0.145s] Level 1:colcon.colcon_core.package_identification:_identify(planning/log) ignored
[0.145s] Level 1:colcon.colcon_core.package_identification:_identify(planning/src) by extensions ['ignore', 'ignore_ament_install']
[0.146s] Level 1:colcon.colcon_core.package_identification:_identify(planning/src) by extension 'ignore'
[0.146s] Level 1:colcon.colcon_core.package_identification:_identify(planning/src) by extension 'ignore_ament_install'
[0.146s] Level 1:colcon.colcon_core.package_identification:_identify(planning/src) by extensions ['colcon_pkg']
[0.146s] Level 1:colcon.colcon_core.package_identification:_identify(planning/src) by extension 'colcon_pkg'
[0.146s] Level 1:colcon.colcon_core.package_identification:_identify(planning/src) by extensions ['colcon_meta']
[0.146s] Level 1:colcon.colcon_core.package_identification:_identify(planning/src) by extension 'colcon_meta'
[0.146s] Level 1:colcon.colcon_core.package_identification:_identify(planning/src) by extensions ['ros']
[0.146s] Level 1:colcon.colcon_core.package_identification:_identify(planning/src) by extension 'ros'
[0.146s] Level 1:colcon.colcon_core.package_identification:_identify(planning/src) by extensions ['cmake', 'python']
[0.146s] Level 1:colcon.colcon_core.package_identification:_identify(planning/src) by extension 'cmake'
[0.146s] Level 1:colcon.colcon_core.package_identification:_identify(planning/src) by extension 'python'
[0.146s] Level 1:colcon.colcon_core.package_identification:_identify(planning/src) by extensions ['python_setup_py']
[0.146s] Level 1:colcon.colcon_core.package_identification:_identify(planning/src) by extension 'python_setup_py'
[0.146s] Level 1:colcon.colcon_core.package_identification:_identify(planning/src/chaining_costmap_ver) by extensions ['ignore', 'ignore_ament_install']
[0.146s] Level 1:colcon.colcon_core.package_identification:_identify(planning/src/chaining_costmap_ver) by extension 'ignore'
[0.146s] Level 1:colcon.colcon_core.package_identification:_identify(planning/src/chaining_costmap_ver) by extension 'ignore_ament_install'
[0.146s] Level 1:colcon.colcon_core.package_identification:_identify(planning/src/chaining_costmap_ver) by extensions ['colcon_pkg']
[0.146s] Level 1:colcon.colcon_core.package_identification:_identify(planning/src/chaining_costmap_ver) by extension 'colcon_pkg'
[0.146s] Level 1:colcon.colcon_core.package_identification:_identify(planning/src/chaining_costmap_ver) by extensions ['colcon_meta']
[0.146s] Level 1:colcon.colcon_core.package_identification:_identify(planning/src/chaining_costmap_ver) by extension 'colcon_meta'
[0.146s] Level 1:colcon.colcon_core.package_identification:_identify(planning/src/chaining_costmap_ver) by extensions ['ros']
[0.146s] Level 1:colcon.colcon_core.package_identification:_identify(planning/src/chaining_costmap_ver) by extension 'ros'
[0.146s] DEBUG:colcon.colcon_core.package_identification:Package 'planning/src/chaining_costmap_ver' with type 'ros.ament_cmake' and name 'chaining_costmap_ver'
[0.146s] Level 1:colcon.colcon_core.package_identification:_identify(t870_ros) by extensions ['ignore', 'ignore_ament_install']
[0.146s] Level 1:colcon.colcon_core.package_identification:_identify(t870_ros) by extension 'ignore'
[0.146s] Level 1:colcon.colcon_core.package_identification:_identify(t870_ros) by extension 'ignore_ament_install'
[0.146s] Level 1:colcon.colcon_core.package_identification:_identify(t870_ros) by extensions ['colcon_pkg']
[0.146s] Level 1:colcon.colcon_core.package_identification:_identify(t870_ros) by extension 'colcon_pkg'
[0.146s] Level 1:colcon.colcon_core.package_identification:_identify(t870_ros) by extensions ['colcon_meta']
[0.146s] Level 1:colcon.colcon_core.package_identification:_identify(t870_ros) by extension 'colcon_meta'
[0.146s] Level 1:colcon.colcon_core.package_identification:_identify(t870_ros) by extensions ['ros']
[0.146s] Level 1:colcon.colcon_core.package_identification:_identify(t870_ros) by extension 'ros'
[0.146s] Level 1:colcon.colcon_core.package_identification:_identify(t870_ros) by extensions ['cmake', 'python']
[0.146s] Level 1:colcon.colcon_core.package_identification:_identify(t870_ros) by extension 'cmake'
[0.146s] Level 1:colcon.colcon_core.package_identification:_identify(t870_ros) by extension 'python'
[0.146s] Level 1:colcon.colcon_core.package_identification:_identify(t870_ros) by extensions ['python_setup_py']
[0.146s] Level 1:colcon.colcon_core.package_identification:_identify(t870_ros) by extension 'python_setup_py'
[0.147s] Level 1:colcon.colcon_core.package_identification:_identify(t870_ros/docker) by extensions ['ignore', 'ignore_ament_install']
[0.147s] Level 1:colcon.colcon_core.package_identification:_identify(t870_ros/docker) by extension 'ignore'
[0.147s] Level 1:colcon.colcon_core.package_identification:_identify(t870_ros/docker) by extension 'ignore_ament_install'
[0.147s] Level 1:colcon.colcon_core.package_identification:_identify(t870_ros/docker) by extensions ['colcon_pkg']
[0.147s] Level 1:colcon.colcon_core.package_identification:_identify(t870_ros/docker) by extension 'colcon_pkg'
[0.147s] Level 1:colcon.colcon_core.package_identification:_identify(t870_ros/docker) by extensions ['colcon_meta']
[0.147s] Level 1:colcon.colcon_core.package_identification:_identify(t870_ros/docker) by extension 'colcon_meta'
[0.147s] Level 1:colcon.colcon_core.package_identification:_identify(t870_ros/docker) by extensions ['ros']
[0.147s] Level 1:colcon.colcon_core.package_identification:_identify(t870_ros/docker) by extension 'ros'
[0.147s] Level 1:colcon.colcon_core.package_identification:_identify(t870_ros/docker) by extensions ['cmake', 'python']
[0.147s] Level 1:colcon.colcon_core.package_identification:_identify(t870_ros/docker) by extension 'cmake'
[0.147s] Level 1:colcon.colcon_core.package_identification:_identify(t870_ros/docker) by extension 'python'
[0.147s] Level 1:colcon.colcon_core.package_identification:_identify(t870_ros/docker) by extensions ['python_setup_py']
[0.147s] Level 1:colcon.colcon_core.package_identification:_identify(t870_ros/docker) by extension 'python_setup_py'
[0.147s] Level 1:colcon.colcon_core.package_identification:_identify(t870_ros/src) by extensions ['ignore', 'ignore_ament_install']
[0.147s] Level 1:colcon.colcon_core.package_identification:_identify(t870_ros/src) by extension 'ignore'
[0.147s] Level 1:colcon.colcon_core.package_identification:_identify(t870_ros/src) by extension 'ignore_ament_install'
[0.147s] Level 1:colcon.colcon_core.package_identification:_identify(t870_ros/src) by extensions ['colcon_pkg']
[0.147s] Level 1:colcon.colcon_core.package_identification:_identify(t870_ros/src) by extension 'colcon_pkg'
[0.147s] Level 1:colcon.colcon_core.package_identification:_identify(t870_ros/src) by extensions ['colcon_meta']
[0.147s] Level 1:colcon.colcon_core.package_identification:_identify(t870_ros/src) by extension 'colcon_meta'
[0.147s] Level 1:colcon.colcon_core.package_identification:_identify(t870_ros/src) by extensions ['ros']
[0.147s] Level 1:colcon.colcon_core.package_identification:_identify(t870_ros/src) by extension 'ros'
[0.147s] Level 1:colcon.colcon_core.package_identification:_identify(t870_ros/src) by extensions ['cmake', 'python']
[0.147s] Level 1:colcon.colcon_core.package_identification:_identify(t870_ros/src) by extension 'cmake'
[0.147s] Level 1:colcon.colcon_core.package_identification:_identify(t870_ros/src) by extension 'python'
[0.147s] Level 1:colcon.colcon_core.package_identification:_identify(t870_ros/src) by extensions ['python_setup_py']
[0.147s] Level 1:colcon.colcon_core.package_identification:_identify(t870_ros/src) by extension 'python_setup_py'
[0.147s] Level 1:colcon.colcon_core.package_identification:_identify(t870_ros/src/t870_cmake) by extensions ['ignore', 'ignore_ament_install']
[0.147s] Level 1:colcon.colcon_core.package_identification:_identify(t870_ros/src/t870_cmake) by extension 'ignore'
[0.147s] Level 1:colcon.colcon_core.package_identification:_identify(t870_ros/src/t870_cmake) by extension 'ignore_ament_install'
[0.147s] Level 1:colcon.colcon_core.package_identification:_identify(t870_ros/src/t870_cmake) by extensions ['colcon_pkg']
[0.147s] Level 1:colcon.colcon_core.package_identification:_identify(t870_ros/src/t870_cmake) by extension 'colcon_pkg'
[0.147s] Level 1:colcon.colcon_core.package_identification:_identify(t870_ros/src/t870_cmake) by extensions ['colcon_meta']
[0.147s] Level 1:colcon.colcon_core.package_identification:_identify(t870_ros/src/t870_cmake) by extension 'colcon_meta'
[0.147s] Level 1:colcon.colcon_core.package_identification:_identify(t870_ros/src/t870_cmake) by extensions ['ros']
[0.147s] Level 1:colcon.colcon_core.package_identification:_identify(t870_ros/src/t870_cmake) by extension 'ros'
[0.147s] DEBUG:colcon.colcon_core.package_identification:Package 't870_ros/src/t870_cmake' with type 'ros.ament_cmake' and name 't870_cmake'
[0.147s] Level 1:colcon.colcon_core.package_identification:_identify(t870_ros/src/t870_msgs) by extensions ['ignore', 'ignore_ament_install']
[0.147s] Level 1:colcon.colcon_core.package_identification:_identify(t870_ros/src/t870_msgs) by extension 'ignore'
[0.147s] Level 1:colcon.colcon_core.package_identification:_identify(t870_ros/src/t870_msgs) by extension 'ignore_ament_install'
[0.147s] Level 1:colcon.colcon_core.package_identification:_identify(t870_ros/src/t870_msgs) by extensions ['colcon_pkg']
[0.147s] Level 1:colcon.colcon_core.package_identification:_identify(t870_ros/src/t870_msgs) by extension 'colcon_pkg'
[0.147s] Level 1:colcon.colcon_core.package_identification:_identify(t870_ros/src/t870_msgs) by extensions ['colcon_meta']
[0.148s] Level 1:colcon.colcon_core.package_identification:_identify(t870_ros/src/t870_msgs) by extension 'colcon_meta'
[0.148s] Level 1:colcon.colcon_core.package_identification:_identify(t870_ros/src/t870_msgs) by extensions ['ros']
[0.148s] Level 1:colcon.colcon_core.package_identification:_identify(t870_ros/src/t870_msgs) by extension 'ros'
[0.148s] DEBUG:colcon.colcon_core.package_identification:Package 't870_ros/src/t870_msgs' with type 'ros.ament_cmake' and name 't870_msgs'
[0.148s] Level 1:colcon.colcon_core.package_identification:_identify(t870_ros/src/t870_rqt_plugin) by extensions ['ignore', 'ignore_ament_install']
[0.148s] Level 1:colcon.colcon_core.package_identification:_identify(t870_ros/src/t870_rqt_plugin) by extension 'ignore'
[0.148s] Level 1:colcon.colcon_core.package_identification:_identify(t870_ros/src/t870_rqt_plugin) by extension 'ignore_ament_install'
[0.148s] Level 1:colcon.colcon_core.package_identification:_identify(t870_ros/src/t870_rqt_plugin) by extensions ['colcon_pkg']
[0.148s] Level 1:colcon.colcon_core.package_identification:_identify(t870_ros/src/t870_rqt_plugin) by extension 'colcon_pkg'
[0.148s] Level 1:colcon.colcon_core.package_identification:_identify(t870_ros/src/t870_rqt_plugin) by extensions ['colcon_meta']
[0.148s] Level 1:colcon.colcon_core.package_identification:_identify(t870_ros/src/t870_rqt_plugin) by extension 'colcon_meta'
[0.148s] Level 1:colcon.colcon_core.package_identification:_identify(t870_ros/src/t870_rqt_plugin) by extensions ['ros']
[0.148s] Level 1:colcon.colcon_core.package_identification:_identify(t870_ros/src/t870_rqt_plugin) by extension 'ros'
[0.148s] DEBUG:colcon.colcon_core.package_identification:Package 't870_ros/src/t870_rqt_plugin' with type 'ros.ament_cmake' and name 't870_rqt_plugin'
[0.149s] Level 1:colcon.colcon_core.package_identification:_identify(t870_ros/src/t870_serial) by extensions ['ignore', 'ignore_ament_install']
[0.149s] Level 1:colcon.colcon_core.package_identification:_identify(t870_ros/src/t870_serial) by extension 'ignore'
[0.149s] Level 1:colcon.colcon_core.package_identification:_identify(t870_ros/src/t870_serial) by extension 'ignore_ament_install'
[0.149s] Level 1:colcon.colcon_core.package_identification:_identify(t870_ros/src/t870_serial) by extensions ['colcon_pkg']
[0.149s] Level 1:colcon.colcon_core.package_identification:_identify(t870_ros/src/t870_serial) by extension 'colcon_pkg'
[0.149s] Level 1:colcon.colcon_core.package_identification:_identify(t870_ros/src/t870_serial) by extensions ['colcon_meta']
[0.149s] Level 1:colcon.colcon_core.package_identification:_identify(t870_ros/src/t870_serial) by extension 'colcon_meta'
[0.149s] Level 1:colcon.colcon_core.package_identification:_identify(t870_ros/src/t870_serial) by extensions ['ros']
[0.149s] Level 1:colcon.colcon_core.package_identification:_identify(t870_ros/src/t870_serial) by extension 'ros'
[0.149s] DEBUG:colcon.colcon_core.package_identification:Package 't870_ros/src/t870_serial' with type 'ros.ament_cmake' and name 't870_serial'
[0.149s] Level 1:colcon.colcon_core.package_identification:_identify(t870_ros/src/t870_util) by extensions ['ignore', 'ignore_ament_install']
[0.149s] Level 1:colcon.colcon_core.package_identification:_identify(t870_ros/src/t870_util) by extension 'ignore'
[0.149s] Level 1:colcon.colcon_core.package_identification:_identify(t870_ros/src/t870_util) by extension 'ignore_ament_install'
[0.149s] Level 1:colcon.colcon_core.package_identification:_identify(t870_ros/src/t870_util) by extensions ['colcon_pkg']
[0.149s] Level 1:colcon.colcon_core.package_identification:_identify(t870_ros/src/t870_util) by extension 'colcon_pkg'
[0.149s] Level 1:colcon.colcon_core.package_identification:_identify(t870_ros/src/t870_util) by extensions ['colcon_meta']
[0.149s] Level 1:colcon.colcon_core.package_identification:_identify(t870_ros/src/t870_util) by extension 'colcon_meta'
[0.149s] Level 1:colcon.colcon_core.package_identification:_identify(t870_ros/src/t870_util) by extensions ['ros']
[0.149s] Level 1:colcon.colcon_core.package_identification:_identify(t870_ros/src/t870_util) by extension 'ros'
[0.149s] DEBUG:colcon.colcon_core.package_identification:Package 't870_ros/src/t870_util' with type 'ros.ament_cmake' and name 't870_util'
[0.149s] Level 1:colcon.colcon_core.package_discovery:discover_packages(recursive) using defaults
[0.149s] Level 1:colcon.colcon_core.package_discovery:discover_packages(ignore) discover
[0.149s] Level 1:colcon.colcon_core.package_discovery:discover_packages(ignore) using defaults
[0.149s] Level 1:colcon.colcon_core.package_discovery:discover_packages(path) discover
[0.149s] Level 1:colcon.colcon_core.package_discovery:discover_packages(path) using defaults
[0.161s] Level 1:colcon.colcon_core.package_discovery:discover_packages(prefix_path) check parameters
[0.161s] Level 1:colcon.colcon_core.package_discovery:discover_packages(prefix_path) discover
[0.162s] DEBUG:colcon.colcon_installed_package_information.package_discovery:Found 1 installed packages in /home/aiv/ev_ws/planning/install
[0.162s] DEBUG:colcon.colcon_installed_package_information.package_discovery:Found 11 installed packages in /home/aiv/ev_ws/perception/install
[0.162s] DEBUG:colcon.colcon_installed_package_information.package_discovery:Found 1 installed packages in /home/aiv/ev_ws/ev_msgs/install
[0.162s] DEBUG:colcon.colcon_installed_package_information.package_discovery:Found 1 installed packages in /home/aiv/ev_ws/carsa_gazebo/install
[0.162s] DEBUG:colcon.colcon_installed_package_information.package_discovery:Found 7 installed packages in /home/aiv/ev_ws/erp42_ros/install
[0.163s] DEBUG:colcon.colcon_installed_package_information.package_discovery:Found 302 installed packages in /opt/ros/humble
[0.164s] Level 1:colcon.colcon_core.package_discovery:discover_packages(prefix_path) using defaults
[0.180s] Level 5:colcon.colcon_core.verb:set package 'carsa_gazebo' build argument 'cmake_args' from command line to 'None'
[0.180s] Level 5:colcon.colcon_core.verb:set package 'carsa_gazebo' build argument 'cmake_target' from command line to 'None'
[0.180s] Level 5:colcon.colcon_core.verb:set package 'carsa_gazebo' build argument 'cmake_target_skip_unavailable' from command line to 'False'
[0.180s] Level 5:colcon.colcon_core.verb:set package 'carsa_gazebo' build argument 'cmake_clean_cache' from command line to 'False'
[0.180s] Level 5:colcon.colcon_core.verb:set package 'carsa_gazebo' build argument 'cmake_clean_first' from command line to 'False'
[0.180s] Level 5:colcon.colcon_core.verb:set package 'carsa_gazebo' build argument 'cmake_force_configure' from command line to 'False'
[0.180s] Level 5:colcon.colcon_core.verb:set package 'carsa_gazebo' build argument 'ament_cmake_args' from command line to 'None'
[0.180s] Level 5:colcon.colcon_core.verb:set package 'carsa_gazebo' build argument 'catkin_cmake_args' from command line to 'None'
[0.180s] Level 5:colcon.colcon_core.verb:set package 'carsa_gazebo' build argument 'catkin_skip_building_tests' from command line to 'False'
[0.180s] DEBUG:colcon.colcon_core.verb:Building package 'carsa_gazebo' with the following arguments: {'ament_cmake_args': None, 'build_base': '/home/aiv/ev_ws/build/carsa_gazebo', 'catkin_cmake_args': None, 'catkin_skip_building_tests': False, 'cmake_args': None, 'cmake_clean_cache': False, 'cmake_clean_first': False, 'cmake_force_configure': False, 'cmake_target': None, 'cmake_target_skip_unavailable': False, 'install_base': '/home/aiv/ev_ws/install/carsa_gazebo', 'merge_install': False, 'path': '/home/aiv/ev_ws/carsa_gazebo', 'symlink_install': True, 'test_result_base': None}
[0.180s] Level 5:colcon.colcon_core.verb:set package 'cluster_splitter' build argument 'cmake_args' from command line to 'None'
[0.180s] Level 5:colcon.colcon_core.verb:set package 'cluster_splitter' build argument 'cmake_target' from command line to 'None'
[0.181s] Level 5:colcon.colcon_core.verb:set package 'cluster_splitter' build argument 'cmake_target_skip_unavailable' from command line to 'False'
[0.181s] Level 5:colcon.colcon_core.verb:set package 'cluster_splitter' build argument 'cmake_clean_cache' from command line to 'False'
[0.181s] Level 5:colcon.colcon_core.verb:set package 'cluster_splitter' build argument 'cmake_clean_first' from command line to 'False'
[0.181s] Level 5:colcon.colcon_core.verb:set package 'cluster_splitter' build argument 'cmake_force_configure' from command line to 'False'
[0.181s] Level 5:colcon.colcon_core.verb:set package 'cluster_splitter' build argument 'ament_cmake_args' from command line to 'None'
[0.181s] Level 5:colcon.colcon_core.verb:set package 'cluster_splitter' build argument 'catkin_cmake_args' from command line to 'None'
[0.181s] Level 5:colcon.colcon_core.verb:set package 'cluster_splitter' build argument 'catkin_skip_building_tests' from command line to 'False'
[0.181s] DEBUG:colcon.colcon_core.verb:Building package 'cluster_splitter' with the following arguments: {'ament_cmake_args': None, 'build_base': '/home/aiv/ev_ws/build/cluster_splitter', 'catkin_cmake_args': None, 'catkin_skip_building_tests': False, 'cmake_args': None, 'cmake_clean_cache': False, 'cmake_clean_first': False, 'cmake_force_configure': False, 'cmake_target': None, 'cmake_target_skip_unavailable': False, 'install_base': '/home/aiv/ev_ws/install/cluster_splitter', 'merge_install': False, 'path': '/home/aiv/ev_ws/perception/src/lidar/cluster_splitter', 'symlink_install': True, 'test_result_base': None}
[0.181s] Level 5:colcon.colcon_core.verb:set package 'dbscan_clustering' build argument 'cmake_args' from command line to 'None'
[0.181s] Level 5:colcon.colcon_core.verb:set package 'dbscan_clustering' build argument 'cmake_target' from command line to 'None'
[0.181s] Level 5:colcon.colcon_core.verb:set package 'dbscan_clustering' build argument 'cmake_target_skip_unavailable' from command line to 'False'
[0.181s] Level 5:colcon.colcon_core.verb:set package 'dbscan_clustering' build argument 'cmake_clean_cache' from command line to 'False'
[0.181s] Level 5:colcon.colcon_core.verb:set package 'dbscan_clustering' build argument 'cmake_clean_first' from command line to 'False'
[0.181s] Level 5:colcon.colcon_core.verb:set package 'dbscan_clustering' build argument 'cmake_force_configure' from command line to 'False'
[0.181s] Level 5:colcon.colcon_core.verb:set package 'dbscan_clustering' build argument 'ament_cmake_args' from command line to 'None'
[0.181s] Level 5:colcon.colcon_core.verb:set package 'dbscan_clustering' build argument 'catkin_cmake_args' from command line to 'None'
[0.181s] Level 5:colcon.colcon_core.verb:set package 'dbscan_clustering' build argument 'catkin_skip_building_tests' from command line to 'False'
[0.181s] DEBUG:colcon.colcon_core.verb:Building package 'dbscan_clustering' with the following arguments: {'ament_cmake_args': None, 'build_base': '/home/aiv/ev_ws/build/dbscan_clustering', 'catkin_cmake_args': None, 'catkin_skip_building_tests': False, 'cmake_args': None, 'cmake_clean_cache': False, 'cmake_clean_first': False, 'cmake_force_configure': False, 'cmake_target': None, 'cmake_target_skip_unavailable': False, 'install_base': '/home/aiv/ev_ws/install/dbscan_clustering', 'merge_install': False, 'path': '/home/aiv/ev_ws/perception/src/lidar/dbscan_clustering', 'symlink_install': True, 'test_result_base': None}
[0.181s] Level 5:colcon.colcon_core.verb:set package 'erp42_cmake' build argument 'cmake_args' from command line to 'None'
[0.181s] Level 5:colcon.colcon_core.verb:set package 'erp42_cmake' build argument 'cmake_target' from command line to 'None'
[0.181s] Level 5:colcon.colcon_core.verb:set package 'erp42_cmake' build argument 'cmake_target_skip_unavailable' from command line to 'False'
[0.181s] Level 5:colcon.colcon_core.verb:set package 'erp42_cmake' build argument 'cmake_clean_cache' from command line to 'False'
[0.181s] Level 5:colcon.colcon_core.verb:set package 'erp42_cmake' build argument 'cmake_clean_first' from command line to 'False'
[0.181s] Level 5:colcon.colcon_core.verb:set package 'erp42_cmake' build argument 'cmake_force_configure' from command line to 'False'
[0.181s] Level 5:colcon.colcon_core.verb:set package 'erp42_cmake' build argument 'ament_cmake_args' from command line to 'None'
[0.181s] Level 5:colcon.colcon_core.verb:set package 'erp42_cmake' build argument 'catkin_cmake_args' from command line to 'None'
[0.181s] Level 5:colcon.colcon_core.verb:set package 'erp42_cmake' build argument 'catkin_skip_building_tests' from command line to 'False'
[0.181s] DEBUG:colcon.colcon_core.verb:Building package 'erp42_cmake' with the following arguments: {'ament_cmake_args': None, 'build_base': '/home/aiv/ev_ws/build/erp42_cmake', 'catkin_cmake_args': None, 'catkin_skip_building_tests': False, 'cmake_args': None, 'cmake_clean_cache': False, 'cmake_clean_first': False, 'cmake_force_configure': False, 'cmake_target': None, 'cmake_target_skip_unavailable': False, 'install_base': '/home/aiv/ev_ws/install/erp42_cmake', 'merge_install': False, 'path': '/home/aiv/ev_ws/erp42_ros/src/erp42_cmake', 'symlink_install': True, 'test_result_base': None}
[0.181s] Level 5:colcon.colcon_core.verb:set package 'erp42_msgs' build argument 'cmake_args' from command line to 'None'
[0.181s] Level 5:colcon.colcon_core.verb:set package 'erp42_msgs' build argument 'cmake_target' from command line to 'None'
[0.181s] Level 5:colcon.colcon_core.verb:set package 'erp42_msgs' build argument 'cmake_target_skip_unavailable' from command line to 'False'
[0.181s] Level 5:colcon.colcon_core.verb:set package 'erp42_msgs' build argument 'cmake_clean_cache' from command line to 'False'
[0.181s] Level 5:colcon.colcon_core.verb:set package 'erp42_msgs' build argument 'cmake_clean_first' from command line to 'False'
[0.181s] Level 5:colcon.colcon_core.verb:set package 'erp42_msgs' build argument 'cmake_force_configure' from command line to 'False'
[0.181s] Level 5:colcon.colcon_core.verb:set package 'erp42_msgs' build argument 'ament_cmake_args' from command line to 'None'
[0.181s] Level 5:colcon.colcon_core.verb:set package 'erp42_msgs' build argument 'catkin_cmake_args' from command line to 'None'
[0.181s] Level 5:colcon.colcon_core.verb:set package 'erp42_msgs' build argument 'catkin_skip_building_tests' from command line to 'False'
[0.181s] DEBUG:colcon.colcon_core.verb:Building package 'erp42_msgs' with the following arguments: {'ament_cmake_args': None, 'build_base': '/home/aiv/ev_ws/build/erp42_msgs', 'catkin_cmake_args': None, 'catkin_skip_building_tests': False, 'cmake_args': None, 'cmake_clean_cache': False, 'cmake_clean_first': False, 'cmake_force_configure': False, 'cmake_target': None, 'cmake_target_skip_unavailable': False, 'install_base': '/home/aiv/ev_ws/install/erp42_msgs', 'merge_install': False, 'path': '/home/aiv/ev_ws/erp42_ros/src/erp42_msgs', 'symlink_install': True, 'test_result_base': None}
[0.181s] Level 5:colcon.colcon_core.verb:set package 'ev_msgs' build argument 'cmake_args' from command line to 'None'
[0.181s] Level 5:colcon.colcon_core.verb:set package 'ev_msgs' build argument 'cmake_target' from command line to 'None'
[0.181s] Level 5:colcon.colcon_core.verb:set package 'ev_msgs' build argument 'cmake_target_skip_unavailable' from command line to 'False'
[0.181s] Level 5:colcon.colcon_core.verb:set package 'ev_msgs' build argument 'cmake_clean_cache' from command line to 'False'
[0.181s] Level 5:colcon.colcon_core.verb:set package 'ev_msgs' build argument 'cmake_clean_first' from command line to 'False'
[0.181s] Level 5:colcon.colcon_core.verb:set package 'ev_msgs' build argument 'cmake_force_configure' from command line to 'False'
[0.181s] Level 5:colcon.colcon_core.verb:set package 'ev_msgs' build argument 'ament_cmake_args' from command line to 'None'
[0.181s] Level 5:colcon.colcon_core.verb:set package 'ev_msgs' build argument 'catkin_cmake_args' from command line to 'None'
[0.181s] Level 5:colcon.colcon_core.verb:set package 'ev_msgs' build argument 'catkin_skip_building_tests' from command line to 'False'
[0.181s] DEBUG:colcon.colcon_core.verb:Building package 'ev_msgs' with the following arguments: {'ament_cmake_args': None, 'build_base': '/home/aiv/ev_ws/build/ev_msgs', 'catkin_cmake_args': None, 'catkin_skip_building_tests': False, 'cmake_args': None, 'cmake_clean_cache': False, 'cmake_clean_first': False, 'cmake_force_configure': False, 'cmake_target': None, 'cmake_target_skip_unavailable': False, 'install_base': '/home/aiv/ev_ws/install/ev_msgs', 'merge_install': False, 'path': '/home/aiv/ev_ws/ev_msgs', 'symlink_install': True, 'test_result_base': None}
[0.182s] Level 5:colcon.colcon_core.verb:set package 'lidar_voxel_grid' build argument 'cmake_args' from command line to 'None'
[0.182s] Level 5:colcon.colcon_core.verb:set package 'lidar_voxel_grid' build argument 'cmake_target' from command line to 'None'
[0.182s] Level 5:colcon.colcon_core.verb:set package 'lidar_voxel_grid' build argument 'cmake_target_skip_unavailable' from command line to 'False'
[0.182s] Level 5:colcon.colcon_core.verb:set package 'lidar_voxel_grid' build argument 'cmake_clean_cache' from command line to 'False'
[0.182s] Level 5:colcon.colcon_core.verb:set package 'lidar_voxel_grid' build argument 'cmake_clean_first' from command line to 'False'
[0.182s] Level 5:colcon.colcon_core.verb:set package 'lidar_voxel_grid' build argument 'cmake_force_configure' from command line to 'False'
[0.182s] Level 5:colcon.colcon_core.verb:set package 'lidar_voxel_grid' build argument 'ament_cmake_args' from command line to 'None'
[0.182s] Level 5:colcon.colcon_core.verb:set package 'lidar_voxel_grid' build argument 'catkin_cmake_args' from command line to 'None'
[0.182s] Level 5:colcon.colcon_core.verb:set package 'lidar_voxel_grid' build argument 'catkin_skip_building_tests' from command line to 'False'
[0.182s] DEBUG:colcon.colcon_core.verb:Building package 'lidar_voxel_grid' with the following arguments: {'ament_cmake_args': None, 'build_base': '/home/aiv/ev_ws/build/lidar_voxel_grid', 'catkin_cmake_args': None, 'catkin_skip_building_tests': False, 'cmake_args': None, 'cmake_clean_cache': False, 'cmake_clean_first': False, 'cmake_force_configure': False, 'cmake_target': None, 'cmake_target_skip_unavailable': False, 'install_base': '/home/aiv/ev_ws/install/lidar_voxel_grid', 'merge_install': False, 'path': '/home/aiv/ev_ws/perception/src/lidar/lidar_voxel_grid', 'symlink_install': True, 'test_result_base': None}
[0.182s] Level 5:colcon.colcon_core.verb:set package 'patchworkpp' build argument 'cmake_args' from command line to 'None'
[0.182s] Level 5:colcon.colcon_core.verb:set package 'patchworkpp' build argument 'cmake_target' from command line to 'None'
[0.182s] Level 5:colcon.colcon_core.verb:set package 'patchworkpp' build argument 'cmake_target_skip_unavailable' from command line to 'False'
[0.182s] Level 5:colcon.colcon_core.verb:set package 'patchworkpp' build argument 'cmake_clean_cache' from command line to 'False'
[0.182s] Level 5:colcon.colcon_core.verb:set package 'patchworkpp' build argument 'cmake_clean_first' from command line to 'False'
[0.182s] Level 5:colcon.colcon_core.verb:set package 'patchworkpp' build argument 'cmake_force_configure' from command line to 'False'
[0.182s] Level 5:colcon.colcon_core.verb:set package 'patchworkpp' build argument 'ament_cmake_args' from command line to 'None'
[0.182s] Level 5:colcon.colcon_core.verb:set package 'patchworkpp' build argument 'catkin_cmake_args' from command line to 'None'
[0.182s] Level 5:colcon.colcon_core.verb:set package 'patchworkpp' build argument 'catkin_skip_building_tests' from command line to 'False'
[0.182s] DEBUG:colcon.colcon_core.verb:Building package 'patchworkpp' with the following arguments: {'ament_cmake_args': None, 'build_base': '/home/aiv/ev_ws/build/patchworkpp', 'catkin_cmake_args': None, 'catkin_skip_building_tests': False, 'cmake_args': None, 'cmake_clean_cache': False, 'cmake_clean_first': False, 'cmake_force_configure': False, 'cmake_target': None, 'cmake_target_skip_unavailable': False, 'install_base': '/home/aiv/ev_ws/install/patchworkpp', 'merge_install': False, 'path': '/home/aiv/ev_ws/perception/src/lidar/patchwork-plusplus-master/patchwork-plusplus-master/ros', 'symlink_install': True, 'test_result_base': None}
[0.182s] Level 5:colcon.colcon_core.verb:set package 't870_cmake' build argument 'cmake_args' from command line to 'None'
[0.182s] Level 5:colcon.colcon_core.verb:set package 't870_cmake' build argument 'cmake_target' from command line to 'None'
[0.182s] Level 5:colcon.colcon_core.verb:set package 't870_cmake' build argument 'cmake_target_skip_unavailable' from command line to 'False'
[0.182s] Level 5:colcon.colcon_core.verb:set package 't870_cmake' build argument 'cmake_clean_cache' from command line to 'False'
[0.182s] Level 5:colcon.colcon_core.verb:set package 't870_cmake' build argument 'cmake_clean_first' from command line to 'False'
[0.182s] Level 5:colcon.colcon_core.verb:set package 't870_cmake' build argument 'cmake_force_configure' from command line to 'False'
[0.182s] Level 5:colcon.colcon_core.verb:set package 't870_cmake' build argument 'ament_cmake_args' from command line to 'None'
[0.182s] Level 5:colcon.colcon_core.verb:set package 't870_cmake' build argument 'catkin_cmake_args' from command line to 'None'
[0.182s] Level 5:colcon.colcon_core.verb:set package 't870_cmake' build argument 'catkin_skip_building_tests' from command line to 'False'
[0.182s] DEBUG:colcon.colcon_core.verb:Building package 't870_cmake' with the following arguments: {'ament_cmake_args': None, 'build_base': '/home/aiv/ev_ws/build/t870_cmake', 'catkin_cmake_args': None, 'catkin_skip_building_tests': False, 'cmake_args': None, 'cmake_clean_cache': False, 'cmake_clean_first': False, 'cmake_force_configure': False, 'cmake_target': None, 'cmake_target_skip_unavailable': False, 'install_base': '/home/aiv/ev_ws/install/t870_cmake', 'merge_install': False, 'path': '/home/aiv/ev_ws/t870_ros/src/t870_cmake', 'symlink_install': True, 'test_result_base': None}
[0.182s] Level 5:colcon.colcon_core.verb:set package 't870_msgs' build argument 'cmake_args' from command line to 'None'
[0.182s] Level 5:colcon.colcon_core.verb:set package 't870_msgs' build argument 'cmake_target' from command line to 'None'
[0.182s] Level 5:colcon.colcon_core.verb:set package 't870_msgs' build argument 'cmake_target_skip_unavailable' from command line to 'False'
[0.182s] Level 5:colcon.colcon_core.verb:set package 't870_msgs' build argument 'cmake_clean_cache' from command line to 'False'
[0.182s] Level 5:colcon.colcon_core.verb:set package 't870_msgs' build argument 'cmake_clean_first' from command line to 'False'
[0.182s] Level 5:colcon.colcon_core.verb:set package 't870_msgs' build argument 'cmake_force_configure' from command line to 'False'
[0.182s] Level 5:colcon.colcon_core.verb:set package 't870_msgs' build argument 'ament_cmake_args' from command line to 'None'
[0.182s] Level 5:colcon.colcon_core.verb:set package 't870_msgs' build argument 'catkin_cmake_args' from command line to 'None'
[0.182s] Level 5:colcon.colcon_core.verb:set package 't870_msgs' build argument 'catkin_skip_building_tests' from command line to 'False'
[0.182s] DEBUG:colcon.colcon_core.verb:Building package 't870_msgs' with the following arguments: {'ament_cmake_args': None, 'build_base': '/home/aiv/ev_ws/build/t870_msgs', 'catkin_cmake_args': None, 'catkin_skip_building_tests': False, 'cmake_args': None, 'cmake_clean_cache': False, 'cmake_clean_first': False, 'cmake_force_configure': False, 'cmake_target': None, 'cmake_target_skip_unavailable': False, 'install_base': '/home/aiv/ev_ws/install/t870_msgs', 'merge_install': False, 'path': '/home/aiv/ev_ws/t870_ros/src/t870_msgs', 'symlink_install': True, 'test_result_base': None}
[0.182s] Level 5:colcon.colcon_core.verb:set package 'velodyne_cropbox' build argument 'cmake_args' from command line to 'None'
[0.182s] Level 5:colcon.colcon_core.verb:set package 'velodyne_cropbox' build argument 'cmake_target' from command line to 'None'
[0.182s] Level 5:colcon.colcon_core.verb:set package 'velodyne_cropbox' build argument 'cmake_target_skip_unavailable' from command line to 'False'
[0.182s] Level 5:colcon.colcon_core.verb:set package 'velodyne_cropbox' build argument 'cmake_clean_cache' from command line to 'False'
[0.182s] Level 5:colcon.colcon_core.verb:set package 'velodyne_cropbox' build argument 'cmake_clean_first' from command line to 'False'
[0.182s] Level 5:colcon.colcon_core.verb:set package 'velodyne_cropbox' build argument 'cmake_force_configure' from command line to 'False'
[0.182s] Level 5:colcon.colcon_core.verb:set package 'velodyne_cropbox' build argument 'ament_cmake_args' from command line to 'None'
[0.182s] Level 5:colcon.colcon_core.verb:set package 'velodyne_cropbox' build argument 'catkin_cmake_args' from command line to 'None'
[0.182s] Level 5:colcon.colcon_core.verb:set package 'velodyne_cropbox' build argument 'catkin_skip_building_tests' from command line to 'False'
[0.182s] DEBUG:colcon.colcon_core.verb:Building package 'velodyne_cropbox' with the following arguments: {'ament_cmake_args': None, 'build_base': '/home/aiv/ev_ws/build/velodyne_cropbox', 'catkin_cmake_args': None, 'catkin_skip_building_tests': False, 'cmake_args': None, 'cmake_clean_cache': False, 'cmake_clean_first': False, 'cmake_force_configure': False, 'cmake_target': None, 'cmake_target_skip_unavailable': False, 'install_base': '/home/aiv/ev_ws/install/velodyne_cropbox', 'merge_install': False, 'path': '/home/aiv/ev_ws/perception/src/lidar/velodyne_cropbox', 'symlink_install': True, 'test_result_base': None}
[0.183s] Level 5:colcon.colcon_core.verb:set package 'velodyne_msgs' build argument 'cmake_args' from command line to 'None'
[0.183s] Level 5:colcon.colcon_core.verb:set package 'velodyne_msgs' build argument 'cmake_target' from command line to 'None'
[0.183s] Level 5:colcon.colcon_core.verb:set package 'velodyne_msgs' build argument 'cmake_target_skip_unavailable' from command line to 'False'
[0.183s] Level 5:colcon.colcon_core.verb:set package 'velodyne_msgs' build argument 'cmake_clean_cache' from command line to 'False'
[0.183s] Level 5:colcon.colcon_core.verb:set package 'velodyne_msgs' build argument 'cmake_clean_first' from command line to 'False'
[0.183s] Level 5:colcon.colcon_core.verb:set package 'velodyne_msgs' build argument 'cmake_force_configure' from command line to 'False'
[0.183s] Level 5:colcon.colcon_core.verb:set package 'velodyne_msgs' build argument 'ament_cmake_args' from command line to 'None'
[0.183s] Level 5:colcon.colcon_core.verb:set package 'velodyne_msgs' build argument 'catkin_cmake_args' from command line to 'None'
[0.183s] Level 5:colcon.colcon_core.verb:set package 'velodyne_msgs' build argument 'catkin_skip_building_tests' from command line to 'False'
[0.183s] DEBUG:colcon.colcon_core.verb:Building package 'velodyne_msgs' with the following arguments: {'ament_cmake_args': None, 'build_base': '/home/aiv/ev_ws/build/velodyne_msgs', 'catkin_cmake_args': None, 'catkin_skip_building_tests': False, 'cmake_args': None, 'cmake_clean_cache': False, 'cmake_clean_first': False, 'cmake_force_configure': False, 'cmake_target': None, 'cmake_target_skip_unavailable': False, 'install_base': '/home/aiv/ev_ws/install/velodyne_msgs', 'merge_install': False, 'path': '/home/aiv/ev_ws/perception/src/lidar/velodyne_msgs', 'symlink_install': True, 'test_result_base': None}
[0.183s] Level 5:colcon.colcon_core.verb:set package 'chaining_costmap_ver' build argument 'cmake_args' from command line to 'None'
[0.183s] Level 5:colcon.colcon_core.verb:set package 'chaining_costmap_ver' build argument 'cmake_target' from command line to 'None'
[0.183s] Level 5:colcon.colcon_core.verb:set package 'chaining_costmap_ver' build argument 'cmake_target_skip_unavailable' from command line to 'False'
[0.183s] Level 5:colcon.colcon_core.verb:set package 'chaining_costmap_ver' build argument 'cmake_clean_cache' from command line to 'False'
[0.183s] Level 5:colcon.colcon_core.verb:set package 'chaining_costmap_ver' build argument 'cmake_clean_first' from command line to 'False'
[0.183s] Level 5:colcon.colcon_core.verb:set package 'chaining_costmap_ver' build argument 'cmake_force_configure' from command line to 'False'
[0.183s] Level 5:colcon.colcon_core.verb:set package 'chaining_costmap_ver' build argument 'ament_cmake_args' from command line to 'None'
[0.183s] Level 5:colcon.colcon_core.verb:set package 'chaining_costmap_ver' build argument 'catkin_cmake_args' from command line to 'None'
[0.183s] Level 5:colcon.colcon_core.verb:set package 'chaining_costmap_ver' build argument 'catkin_skip_building_tests' from command line to 'False'
[0.183s] DEBUG:colcon.colcon_core.verb:Building package 'chaining_costmap_ver' with the following arguments: {'ament_cmake_args': None, 'build_base': '/home/aiv/ev_ws/build/chaining_costmap_ver', 'catkin_cmake_args': None, 'catkin_skip_building_tests': False, 'cmake_args': None, 'cmake_clean_cache': False, 'cmake_clean_first': False, 'cmake_force_configure': False, 'cmake_target': None, 'cmake_target_skip_unavailable': False, 'install_base': '/home/aiv/ev_ws/install/chaining_costmap_ver', 'merge_install': False, 'path': '/home/aiv/ev_ws/planning/src/chaining_costmap_ver', 'symlink_install': True, 'test_result_base': None}
[0.183s] Level 5:colcon.colcon_core.verb:set package 'erp42_description' build argument 'cmake_args' from command line to 'None'
[0.183s] Level 5:colcon.colcon_core.verb:set package 'erp42_description' build argument 'cmake_target' from command line to 'None'
[0.183s] Level 5:colcon.colcon_core.verb:set package 'erp42_description' build argument 'cmake_target_skip_unavailable' from command line to 'False'
[0.183s] Level 5:colcon.colcon_core.verb:set package 'erp42_description' build argument 'cmake_clean_cache' from command line to 'False'
[0.183s] Level 5:colcon.colcon_core.verb:set package 'erp42_description' build argument 'cmake_clean_first' from command line to 'False'
[0.183s] Level 5:colcon.colcon_core.verb:set package 'erp42_description' build argument 'cmake_force_configure' from command line to 'False'
[0.183s] Level 5:colcon.colcon_core.verb:set package 'erp42_description' build argument 'ament_cmake_args' from command line to 'None'
[0.183s] Level 5:colcon.colcon_core.verb:set package 'erp42_description' build argument 'catkin_cmake_args' from command line to 'None'
[0.183s] Level 5:colcon.colcon_core.verb:set package 'erp42_description' build argument 'catkin_skip_building_tests' from command line to 'False'
[0.183s] DEBUG:colcon.colcon_core.verb:Building package 'erp42_description' with the following arguments: {'ament_cmake_args': None, 'build_base': '/home/aiv/ev_ws/build/erp42_description', 'catkin_cmake_args': None, 'catkin_skip_building_tests': False, 'cmake_args': None, 'cmake_clean_cache': False, 'cmake_clean_first': False, 'cmake_force_configure': False, 'cmake_target': None, 'cmake_target_skip_unavailable': False, 'install_base': '/home/aiv/ev_ws/install/erp42_description', 'merge_install': False, 'path': '/home/aiv/ev_ws/erp42_ros/src/erp42_description', 'symlink_install': True, 'test_result_base': None}
[0.183s] Level 5:colcon.colcon_core.verb:set package 'erp42_util' build argument 'cmake_args' from command line to 'None'
[0.183s] Level 5:colcon.colcon_core.verb:set package 'erp42_util' build argument 'cmake_target' from command line to 'None'
[0.183s] Level 5:colcon.colcon_core.verb:set package 'erp42_util' build argument 'cmake_target_skip_unavailable' from command line to 'False'
[0.183s] Level 5:colcon.colcon_core.verb:set package 'erp42_util' build argument 'cmake_clean_cache' from command line to 'False'
[0.183s] Level 5:colcon.colcon_core.verb:set package 'erp42_util' build argument 'cmake_clean_first' from command line to 'False'
[0.183s] Level 5:colcon.colcon_core.verb:set package 'erp42_util' build argument 'cmake_force_configure' from command line to 'False'
[0.183s] Level 5:colcon.colcon_core.verb:set package 'erp42_util' build argument 'ament_cmake_args' from command line to 'None'
[0.183s] Level 5:colcon.colcon_core.verb:set package 'erp42_util' build argument 'catkin_cmake_args' from command line to 'None'
[0.183s] Level 5:colcon.colcon_core.verb:set package 'erp42_util' build argument 'catkin_skip_building_tests' from command line to 'False'
[0.183s] DEBUG:colcon.colcon_core.verb:Building package 'erp42_util' with the following arguments: {'ament_cmake_args': None, 'build_base': '/home/aiv/ev_ws/build/erp42_util', 'catkin_cmake_args': None, 'catkin_skip_building_tests': False, 'cmake_args': None, 'cmake_clean_cache': False, 'cmake_clean_first': False, 'cmake_force_configure': False, 'cmake_target': None, 'cmake_target_skip_unavailable': False, 'install_base': '/home/aiv/ev_ws/install/erp42_util', 'merge_install': False, 'path': '/home/aiv/ev_ws/erp42_ros/src/erp42_util', 'symlink_install': True, 'test_result_base': None}
[0.183s] Level 5:colcon.colcon_core.verb:set package 'make_bbox' build argument 'cmake_args' from command line to 'None'
[0.183s] Level 5:colcon.colcon_core.verb:set package 'make_bbox' build argument 'cmake_target' from command line to 'None'
[0.183s] Level 5:colcon.colcon_core.verb:set package 'make_bbox' build argument 'cmake_target_skip_unavailable' from command line to 'False'
[0.183s] Level 5:colcon.colcon_core.verb:set package 'make_bbox' build argument 'cmake_clean_cache' from command line to 'False'
[0.183s] Level 5:colcon.colcon_core.verb:set package 'make_bbox' build argument 'cmake_clean_first' from command line to 'False'
[0.183s] Level 5:colcon.colcon_core.verb:set package 'make_bbox' build argument 'cmake_force_configure' from command line to 'False'
[0.183s] Level 5:colcon.colcon_core.verb:set package 'make_bbox' build argument 'ament_cmake_args' from command line to 'None'
[0.183s] Level 5:colcon.colcon_core.verb:set package 'make_bbox' build argument 'catkin_cmake_args' from command line to 'None'
[0.184s] Level 5:colcon.colcon_core.verb:set package 'make_bbox' build argument 'catkin_skip_building_tests' from command line to 'False'
[0.184s] DEBUG:colcon.colcon_core.verb:Building package 'make_bbox' with the following arguments: {'ament_cmake_args': None, 'build_base': '/home/aiv/ev_ws/build/make_bbox', 'catkin_cmake_args': None, 'catkin_skip_building_tests': False, 'cmake_args': None, 'cmake_clean_cache': False, 'cmake_clean_first': False, 'cmake_force_configure': False, 'cmake_target': None, 'cmake_target_skip_unavailable': False, 'install_base': '/home/aiv/ev_ws/install/make_bbox', 'merge_install': False, 'path': '/home/aiv/ev_ws/perception/src/lidar/make_bbox', 'symlink_install': True, 'test_result_base': None}
[0.184s] Level 5:colcon.colcon_core.verb:set package 't870_util' build argument 'cmake_args' from command line to 'None'
[0.184s] Level 5:colcon.colcon_core.verb:set package 't870_util' build argument 'cmake_target' from command line to 'None'
[0.184s] Level 5:colcon.colcon_core.verb:set package 't870_util' build argument 'cmake_target_skip_unavailable' from command line to 'False'
[0.184s] Level 5:colcon.colcon_core.verb:set package 't870_util' build argument 'cmake_clean_cache' from command line to 'False'
[0.184s] Level 5:colcon.colcon_core.verb:set package 't870_util' build argument 'cmake_clean_first' from command line to 'False'
[0.184s] Level 5:colcon.colcon_core.verb:set package 't870_util' build argument 'cmake_force_configure' from command line to 'False'
[0.184s] Level 5:colcon.colcon_core.verb:set package 't870_util' build argument 'ament_cmake_args' from command line to 'None'
[0.184s] Level 5:colcon.colcon_core.verb:set package 't870_util' build argument 'catkin_cmake_args' from command line to 'None'
[0.184s] Level 5:colcon.colcon_core.verb:set package 't870_util' build argument 'catkin_skip_building_tests' from command line to 'False'
[0.184s] DEBUG:colcon.colcon_core.verb:Building package 't870_util' with the following arguments: {'ament_cmake_args': None, 'build_base': '/home/aiv/ev_ws/build/t870_util', 'catkin_cmake_args': None, 'catkin_skip_building_tests': False, 'cmake_args': None, 'cmake_clean_cache': False, 'cmake_clean_first': False, 'cmake_force_configure': False, 'cmake_target': None, 'cmake_target_skip_unavailable': False, 'install_base': '/home/aiv/ev_ws/install/t870_util', 'merge_install': False, 'path': '/home/aiv/ev_ws/t870_ros/src/t870_util', 'symlink_install': True, 'test_result_base': None}
[0.184s] Level 5:colcon.colcon_core.verb:set package 'velodyne_driver' build argument 'cmake_args' from command line to 'None'
[0.184s] Level 5:colcon.colcon_core.verb:set package 'velodyne_driver' build argument 'cmake_target' from command line to 'None'
[0.184s] Level 5:colcon.colcon_core.verb:set package 'velodyne_driver' build argument 'cmake_target_skip_unavailable' from command line to 'False'
[0.184s] Level 5:colcon.colcon_core.verb:set package 'velodyne_driver' build argument 'cmake_clean_cache' from command line to 'False'
[0.184s] Level 5:colcon.colcon_core.verb:set package 'velodyne_driver' build argument 'cmake_clean_first' from command line to 'False'
[0.184s] Level 5:colcon.colcon_core.verb:set package 'velodyne_driver' build argument 'cmake_force_configure' from command line to 'False'
[0.184s] Level 5:colcon.colcon_core.verb:set package 'velodyne_driver' build argument 'ament_cmake_args' from command line to 'None'
[0.184s] Level 5:colcon.colcon_core.verb:set package 'velodyne_driver' build argument 'catkin_cmake_args' from command line to 'None'
[0.184s] Level 5:colcon.colcon_core.verb:set package 'velodyne_driver' build argument 'catkin_skip_building_tests' from command line to 'False'
[0.184s] DEBUG:colcon.colcon_core.verb:Building package 'velodyne_driver' with the following arguments: {'ament_cmake_args': None, 'build_base': '/home/aiv/ev_ws/build/velodyne_driver', 'catkin_cmake_args': None, 'catkin_skip_building_tests': False, 'cmake_args': None, 'cmake_clean_cache': False, 'cmake_clean_first': False, 'cmake_force_configure': False, 'cmake_target': None, 'cmake_target_skip_unavailable': False, 'install_base': '/home/aiv/ev_ws/install/velodyne_driver', 'merge_install': False, 'path': '/home/aiv/ev_ws/perception/src/lidar/velodyne_driver', 'symlink_install': True, 'test_result_base': None}
[0.184s] Level 5:colcon.colcon_core.verb:set package 'velodyne_pointcloud' build argument 'cmake_args' from command line to 'None'
[0.184s] Level 5:colcon.colcon_core.verb:set package 'velodyne_pointcloud' build argument 'cmake_target' from command line to 'None'
[0.184s] Level 5:colcon.colcon_core.verb:set package 'velodyne_pointcloud' build argument 'cmake_target_skip_unavailable' from command line to 'False'
[0.184s] Level 5:colcon.colcon_core.verb:set package 'velodyne_pointcloud' build argument 'cmake_clean_cache' from command line to 'False'
[0.184s] Level 5:colcon.colcon_core.verb:set package 'velodyne_pointcloud' build argument 'cmake_clean_first' from command line to 'False'
[0.184s] Level 5:colcon.colcon_core.verb:set package 'velodyne_pointcloud' build argument 'cmake_force_configure' from command line to 'False'
[0.184s] Level 5:colcon.colcon_core.verb:set package 'velodyne_pointcloud' build argument 'ament_cmake_args' from command line to 'None'
[0.184s] Level 5:colcon.colcon_core.verb:set package 'velodyne_pointcloud' build argument 'catkin_cmake_args' from command line to 'None'
[0.184s] Level 5:colcon.colcon_core.verb:set package 'velodyne_pointcloud' build argument 'catkin_skip_building_tests' from command line to 'False'
[0.184s] DEBUG:colcon.colcon_core.verb:Building package 'velodyne_pointcloud' with the following arguments: {'ament_cmake_args': None, 'build_base': '/home/aiv/ev_ws/build/velodyne_pointcloud', 'catkin_cmake_args': None, 'catkin_skip_building_tests': False, 'cmake_args': None, 'cmake_clean_cache': False, 'cmake_clean_first': False, 'cmake_force_configure': False, 'cmake_target': None, 'cmake_target_skip_unavailable': False, 'install_base': '/home/aiv/ev_ws/install/velodyne_pointcloud', 'merge_install': False, 'path': '/home/aiv/ev_ws/perception/src/lidar/velodyne_pointcloud', 'symlink_install': True, 'test_result_base': None}
[0.184s] Level 5:colcon.colcon_core.verb:set package 'erp42_gazebo' build argument 'cmake_args' from command line to 'None'
[0.184s] Level 5:colcon.colcon_core.verb:set package 'erp42_gazebo' build argument 'cmake_target' from command line to 'None'
[0.184s] Level 5:colcon.colcon_core.verb:set package 'erp42_gazebo' build argument 'cmake_target_skip_unavailable' from command line to 'False'
[0.184s] Level 5:colcon.colcon_core.verb:set package 'erp42_gazebo' build argument 'cmake_clean_cache' from command line to 'False'
[0.184s] Level 5:colcon.colcon_core.verb:set package 'erp42_gazebo' build argument 'cmake_clean_first' from command line to 'False'
[0.184s] Level 5:colcon.colcon_core.verb:set package 'erp42_gazebo' build argument 'cmake_force_configure' from command line to 'False'
[0.184s] Level 5:colcon.colcon_core.verb:set package 'erp42_gazebo' build argument 'ament_cmake_args' from command line to 'None'
[0.184s] Level 5:colcon.colcon_core.verb:set package 'erp42_gazebo' build argument 'catkin_cmake_args' from command line to 'None'
[0.184s] Level 5:colcon.colcon_core.verb:set package 'erp42_gazebo' build argument 'catkin_skip_building_tests' from command line to 'False'
[0.184s] DEBUG:colcon.colcon_core.verb:Building package 'erp42_gazebo' with the following arguments: {'ament_cmake_args': None, 'build_base': '/home/aiv/ev_ws/build/erp42_gazebo', 'catkin_cmake_args': None, 'catkin_skip_building_tests': False, 'cmake_args': None, 'cmake_clean_cache': False, 'cmake_clean_first': False, 'cmake_force_configure': False, 'cmake_target': None, 'cmake_target_skip_unavailable': False, 'install_base': '/home/aiv/ev_ws/install/erp42_gazebo', 'merge_install': False, 'path': '/home/aiv/ev_ws/erp42_ros/src/erp42_gazebo', 'symlink_install': True, 'test_result_base': None}
[0.184s] Level 5:colcon.colcon_core.verb:set package 'erp42_rqt_plugin' build argument 'cmake_args' from command line to 'None'
[0.184s] Level 5:colcon.colcon_core.verb:set package 'erp42_rqt_plugin' build argument 'cmake_target' from command line to 'None'
[0.185s] Level 5:colcon.colcon_core.verb:set package 'erp42_rqt_plugin' build argument 'cmake_target_skip_unavailable' from command line to 'False'
[0.185s] Level 5:colcon.colcon_core.verb:set package 'erp42_rqt_plugin' build argument 'cmake_clean_cache' from command line to 'False'
[0.185s] Level 5:colcon.colcon_core.verb:set package 'erp42_rqt_plugin' build argument 'cmake_clean_first' from command line to 'False'
[0.185s] Level 5:colcon.colcon_core.verb:set package 'erp42_rqt_plugin' build argument 'cmake_force_configure' from command line to 'False'
[0.185s] Level 5:colcon.colcon_core.verb:set package 'erp42_rqt_plugin' build argument 'ament_cmake_args' from command line to 'None'
[0.185s] Level 5:colcon.colcon_core.verb:set package 'erp42_rqt_plugin' build argument 'catkin_cmake_args' from command line to 'None'
[0.185s] Level 5:colcon.colcon_core.verb:set package 'erp42_rqt_plugin' build argument 'catkin_skip_building_tests' from command line to 'False'
[0.185s] DEBUG:colcon.colcon_core.verb:Building package 'erp42_rqt_plugin' with the following arguments: {'ament_cmake_args': None, 'build_base': '/home/aiv/ev_ws/build/erp42_rqt_plugin', 'catkin_cmake_args': None, 'catkin_skip_building_tests': False, 'cmake_args': None, 'cmake_clean_cache': False, 'cmake_clean_first': False, 'cmake_force_configure': False, 'cmake_target': None, 'cmake_target_skip_unavailable': False, 'install_base': '/home/aiv/ev_ws/install/erp42_rqt_plugin', 'merge_install': False, 'path': '/home/aiv/ev_ws/erp42_ros/src/erp42_rqt_plugin', 'symlink_install': True, 'test_result_base': None}
[0.185s] Level 5:colcon.colcon_core.verb:set package 'erp42_serial' build argument 'cmake_args' from command line to 'None'
[0.185s] Level 5:colcon.colcon_core.verb:set package 'erp42_serial' build argument 'cmake_target' from command line to 'None'
[0.185s] Level 5:colcon.colcon_core.verb:set package 'erp42_serial' build argument 'cmake_target_skip_unavailable' from command line to 'False'
[0.185s] Level 5:colcon.colcon_core.verb:set package 'erp42_serial' build argument 'cmake_clean_cache' from command line to 'False'
[0.185s] Level 5:colcon.colcon_core.verb:set package 'erp42_serial' build argument 'cmake_clean_first' from command line to 'False'
[0.185s] Level 5:colcon.colcon_core.verb:set package 'erp42_serial' build argument 'cmake_force_configure' from command line to 'False'
[0.185s] Level 5:colcon.colcon_core.verb:set package 'erp42_serial' build argument 'ament_cmake_args' from command line to 'None'
[0.185s] Level 5:colcon.colcon_core.verb:set package 'erp42_serial' build argument 'catkin_cmake_args' from command line to 'None'
[0.185s] Level 5:colcon.colcon_core.verb:set package 'erp42_serial' build argument 'catkin_skip_building_tests' from command line to 'False'
[0.185s] DEBUG:colcon.colcon_core.verb:Building package 'erp42_serial' with the following arguments: {'ament_cmake_args': None, 'build_base': '/home/aiv/ev_ws/build/erp42_serial', 'catkin_cmake_args': None, 'catkin_skip_building_tests': False, 'cmake_args': None, 'cmake_clean_cache': False, 'cmake_clean_first': False, 'cmake_force_configure': False, 'cmake_target': None, 'cmake_target_skip_unavailable': False, 'install_base': '/home/aiv/ev_ws/install/erp42_serial', 'merge_install': False, 'path': '/home/aiv/ev_ws/erp42_ros/src/erp42_serial', 'symlink_install': True, 'test_result_base': None}
[0.185s] Level 5:colcon.colcon_core.verb:set package 'lidar_launch' build argument 'cmake_args' from command line to 'None'
[0.185s] Level 5:colcon.colcon_core.verb:set package 'lidar_launch' build argument 'cmake_target' from command line to 'None'
[0.185s] Level 5:colcon.colcon_core.verb:set package 'lidar_launch' build argument 'cmake_target_skip_unavailable' from command line to 'False'
[0.185s] Level 5:colcon.colcon_core.verb:set package 'lidar_launch' build argument 'cmake_clean_cache' from command line to 'False'
[0.185s] Level 5:colcon.colcon_core.verb:set package 'lidar_launch' build argument 'cmake_clean_first' from command line to 'False'
[0.185s] Level 5:colcon.colcon_core.verb:set package 'lidar_launch' build argument 'cmake_force_configure' from command line to 'False'
[0.185s] Level 5:colcon.colcon_core.verb:set package 'lidar_launch' build argument 'ament_cmake_args' from command line to 'None'
[0.185s] Level 5:colcon.colcon_core.verb:set package 'lidar_launch' build argument 'catkin_cmake_args' from command line to 'None'
[0.185s] Level 5:colcon.colcon_core.verb:set package 'lidar_launch' build argument 'catkin_skip_building_tests' from command line to 'False'
[0.185s] DEBUG:colcon.colcon_core.verb:Building package 'lidar_launch' with the following arguments: {'ament_cmake_args': None, 'build_base': '/home/aiv/ev_ws/build/lidar_launch', 'catkin_cmake_args': None, 'catkin_skip_building_tests': False, 'cmake_args': None, 'cmake_clean_cache': False, 'cmake_clean_first': False, 'cmake_force_configure': False, 'cmake_target': None, 'cmake_target_skip_unavailable': False, 'install_base': '/home/aiv/ev_ws/install/lidar_launch', 'merge_install': False, 'path': '/home/aiv/ev_ws/perception/src/lidar_launch', 'symlink_install': True, 'test_result_base': None}
[0.185s] Level 5:colcon.colcon_core.verb:set package 't870_rqt_plugin' build argument 'cmake_args' from command line to 'None'
[0.185s] Level 5:colcon.colcon_core.verb:set package 't870_rqt_plugin' build argument 'cmake_target' from command line to 'None'
[0.185s] Level 5:colcon.colcon_core.verb:set package 't870_rqt_plugin' build argument 'cmake_target_skip_unavailable' from command line to 'False'
[0.185s] Level 5:colcon.colcon_core.verb:set package 't870_rqt_plugin' build argument 'cmake_clean_cache' from command line to 'False'
[0.185s] Level 5:colcon.colcon_core.verb:set package 't870_rqt_plugin' build argument 'cmake_clean_first' from command line to 'False'
[0.185s] Level 5:colcon.colcon_core.verb:set package 't870_rqt_plugin' build argument 'cmake_force_configure' from command line to 'False'
[0.185s] Level 5:colcon.colcon_core.verb:set package 't870_rqt_plugin' build argument 'ament_cmake_args' from command line to 'None'
[0.185s] Level 5:colcon.colcon_core.verb:set package 't870_rqt_plugin' build argument 'catkin_cmake_args' from command line to 'None'
[0.185s] Level 5:colcon.colcon_core.verb:set package 't870_rqt_plugin' build argument 'catkin_skip_building_tests' from command line to 'False'
[0.185s] DEBUG:colcon.colcon_core.verb:Building package 't870_rqt_plugin' with the following arguments: {'ament_cmake_args': None, 'build_base': '/home/aiv/ev_ws/build/t870_rqt_plugin', 'catkin_cmake_args': None, 'catkin_skip_building_tests': False, 'cmake_args': None, 'cmake_clean_cache': False, 'cmake_clean_first': False, 'cmake_force_configure': False, 'cmake_target': None, 'cmake_target_skip_unavailable': False, 'install_base': '/home/aiv/ev_ws/install/t870_rqt_plugin', 'merge_install': False, 'path': '/home/aiv/ev_ws/t870_ros/src/t870_rqt_plugin', 'symlink_install': True, 'test_result_base': None}
[0.185s] Level 5:colcon.colcon_core.verb:set package 't870_serial' build argument 'cmake_args' from command line to 'None'
[0.185s] Level 5:colcon.colcon_core.verb:set package 't870_serial' build argument 'cmake_target' from command line to 'None'
[0.185s] Level 5:colcon.colcon_core.verb:set package 't870_serial' build argument 'cmake_target_skip_unavailable' from command line to 'False'
[0.185s] Level 5:colcon.colcon_core.verb:set package 't870_serial' build argument 'cmake_clean_cache' from command line to 'False'
[0.185s] Level 5:colcon.colcon_core.verb:set package 't870_serial' build argument 'cmake_clean_first' from command line to 'False'
[0.185s] Level 5:colcon.colcon_core.verb:set package 't870_serial' build argument 'cmake_force_configure' from command line to 'False'
[0.185s] Level 5:colcon.colcon_core.verb:set package 't870_serial' build argument 'ament_cmake_args' from command line to 'None'
[0.185s] Level 5:colcon.colcon_core.verb:set package 't870_serial' build argument 'catkin_cmake_args' from command line to 'None'
[0.185s] Level 5:colcon.colcon_core.verb:set package 't870_serial' build argument 'catkin_skip_building_tests' from command line to 'False'
[0.185s] DEBUG:colcon.colcon_core.verb:Building package 't870_serial' with the following arguments: {'ament_cmake_args': None, 'build_base': '/home/aiv/ev_ws/build/t870_serial', 'catkin_cmake_args': None, 'catkin_skip_building_tests': False, 'cmake_args': None, 'cmake_clean_cache': False, 'cmake_clean_first': False, 'cmake_force_configure': False, 'cmake_target': None, 'cmake_target_skip_unavailable': False, 'install_base': '/home/aiv/ev_ws/install/t870_serial', 'merge_install': False, 'path': '/home/aiv/ev_ws/t870_ros/src/t870_serial', 'symlink_install': True, 'test_result_base': None}
[0.186s] Level 5:colcon.colcon_core.verb:set package 'velodyne' build argument 'cmake_args' from command line to 'None'
[0.186s] Level 5:colcon.colcon_core.verb:set package 'velodyne' build argument 'cmake_target' from command line to 'None'
[0.186s] Level 5:colcon.colcon_core.verb:set package 'velodyne' build argument 'cmake_target_skip_unavailable' from command line to 'False'
[0.186s] Level 5:colcon.colcon_core.verb:set package 'velodyne' build argument 'cmake_clean_cache' from command line to 'False'
[0.186s] Level 5:colcon.colcon_core.verb:set package 'velodyne' build argument 'cmake_clean_first' from command line to 'False'
[0.186s] Level 5:colcon.colcon_core.verb:set package 'velodyne' build argument 'cmake_force_configure' from command line to 'False'
[0.186s] Level 5:colcon.colcon_core.verb:set package 'velodyne' build argument 'ament_cmake_args' from command line to 'None'
[0.186s] Level 5:colcon.colcon_core.verb:set package 'velodyne' build argument 'catkin_cmake_args' from command line to 'None'
[0.186s] Level 5:colcon.colcon_core.verb:set package 'velodyne' build argument 'catkin_skip_building_tests' from command line to 'False'
[0.186s] DEBUG:colcon.colcon_core.verb:Building package 'velodyne' with the following arguments: {'ament_cmake_args': None, 'build_base': '/home/aiv/ev_ws/build/velodyne', 'catkin_cmake_args': None, 'catkin_skip_building_tests': False, 'cmake_args': None, 'cmake_clean_cache': False, 'cmake_clean_first': False, 'cmake_force_configure': False, 'cmake_target': None, 'cmake_target_skip_unavailable': False, 'install_base': '/home/aiv/ev_ws/install/velodyne', 'merge_install': False, 'path': '/home/aiv/ev_ws/perception/src/lidar/velodyne', 'symlink_install': True, 'test_result_base': None}
[0.186s] INFO:colcon.colcon_core.executor:Executing jobs using 'parallel' executor
[0.186s] DEBUG:colcon.colcon_parallel_executor.executor.parallel:run_until_complete
[0.186s] INFO:colcon.colcon_ros.task.ament_cmake.build:Building ROS package in '/home/aiv/ev_ws/erp42_ros/src/erp42_cmake' with build type 'ament_cmake'
[0.187s] INFO:colcon.colcon_cmake.task.cmake.build:Building CMake package in '/home/aiv/ev_ws/erp42_ros/src/erp42_cmake'
[0.188s] INFO:colcon.colcon_core.plugin_system:Skipping extension 'colcon_core.shell.bat': Not used on non-Windows systems
[0.188s] INFO:colcon.colcon_core.shell:Skip shell extension 'powershell' for command environment: Not usable outside of PowerShell
[0.188s] DEBUG:colcon.colcon_core.shell:Skip shell extension 'dsv' for command environment
[0.190s] INFO:colcon.colcon_ros.task.ament_cmake.build:Building ROS package in '/home/aiv/ev_ws/perception/src/lidar/velodyne_msgs' with build type 'ament_cmake'
[0.190s] INFO:colcon.colcon_cmake.task.cmake.build:Building CMake package in '/home/aiv/ev_ws/perception/src/lidar/velodyne_msgs'
[0.190s] INFO:colcon.colcon_core.shell:Skip shell extension 'powershell' for command environment: Not usable outside of PowerShell
[0.190s] DEBUG:colcon.colcon_core.shell:Skip shell extension 'dsv' for command environment
[0.192s] INFO:colcon.colcon_ros.task.ament_cmake.build:Building ROS package in '/home/aiv/ev_ws/erp42_ros/src/erp42_msgs' with build type 'ament_cmake'
[0.193s] INFO:colcon.colcon_cmake.task.cmake.build:Building CMake package in '/home/aiv/ev_ws/erp42_ros/src/erp42_msgs'
[0.193s] INFO:colcon.colcon_core.shell:Skip shell extension 'powershell' for command environment: Not usable outside of PowerShell
[0.193s] DEBUG:colcon.colcon_core.shell:Skip shell extension 'dsv' for command environment
[0.195s] INFO:colcon.colcon_ros.task.ament_cmake.build:Building ROS package in '/home/aiv/ev_ws/ev_msgs' with build type 'ament_cmake'
[0.195s] INFO:colcon.colcon_cmake.task.cmake.build:Building CMake package in '/home/aiv/ev_ws/ev_msgs'
[0.195s] INFO:colcon.colcon_core.shell:Skip shell extension 'powershell' for command environment: Not usable outside of PowerShell
[0.195s] DEBUG:colcon.colcon_core.shell:Skip shell extension 'dsv' for command environment
[0.197s] INFO:colcon.colcon_ros.task.ament_cmake.build:Building ROS package in '/home/aiv/ev_ws/t870_ros/src/t870_cmake' with build type 'ament_cmake'
[0.197s] INFO:colcon.colcon_cmake.task.cmake.build:Building CMake package in '/home/aiv/ev_ws/t870_ros/src/t870_cmake'
[0.197s] INFO:colcon.colcon_core.shell:Skip shell extension 'powershell' for command environment: Not usable outside of PowerShell
[0.197s] DEBUG:colcon.colcon_core.shell:Skip shell extension 'dsv' for command environment
[0.199s] INFO:colcon.colcon_ros.task.ament_cmake.build:Building ROS package in '/home/aiv/ev_ws/t870_ros/src/t870_msgs' with build type 'ament_cmake'
[0.199s] INFO:colcon.colcon_cmake.task.cmake.build:Building CMake package in '/home/aiv/ev_ws/t870_ros/src/t870_msgs'
[0.199s] INFO:colcon.colcon_core.shell:Skip shell extension 'powershell' for command environment: Not usable outside of PowerShell
[0.199s] DEBUG:colcon.colcon_core.shell:Skip shell extension 'dsv' for command environment
[0.201s] INFO:colcon.colcon_ros.task.ament_cmake.build:Building ROS package in '/home/aiv/ev_ws/perception/src/lidar/cluster_splitter' with build type 'ament_cmake'
[0.201s] INFO:colcon.colcon_cmake.task.cmake.build:Building CMake package in '/home/aiv/ev_ws/perception/src/lidar/cluster_splitter'
[0.201s] INFO:colcon.colcon_core.shell:Skip shell extension 'powershell' for command environment: Not usable outside of PowerShell
[0.201s] DEBUG:colcon.colcon_core.shell:Skip shell extension 'dsv' for command environment
[0.203s] INFO:colcon.colcon_ros.task.ament_cmake.build:Building ROS package in '/home/aiv/ev_ws/perception/src/lidar/dbscan_clustering' with build type 'ament_cmake'
[0.203s] INFO:colcon.colcon_cmake.task.cmake.build:Building CMake package in '/home/aiv/ev_ws/perception/src/lidar/dbscan_clustering'
[0.203s] INFO:colcon.colcon_core.shell:Skip shell extension 'powershell' for command environment: Not usable outside of PowerShell
[0.204s] DEBUG:colcon.colcon_core.shell:Skip shell extension 'dsv' for command environment
[0.205s] INFO:colcon.colcon_ros.task.ament_cmake.build:Building ROS package in '/home/aiv/ev_ws/perception/src/lidar/lidar_voxel_grid' with build type 'ament_cmake'
[0.206s] INFO:colcon.colcon_cmake.task.cmake.build:Building CMake package in '/home/aiv/ev_ws/perception/src/lidar/lidar_voxel_grid'
[0.206s] INFO:colcon.colcon_core.shell:Skip shell extension 'powershell' for command environment: Not usable outside of PowerShell
[0.206s] DEBUG:colcon.colcon_core.shell:Skip shell extension 'dsv' for command environment
[0.208s] INFO:colcon.colcon_ros.task.ament_cmake.build:Building ROS package in '/home/aiv/ev_ws/perception/src/lidar/patchwork-plusplus-master/patchwork-plusplus-master/ros' with build type 'ament_cmake'
[0.208s] INFO:colcon.colcon_cmake.task.cmake.build:Building CMake package in '/home/aiv/ev_ws/perception/src/lidar/patchwork-plusplus-master/patchwork-plusplus-master/ros'
[0.208s] INFO:colcon.colcon_core.shell:Skip shell extension 'powershell' for command environment: Not usable outside of PowerShell
[0.208s] DEBUG:colcon.colcon_core.shell:Skip shell extension 'dsv' for command environment
[0.210s] INFO:colcon.colcon_ros.task.ament_cmake.build:Building ROS package in '/home/aiv/ev_ws/carsa_gazebo' with build type 'ament_cmake'
[0.210s] INFO:colcon.colcon_cmake.task.cmake.build:Building CMake package in '/home/aiv/ev_ws/carsa_gazebo'
[0.210s] INFO:colcon.colcon_core.shell:Skip shell extension 'powershell' for command environment: Not usable outside of PowerShell
[0.210s] DEBUG:colcon.colcon_core.shell:Skip shell extension 'dsv' for command environment
[0.212s] INFO:colcon.colcon_ros.task.ament_cmake.build:Building ROS package in '/home/aiv/ev_ws/perception/src/lidar/velodyne_cropbox' with build type 'ament_cmake'
[0.212s] INFO:colcon.colcon_cmake.task.cmake.build:Building CMake package in '/home/aiv/ev_ws/perception/src/lidar/velodyne_cropbox'
[0.212s] INFO:colcon.colcon_core.shell:Skip shell extension 'powershell' for command environment: Not usable outside of PowerShell
[0.212s] DEBUG:colcon.colcon_core.shell:Skip shell extension 'dsv' for command environment
[0.216s] DEBUG:colcon.colcon_core.event_handler.log_command:Invoking command in '/home/aiv/ev_ws/build/erp42_cmake': CMAKE_PREFIX_PATH=${CMAKE_PREFIX_PATH}:/opt/ros/humble /usr/bin/cmake /home/aiv/ev_ws/erp42_ros/src/erp42_cmake -DAMENT_CMAKE_SYMLINK_INSTALL=1 -DCMAKE_INSTALL_PREFIX=/home/aiv/ev_ws/install/erp42_cmake
[0.217s] DEBUG:colcon.colcon_core.event_handler.log_command:Invoking command in '/home/aiv/ev_ws/build/velodyne_msgs': CMAKE_PREFIX_PATH=${CMAKE_PREFIX_PATH}:/opt/ros/humble /usr/bin/cmake /home/aiv/ev_ws/perception/src/lidar/velodyne_msgs -DAMENT_CMAKE_SYMLINK_INSTALL=1 -DCMAKE_INSTALL_PREFIX=/home/aiv/ev_ws/install/velodyne_msgs
[0.218s] DEBUG:colcon.colcon_core.event_handler.log_command:Invoking command in '/home/aiv/ev_ws/build/erp42_msgs': CMAKE_PREFIX_PATH=${CMAKE_PREFIX_PATH}:/opt/ros/humble /usr/bin/cmake /home/aiv/ev_ws/erp42_ros/src/erp42_msgs -DAMENT_CMAKE_SYMLINK_INSTALL=1 -DCMAKE_INSTALL_PREFIX=/home/aiv/ev_ws/install/erp42_msgs
[0.219s] DEBUG:colcon.colcon_core.event_handler.log_command:Invoking command in '/home/aiv/ev_ws/build/ev_msgs': CMAKE_PREFIX_PATH=${CMAKE_PREFIX_PATH}:/opt/ros/humble /usr/bin/cmake /home/aiv/ev_ws/ev_msgs -DAMENT_CMAKE_SYMLINK_INSTALL=1 -DCMAKE_INSTALL_PREFIX=/home/aiv/ev_ws/install/ev_msgs
[0.220s] DEBUG:colcon.colcon_core.event_handler.log_command:Invoking command in '/home/aiv/ev_ws/build/t870_cmake': CMAKE_PREFIX_PATH=${CMAKE_PREFIX_PATH}:/opt/ros/humble /usr/bin/cmake /home/aiv/ev_ws/t870_ros/src/t870_cmake -DAMENT_CMAKE_SYMLINK_INSTALL=1 -DCMAKE_INSTALL_PREFIX=/home/aiv/ev_ws/install/t870_cmake
[0.220s] DEBUG:colcon.colcon_core.event_handler.log_command:Invoking command in '/home/aiv/ev_ws/build/t870_msgs': CMAKE_PREFIX_PATH=${CMAKE_PREFIX_PATH}:/opt/ros/humble /usr/bin/cmake /home/aiv/ev_ws/t870_ros/src/t870_msgs -DAMENT_CMAKE_SYMLINK_INSTALL=1 -DCMAKE_INSTALL_PREFIX=/home/aiv/ev_ws/install/t870_msgs
[0.221s] DEBUG:colcon.colcon_core.event_handler.log_command:Invoking command in '/home/aiv/ev_ws/build/cluster_splitter': CMAKE_PREFIX_PATH=${CMAKE_PREFIX_PATH}:/opt/ros/humble /usr/bin/cmake /home/aiv/ev_ws/perception/src/lidar/cluster_splitter -DAMENT_CMAKE_SYMLINK_INSTALL=1 -DCMAKE_INSTALL_PREFIX=/home/aiv/ev_ws/install/cluster_splitter
[0.222s] DEBUG:colcon.colcon_core.event_handler.log_command:Invoking command in '/home/aiv/ev_ws/build/dbscan_clustering': CMAKE_PREFIX_PATH=${CMAKE_PREFIX_PATH}:/opt/ros/humble /usr/bin/cmake /home/aiv/ev_ws/perception/src/lidar/dbscan_clustering -DAMENT_CMAKE_SYMLINK_INSTALL=1 -DCMAKE_INSTALL_PREFIX=/home/aiv/ev_ws/install/dbscan_clustering
[0.223s] DEBUG:colcon.colcon_core.event_handler.log_command:Invoking command in '/home/aiv/ev_ws/build/lidar_voxel_grid': CMAKE_PREFIX_PATH=${CMAKE_PREFIX_PATH}:/opt/ros/humble /usr/bin/cmake /home/aiv/ev_ws/perception/src/lidar/lidar_voxel_grid -DAMENT_CMAKE_SYMLINK_INSTALL=1 -DCMAKE_INSTALL_PREFIX=/home/aiv/ev_ws/install/lidar_voxel_grid
[0.224s] DEBUG:colcon.colcon_core.event_handler.log_command:Invoking command in '/home/aiv/ev_ws/build/patchworkpp': CMAKE_PREFIX_PATH=${CMAKE_PREFIX_PATH}:/opt/ros/humble /usr/bin/cmake /home/aiv/ev_ws/perception/src/lidar/patchwork-plusplus-master/patchwork-plusplus-master/ros -DAMENT_CMAKE_SYMLINK_INSTALL=1 -DCMAKE_INSTALL_PREFIX=/home/aiv/ev_ws/install/patchworkpp
[0.225s] DEBUG:colcon.colcon_core.event_handler.log_command:Invoking command in '/home/aiv/ev_ws/build/carsa_gazebo': CMAKE_PREFIX_PATH=${CMAKE_PREFIX_PATH}:/opt/ros/humble /usr/bin/cmake /home/aiv/ev_ws/carsa_gazebo -DAMENT_CMAKE_SYMLINK_INSTALL=1 -DCMAKE_INSTALL_PREFIX=/home/aiv/ev_ws/install/carsa_gazebo
[0.230s] DEBUG:colcon.colcon_core.event_handler.log_command:Invoking command in '/home/aiv/ev_ws/build/velodyne_cropbox': CMAKE_PREFIX_PATH=${CMAKE_PREFIX_PATH}:/opt/ros/humble /usr/bin/cmake /home/aiv/ev_ws/perception/src/lidar/velodyne_cropbox -DAMENT_CMAKE_SYMLINK_INSTALL=1 -DCMAKE_INSTALL_PREFIX=/home/aiv/ev_ws/install/velodyne_cropbox
[0.438s] DEBUG:colcon.colcon_core.event_handler.log_command:Invoked command in '/home/aiv/ev_ws/build/t870_cmake' returned '0': CMAKE_PREFIX_PATH=${CMAKE_PREFIX_PATH}:/opt/ros/humble /usr/bin/cmake /home/aiv/ev_ws/t870_ros/src/t870_cmake -DAMENT_CMAKE_SYMLINK_INSTALL=1 -DCMAKE_INSTALL_PREFIX=/home/aiv/ev_ws/install/t870_cmake
[0.440s] DEBUG:colcon.colcon_core.event_handler.log_command:Invoking command in '/home/aiv/ev_ws/build/t870_cmake': CMAKE_PREFIX_PATH=${CMAKE_PREFIX_PATH}:/opt/ros/humble /usr/bin/cmake --build /home/aiv/ev_ws/build/t870_cmake -- -j28 -l28
[0.461s] DEBUG:colcon.colcon_core.event_handler.log_command:Invoked command in '/home/aiv/ev_ws/build/erp42_cmake' returned '0': CMAKE_PREFIX_PATH=${CMAKE_PREFIX_PATH}:/opt/ros/humble /usr/bin/cmake /home/aiv/ev_ws/erp42_ros/src/erp42_cmake -DAMENT_CMAKE_SYMLINK_INSTALL=1 -DCMAKE_INSTALL_PREFIX=/home/aiv/ev_ws/install/erp42_cmake
[0.462s] DEBUG:colcon.colcon_core.event_handler.log_command:Invoking command in '/home/aiv/ev_ws/build/erp42_cmake': CMAKE_PREFIX_PATH=${CMAKE_PREFIX_PATH}:/opt/ros/humble /usr/bin/cmake --build /home/aiv/ev_ws/build/erp42_cmake -- -j28 -l28
[0.471s] DEBUG:colcon.colcon_core.event_handler.log_command:Invoked command in '/home/aiv/ev_ws/build/t870_cmake' returned '0': CMAKE_PREFIX_PATH=${CMAKE_PREFIX_PATH}:/opt/ros/humble /usr/bin/cmake --build /home/aiv/ev_ws/build/t870_cmake -- -j28 -l28
[0.478s] DEBUG:colcon.colcon_core.event_handler.log_command:Invoking command in '/home/aiv/ev_ws/build/t870_cmake': CMAKE_PREFIX_PATH=${CMAKE_PREFIX_PATH}:/opt/ros/humble /usr/bin/cmake --install /home/aiv/ev_ws/build/t870_cmake
[0.485s] DEBUG:colcon.colcon_core.event_handler.log_command:Invoked command in '/home/aiv/ev_ws/build/erp42_cmake' returned '0': CMAKE_PREFIX_PATH=${CMAKE_PREFIX_PATH}:/opt/ros/humble /usr/bin/cmake --build /home/aiv/ev_ws/build/erp42_cmake -- -j28 -l28
[0.486s] DEBUG:colcon.colcon_core.event_handler.log_command:Invoking command in '/home/aiv/ev_ws/build/erp42_cmake': CMAKE_PREFIX_PATH=${CMAKE_PREFIX_PATH}:/opt/ros/humble /usr/bin/cmake --install /home/aiv/ev_ws/build/erp42_cmake
[0.576s] Level 1:colcon.colcon_core.environment:create_environment_scripts_only(t870_cmake)
[0.576s] DEBUG:colcon.colcon_core.event_handler.log_command:Invoked command in '/home/aiv/ev_ws/build/t870_cmake' returned '0': CMAKE_PREFIX_PATH=${CMAKE_PREFIX_PATH}:/opt/ros/humble /usr/bin/cmake --install /home/aiv/ev_ws/build/t870_cmake
[0.578s] Level 1:colcon.colcon_core.environment:checking '/home/aiv/ev_ws/install/t870_cmake' for CMake module files
[0.578s] Level 1:colcon.colcon_core.environment:checking '/home/aiv/ev_ws/install/t870_cmake' for CMake config files
[0.578s] Level 1:colcon.colcon_core.shell:create_environment_hook('t870_cmake', 'cmake_prefix_path')
[0.578s] INFO:colcon.colcon_core.shell:Creating environment hook '/home/aiv/ev_ws/install/t870_cmake/share/t870_cmake/hook/cmake_prefix_path.ps1'
[0.578s] INFO:colcon.colcon_core.shell:Creating environment descriptor '/home/aiv/ev_ws/install/t870_cmake/share/t870_cmake/hook/cmake_prefix_path.dsv'
[0.579s] INFO:colcon.colcon_core.shell:Creating environment hook '/home/aiv/ev_ws/install/t870_cmake/share/t870_cmake/hook/cmake_prefix_path.sh'
[0.579s] Level 1:colcon.colcon_core.environment:checking '/home/aiv/ev_ws/install/t870_cmake/bin'
[0.579s] Level 1:colcon.colcon_core.environment:checking '/home/aiv/ev_ws/install/t870_cmake/lib/pkgconfig/t870_cmake.pc'
[0.579s] Level 1:colcon.colcon_core.environment:checking '/home/aiv/ev_ws/install/t870_cmake/lib/python3.10/site-packages'
[0.579s] Level 1:colcon.colcon_core.environment:checking '/home/aiv/ev_ws/install/t870_cmake/bin'
[0.579s] INFO:colcon.colcon_core.shell:Creating package script '/home/aiv/ev_ws/install/t870_cmake/share/t870_cmake/package.ps1'
[0.580s] INFO:colcon.colcon_core.shell:Creating package descriptor '/home/aiv/ev_ws/install/t870_cmake/share/t870_cmake/package.dsv'
[0.580s] INFO:colcon.colcon_core.shell:Creating package script '/home/aiv/ev_ws/install/t870_cmake/share/t870_cmake/package.sh'
[0.580s] INFO:colcon.colcon_core.shell:Creating package script '/home/aiv/ev_ws/install/t870_cmake/share/t870_cmake/package.bash'
[0.581s] INFO:colcon.colcon_core.shell:Creating package script '/home/aiv/ev_ws/install/t870_cmake/share/t870_cmake/package.zsh'
[0.581s] Level 1:colcon.colcon_core.environment:create_file_with_runtime_dependencies(/home/aiv/ev_ws/install/t870_cmake/share/colcon-core/packages/t870_cmake)
[0.581s] Level 1:colcon.colcon_core.environment:create_environment_scripts_only(t870_cmake)
[0.581s] Level 1:colcon.colcon_core.environment:checking '/home/aiv/ev_ws/install/t870_cmake' for CMake module files
[0.582s] Level 1:colcon.colcon_core.environment:checking '/home/aiv/ev_ws/install/t870_cmake' for CMake config files
[0.582s] Level 1:colcon.colcon_core.shell:create_environment_hook('t870_cmake', 'cmake_prefix_path')
[0.582s] INFO:colcon.colcon_core.shell:Creating environment hook '/home/aiv/ev_ws/install/t870_cmake/share/t870_cmake/hook/cmake_prefix_path.ps1'
[0.582s] INFO:colcon.colcon_core.shell:Creating environment descriptor '/home/aiv/ev_ws/install/t870_cmake/share/t870_cmake/hook/cmake_prefix_path.dsv'
[0.582s] INFO:colcon.colcon_core.shell:Creating environment hook '/home/aiv/ev_ws/install/t870_cmake/share/t870_cmake/hook/cmake_prefix_path.sh'
[0.582s] Level 1:colcon.colcon_core.environment:checking '/home/aiv/ev_ws/install/t870_cmake/bin'
[0.582s] Level 1:colcon.colcon_core.environment:checking '/home/aiv/ev_ws/install/t870_cmake/lib/pkgconfig/t870_cmake.pc'
[0.582s] Level 1:colcon.colcon_core.environment:checking '/home/aiv/ev_ws/install/t870_cmake/lib/python3.10/site-packages'
[0.583s] Level 1:colcon.colcon_core.environment:checking '/home/aiv/ev_ws/install/t870_cmake/bin'
[0.583s] INFO:colcon.colcon_core.shell:Creating package script '/home/aiv/ev_ws/install/t870_cmake/share/t870_cmake/package.ps1'
[0.583s] INFO:colcon.colcon_core.shell:Creating package descriptor '/home/aiv/ev_ws/install/t870_cmake/share/t870_cmake/package.dsv'
[0.583s] INFO:colcon.colcon_core.shell:Creating package script '/home/aiv/ev_ws/install/t870_cmake/share/t870_cmake/package.sh'
[0.583s] INFO:colcon.colcon_core.shell:Creating package script '/home/aiv/ev_ws/install/t870_cmake/share/t870_cmake/package.bash'
[0.583s] INFO:colcon.colcon_core.shell:Creating package script '/home/aiv/ev_ws/install/t870_cmake/share/t870_cmake/package.zsh'
[0.584s] Level 1:colcon.colcon_core.environment:create_file_with_runtime_dependencies(/home/aiv/ev_ws/install/t870_cmake/share/colcon-core/packages/t870_cmake)
[0.584s] INFO:colcon.colcon_ros.task.ament_cmake.build:Building ROS package in '/home/aiv/ev_ws/t870_ros/src/t870_util' with build type 'ament_cmake'
[0.584s] INFO:colcon.colcon_cmake.task.cmake.build:Building CMake package in '/home/aiv/ev_ws/t870_ros/src/t870_util'
[0.584s] INFO:colcon.colcon_core.shell:Skip shell extension 'powershell' for command environment: Not usable outside of PowerShell
[0.584s] DEBUG:colcon.colcon_core.shell:Skip shell extension 'dsv' for command environment
[0.588s] Level 1:colcon.colcon_core.environment:create_environment_scripts_only(erp42_cmake)
[0.588s] DEBUG:colcon.colcon_core.event_handler.log_command:Invoked command in '/home/aiv/ev_ws/build/erp42_cmake' returned '0': CMAKE_PREFIX_PATH=${CMAKE_PREFIX_PATH}:/opt/ros/humble /usr/bin/cmake --install /home/aiv/ev_ws/build/erp42_cmake
[0.588s] Level 1:colcon.colcon_core.environment:checking '/home/aiv/ev_ws/install/erp42_cmake' for CMake module files
[0.589s] Level 1:colcon.colcon_core.environment:checking '/home/aiv/ev_ws/install/erp42_cmake' for CMake config files
[0.589s] Level 1:colcon.colcon_core.shell:create_environment_hook('erp42_cmake', 'cmake_prefix_path')
[0.589s] INFO:colcon.colcon_core.shell:Creating environment hook '/home/aiv/ev_ws/install/erp42_cmake/share/erp42_cmake/hook/cmake_prefix_path.ps1'
[0.589s] INFO:colcon.colcon_core.shell:Creating environment descriptor '/home/aiv/ev_ws/install/erp42_cmake/share/erp42_cmake/hook/cmake_prefix_path.dsv'
[0.590s] INFO:colcon.colcon_core.shell:Creating environment hook '/home/aiv/ev_ws/install/erp42_cmake/share/erp42_cmake/hook/cmake_prefix_path.sh'
[0.590s] Level 1:colcon.colcon_core.environment:checking '/home/aiv/ev_ws/install/erp42_cmake/bin'
[0.590s] Level 1:colcon.colcon_core.environment:checking '/home/aiv/ev_ws/install/erp42_cmake/lib/pkgconfig/erp42_cmake.pc'
[0.590s] Level 1:colcon.colcon_core.environment:checking '/home/aiv/ev_ws/install/erp42_cmake/lib/python3.10/site-packages'
[0.591s] Level 1:colcon.colcon_core.environment:checking '/home/aiv/ev_ws/install/erp42_cmake/bin'
[0.591s] INFO:colcon.colcon_core.shell:Creating package script '/home/aiv/ev_ws/install/erp42_cmake/share/erp42_cmake/package.ps1'
[0.591s] INFO:colcon.colcon_core.shell:Creating package descriptor '/home/aiv/ev_ws/install/erp42_cmake/share/erp42_cmake/package.dsv'
[0.591s] INFO:colcon.colcon_core.shell:Creating package script '/home/aiv/ev_ws/install/erp42_cmake/share/erp42_cmake/package.sh'
[0.592s] INFO:colcon.colcon_core.shell:Creating package script '/home/aiv/ev_ws/install/erp42_cmake/share/erp42_cmake/package.bash'
[0.592s] INFO:colcon.colcon_core.shell:Creating package script '/home/aiv/ev_ws/install/erp42_cmake/share/erp42_cmake/package.zsh'
[0.592s] Level 1:colcon.colcon_core.environment:create_file_with_runtime_dependencies(/home/aiv/ev_ws/install/erp42_cmake/share/colcon-core/packages/erp42_cmake)
[0.593s] Level 1:colcon.colcon_core.environment:create_environment_scripts_only(erp42_cmake)
[0.593s] Level 1:colcon.colcon_core.environment:checking '/home/aiv/ev_ws/install/erp42_cmake' for CMake module files
[0.593s] Level 1:colcon.colcon_core.environment:checking '/home/aiv/ev_ws/install/erp42_cmake' for CMake config files
[0.593s] Level 1:colcon.colcon_core.shell:create_environment_hook('erp42_cmake', 'cmake_prefix_path')
[0.593s] INFO:colcon.colcon_core.shell:Creating environment hook '/home/aiv/ev_ws/install/erp42_cmake/share/erp42_cmake/hook/cmake_prefix_path.ps1'
[0.594s] INFO:colcon.colcon_core.shell:Creating environment descriptor '/home/aiv/ev_ws/install/erp42_cmake/share/erp42_cmake/hook/cmake_prefix_path.dsv'
[0.594s] INFO:colcon.colcon_core.shell:Creating environment hook '/home/aiv/ev_ws/install/erp42_cmake/share/erp42_cmake/hook/cmake_prefix_path.sh'
[0.594s] Level 1:colcon.colcon_core.environment:checking '/home/aiv/ev_ws/install/erp42_cmake/bin'
[0.594s] Level 1:colcon.colcon_core.environment:checking '/home/aiv/ev_ws/install/erp42_cmake/lib/pkgconfig/erp42_cmake.pc'
[0.594s] Level 1:colcon.colcon_core.environment:checking '/home/aiv/ev_ws/install/erp42_cmake/lib/python3.10/site-packages'
[0.595s] Level 1:colcon.colcon_core.environment:checking '/home/aiv/ev_ws/install/erp42_cmake/bin'
[0.595s] INFO:colcon.colcon_core.shell:Creating package script '/home/aiv/ev_ws/install/erp42_cmake/share/erp42_cmake/package.ps1'
[0.595s] INFO:colcon.colcon_core.shell:Creating package descriptor '/home/aiv/ev_ws/install/erp42_cmake/share/erp42_cmake/package.dsv'
[0.596s] INFO:colcon.colcon_core.shell:Creating package script '/home/aiv/ev_ws/install/erp42_cmake/share/erp42_cmake/package.sh'
[0.596s] INFO:colcon.colcon_core.shell:Creating package script '/home/aiv/ev_ws/install/erp42_cmake/share/erp42_cmake/package.bash'
[0.596s] INFO:colcon.colcon_core.shell:Creating package script '/home/aiv/ev_ws/install/erp42_cmake/share/erp42_cmake/package.zsh'
[0.597s] Level 1:colcon.colcon_core.environment:create_file_with_runtime_dependencies(/home/aiv/ev_ws/install/erp42_cmake/share/colcon-core/packages/erp42_cmake)
[0.597s] INFO:colcon.colcon_ros.task.ament_cmake.build:Building ROS package in '/home/aiv/ev_ws/erp42_ros/src/erp42_util' with build type 'ament_cmake'
[0.597s] INFO:colcon.colcon_cmake.task.cmake.build:Building CMake package in '/home/aiv/ev_ws/erp42_ros/src/erp42_util'
[0.597s] INFO:colcon.colcon_core.shell:Skip shell extension 'powershell' for command environment: Not usable outside of PowerShell
[0.598s] DEBUG:colcon.colcon_core.shell:Skip shell extension 'dsv' for command environment
[0.603s] INFO:colcon.colcon_ros.task.ament_cmake.build:Building ROS package in '/home/aiv/ev_ws/erp42_ros/src/erp42_description' with build type 'ament_cmake'
[0.603s] INFO:colcon.colcon_cmake.task.cmake.build:Building CMake package in '/home/aiv/ev_ws/erp42_ros/src/erp42_description'
[0.603s] INFO:colcon.colcon_core.shell:Skip shell extension 'powershell' for command environment: Not usable outside of PowerShell
[0.603s] DEBUG:colcon.colcon_core.shell:Skip shell extension 'dsv' for command environment
[0.610s] DEBUG:colcon.colcon_core.event_handler.log_command:Invoking command in '/home/aiv/ev_ws/build/t870_util': AMENT_PREFIX_PATH=/home/aiv/ev_ws/install/t870_cmake:${AMENT_PREFIX_PATH} CMAKE_PREFIX_PATH=/home/aiv/ev_ws/install/t870_cmake:/home/aiv/ev_ws/carsa_gazebo/install/carsa_gazebo:/home/aiv/ev_ws/planning/install/chaining_costmap_ver:/home/aiv/ev_ws/ev_msgs/install/ev_msgs:/home/aiv/ev_ws/erp42_ros/install/erp42_serial:/home/aiv/ev_ws/erp42_ros/install/erp42_rqt_plugin:/home/aiv/ev_ws/erp42_ros/install/erp42_gazebo:/home/aiv/ev_ws/erp42_ros/install/erp42_util:/home/aiv/ev_ws/erp42_ros/install/erp42_msgs:/home/aiv/ev_ws/erp42_ros/install/erp42_description:/home/aiv/ev_ws/erp42_ros/install/erp42_cmake:/home/aiv/ev_ws/perception/install/velodyne:/home/aiv/ev_ws/perception/install/lidar_launch:/home/aiv/ev_ws/perception/install/velodyne_pointcloud:/home/aiv/ev_ws/perception/install/velodyne_driver:/home/aiv/ev_ws/perception/install/velodyne_msgs:/home/aiv/ev_ws/perception/install/velodyne_cropbox:/home/aiv/ev_ws/perception/install/patchworkpp:/home/aiv/ev_ws/perception/install/make_bbox:/home/aiv/ev_ws/perception/install/lidar_voxel_grid:/home/aiv/ev_ws/perception/install/dbscan_clustering:/home/aiv/ev_ws/perception/install/cluster_splitter:/opt/ros/humble /usr/bin/cmake /home/aiv/ev_ws/t870_ros/src/t870_util -DAMENT_CMAKE_SYMLINK_INSTALL=1 -DCMAKE_INSTALL_PREFIX=/home/aiv/ev_ws/install/t870_util
[0.611s] DEBUG:colcon.colcon_core.event_handler.log_command:Invoked command in '/home/aiv/ev_ws/build/carsa_gazebo' returned '0': CMAKE_PREFIX_PATH=${CMAKE_PREFIX_PATH}:/opt/ros/humble /usr/bin/cmake /home/aiv/ev_ws/carsa_gazebo -DAMENT_CMAKE_SYMLINK_INSTALL=1 -DCMAKE_INSTALL_PREFIX=/home/aiv/ev_ws/install/carsa_gazebo
[0.612s] DEBUG:colcon.colcon_core.event_handler.log_command:Invoking command in '/home/aiv/ev_ws/build/carsa_gazebo': CMAKE_PREFIX_PATH=${CMAKE_PREFIX_PATH}:/opt/ros/humble /usr/bin/cmake --build /home/aiv/ev_ws/build/carsa_gazebo -- -j28 -l28
[0.614s] DEBUG:colcon.colcon_core.event_handler.log_command:Invoking command in '/home/aiv/ev_ws/build/erp42_util': AMENT_PREFIX_PATH=/home/aiv/ev_ws/install/erp42_cmake:${AMENT_PREFIX_PATH} CMAKE_PREFIX_PATH=/home/aiv/ev_ws/install/erp42_cmake:/home/aiv/ev_ws/carsa_gazebo/install/carsa_gazebo:/home/aiv/ev_ws/planning/install/chaining_costmap_ver:/home/aiv/ev_ws/ev_msgs/install/ev_msgs:/home/aiv/ev_ws/erp42_ros/install/erp42_serial:/home/aiv/ev_ws/erp42_ros/install/erp42_rqt_plugin:/home/aiv/ev_ws/erp42_ros/install/erp42_gazebo:/home/aiv/ev_ws/erp42_ros/install/erp42_util:/home/aiv/ev_ws/erp42_ros/install/erp42_msgs:/home/aiv/ev_ws/erp42_ros/install/erp42_description:/home/aiv/ev_ws/erp42_ros/install/erp42_cmake:/home/aiv/ev_ws/perception/install/velodyne:/home/aiv/ev_ws/perception/install/lidar_launch:/home/aiv/ev_ws/perception/install/velodyne_pointcloud:/home/aiv/ev_ws/perception/install/velodyne_driver:/home/aiv/ev_ws/perception/install/velodyne_msgs:/home/aiv/ev_ws/perception/install/velodyne_cropbox:/home/aiv/ev_ws/perception/install/patchworkpp:/home/aiv/ev_ws/perception/install/make_bbox:/home/aiv/ev_ws/perception/install/lidar_voxel_grid:/home/aiv/ev_ws/perception/install/dbscan_clustering:/home/aiv/ev_ws/perception/install/cluster_splitter:/opt/ros/humble /usr/bin/cmake /home/aiv/ev_ws/erp42_ros/src/erp42_util -DAMENT_CMAKE_SYMLINK_INSTALL=1 -DCMAKE_INSTALL_PREFIX=/home/aiv/ev_ws/install/erp42_util
[0.615s] DEBUG:colcon.colcon_core.event_handler.log_command:Invoking command in '/home/aiv/ev_ws/build/erp42_description': AMENT_PREFIX_PATH=/home/aiv/ev_ws/install/erp42_cmake:${AMENT_PREFIX_PATH} CMAKE_PREFIX_PATH=/home/aiv/ev_ws/install/erp42_cmake:/home/aiv/ev_ws/carsa_gazebo/install/carsa_gazebo:/home/aiv/ev_ws/planning/install/chaining_costmap_ver:/home/aiv/ev_ws/ev_msgs/install/ev_msgs:/home/aiv/ev_ws/erp42_ros/install/erp42_serial:/home/aiv/ev_ws/erp42_ros/install/erp42_rqt_plugin:/home/aiv/ev_ws/erp42_ros/install/erp42_gazebo:/home/aiv/ev_ws/erp42_ros/install/erp42_util:/home/aiv/ev_ws/erp42_ros/install/erp42_msgs:/home/aiv/ev_ws/erp42_ros/install/erp42_description:/home/aiv/ev_ws/erp42_ros/install/erp42_cmake:/home/aiv/ev_ws/perception/install/velodyne:/home/aiv/ev_ws/perception/install/lidar_launch:/home/aiv/ev_ws/perception/install/velodyne_pointcloud:/home/aiv/ev_ws/perception/install/velodyne_driver:/home/aiv/ev_ws/perception/install/velodyne_msgs:/home/aiv/ev_ws/perception/install/velodyne_cropbox:/home/aiv/ev_ws/perception/install/patchworkpp:/home/aiv/ev_ws/perception/install/make_bbox:/home/aiv/ev_ws/perception/install/lidar_voxel_grid:/home/aiv/ev_ws/perception/install/dbscan_clustering:/home/aiv/ev_ws/perception/install/cluster_splitter:/opt/ros/humble /usr/bin/cmake /home/aiv/ev_ws/erp42_ros/src/erp42_description -DAMENT_CMAKE_SYMLINK_INSTALL=1 -DCMAKE_INSTALL_PREFIX=/home/aiv/ev_ws/install/erp42_description
[0.632s] DEBUG:colcon.colcon_core.event_handler.log_command:Invoked command in '/home/aiv/ev_ws/build/carsa_gazebo' returned '0': CMAKE_PREFIX_PATH=${CMAKE_PREFIX_PATH}:/opt/ros/humble /usr/bin/cmake --build /home/aiv/ev_ws/build/carsa_gazebo -- -j28 -l28
[0.634s] DEBUG:colcon.colcon_core.event_handler.log_command:Invoking command in '/home/aiv/ev_ws/build/carsa_gazebo': CMAKE_PREFIX_PATH=${CMAKE_PREFIX_PATH}:/opt/ros/humble /usr/bin/cmake --install /home/aiv/ev_ws/build/carsa_gazebo
[0.870s] Level 1:colcon.colcon_core.environment:create_environment_scripts_only(carsa_gazebo)
[0.870s] Level 1:colcon.colcon_core.environment:checking '/home/aiv/ev_ws/install/carsa_gazebo' for CMake module files
[0.871s] DEBUG:colcon.colcon_core.event_handler.log_command:Invoked command in '/home/aiv/ev_ws/build/carsa_gazebo' returned '0': CMAKE_PREFIX_PATH=${CMAKE_PREFIX_PATH}:/opt/ros/humble /usr/bin/cmake --install /home/aiv/ev_ws/build/carsa_gazebo
[0.871s] Level 1:colcon.colcon_core.environment:checking '/home/aiv/ev_ws/install/carsa_gazebo' for CMake config files
[0.871s] Level 1:colcon.colcon_core.shell:create_environment_hook('carsa_gazebo', 'cmake_prefix_path')
[0.871s] INFO:colcon.colcon_core.shell:Creating environment hook '/home/aiv/ev_ws/install/carsa_gazebo/share/carsa_gazebo/hook/cmake_prefix_path.ps1'
[0.872s] INFO:colcon.colcon_core.shell:Creating environment descriptor '/home/aiv/ev_ws/install/carsa_gazebo/share/carsa_gazebo/hook/cmake_prefix_path.dsv'
[0.872s] INFO:colcon.colcon_core.shell:Creating environment hook '/home/aiv/ev_ws/install/carsa_gazebo/share/carsa_gazebo/hook/cmake_prefix_path.sh'
[0.872s] Level 1:colcon.colcon_core.environment:checking '/home/aiv/ev_ws/install/carsa_gazebo/bin'
[0.872s] Level 1:colcon.colcon_core.environment:checking '/home/aiv/ev_ws/install/carsa_gazebo/lib/pkgconfig/carsa_gazebo.pc'
[0.873s] Level 1:colcon.colcon_core.environment:checking '/home/aiv/ev_ws/install/carsa_gazebo/lib/python3.10/site-packages'
[0.873s] Level 1:colcon.colcon_core.environment:checking '/home/aiv/ev_ws/install/carsa_gazebo/bin'
[0.873s] INFO:colcon.colcon_core.shell:Creating package script '/home/aiv/ev_ws/install/carsa_gazebo/share/carsa_gazebo/package.ps1'
[0.874s] INFO:colcon.colcon_core.shell:Creating package descriptor '/home/aiv/ev_ws/install/carsa_gazebo/share/carsa_gazebo/package.dsv'
[0.874s] INFO:colcon.colcon_core.shell:Creating package script '/home/aiv/ev_ws/install/carsa_gazebo/share/carsa_gazebo/package.sh'
[0.874s] INFO:colcon.colcon_core.shell:Creating package script '/home/aiv/ev_ws/install/carsa_gazebo/share/carsa_gazebo/package.bash'
[0.874s] INFO:colcon.colcon_core.shell:Creating package script '/home/aiv/ev_ws/install/carsa_gazebo/share/carsa_gazebo/package.zsh'
[0.875s] Level 1:colcon.colcon_core.environment:create_file_with_runtime_dependencies(/home/aiv/ev_ws/install/carsa_gazebo/share/colcon-core/packages/carsa_gazebo)
[0.875s] Level 1:colcon.colcon_core.environment:create_environment_scripts_only(carsa_gazebo)
[0.875s] Level 1:colcon.colcon_core.environment:checking '/home/aiv/ev_ws/install/carsa_gazebo' for CMake module files
[0.876s] Level 1:colcon.colcon_core.environment:checking '/home/aiv/ev_ws/install/carsa_gazebo' for CMake config files
[0.876s] Level 1:colcon.colcon_core.shell:create_environment_hook('carsa_gazebo', 'cmake_prefix_path')
[0.876s] INFO:colcon.colcon_core.shell:Creating environment hook '/home/aiv/ev_ws/install/carsa_gazebo/share/carsa_gazebo/hook/cmake_prefix_path.ps1'
[0.876s] INFO:colcon.colcon_core.shell:Creating environment descriptor '/home/aiv/ev_ws/install/carsa_gazebo/share/carsa_gazebo/hook/cmake_prefix_path.dsv'
[0.877s] INFO:colcon.colcon_core.shell:Creating environment hook '/home/aiv/ev_ws/install/carsa_gazebo/share/carsa_gazebo/hook/cmake_prefix_path.sh'
[0.877s] Level 1:colcon.colcon_core.environment:checking '/home/aiv/ev_ws/install/carsa_gazebo/bin'
[0.877s] Level 1:colcon.colcon_core.environment:checking '/home/aiv/ev_ws/install/carsa_gazebo/lib/pkgconfig/carsa_gazebo.pc'
[0.877s] Level 1:colcon.colcon_core.environment:checking '/home/aiv/ev_ws/install/carsa_gazebo/lib/python3.10/site-packages'
[0.878s] Level 1:colcon.colcon_core.environment:checking '/home/aiv/ev_ws/install/carsa_gazebo/bin'
[0.878s] INFO:colcon.colcon_core.shell:Creating package script '/home/aiv/ev_ws/install/carsa_gazebo/share/carsa_gazebo/package.ps1'
[0.878s] INFO:colcon.colcon_core.shell:Creating package descriptor '/home/aiv/ev_ws/install/carsa_gazebo/share/carsa_gazebo/package.dsv'
[0.879s] INFO:colcon.colcon_core.shell:Creating package script '/home/aiv/ev_ws/install/carsa_gazebo/share/carsa_gazebo/package.sh'
[0.879s] INFO:colcon.colcon_core.shell:Creating package script '/home/aiv/ev_ws/install/carsa_gazebo/share/carsa_gazebo/package.bash'
[0.879s] INFO:colcon.colcon_core.shell:Creating package script '/home/aiv/ev_ws/install/carsa_gazebo/share/carsa_gazebo/package.zsh'
[0.879s] Level 1:colcon.colcon_core.environment:create_file_with_runtime_dependencies(/home/aiv/ev_ws/install/carsa_gazebo/share/colcon-core/packages/carsa_gazebo)
[1.023s] DEBUG:colcon.colcon_core.event_handler.log_command:Invoked command in '/home/aiv/ev_ws/build/erp42_description' returned '0': AMENT_PREFIX_PATH=/home/aiv/ev_ws/install/erp42_cmake:${AMENT_PREFIX_PATH} CMAKE_PREFIX_PATH=/home/aiv/ev_ws/install/erp42_cmake:/home/aiv/ev_ws/carsa_gazebo/install/carsa_gazebo:/home/aiv/ev_ws/planning/install/chaining_costmap_ver:/home/aiv/ev_ws/ev_msgs/install/ev_msgs:/home/aiv/ev_ws/erp42_ros/install/erp42_serial:/home/aiv/ev_ws/erp42_ros/install/erp42_rqt_plugin:/home/aiv/ev_ws/erp42_ros/install/erp42_gazebo:/home/aiv/ev_ws/erp42_ros/install/erp42_util:/home/aiv/ev_ws/erp42_ros/install/erp42_msgs:/home/aiv/ev_ws/erp42_ros/install/erp42_description:/home/aiv/ev_ws/erp42_ros/install/erp42_cmake:/home/aiv/ev_ws/perception/install/velodyne:/home/aiv/ev_ws/perception/install/lidar_launch:/home/aiv/ev_ws/perception/install/velodyne_pointcloud:/home/aiv/ev_ws/perception/install/velodyne_driver:/home/aiv/ev_ws/perception/install/velodyne_msgs:/home/aiv/ev_ws/perception/install/velodyne_cropbox:/home/aiv/ev_ws/perception/install/patchworkpp:/home/aiv/ev_ws/perception/install/make_bbox:/home/aiv/ev_ws/perception/install/lidar_voxel_grid:/home/aiv/ev_ws/perception/install/dbscan_clustering:/home/aiv/ev_ws/perception/install/cluster_splitter:/opt/ros/humble /usr/bin/cmake /home/aiv/ev_ws/erp42_ros/src/erp42_description -DAMENT_CMAKE_SYMLINK_INSTALL=1 -DCMAKE_INSTALL_PREFIX=/home/aiv/ev_ws/install/erp42_description
[1.025s] DEBUG:colcon.colcon_core.event_handler.log_command:Invoking command in '/home/aiv/ev_ws/build/erp42_description': AMENT_PREFIX_PATH=/home/aiv/ev_ws/install/erp42_cmake:${AMENT_PREFIX_PATH} CMAKE_PREFIX_PATH=/home/aiv/ev_ws/install/erp42_cmake:/home/aiv/ev_ws/carsa_gazebo/install/carsa_gazebo:/home/aiv/ev_ws/planning/install/chaining_costmap_ver:/home/aiv/ev_ws/ev_msgs/install/ev_msgs:/home/aiv/ev_ws/erp42_ros/install/erp42_serial:/home/aiv/ev_ws/erp42_ros/install/erp42_rqt_plugin:/home/aiv/ev_ws/erp42_ros/install/erp42_gazebo:/home/aiv/ev_ws/erp42_ros/install/erp42_util:/home/aiv/ev_ws/erp42_ros/install/erp42_msgs:/home/aiv/ev_ws/erp42_ros/install/erp42_description:/home/aiv/ev_ws/erp42_ros/install/erp42_cmake:/home/aiv/ev_ws/perception/install/velodyne:/home/aiv/ev_ws/perception/install/lidar_launch:/home/aiv/ev_ws/perception/install/velodyne_pointcloud:/home/aiv/ev_ws/perception/install/velodyne_driver:/home/aiv/ev_ws/perception/install/velodyne_msgs:/home/aiv/ev_ws/perception/install/velodyne_cropbox:/home/aiv/ev_ws/perception/install/patchworkpp:/home/aiv/ev_ws/perception/install/make_bbox:/home/aiv/ev_ws/perception/install/lidar_voxel_grid:/home/aiv/ev_ws/perception/install/dbscan_clustering:/home/aiv/ev_ws/perception/install/cluster_splitter:/opt/ros/humble /usr/bin/cmake --build /home/aiv/ev_ws/build/erp42_description -- -j28 -l28
[1.032s] DEBUG:colcon.colcon_core.event_handler.log_command:Invoked command in '/home/aiv/ev_ws/build/cluster_splitter' returned '0': CMAKE_PREFIX_PATH=${CMAKE_PREFIX_PATH}:/opt/ros/humble /usr/bin/cmake /home/aiv/ev_ws/perception/src/lidar/cluster_splitter -DAMENT_CMAKE_SYMLINK_INSTALL=1 -DCMAKE_INSTALL_PREFIX=/home/aiv/ev_ws/install/cluster_splitter
[1.033s] DEBUG:colcon.colcon_core.event_handler.log_command:Invoking command in '/home/aiv/ev_ws/build/cluster_splitter': CMAKE_PREFIX_PATH=${CMAKE_PREFIX_PATH}:/opt/ros/humble /usr/bin/cmake --build /home/aiv/ev_ws/build/cluster_splitter -- -j28 -l28
[1.036s] DEBUG:colcon.colcon_core.event_handler.log_command:Invoked command in '/home/aiv/ev_ws/build/erp42_util' returned '0': AMENT_PREFIX_PATH=/home/aiv/ev_ws/install/erp42_cmake:${AMENT_PREFIX_PATH} CMAKE_PREFIX_PATH=/home/aiv/ev_ws/install/erp42_cmake:/home/aiv/ev_ws/carsa_gazebo/install/carsa_gazebo:/home/aiv/ev_ws/planning/install/chaining_costmap_ver:/home/aiv/ev_ws/ev_msgs/install/ev_msgs:/home/aiv/ev_ws/erp42_ros/install/erp42_serial:/home/aiv/ev_ws/erp42_ros/install/erp42_rqt_plugin:/home/aiv/ev_ws/erp42_ros/install/erp42_gazebo:/home/aiv/ev_ws/erp42_ros/install/erp42_util:/home/aiv/ev_ws/erp42_ros/install/erp42_msgs:/home/aiv/ev_ws/erp42_ros/install/erp42_description:/home/aiv/ev_ws/erp42_ros/install/erp42_cmake:/home/aiv/ev_ws/perception/install/velodyne:/home/aiv/ev_ws/perception/install/lidar_launch:/home/aiv/ev_ws/perception/install/velodyne_pointcloud:/home/aiv/ev_ws/perception/install/velodyne_driver:/home/aiv/ev_ws/perception/install/velodyne_msgs:/home/aiv/ev_ws/perception/install/velodyne_cropbox:/home/aiv/ev_ws/perception/install/patchworkpp:/home/aiv/ev_ws/perception/install/make_bbox:/home/aiv/ev_ws/perception/install/lidar_voxel_grid:/home/aiv/ev_ws/perception/install/dbscan_clustering:/home/aiv/ev_ws/perception/install/cluster_splitter:/opt/ros/humble /usr/bin/cmake /home/aiv/ev_ws/erp42_ros/src/erp42_util -DAMENT_CMAKE_SYMLINK_INSTALL=1 -DCMAKE_INSTALL_PREFIX=/home/aiv/ev_ws/install/erp42_util
[1.037s] DEBUG:colcon.colcon_core.event_handler.log_command:Invoking command in '/home/aiv/ev_ws/build/erp42_util': AMENT_PREFIX_PATH=/home/aiv/ev_ws/install/erp42_cmake:${AMENT_PREFIX_PATH} CMAKE_PREFIX_PATH=/home/aiv/ev_ws/install/erp42_cmake:/home/aiv/ev_ws/carsa_gazebo/install/carsa_gazebo:/home/aiv/ev_ws/planning/install/chaining_costmap_ver:/home/aiv/ev_ws/ev_msgs/install/ev_msgs:/home/aiv/ev_ws/erp42_ros/install/erp42_serial:/home/aiv/ev_ws/erp42_ros/install/erp42_rqt_plugin:/home/aiv/ev_ws/erp42_ros/install/erp42_gazebo:/home/aiv/ev_ws/erp42_ros/install/erp42_util:/home/aiv/ev_ws/erp42_ros/install/erp42_msgs:/home/aiv/ev_ws/erp42_ros/install/erp42_description:/home/aiv/ev_ws/erp42_ros/install/erp42_cmake:/home/aiv/ev_ws/perception/install/velodyne:/home/aiv/ev_ws/perception/install/lidar_launch:/home/aiv/ev_ws/perception/install/velodyne_pointcloud:/home/aiv/ev_ws/perception/install/velodyne_driver:/home/aiv/ev_ws/perception/install/velodyne_msgs:/home/aiv/ev_ws/perception/install/velodyne_cropbox:/home/aiv/ev_ws/perception/install/patchworkpp:/home/aiv/ev_ws/perception/install/make_bbox:/home/aiv/ev_ws/perception/install/lidar_voxel_grid:/home/aiv/ev_ws/perception/install/dbscan_clustering:/home/aiv/ev_ws/perception/install/cluster_splitter:/opt/ros/humble /usr/bin/cmake --build /home/aiv/ev_ws/build/erp42_util -- -j28 -l28
[1.048s] DEBUG:colcon.colcon_core.event_handler.log_command:Invoked command in '/home/aiv/ev_ws/build/erp42_description' returned '0': AMENT_PREFIX_PATH=/home/aiv/ev_ws/install/erp42_cmake:${AMENT_PREFIX_PATH} CMAKE_PREFIX_PATH=/home/aiv/ev_ws/install/erp42_cmake:/home/aiv/ev_ws/carsa_gazebo/install/carsa_gazebo:/home/aiv/ev_ws/planning/install/chaining_costmap_ver:/home/aiv/ev_ws/ev_msgs/install/ev_msgs:/home/aiv/ev_ws/erp42_ros/install/erp42_serial:/home/aiv/ev_ws/erp42_ros/install/erp42_rqt_plugin:/home/aiv/ev_ws/erp42_ros/install/erp42_gazebo:/home/aiv/ev_ws/erp42_ros/install/erp42_util:/home/aiv/ev_ws/erp42_ros/install/erp42_msgs:/home/aiv/ev_ws/erp42_ros/install/erp42_description:/home/aiv/ev_ws/erp42_ros/install/erp42_cmake:/home/aiv/ev_ws/perception/install/velodyne:/home/aiv/ev_ws/perception/install/lidar_launch:/home/aiv/ev_ws/perception/install/velodyne_pointcloud:/home/aiv/ev_ws/perception/install/velodyne_driver:/home/aiv/ev_ws/perception/install/velodyne_msgs:/home/aiv/ev_ws/perception/install/velodyne_cropbox:/home/aiv/ev_ws/perception/install/patchworkpp:/home/aiv/ev_ws/perception/install/make_bbox:/home/aiv/ev_ws/perception/install/lidar_voxel_grid:/home/aiv/ev_ws/perception/install/dbscan_clustering:/home/aiv/ev_ws/perception/install/cluster_splitter:/opt/ros/humble /usr/bin/cmake --build /home/aiv/ev_ws/build/erp42_description -- -j28 -l28
[1.049s] DEBUG:colcon.colcon_core.event_handler.log_command:Invoking command in '/home/aiv/ev_ws/build/erp42_description': AMENT_PREFIX_PATH=/home/aiv/ev_ws/install/erp42_cmake:${AMENT_PREFIX_PATH} CMAKE_PREFIX_PATH=/home/aiv/ev_ws/install/erp42_cmake:/home/aiv/ev_ws/carsa_gazebo/install/carsa_gazebo:/home/aiv/ev_ws/planning/install/chaining_costmap_ver:/home/aiv/ev_ws/ev_msgs/install/ev_msgs:/home/aiv/ev_ws/erp42_ros/install/erp42_serial:/home/aiv/ev_ws/erp42_ros/install/erp42_rqt_plugin:/home/aiv/ev_ws/erp42_ros/install/erp42_gazebo:/home/aiv/ev_ws/erp42_ros/install/erp42_util:/home/aiv/ev_ws/erp42_ros/install/erp42_msgs:/home/aiv/ev_ws/erp42_ros/install/erp42_description:/home/aiv/ev_ws/erp42_ros/install/erp42_cmake:/home/aiv/ev_ws/perception/install/velodyne:/home/aiv/ev_ws/perception/install/lidar_launch:/home/aiv/ev_ws/perception/install/velodyne_pointcloud:/home/aiv/ev_ws/perception/install/velodyne_driver:/home/aiv/ev_ws/perception/install/velodyne_msgs:/home/aiv/ev_ws/perception/install/velodyne_cropbox:/home/aiv/ev_ws/perception/install/patchworkpp:/home/aiv/ev_ws/perception/install/make_bbox:/home/aiv/ev_ws/perception/install/lidar_voxel_grid:/home/aiv/ev_ws/perception/install/dbscan_clustering:/home/aiv/ev_ws/perception/install/cluster_splitter:/opt/ros/humble /usr/bin/cmake --install /home/aiv/ev_ws/build/erp42_description
[1.050s] DEBUG:colcon.colcon_core.event_handler.log_command:Invoked command in '/home/aiv/ev_ws/build/t870_util' returned '0': AMENT_PREFIX_PATH=/home/aiv/ev_ws/install/t870_cmake:${AMENT_PREFIX_PATH} CMAKE_PREFIX_PATH=/home/aiv/ev_ws/install/t870_cmake:/home/aiv/ev_ws/carsa_gazebo/install/carsa_gazebo:/home/aiv/ev_ws/planning/install/chaining_costmap_ver:/home/aiv/ev_ws/ev_msgs/install/ev_msgs:/home/aiv/ev_ws/erp42_ros/install/erp42_serial:/home/aiv/ev_ws/erp42_ros/install/erp42_rqt_plugin:/home/aiv/ev_ws/erp42_ros/install/erp42_gazebo:/home/aiv/ev_ws/erp42_ros/install/erp42_util:/home/aiv/ev_ws/erp42_ros/install/erp42_msgs:/home/aiv/ev_ws/erp42_ros/install/erp42_description:/home/aiv/ev_ws/erp42_ros/install/erp42_cmake:/home/aiv/ev_ws/perception/install/velodyne:/home/aiv/ev_ws/perception/install/lidar_launch:/home/aiv/ev_ws/perception/install/velodyne_pointcloud:/home/aiv/ev_ws/perception/install/velodyne_driver:/home/aiv/ev_ws/perception/install/velodyne_msgs:/home/aiv/ev_ws/perception/install/velodyne_cropbox:/home/aiv/ev_ws/perception/install/patchworkpp:/home/aiv/ev_ws/perception/install/make_bbox:/home/aiv/ev_ws/perception/install/lidar_voxel_grid:/home/aiv/ev_ws/perception/install/dbscan_clustering:/home/aiv/ev_ws/perception/install/cluster_splitter:/opt/ros/humble /usr/bin/cmake /home/aiv/ev_ws/t870_ros/src/t870_util -DAMENT_CMAKE_SYMLINK_INSTALL=1 -DCMAKE_INSTALL_PREFIX=/home/aiv/ev_ws/install/t870_util
[1.051s] DEBUG:colcon.colcon_core.event_handler.log_command:Invoking command in '/home/aiv/ev_ws/build/t870_util': AMENT_PREFIX_PATH=/home/aiv/ev_ws/install/t870_cmake:${AMENT_PREFIX_PATH} CMAKE_PREFIX_PATH=/home/aiv/ev_ws/install/t870_cmake:/home/aiv/ev_ws/carsa_gazebo/install/carsa_gazebo:/home/aiv/ev_ws/planning/install/chaining_costmap_ver:/home/aiv/ev_ws/ev_msgs/install/ev_msgs:/home/aiv/ev_ws/erp42_ros/install/erp42_serial:/home/aiv/ev_ws/erp42_ros/install/erp42_rqt_plugin:/home/aiv/ev_ws/erp42_ros/install/erp42_gazebo:/home/aiv/ev_ws/erp42_ros/install/erp42_util:/home/aiv/ev_ws/erp42_ros/install/erp42_msgs:/home/aiv/ev_ws/erp42_ros/install/erp42_description:/home/aiv/ev_ws/erp42_ros/install/erp42_cmake:/home/aiv/ev_ws/perception/install/velodyne:/home/aiv/ev_ws/perception/install/lidar_launch:/home/aiv/ev_ws/perception/install/velodyne_pointcloud:/home/aiv/ev_ws/perception/install/velodyne_driver:/home/aiv/ev_ws/perception/install/velodyne_msgs:/home/aiv/ev_ws/perception/install/velodyne_cropbox:/home/aiv/ev_ws/perception/install/patchworkpp:/home/aiv/ev_ws/perception/install/make_bbox:/home/aiv/ev_ws/perception/install/lidar_voxel_grid:/home/aiv/ev_ws/perception/install/dbscan_clustering:/home/aiv/ev_ws/perception/install/cluster_splitter:/opt/ros/humble /usr/bin/cmake --build /home/aiv/ev_ws/build/t870_util -- -j28 -l28
[1.081s] DEBUG:colcon.colcon_core.event_handler.log_command:Invoked command in '/home/aiv/ev_ws/build/velodyne_cropbox' returned '0': CMAKE_PREFIX_PATH=${CMAKE_PREFIX_PATH}:/opt/ros/humble /usr/bin/cmake /home/aiv/ev_ws/perception/src/lidar/velodyne_cropbox -DAMENT_CMAKE_SYMLINK_INSTALL=1 -DCMAKE_INSTALL_PREFIX=/home/aiv/ev_ws/install/velodyne_cropbox
[1.082s] DEBUG:colcon.colcon_core.event_handler.log_command:Invoking command in '/home/aiv/ev_ws/build/velodyne_cropbox': CMAKE_PREFIX_PATH=${CMAKE_PREFIX_PATH}:/opt/ros/humble /usr/bin/cmake --build /home/aiv/ev_ws/build/velodyne_cropbox -- -j28 -l28
[1.138s] DEBUG:colcon.colcon_core.event_handler.log_command:Invoked command in '/home/aiv/ev_ws/build/patchworkpp' returned '0': CMAKE_PREFIX_PATH=${CMAKE_PREFIX_PATH}:/opt/ros/humble /usr/bin/cmake /home/aiv/ev_ws/perception/src/lidar/patchwork-plusplus-master/patchwork-plusplus-master/ros -DAMENT_CMAKE_SYMLINK_INSTALL=1 -DCMAKE_INSTALL_PREFIX=/home/aiv/ev_ws/install/patchworkpp
[1.139s] DEBUG:colcon.colcon_core.event_handler.log_command:Invoking command in '/home/aiv/ev_ws/build/patchworkpp': CMAKE_PREFIX_PATH=${CMAKE_PREFIX_PATH}:/opt/ros/humble /usr/bin/cmake --build /home/aiv/ev_ws/build/patchworkpp -- -j28 -l28
[1.234s] Level 1:colcon.colcon_core.environment:create_environment_scripts_only(erp42_description)
[1.234s] Level 1:colcon.colcon_core.environment:checking '/home/aiv/ev_ws/install/erp42_description' for CMake module files
[1.235s] DEBUG:colcon.colcon_core.event_handler.log_command:Invoked command in '/home/aiv/ev_ws/build/erp42_description' returned '0': AMENT_PREFIX_PATH=/home/aiv/ev_ws/install/erp42_cmake:${AMENT_PREFIX_PATH} CMAKE_PREFIX_PATH=/home/aiv/ev_ws/install/erp42_cmake:/home/aiv/ev_ws/carsa_gazebo/install/carsa_gazebo:/home/aiv/ev_ws/planning/install/chaining_costmap_ver:/home/aiv/ev_ws/ev_msgs/install/ev_msgs:/home/aiv/ev_ws/erp42_ros/install/erp42_serial:/home/aiv/ev_ws/erp42_ros/install/erp42_rqt_plugin:/home/aiv/ev_ws/erp42_ros/install/erp42_gazebo:/home/aiv/ev_ws/erp42_ros/install/erp42_util:/home/aiv/ev_ws/erp42_ros/install/erp42_msgs:/home/aiv/ev_ws/erp42_ros/install/erp42_description:/home/aiv/ev_ws/erp42_ros/install/erp42_cmake:/home/aiv/ev_ws/perception/install/velodyne:/home/aiv/ev_ws/perception/install/lidar_launch:/home/aiv/ev_ws/perception/install/velodyne_pointcloud:/home/aiv/ev_ws/perception/install/velodyne_driver:/home/aiv/ev_ws/perception/install/velodyne_msgs:/home/aiv/ev_ws/perception/install/velodyne_cropbox:/home/aiv/ev_ws/perception/install/patchworkpp:/home/aiv/ev_ws/perception/install/make_bbox:/home/aiv/ev_ws/perception/install/lidar_voxel_grid:/home/aiv/ev_ws/perception/install/dbscan_clustering:/home/aiv/ev_ws/perception/install/cluster_splitter:/opt/ros/humble /usr/bin/cmake --install /home/aiv/ev_ws/build/erp42_description
[1.235s] Level 1:colcon.colcon_core.environment:checking '/home/aiv/ev_ws/install/erp42_description' for CMake config files
[1.235s] Level 1:colcon.colcon_core.shell:create_environment_hook('erp42_description', 'cmake_prefix_path')
[1.235s] INFO:colcon.colcon_core.shell:Creating environment hook '/home/aiv/ev_ws/install/erp42_description/share/erp42_description/hook/cmake_prefix_path.ps1'
[1.236s] INFO:colcon.colcon_core.shell:Creating environment descriptor '/home/aiv/ev_ws/install/erp42_description/share/erp42_description/hook/cmake_prefix_path.dsv'
[1.236s] INFO:colcon.colcon_core.shell:Creating environment hook '/home/aiv/ev_ws/install/erp42_description/share/erp42_description/hook/cmake_prefix_path.sh'
[1.236s] Level 1:colcon.colcon_core.environment:checking '/home/aiv/ev_ws/install/erp42_description/bin'
[1.236s] Level 1:colcon.colcon_core.environment:checking '/home/aiv/ev_ws/install/erp42_description/lib/pkgconfig/erp42_description.pc'
[1.236s] Level 1:colcon.colcon_core.environment:checking '/home/aiv/ev_ws/install/erp42_description/lib/python3.10/site-packages'
[1.236s] Level 1:colcon.colcon_core.environment:checking '/home/aiv/ev_ws/install/erp42_description/bin'
[1.236s] INFO:colcon.colcon_core.shell:Creating package script '/home/aiv/ev_ws/install/erp42_description/share/erp42_description/package.ps1'
[1.237s] INFO:colcon.colcon_core.shell:Creating package descriptor '/home/aiv/ev_ws/install/erp42_description/share/erp42_description/package.dsv'
[1.237s] INFO:colcon.colcon_core.shell:Creating package script '/home/aiv/ev_ws/install/erp42_description/share/erp42_description/package.sh'
[1.237s] INFO:colcon.colcon_core.shell:Creating package script '/home/aiv/ev_ws/install/erp42_description/share/erp42_description/package.bash'
[1.237s] INFO:colcon.colcon_core.shell:Creating package script '/home/aiv/ev_ws/install/erp42_description/share/erp42_description/package.zsh'
[1.237s] Level 1:colcon.colcon_core.environment:create_file_with_runtime_dependencies(/home/aiv/ev_ws/install/erp42_description/share/colcon-core/packages/erp42_description)
[1.238s] Level 1:colcon.colcon_core.environment:create_environment_scripts_only(erp42_description)
[1.238s] Level 1:colcon.colcon_core.environment:checking '/home/aiv/ev_ws/install/erp42_description' for CMake module files
[1.238s] Level 1:colcon.colcon_core.environment:checking '/home/aiv/ev_ws/install/erp42_description' for CMake config files
[1.238s] Level 1:colcon.colcon_core.shell:create_environment_hook('erp42_description', 'cmake_prefix_path')
[1.238s] INFO:colcon.colcon_core.shell:Creating environment hook '/home/aiv/ev_ws/install/erp42_description/share/erp42_description/hook/cmake_prefix_path.ps1'
[1.238s] INFO:colcon.colcon_core.shell:Creating environment descriptor '/home/aiv/ev_ws/install/erp42_description/share/erp42_description/hook/cmake_prefix_path.dsv'
[1.239s] INFO:colcon.colcon_core.shell:Creating environment hook '/home/aiv/ev_ws/install/erp42_description/share/erp42_description/hook/cmake_prefix_path.sh'
[1.239s] Level 1:colcon.colcon_core.environment:checking '/home/aiv/ev_ws/install/erp42_description/bin'
[1.239s] Level 1:colcon.colcon_core.environment:checking '/home/aiv/ev_ws/install/erp42_description/lib/pkgconfig/erp42_description.pc'
[1.239s] Level 1:colcon.colcon_core.environment:checking '/home/aiv/ev_ws/install/erp42_description/lib/python3.10/site-packages'
[1.239s] Level 1:colcon.colcon_core.environment:checking '/home/aiv/ev_ws/install/erp42_description/bin'
[1.239s] INFO:colcon.colcon_core.shell:Creating package script '/home/aiv/ev_ws/install/erp42_description/share/erp42_description/package.ps1'
[1.239s] INFO:colcon.colcon_core.shell:Creating package descriptor '/home/aiv/ev_ws/install/erp42_description/share/erp42_description/package.dsv'
[1.240s] INFO:colcon.colcon_core.shell:Creating package script '/home/aiv/ev_ws/install/erp42_description/share/erp42_description/package.sh'
[1.240s] INFO:colcon.colcon_core.shell:Creating package script '/home/aiv/ev_ws/install/erp42_description/share/erp42_description/package.bash'
[1.240s] INFO:colcon.colcon_core.shell:Creating package script '/home/aiv/ev_ws/install/erp42_description/share/erp42_description/package.zsh'
[1.240s] Level 1:colcon.colcon_core.environment:create_file_with_runtime_dependencies(/home/aiv/ev_ws/install/erp42_description/share/colcon-core/packages/erp42_description)
[1.307s] DEBUG:colcon.colcon_core.event_handler.log_command:Invoked command in '/home/aiv/ev_ws/build/erp42_msgs' returned '0': CMAKE_PREFIX_PATH=${CMAKE_PREFIX_PATH}:/opt/ros/humble /usr/bin/cmake /home/aiv/ev_ws/erp42_ros/src/erp42_msgs -DAMENT_CMAKE_SYMLINK_INSTALL=1 -DCMAKE_INSTALL_PREFIX=/home/aiv/ev_ws/install/erp42_msgs
[1.308s] DEBUG:colcon.colcon_core.event_handler.log_command:Invoking command in '/home/aiv/ev_ws/build/erp42_msgs': CMAKE_PREFIX_PATH=${CMAKE_PREFIX_PATH}:/opt/ros/humble /usr/bin/cmake --build /home/aiv/ev_ws/build/erp42_msgs -- -j28 -l28
[1.310s] DEBUG:colcon.colcon_core.event_handler.log_command:Invoked command in '/home/aiv/ev_ws/build/t870_util' returned '0': AMENT_PREFIX_PATH=/home/aiv/ev_ws/install/t870_cmake:${AMENT_PREFIX_PATH} CMAKE_PREFIX_PATH=/home/aiv/ev_ws/install/t870_cmake:/home/aiv/ev_ws/carsa_gazebo/install/carsa_gazebo:/home/aiv/ev_ws/planning/install/chaining_costmap_ver:/home/aiv/ev_ws/ev_msgs/install/ev_msgs:/home/aiv/ev_ws/erp42_ros/install/erp42_serial:/home/aiv/ev_ws/erp42_ros/install/erp42_rqt_plugin:/home/aiv/ev_ws/erp42_ros/install/erp42_gazebo:/home/aiv/ev_ws/erp42_ros/install/erp42_util:/home/aiv/ev_ws/erp42_ros/install/erp42_msgs:/home/aiv/ev_ws/erp42_ros/install/erp42_description:/home/aiv/ev_ws/erp42_ros/install/erp42_cmake:/home/aiv/ev_ws/perception/install/velodyne:/home/aiv/ev_ws/perception/install/lidar_launch:/home/aiv/ev_ws/perception/install/velodyne_pointcloud:/home/aiv/ev_ws/perception/install/velodyne_driver:/home/aiv/ev_ws/perception/install/velodyne_msgs:/home/aiv/ev_ws/perception/install/velodyne_cropbox:/home/aiv/ev_ws/perception/install/patchworkpp:/home/aiv/ev_ws/perception/install/make_bbox:/home/aiv/ev_ws/perception/install/lidar_voxel_grid:/home/aiv/ev_ws/perception/install/dbscan_clustering:/home/aiv/ev_ws/perception/install/cluster_splitter:/opt/ros/humble /usr/bin/cmake --build /home/aiv/ev_ws/build/t870_util -- -j28 -l28
[1.311s] DEBUG:colcon.colcon_core.event_handler.log_command:Invoking command in '/home/aiv/ev_ws/build/t870_util': AMENT_PREFIX_PATH=/home/aiv/ev_ws/install/t870_cmake:${AMENT_PREFIX_PATH} CMAKE_PREFIX_PATH=/home/aiv/ev_ws/install/t870_cmake:/home/aiv/ev_ws/carsa_gazebo/install/carsa_gazebo:/home/aiv/ev_ws/planning/install/chaining_costmap_ver:/home/aiv/ev_ws/ev_msgs/install/ev_msgs:/home/aiv/ev_ws/erp42_ros/install/erp42_serial:/home/aiv/ev_ws/erp42_ros/install/erp42_rqt_plugin:/home/aiv/ev_ws/erp42_ros/install/erp42_gazebo:/home/aiv/ev_ws/erp42_ros/install/erp42_util:/home/aiv/ev_ws/erp42_ros/install/erp42_msgs:/home/aiv/ev_ws/erp42_ros/install/erp42_description:/home/aiv/ev_ws/erp42_ros/install/erp42_cmake:/home/aiv/ev_ws/perception/install/velodyne:/home/aiv/ev_ws/perception/install/lidar_launch:/home/aiv/ev_ws/perception/install/velodyne_pointcloud:/home/aiv/ev_ws/perception/install/velodyne_driver:/home/aiv/ev_ws/perception/install/velodyne_msgs:/home/aiv/ev_ws/perception/install/velodyne_cropbox:/home/aiv/ev_ws/perception/install/patchworkpp:/home/aiv/ev_ws/perception/install/make_bbox:/home/aiv/ev_ws/perception/install/lidar_voxel_grid:/home/aiv/ev_ws/perception/install/dbscan_clustering:/home/aiv/ev_ws/perception/install/cluster_splitter:/opt/ros/humble /usr/bin/cmake --install /home/aiv/ev_ws/build/t870_util
[1.324s] DEBUG:colcon.colcon_core.event_handler.log_command:Invoked command in '/home/aiv/ev_ws/build/erp42_util' returned '0': AMENT_PREFIX_PATH=/home/aiv/ev_ws/install/erp42_cmake:${AMENT_PREFIX_PATH} CMAKE_PREFIX_PATH=/home/aiv/ev_ws/install/erp42_cmake:/home/aiv/ev_ws/carsa_gazebo/install/carsa_gazebo:/home/aiv/ev_ws/planning/install/chaining_costmap_ver:/home/aiv/ev_ws/ev_msgs/install/ev_msgs:/home/aiv/ev_ws/erp42_ros/install/erp42_serial:/home/aiv/ev_ws/erp42_ros/install/erp42_rqt_plugin:/home/aiv/ev_ws/erp42_ros/install/erp42_gazebo:/home/aiv/ev_ws/erp42_ros/install/erp42_util:/home/aiv/ev_ws/erp42_ros/install/erp42_msgs:/home/aiv/ev_ws/erp42_ros/install/erp42_description:/home/aiv/ev_ws/erp42_ros/install/erp42_cmake:/home/aiv/ev_ws/perception/install/velodyne:/home/aiv/ev_ws/perception/install/lidar_launch:/home/aiv/ev_ws/perception/install/velodyne_pointcloud:/home/aiv/ev_ws/perception/install/velodyne_driver:/home/aiv/ev_ws/perception/install/velodyne_msgs:/home/aiv/ev_ws/perception/install/velodyne_cropbox:/home/aiv/ev_ws/perception/install/patchworkpp:/home/aiv/ev_ws/perception/install/make_bbox:/home/aiv/ev_ws/perception/install/lidar_voxel_grid:/home/aiv/ev_ws/perception/install/dbscan_clustering:/home/aiv/ev_ws/perception/install/cluster_splitter:/opt/ros/humble /usr/bin/cmake --build /home/aiv/ev_ws/build/erp42_util -- -j28 -l28
[1.325s] DEBUG:colcon.colcon_core.event_handler.log_command:Invoking command in '/home/aiv/ev_ws/build/erp42_util': AMENT_PREFIX_PATH=/home/aiv/ev_ws/install/erp42_cmake:${AMENT_PREFIX_PATH} CMAKE_PREFIX_PATH=/home/aiv/ev_ws/install/erp42_cmake:/home/aiv/ev_ws/carsa_gazebo/install/carsa_gazebo:/home/aiv/ev_ws/planning/install/chaining_costmap_ver:/home/aiv/ev_ws/ev_msgs/install/ev_msgs:/home/aiv/ev_ws/erp42_ros/install/erp42_serial:/home/aiv/ev_ws/erp42_ros/install/erp42_rqt_plugin:/home/aiv/ev_ws/erp42_ros/install/erp42_gazebo:/home/aiv/ev_ws/erp42_ros/install/erp42_util:/home/aiv/ev_ws/erp42_ros/install/erp42_msgs:/home/aiv/ev_ws/erp42_ros/install/erp42_description:/home/aiv/ev_ws/erp42_ros/install/erp42_cmake:/home/aiv/ev_ws/perception/install/velodyne:/home/aiv/ev_ws/perception/install/lidar_launch:/home/aiv/ev_ws/perception/install/velodyne_pointcloud:/home/aiv/ev_ws/perception/install/velodyne_driver:/home/aiv/ev_ws/perception/install/velodyne_msgs:/home/aiv/ev_ws/perception/install/velodyne_cropbox:/home/aiv/ev_ws/perception/install/patchworkpp:/home/aiv/ev_ws/perception/install/make_bbox:/home/aiv/ev_ws/perception/install/lidar_voxel_grid:/home/aiv/ev_ws/perception/install/dbscan_clustering:/home/aiv/ev_ws/perception/install/cluster_splitter:/opt/ros/humble /usr/bin/cmake --install /home/aiv/ev_ws/build/erp42_util
[1.359s] DEBUG:colcon.colcon_core.event_handler.log_command:Invoked command in '/home/aiv/ev_ws/build/ev_msgs' returned '0': CMAKE_PREFIX_PATH=${CMAKE_PREFIX_PATH}:/opt/ros/humble /usr/bin/cmake /home/aiv/ev_ws/ev_msgs -DAMENT_CMAKE_SYMLINK_INSTALL=1 -DCMAKE_INSTALL_PREFIX=/home/aiv/ev_ws/install/ev_msgs
[1.360s] DEBUG:colcon.colcon_core.event_handler.log_command:Invoking command in '/home/aiv/ev_ws/build/ev_msgs': CMAKE_PREFIX_PATH=${CMAKE_PREFIX_PATH}:/opt/ros/humble /usr/bin/cmake --build /home/aiv/ev_ws/build/ev_msgs -- -j28 -l28
[1.390s] DEBUG:colcon.colcon_core.event_handler.log_command:Invoked command in '/home/aiv/ev_ws/build/t870_msgs' returned '0': CMAKE_PREFIX_PATH=${CMAKE_PREFIX_PATH}:/opt/ros/humble /usr/bin/cmake /home/aiv/ev_ws/t870_ros/src/t870_msgs -DAMENT_CMAKE_SYMLINK_INSTALL=1 -DCMAKE_INSTALL_PREFIX=/home/aiv/ev_ws/install/t870_msgs
[1.391s] DEBUG:colcon.colcon_core.event_handler.log_command:Invoking command in '/home/aiv/ev_ws/build/t870_msgs': CMAKE_PREFIX_PATH=${CMAKE_PREFIX_PATH}:/opt/ros/humble /usr/bin/cmake --build /home/aiv/ev_ws/build/t870_msgs -- -j28 -l28
[1.393s] DEBUG:colcon.colcon_core.event_handler.log_command:Invoked command in '/home/aiv/ev_ws/build/velodyne_msgs' returned '0': CMAKE_PREFIX_PATH=${CMAKE_PREFIX_PATH}:/opt/ros/humble /usr/bin/cmake /home/aiv/ev_ws/perception/src/lidar/velodyne_msgs -DAMENT_CMAKE_SYMLINK_INSTALL=1 -DCMAKE_INSTALL_PREFIX=/home/aiv/ev_ws/install/velodyne_msgs
[1.395s] DEBUG:colcon.colcon_core.event_handler.log_command:Invoking command in '/home/aiv/ev_ws/build/velodyne_msgs': CMAKE_PREFIX_PATH=${CMAKE_PREFIX_PATH}:/opt/ros/humble /usr/bin/cmake --build /home/aiv/ev_ws/build/velodyne_msgs -- -j28 -l28
[1.482s] Level 1:colcon.colcon_core.environment:create_environment_scripts_only(t870_util)
[1.482s] Level 1:colcon.colcon_core.environment:checking '/home/aiv/ev_ws/install/t870_util' for CMake module files
[1.483s] DEBUG:colcon.colcon_core.event_handler.log_command:Invoked command in '/home/aiv/ev_ws/build/t870_util' returned '0': AMENT_PREFIX_PATH=/home/aiv/ev_ws/install/t870_cmake:${AMENT_PREFIX_PATH} CMAKE_PREFIX_PATH=/home/aiv/ev_ws/install/t870_cmake:/home/aiv/ev_ws/carsa_gazebo/install/carsa_gazebo:/home/aiv/ev_ws/planning/install/chaining_costmap_ver:/home/aiv/ev_ws/ev_msgs/install/ev_msgs:/home/aiv/ev_ws/erp42_ros/install/erp42_serial:/home/aiv/ev_ws/erp42_ros/install/erp42_rqt_plugin:/home/aiv/ev_ws/erp42_ros/install/erp42_gazebo:/home/aiv/ev_ws/erp42_ros/install/erp42_util:/home/aiv/ev_ws/erp42_ros/install/erp42_msgs:/home/aiv/ev_ws/erp42_ros/install/erp42_description:/home/aiv/ev_ws/erp42_ros/install/erp42_cmake:/home/aiv/ev_ws/perception/install/velodyne:/home/aiv/ev_ws/perception/install/lidar_launch:/home/aiv/ev_ws/perception/install/velodyne_pointcloud:/home/aiv/ev_ws/perception/install/velodyne_driver:/home/aiv/ev_ws/perception/install/velodyne_msgs:/home/aiv/ev_ws/perception/install/velodyne_cropbox:/home/aiv/ev_ws/perception/install/patchworkpp:/home/aiv/ev_ws/perception/install/make_bbox:/home/aiv/ev_ws/perception/install/lidar_voxel_grid:/home/aiv/ev_ws/perception/install/dbscan_clustering:/home/aiv/ev_ws/perception/install/cluster_splitter:/opt/ros/humble /usr/bin/cmake --install /home/aiv/ev_ws/build/t870_util
[1.483s] Level 1:colcon.colcon_core.environment:checking '/home/aiv/ev_ws/install/t870_util' for CMake config files
[1.484s] Level 1:colcon.colcon_core.shell:create_environment_hook('t870_util', 'cmake_prefix_path')
[1.484s] INFO:colcon.colcon_core.shell:Creating environment hook '/home/aiv/ev_ws/install/t870_util/share/t870_util/hook/cmake_prefix_path.ps1'
[1.484s] INFO:colcon.colcon_core.shell:Creating environment descriptor '/home/aiv/ev_ws/install/t870_util/share/t870_util/hook/cmake_prefix_path.dsv'
[1.484s] INFO:colcon.colcon_core.shell:Creating environment hook '/home/aiv/ev_ws/install/t870_util/share/t870_util/hook/cmake_prefix_path.sh'
[1.485s] Level 1:colcon.colcon_core.environment:checking '/home/aiv/ev_ws/install/t870_util/lib'
[1.485s] Level 1:colcon.colcon_core.shell:create_environment_hook('t870_util', 'ld_library_path_lib')
[1.485s] INFO:colcon.colcon_core.shell:Creating environment hook '/home/aiv/ev_ws/install/t870_util/share/t870_util/hook/ld_library_path_lib.ps1'
[1.486s] INFO:colcon.colcon_core.shell:Creating environment descriptor '/home/aiv/ev_ws/install/t870_util/share/t870_util/hook/ld_library_path_lib.dsv'
[1.486s] INFO:colcon.colcon_core.shell:Creating environment hook '/home/aiv/ev_ws/install/t870_util/share/t870_util/hook/ld_library_path_lib.sh'
[1.486s] Level 1:colcon.colcon_core.environment:checking '/home/aiv/ev_ws/install/t870_util/bin'
[1.486s] Level 1:colcon.colcon_core.environment:checking '/home/aiv/ev_ws/install/t870_util/lib/pkgconfig/t870_util.pc'
[1.486s] Level 1:colcon.colcon_core.environment:checking '/home/aiv/ev_ws/install/t870_util/lib/python3.10/site-packages'
[1.486s] Level 1:colcon.colcon_core.environment:checking '/home/aiv/ev_ws/install/t870_util/bin'
[1.486s] INFO:colcon.colcon_core.shell:Creating package script '/home/aiv/ev_ws/install/t870_util/share/t870_util/package.ps1'
[1.487s] INFO:colcon.colcon_core.shell:Creating package descriptor '/home/aiv/ev_ws/install/t870_util/share/t870_util/package.dsv'
[1.487s] INFO:colcon.colcon_core.shell:Creating package script '/home/aiv/ev_ws/install/t870_util/share/t870_util/package.sh'
[1.487s] INFO:colcon.colcon_core.shell:Creating package script '/home/aiv/ev_ws/install/t870_util/share/t870_util/package.bash'
[1.487s] INFO:colcon.colcon_core.shell:Creating package script '/home/aiv/ev_ws/install/t870_util/share/t870_util/package.zsh'
[1.487s] Level 1:colcon.colcon_core.environment:create_file_with_runtime_dependencies(/home/aiv/ev_ws/install/t870_util/share/colcon-core/packages/t870_util)
[1.488s] Level 1:colcon.colcon_core.environment:create_environment_scripts_only(t870_util)
[1.488s] Level 1:colcon.colcon_core.environment:checking '/home/aiv/ev_ws/install/t870_util' for CMake module files
[1.488s] Level 1:colcon.colcon_core.environment:checking '/home/aiv/ev_ws/install/t870_util' for CMake config files
[1.489s] Level 1:colcon.colcon_core.shell:create_environment_hook('t870_util', 'cmake_prefix_path')
[1.489s] INFO:colcon.colcon_core.shell:Creating environment hook '/home/aiv/ev_ws/install/t870_util/share/t870_util/hook/cmake_prefix_path.ps1'
[1.489s] INFO:colcon.colcon_core.shell:Creating environment descriptor '/home/aiv/ev_ws/install/t870_util/share/t870_util/hook/cmake_prefix_path.dsv'
[1.489s] INFO:colcon.colcon_core.shell:Creating environment hook '/home/aiv/ev_ws/install/t870_util/share/t870_util/hook/cmake_prefix_path.sh'
[1.490s] Level 1:colcon.colcon_core.environment:checking '/home/aiv/ev_ws/install/t870_util/lib'
[1.490s] Level 1:colcon.colcon_core.shell:create_environment_hook('t870_util', 'ld_library_path_lib')
[1.490s] INFO:colcon.colcon_core.shell:Creating environment hook '/home/aiv/ev_ws/install/t870_util/share/t870_util/hook/ld_library_path_lib.ps1'
[1.491s] INFO:colcon.colcon_core.shell:Creating environment descriptor '/home/aiv/ev_ws/install/t870_util/share/t870_util/hook/ld_library_path_lib.dsv'
[1.491s] INFO:colcon.colcon_core.shell:Creating environment hook '/home/aiv/ev_ws/install/t870_util/share/t870_util/hook/ld_library_path_lib.sh'
[1.491s] Level 1:colcon.colcon_core.environment:checking '/home/aiv/ev_ws/install/t870_util/bin'
[1.491s] Level 1:colcon.colcon_core.environment:checking '/home/aiv/ev_ws/install/t870_util/lib/pkgconfig/t870_util.pc'
[1.491s] Level 1:colcon.colcon_core.environment:checking '/home/aiv/ev_ws/install/t870_util/lib/python3.10/site-packages'
[1.492s] Level 1:colcon.colcon_core.environment:checking '/home/aiv/ev_ws/install/t870_util/bin'
[1.492s] INFO:colcon.colcon_core.shell:Creating package script '/home/aiv/ev_ws/install/t870_util/share/t870_util/package.ps1'
[1.492s] INFO:colcon.colcon_core.shell:Creating package descriptor '/home/aiv/ev_ws/install/t870_util/share/t870_util/package.dsv'
[1.493s] INFO:colcon.colcon_core.shell:Creating package script '/home/aiv/ev_ws/install/t870_util/share/t870_util/package.sh'
[1.493s] INFO:colcon.colcon_core.shell:Creating package script '/home/aiv/ev_ws/install/t870_util/share/t870_util/package.bash'
[1.494s] INFO:colcon.colcon_core.shell:Creating package script '/home/aiv/ev_ws/install/t870_util/share/t870_util/package.zsh'
[1.495s] Level 1:colcon.colcon_core.environment:create_file_with_runtime_dependencies(/home/aiv/ev_ws/install/t870_util/share/colcon-core/packages/t870_util)
[1.495s] Level 1:colcon.colcon_core.environment:create_environment_scripts_only(erp42_util)
[1.495s] Level 1:colcon.colcon_core.environment:checking '/home/aiv/ev_ws/install/erp42_util' for CMake module files
[1.496s] DEBUG:colcon.colcon_core.event_handler.log_command:Invoked command in '/home/aiv/ev_ws/build/erp42_util' returned '0': AMENT_PREFIX_PATH=/home/aiv/ev_ws/install/erp42_cmake:${AMENT_PREFIX_PATH} CMAKE_PREFIX_PATH=/home/aiv/ev_ws/install/erp42_cmake:/home/aiv/ev_ws/carsa_gazebo/install/carsa_gazebo:/home/aiv/ev_ws/planning/install/chaining_costmap_ver:/home/aiv/ev_ws/ev_msgs/install/ev_msgs:/home/aiv/ev_ws/erp42_ros/install/erp42_serial:/home/aiv/ev_ws/erp42_ros/install/erp42_rqt_plugin:/home/aiv/ev_ws/erp42_ros/install/erp42_gazebo:/home/aiv/ev_ws/erp42_ros/install/erp42_util:/home/aiv/ev_ws/erp42_ros/install/erp42_msgs:/home/aiv/ev_ws/erp42_ros/install/erp42_description:/home/aiv/ev_ws/erp42_ros/install/erp42_cmake:/home/aiv/ev_ws/perception/install/velodyne:/home/aiv/ev_ws/perception/install/lidar_launch:/home/aiv/ev_ws/perception/install/velodyne_pointcloud:/home/aiv/ev_ws/perception/install/velodyne_driver:/home/aiv/ev_ws/perception/install/velodyne_msgs:/home/aiv/ev_ws/perception/install/velodyne_cropbox:/home/aiv/ev_ws/perception/install/patchworkpp:/home/aiv/ev_ws/perception/install/make_bbox:/home/aiv/ev_ws/perception/install/lidar_voxel_grid:/home/aiv/ev_ws/perception/install/dbscan_clustering:/home/aiv/ev_ws/perception/install/cluster_splitter:/opt/ros/humble /usr/bin/cmake --install /home/aiv/ev_ws/build/erp42_util
[1.496s] Level 1:colcon.colcon_core.environment:checking '/home/aiv/ev_ws/install/erp42_util' for CMake config files
[1.496s] Level 1:colcon.colcon_core.shell:create_environment_hook('erp42_util', 'cmake_prefix_path')
[1.497s] INFO:colcon.colcon_core.shell:Creating environment hook '/home/aiv/ev_ws/install/erp42_util/share/erp42_util/hook/cmake_prefix_path.ps1'
[1.497s] INFO:colcon.colcon_core.shell:Creating environment descriptor '/home/aiv/ev_ws/install/erp42_util/share/erp42_util/hook/cmake_prefix_path.dsv'
[1.497s] INFO:colcon.colcon_core.shell:Creating environment hook '/home/aiv/ev_ws/install/erp42_util/share/erp42_util/hook/cmake_prefix_path.sh'
[1.498s] Level 1:colcon.colcon_core.environment:checking '/home/aiv/ev_ws/install/erp42_util/lib'
[1.498s] Level 1:colcon.colcon_core.shell:create_environment_hook('erp42_util', 'ld_library_path_lib')
[1.498s] INFO:colcon.colcon_core.shell:Creating environment hook '/home/aiv/ev_ws/install/erp42_util/share/erp42_util/hook/ld_library_path_lib.ps1'
[1.498s] INFO:colcon.colcon_core.shell:Creating environment descriptor '/home/aiv/ev_ws/install/erp42_util/share/erp42_util/hook/ld_library_path_lib.dsv'
[1.498s] INFO:colcon.colcon_core.shell:Creating environment hook '/home/aiv/ev_ws/install/erp42_util/share/erp42_util/hook/ld_library_path_lib.sh'
[1.498s] Level 1:colcon.colcon_core.environment:checking '/home/aiv/ev_ws/install/erp42_util/bin'
[1.499s] Level 1:colcon.colcon_core.environment:checking '/home/aiv/ev_ws/install/erp42_util/lib/pkgconfig/erp42_util.pc'
[1.499s] Level 1:colcon.colcon_core.environment:checking '/home/aiv/ev_ws/install/erp42_util/lib/python3.10/site-packages'
[1.499s] Level 1:colcon.colcon_core.environment:checking '/home/aiv/ev_ws/install/erp42_util/bin'
[1.499s] INFO:colcon.colcon_core.shell:Creating package script '/home/aiv/ev_ws/install/erp42_util/share/erp42_util/package.ps1'
[1.500s] INFO:colcon.colcon_core.shell:Creating package descriptor '/home/aiv/ev_ws/install/erp42_util/share/erp42_util/package.dsv'
[1.500s] INFO:colcon.colcon_core.shell:Creating package script '/home/aiv/ev_ws/install/erp42_util/share/erp42_util/package.sh'
[1.500s] INFO:colcon.colcon_core.shell:Creating package script '/home/aiv/ev_ws/install/erp42_util/share/erp42_util/package.bash'
[1.500s] INFO:colcon.colcon_core.shell:Creating package script '/home/aiv/ev_ws/install/erp42_util/share/erp42_util/package.zsh'
[1.501s] Level 1:colcon.colcon_core.environment:create_file_with_runtime_dependencies(/home/aiv/ev_ws/install/erp42_util/share/colcon-core/packages/erp42_util)
[1.501s] Level 1:colcon.colcon_core.environment:create_environment_scripts_only(erp42_util)
[1.501s] Level 1:colcon.colcon_core.environment:checking '/home/aiv/ev_ws/install/erp42_util' for CMake module files
[1.502s] Level 1:colcon.colcon_core.environment:checking '/home/aiv/ev_ws/install/erp42_util' for CMake config files
[1.502s] Level 1:colcon.colcon_core.shell:create_environment_hook('erp42_util', 'cmake_prefix_path')
[1.502s] INFO:colcon.colcon_core.shell:Creating environment hook '/home/aiv/ev_ws/install/erp42_util/share/erp42_util/hook/cmake_prefix_path.ps1'
[1.502s] INFO:colcon.colcon_core.shell:Creating environment descriptor '/home/aiv/ev_ws/install/erp42_util/share/erp42_util/hook/cmake_prefix_path.dsv'
[1.502s] INFO:colcon.colcon_core.shell:Creating environment hook '/home/aiv/ev_ws/install/erp42_util/share/erp42_util/hook/cmake_prefix_path.sh'
[1.503s] Level 1:colcon.colcon_core.environment:checking '/home/aiv/ev_ws/install/erp42_util/lib'
[1.503s] Level 1:colcon.colcon_core.shell:create_environment_hook('erp42_util', 'ld_library_path_lib')
[1.503s] INFO:colcon.colcon_core.shell:Creating environment hook '/home/aiv/ev_ws/install/erp42_util/share/erp42_util/hook/ld_library_path_lib.ps1'
[1.503s] INFO:colcon.colcon_core.shell:Creating environment descriptor '/home/aiv/ev_ws/install/erp42_util/share/erp42_util/hook/ld_library_path_lib.dsv'
[1.504s] INFO:colcon.colcon_core.shell:Creating environment hook '/home/aiv/ev_ws/install/erp42_util/share/erp42_util/hook/ld_library_path_lib.sh'
[1.504s] Level 1:colcon.colcon_core.environment:checking '/home/aiv/ev_ws/install/erp42_util/bin'
[1.504s] Level 1:colcon.colcon_core.environment:checking '/home/aiv/ev_ws/install/erp42_util/lib/pkgconfig/erp42_util.pc'
[1.504s] Level 1:colcon.colcon_core.environment:checking '/home/aiv/ev_ws/install/erp42_util/lib/python3.10/site-packages'
[1.504s] Level 1:colcon.colcon_core.environment:checking '/home/aiv/ev_ws/install/erp42_util/bin'
[1.505s] INFO:colcon.colcon_core.shell:Creating package script '/home/aiv/ev_ws/install/erp42_util/share/erp42_util/package.ps1'
[1.505s] INFO:colcon.colcon_core.shell:Creating package descriptor '/home/aiv/ev_ws/install/erp42_util/share/erp42_util/package.dsv'
[1.505s] INFO:colcon.colcon_core.shell:Creating package script '/home/aiv/ev_ws/install/erp42_util/share/erp42_util/package.sh'
[1.506s] INFO:colcon.colcon_core.shell:Creating package script '/home/aiv/ev_ws/install/erp42_util/share/erp42_util/package.bash'
[1.506s] INFO:colcon.colcon_core.shell:Creating package script '/home/aiv/ev_ws/install/erp42_util/share/erp42_util/package.zsh'
[1.506s] Level 1:colcon.colcon_core.environment:create_file_with_runtime_dependencies(/home/aiv/ev_ws/install/erp42_util/share/colcon-core/packages/erp42_util)
[3.335s] DEBUG:colcon.colcon_core.event_handler.log_command:Invoked command in '/home/aiv/ev_ws/build/lidar_voxel_grid' returned '0': CMAKE_PREFIX_PATH=${CMAKE_PREFIX_PATH}:/opt/ros/humble /usr/bin/cmake /home/aiv/ev_ws/perception/src/lidar/lidar_voxel_grid -DAMENT_CMAKE_SYMLINK_INSTALL=1 -DCMAKE_INSTALL_PREFIX=/home/aiv/ev_ws/install/lidar_voxel_grid
[3.336s] DEBUG:colcon.colcon_core.event_handler.log_command:Invoking command in '/home/aiv/ev_ws/build/lidar_voxel_grid': CMAKE_PREFIX_PATH=${CMAKE_PREFIX_PATH}:/opt/ros/humble /usr/bin/cmake --build /home/aiv/ev_ws/build/lidar_voxel_grid -- -j28 -l28
[3.338s] DEBUG:colcon.colcon_core.event_handler.log_command:Invoked command in '/home/aiv/ev_ws/build/dbscan_clustering' returned '0': CMAKE_PREFIX_PATH=${CMAKE_PREFIX_PATH}:/opt/ros/humble /usr/bin/cmake /home/aiv/ev_ws/perception/src/lidar/dbscan_clustering -DAMENT_CMAKE_SYMLINK_INSTALL=1 -DCMAKE_INSTALL_PREFIX=/home/aiv/ev_ws/install/dbscan_clustering
[3.339s] DEBUG:colcon.colcon_core.event_handler.log_command:Invoking command in '/home/aiv/ev_ws/build/dbscan_clustering': CMAKE_PREFIX_PATH=${CMAKE_PREFIX_PATH}:/opt/ros/humble /usr/bin/cmake --build /home/aiv/ev_ws/build/dbscan_clustering -- -j28 -l28
[3.674s] DEBUG:colcon.colcon_core.event_handler.log_command:Invoked command in '/home/aiv/ev_ws/build/velodyne_msgs' returned '0': CMAKE_PREFIX_PATH=${CMAKE_PREFIX_PATH}:/opt/ros/humble /usr/bin/cmake --build /home/aiv/ev_ws/build/velodyne_msgs -- -j28 -l28
[3.675s] DEBUG:colcon.colcon_core.event_handler.log_command:Invoking command in '/home/aiv/ev_ws/build/velodyne_msgs': CMAKE_PREFIX_PATH=${CMAKE_PREFIX_PATH}:/opt/ros/humble /usr/bin/cmake --install /home/aiv/ev_ws/build/velodyne_msgs
[3.932s] DEBUG:colcon.colcon_core.event_handler.log_command:Invoked command in '/home/aiv/ev_ws/build/t870_msgs' returned '0': CMAKE_PREFIX_PATH=${CMAKE_PREFIX_PATH}:/opt/ros/humble /usr/bin/cmake --build /home/aiv/ev_ws/build/t870_msgs -- -j28 -l28
[3.933s] DEBUG:colcon.colcon_core.event_handler.log_command:Invoking command in '/home/aiv/ev_ws/build/t870_msgs': CMAKE_PREFIX_PATH=${CMAKE_PREFIX_PATH}:/opt/ros/humble /usr/bin/cmake --install /home/aiv/ev_ws/build/t870_msgs
[4.027s] DEBUG:colcon.colcon_core.event_handler.log_command:Invoked command in '/home/aiv/ev_ws/build/ev_msgs' returned '0': CMAKE_PREFIX_PATH=${CMAKE_PREFIX_PATH}:/opt/ros/humble /usr/bin/cmake --build /home/aiv/ev_ws/build/ev_msgs -- -j28 -l28
[4.029s] DEBUG:colcon.colcon_core.event_handler.log_command:Invoking command in '/home/aiv/ev_ws/build/ev_msgs': CMAKE_PREFIX_PATH=${CMAKE_PREFIX_PATH}:/opt/ros/humble /usr/bin/cmake --install /home/aiv/ev_ws/build/ev_msgs
[4.235s] DEBUG:colcon.colcon_core.event_handler.log_command:Invoked command in '/home/aiv/ev_ws/build/erp42_msgs' returned '0': CMAKE_PREFIX_PATH=${CMAKE_PREFIX_PATH}:/opt/ros/humble /usr/bin/cmake --build /home/aiv/ev_ws/build/erp42_msgs -- -j28 -l28
[4.237s] DEBUG:colcon.colcon_core.event_handler.log_command:Invoking command in '/home/aiv/ev_ws/build/erp42_msgs': CMAKE_PREFIX_PATH=${CMAKE_PREFIX_PATH}:/opt/ros/humble /usr/bin/cmake --install /home/aiv/ev_ws/build/erp42_msgs
[4.287s] Level 1:colcon.colcon_core.environment:create_environment_scripts_only(velodyne_msgs)
[4.288s] Level 1:colcon.colcon_core.environment:checking '/home/aiv/ev_ws/install/velodyne_msgs' for CMake module files
[4.288s] DEBUG:colcon.colcon_core.event_handler.log_command:Invoked command in '/home/aiv/ev_ws/build/velodyne_msgs' returned '0': CMAKE_PREFIX_PATH=${CMAKE_PREFIX_PATH}:/opt/ros/humble /usr/bin/cmake --install /home/aiv/ev_ws/build/velodyne_msgs
[4.289s] Level 1:colcon.colcon_core.environment:checking '/home/aiv/ev_ws/install/velodyne_msgs' for CMake config files
[4.289s] Level 1:colcon.colcon_core.shell:create_environment_hook('velodyne_msgs', 'cmake_prefix_path')
[4.289s] INFO:colcon.colcon_core.shell:Creating environment hook '/home/aiv/ev_ws/install/velodyne_msgs/share/velodyne_msgs/hook/cmake_prefix_path.ps1'
[4.290s] INFO:colcon.colcon_core.shell:Creating environment descriptor '/home/aiv/ev_ws/install/velodyne_msgs/share/velodyne_msgs/hook/cmake_prefix_path.dsv'
[4.290s] INFO:colcon.colcon_core.shell:Creating environment hook '/home/aiv/ev_ws/install/velodyne_msgs/share/velodyne_msgs/hook/cmake_prefix_path.sh'
[4.291s] Level 1:colcon.colcon_core.environment:checking '/home/aiv/ev_ws/install/velodyne_msgs/lib'
[4.291s] Level 1:colcon.colcon_core.shell:create_environment_hook('velodyne_msgs', 'ld_library_path_lib')
[4.291s] INFO:colcon.colcon_core.shell:Creating environment hook '/home/aiv/ev_ws/install/velodyne_msgs/share/velodyne_msgs/hook/ld_library_path_lib.ps1'
[4.291s] INFO:colcon.colcon_core.shell:Creating environment descriptor '/home/aiv/ev_ws/install/velodyne_msgs/share/velodyne_msgs/hook/ld_library_path_lib.dsv'
[4.291s] INFO:colcon.colcon_core.shell:Creating environment hook '/home/aiv/ev_ws/install/velodyne_msgs/share/velodyne_msgs/hook/ld_library_path_lib.sh'
[4.292s] Level 1:colcon.colcon_core.environment:checking '/home/aiv/ev_ws/install/velodyne_msgs/bin'
[4.292s] Level 1:colcon.colcon_core.environment:checking '/home/aiv/ev_ws/install/velodyne_msgs/lib/pkgconfig/velodyne_msgs.pc'
[4.292s] Level 1:colcon.colcon_core.environment:checking '/home/aiv/ev_ws/install/velodyne_msgs/lib/python3.10/site-packages'
[4.293s] Level 1:colcon.colcon_core.environment:checking '/home/aiv/ev_ws/install/velodyne_msgs/bin'
[4.293s] INFO:colcon.colcon_core.shell:Creating package script '/home/aiv/ev_ws/install/velodyne_msgs/share/velodyne_msgs/package.ps1'
[4.294s] INFO:colcon.colcon_core.shell:Creating package descriptor '/home/aiv/ev_ws/install/velodyne_msgs/share/velodyne_msgs/package.dsv'
[4.294s] INFO:colcon.colcon_core.shell:Creating package script '/home/aiv/ev_ws/install/velodyne_msgs/share/velodyne_msgs/package.sh'
[4.294s] INFO:colcon.colcon_core.shell:Creating package script '/home/aiv/ev_ws/install/velodyne_msgs/share/velodyne_msgs/package.bash'
[4.295s] INFO:colcon.colcon_core.shell:Creating package script '/home/aiv/ev_ws/install/velodyne_msgs/share/velodyne_msgs/package.zsh'
[4.295s] Level 1:colcon.colcon_core.environment:create_file_with_runtime_dependencies(/home/aiv/ev_ws/install/velodyne_msgs/share/colcon-core/packages/velodyne_msgs)
[4.296s] Level 1:colcon.colcon_core.environment:create_environment_scripts_only(velodyne_msgs)
[4.296s] Level 1:colcon.colcon_core.environment:checking '/home/aiv/ev_ws/install/velodyne_msgs' for CMake module files
[4.296s] Level 1:colcon.colcon_core.environment:checking '/home/aiv/ev_ws/install/velodyne_msgs' for CMake config files
[4.297s] Level 1:colcon.colcon_core.shell:create_environment_hook('velodyne_msgs', 'cmake_prefix_path')
[4.297s] INFO:colcon.colcon_core.shell:Creating environment hook '/home/aiv/ev_ws/install/velodyne_msgs/share/velodyne_msgs/hook/cmake_prefix_path.ps1'
[4.297s] INFO:colcon.colcon_core.shell:Creating environment descriptor '/home/aiv/ev_ws/install/velodyne_msgs/share/velodyne_msgs/hook/cmake_prefix_path.dsv'
[4.298s] INFO:colcon.colcon_core.shell:Creating environment hook '/home/aiv/ev_ws/install/velodyne_msgs/share/velodyne_msgs/hook/cmake_prefix_path.sh'
[4.298s] Level 1:colcon.colcon_core.environment:checking '/home/aiv/ev_ws/install/velodyne_msgs/lib'
[4.298s] Level 1:colcon.colcon_core.shell:create_environment_hook('velodyne_msgs', 'ld_library_path_lib')
[4.299s] INFO:colcon.colcon_core.shell:Creating environment hook '/home/aiv/ev_ws/install/velodyne_msgs/share/velodyne_msgs/hook/ld_library_path_lib.ps1'
[4.299s] INFO:colcon.colcon_core.shell:Creating environment descriptor '/home/aiv/ev_ws/install/velodyne_msgs/share/velodyne_msgs/hook/ld_library_path_lib.dsv'
[4.299s] INFO:colcon.colcon_core.shell:Creating environment hook '/home/aiv/ev_ws/install/velodyne_msgs/share/velodyne_msgs/hook/ld_library_path_lib.sh'
[4.299s] Level 1:colcon.colcon_core.environment:checking '/home/aiv/ev_ws/install/velodyne_msgs/bin'
[4.300s] Level 1:colcon.colcon_core.environment:checking '/home/aiv/ev_ws/install/velodyne_msgs/lib/pkgconfig/velodyne_msgs.pc'
[4.300s] Level 1:colcon.colcon_core.environment:checking '/home/aiv/ev_ws/install/velodyne_msgs/lib/python3.10/site-packages'
[4.300s] Level 1:colcon.colcon_core.environment:checking '/home/aiv/ev_ws/install/velodyne_msgs/bin'
[4.300s] INFO:colcon.colcon_core.shell:Creating package script '/home/aiv/ev_ws/install/velodyne_msgs/share/velodyne_msgs/package.ps1'
[4.301s] INFO:colcon.colcon_core.shell:Creating package descriptor '/home/aiv/ev_ws/install/velodyne_msgs/share/velodyne_msgs/package.dsv'
[4.301s] INFO:colcon.colcon_core.shell:Creating package script '/home/aiv/ev_ws/install/velodyne_msgs/share/velodyne_msgs/package.sh'
[4.302s] INFO:colcon.colcon_core.shell:Creating package script '/home/aiv/ev_ws/install/velodyne_msgs/share/velodyne_msgs/package.bash'
[4.302s] INFO:colcon.colcon_core.shell:Creating package script '/home/aiv/ev_ws/install/velodyne_msgs/share/velodyne_msgs/package.zsh'
[4.302s] Level 1:colcon.colcon_core.environment:create_file_with_runtime_dependencies(/home/aiv/ev_ws/install/velodyne_msgs/share/colcon-core/packages/velodyne_msgs)
[4.303s] INFO:colcon.colcon_ros.task.ament_cmake.build:Building ROS package in '/home/aiv/ev_ws/perception/src/lidar/velodyne_driver' with build type 'ament_cmake'
[4.303s] INFO:colcon.colcon_cmake.task.cmake.build:Building CMake package in '/home/aiv/ev_ws/perception/src/lidar/velodyne_driver'
[4.303s] INFO:colcon.colcon_core.shell:Skip shell extension 'powershell' for command environment: Not usable outside of PowerShell
[4.303s] DEBUG:colcon.colcon_core.shell:Skip shell extension 'dsv' for command environment
[4.309s] INFO:colcon.colcon_ros.task.ament_cmake.build:Building ROS package in '/home/aiv/ev_ws/perception/src/lidar/velodyne_pointcloud' with build type 'ament_cmake'
[4.309s] INFO:colcon.colcon_cmake.task.cmake.build:Building CMake package in '/home/aiv/ev_ws/perception/src/lidar/velodyne_pointcloud'
[4.309s] INFO:colcon.colcon_core.shell:Skip shell extension 'powershell' for command environment: Not usable outside of PowerShell
[4.309s] DEBUG:colcon.colcon_core.shell:Skip shell extension 'dsv' for command environment
[4.317s] DEBUG:colcon.colcon_core.event_handler.log_command:Invoking command in '/home/aiv/ev_ws/build/velodyne_driver': AMENT_PREFIX_PATH=/home/aiv/ev_ws/install/velodyne_msgs:${AMENT_PREFIX_PATH} CMAKE_PREFIX_PATH=/home/aiv/ev_ws/install/velodyne_msgs:/home/aiv/ev_ws/carsa_gazebo/install/carsa_gazebo:/home/aiv/ev_ws/planning/install/chaining_costmap_ver:/home/aiv/ev_ws/ev_msgs/install/ev_msgs:/home/aiv/ev_ws/erp42_ros/install/erp42_serial:/home/aiv/ev_ws/erp42_ros/install/erp42_rqt_plugin:/home/aiv/ev_ws/erp42_ros/install/erp42_gazebo:/home/aiv/ev_ws/erp42_ros/install/erp42_util:/home/aiv/ev_ws/erp42_ros/install/erp42_msgs:/home/aiv/ev_ws/erp42_ros/install/erp42_description:/home/aiv/ev_ws/erp42_ros/install/erp42_cmake:/home/aiv/ev_ws/perception/install/velodyne:/home/aiv/ev_ws/perception/install/lidar_launch:/home/aiv/ev_ws/perception/install/velodyne_pointcloud:/home/aiv/ev_ws/perception/install/velodyne_driver:/home/aiv/ev_ws/perception/install/velodyne_msgs:/home/aiv/ev_ws/perception/install/velodyne_cropbox:/home/aiv/ev_ws/perception/install/patchworkpp:/home/aiv/ev_ws/perception/install/make_bbox:/home/aiv/ev_ws/perception/install/lidar_voxel_grid:/home/aiv/ev_ws/perception/install/dbscan_clustering:/home/aiv/ev_ws/perception/install/cluster_splitter:/opt/ros/humble LD_LIBRARY_PATH=/home/aiv/ev_ws/install/velodyne_msgs/lib:${LD_LIBRARY_PATH} PYTHONPATH=/home/aiv/ev_ws/install/velodyne_msgs/local/lib/python3.10/dist-packages:${PYTHONPATH} /usr/bin/cmake /home/aiv/ev_ws/perception/src/lidar/velodyne_driver -DAMENT_CMAKE_SYMLINK_INSTALL=1 -DCMAKE_INSTALL_PREFIX=/home/aiv/ev_ws/install/velodyne_driver
[4.320s] DEBUG:colcon.colcon_core.event_handler.log_command:Invoking command in '/home/aiv/ev_ws/build/velodyne_pointcloud': AMENT_PREFIX_PATH=/home/aiv/ev_ws/install/velodyne_msgs:${AMENT_PREFIX_PATH} CMAKE_PREFIX_PATH=/home/aiv/ev_ws/install/velodyne_msgs:/home/aiv/ev_ws/carsa_gazebo/install/carsa_gazebo:/home/aiv/ev_ws/planning/install/chaining_costmap_ver:/home/aiv/ev_ws/ev_msgs/install/ev_msgs:/home/aiv/ev_ws/erp42_ros/install/erp42_serial:/home/aiv/ev_ws/erp42_ros/install/erp42_rqt_plugin:/home/aiv/ev_ws/erp42_ros/install/erp42_gazebo:/home/aiv/ev_ws/erp42_ros/install/erp42_util:/home/aiv/ev_ws/erp42_ros/install/erp42_msgs:/home/aiv/ev_ws/erp42_ros/install/erp42_description:/home/aiv/ev_ws/erp42_ros/install/erp42_cmake:/home/aiv/ev_ws/perception/install/velodyne:/home/aiv/ev_ws/perception/install/lidar_launch:/home/aiv/ev_ws/perception/install/velodyne_pointcloud:/home/aiv/ev_ws/perception/install/velodyne_driver:/home/aiv/ev_ws/perception/install/velodyne_msgs:/home/aiv/ev_ws/perception/install/velodyne_cropbox:/home/aiv/ev_ws/perception/install/patchworkpp:/home/aiv/ev_ws/perception/install/make_bbox:/home/aiv/ev_ws/perception/install/lidar_voxel_grid:/home/aiv/ev_ws/perception/install/dbscan_clustering:/home/aiv/ev_ws/perception/install/cluster_splitter:/opt/ros/humble LD_LIBRARY_PATH=/home/aiv/ev_ws/install/velodyne_msgs/lib:${LD_LIBRARY_PATH} PYTHONPATH=/home/aiv/ev_ws/install/velodyne_msgs/local/lib/python3.10/dist-packages:${PYTHONPATH} /usr/bin/cmake /home/aiv/ev_ws/perception/src/lidar/velodyne_pointcloud -DAMENT_CMAKE_SYMLINK_INSTALL=1 -DCMAKE_INSTALL_PREFIX=/home/aiv/ev_ws/install/velodyne_pointcloud
[4.629s] Level 1:colcon.colcon_core.environment:create_environment_scripts_only(t870_msgs)
[4.629s] DEBUG:colcon.colcon_core.event_handler.log_command:Invoked command in '/home/aiv/ev_ws/build/t870_msgs' returned '0': CMAKE_PREFIX_PATH=${CMAKE_PREFIX_PATH}:/opt/ros/humble /usr/bin/cmake --install /home/aiv/ev_ws/build/t870_msgs
[4.629s] Level 1:colcon.colcon_core.environment:checking '/home/aiv/ev_ws/install/t870_msgs' for CMake module files
[4.630s] Level 1:colcon.colcon_core.environment:checking '/home/aiv/ev_ws/install/t870_msgs' for CMake config files
[4.630s] Level 1:colcon.colcon_core.shell:create_environment_hook('t870_msgs', 'cmake_prefix_path')
[4.630s] INFO:colcon.colcon_core.shell:Creating environment hook '/home/aiv/ev_ws/install/t870_msgs/share/t870_msgs/hook/cmake_prefix_path.ps1'
[4.631s] INFO:colcon.colcon_core.shell:Creating environment descriptor '/home/aiv/ev_ws/install/t870_msgs/share/t870_msgs/hook/cmake_prefix_path.dsv'
[4.631s] INFO:colcon.colcon_core.shell:Creating environment hook '/home/aiv/ev_ws/install/t870_msgs/share/t870_msgs/hook/cmake_prefix_path.sh'
[4.631s] Level 1:colcon.colcon_core.environment:checking '/home/aiv/ev_ws/install/t870_msgs/lib'
[4.631s] Level 1:colcon.colcon_core.shell:create_environment_hook('t870_msgs', 'ld_library_path_lib')
[4.632s] INFO:colcon.colcon_core.shell:Creating environment hook '/home/aiv/ev_ws/install/t870_msgs/share/t870_msgs/hook/ld_library_path_lib.ps1'
[4.632s] INFO:colcon.colcon_core.shell:Creating environment descriptor '/home/aiv/ev_ws/install/t870_msgs/share/t870_msgs/hook/ld_library_path_lib.dsv'
[4.632s] INFO:colcon.colcon_core.shell:Creating environment hook '/home/aiv/ev_ws/install/t870_msgs/share/t870_msgs/hook/ld_library_path_lib.sh'
[4.632s] Level 1:colcon.colcon_core.environment:checking '/home/aiv/ev_ws/install/t870_msgs/bin'
[4.632s] Level 1:colcon.colcon_core.environment:checking '/home/aiv/ev_ws/install/t870_msgs/lib/pkgconfig/t870_msgs.pc'
[4.632s] Level 1:colcon.colcon_core.environment:checking '/home/aiv/ev_ws/install/t870_msgs/lib/python3.10/site-packages'
[4.632s] Level 1:colcon.colcon_core.environment:checking '/home/aiv/ev_ws/install/t870_msgs/bin'
[4.633s] INFO:colcon.colcon_core.shell:Creating package script '/home/aiv/ev_ws/install/t870_msgs/share/t870_msgs/package.ps1'
[4.633s] INFO:colcon.colcon_core.shell:Creating package descriptor '/home/aiv/ev_ws/install/t870_msgs/share/t870_msgs/package.dsv'
[4.633s] INFO:colcon.colcon_core.shell:Creating package script '/home/aiv/ev_ws/install/t870_msgs/share/t870_msgs/package.sh'
[4.634s] INFO:colcon.colcon_core.shell:Creating package script '/home/aiv/ev_ws/install/t870_msgs/share/t870_msgs/package.bash'
[4.634s] INFO:colcon.colcon_core.shell:Creating package script '/home/aiv/ev_ws/install/t870_msgs/share/t870_msgs/package.zsh'
[4.634s] Level 1:colcon.colcon_core.environment:create_file_with_runtime_dependencies(/home/aiv/ev_ws/install/t870_msgs/share/colcon-core/packages/t870_msgs)
[4.634s] Level 1:colcon.colcon_core.environment:create_environment_scripts_only(t870_msgs)
[4.635s] Level 1:colcon.colcon_core.environment:checking '/home/aiv/ev_ws/install/t870_msgs' for CMake module files
[4.635s] Level 1:colcon.colcon_core.environment:checking '/home/aiv/ev_ws/install/t870_msgs' for CMake config files
[4.635s] Level 1:colcon.colcon_core.shell:create_environment_hook('t870_msgs', 'cmake_prefix_path')
[4.635s] INFO:colcon.colcon_core.shell:Creating environment hook '/home/aiv/ev_ws/install/t870_msgs/share/t870_msgs/hook/cmake_prefix_path.ps1'
[4.636s] INFO:colcon.colcon_core.shell:Creating environment descriptor '/home/aiv/ev_ws/install/t870_msgs/share/t870_msgs/hook/cmake_prefix_path.dsv'
[4.636s] INFO:colcon.colcon_core.shell:Creating environment hook '/home/aiv/ev_ws/install/t870_msgs/share/t870_msgs/hook/cmake_prefix_path.sh'
[4.636s] Level 1:colcon.colcon_core.environment:checking '/home/aiv/ev_ws/install/t870_msgs/lib'
[4.636s] Level 1:colcon.colcon_core.shell:create_environment_hook('t870_msgs', 'ld_library_path_lib')
[4.636s] INFO:colcon.colcon_core.shell:Creating environment hook '/home/aiv/ev_ws/install/t870_msgs/share/t870_msgs/hook/ld_library_path_lib.ps1'
[4.637s] INFO:colcon.colcon_core.shell:Creating environment descriptor '/home/aiv/ev_ws/install/t870_msgs/share/t870_msgs/hook/ld_library_path_lib.dsv'
[4.637s] INFO:colcon.colcon_core.shell:Creating environment hook '/home/aiv/ev_ws/install/t870_msgs/share/t870_msgs/hook/ld_library_path_lib.sh'
[4.637s] Level 1:colcon.colcon_core.environment:checking '/home/aiv/ev_ws/install/t870_msgs/bin'
[4.637s] Level 1:colcon.colcon_core.environment:checking '/home/aiv/ev_ws/install/t870_msgs/lib/pkgconfig/t870_msgs.pc'
[4.637s] Level 1:colcon.colcon_core.environment:checking '/home/aiv/ev_ws/install/t870_msgs/lib/python3.10/site-packages'
[4.637s] Level 1:colcon.colcon_core.environment:checking '/home/aiv/ev_ws/install/t870_msgs/bin'
[4.638s] INFO:colcon.colcon_core.shell:Creating package script '/home/aiv/ev_ws/install/t870_msgs/share/t870_msgs/package.ps1'
[4.638s] INFO:colcon.colcon_core.shell:Creating package descriptor '/home/aiv/ev_ws/install/t870_msgs/share/t870_msgs/package.dsv'
[4.638s] INFO:colcon.colcon_core.shell:Creating package script '/home/aiv/ev_ws/install/t870_msgs/share/t870_msgs/package.sh'
[4.639s] INFO:colcon.colcon_core.shell:Creating package script '/home/aiv/ev_ws/install/t870_msgs/share/t870_msgs/package.bash'
[4.639s] INFO:colcon.colcon_core.shell:Creating package script '/home/aiv/ev_ws/install/t870_msgs/share/t870_msgs/package.zsh'
[4.639s] Level 1:colcon.colcon_core.environment:create_file_with_runtime_dependencies(/home/aiv/ev_ws/install/t870_msgs/share/colcon-core/packages/t870_msgs)
[4.639s] INFO:colcon.colcon_ros.task.ament_cmake.build:Building ROS package in '/home/aiv/ev_ws/t870_ros/src/t870_rqt_plugin' with build type 'ament_cmake'
[4.639s] INFO:colcon.colcon_cmake.task.cmake.build:Building CMake package in '/home/aiv/ev_ws/t870_ros/src/t870_rqt_plugin'
[4.639s] INFO:colcon.colcon_core.shell:Skip shell extension 'powershell' for command environment: Not usable outside of PowerShell
[4.639s] DEBUG:colcon.colcon_core.shell:Skip shell extension 'dsv' for command environment
[4.644s] INFO:colcon.colcon_ros.task.ament_cmake.build:Building ROS package in '/home/aiv/ev_ws/t870_ros/src/t870_serial' with build type 'ament_cmake'
[4.645s] INFO:colcon.colcon_cmake.task.cmake.build:Building CMake package in '/home/aiv/ev_ws/t870_ros/src/t870_serial'
[4.645s] INFO:colcon.colcon_core.shell:Skip shell extension 'powershell' for command environment: Not usable outside of PowerShell
[4.645s] DEBUG:colcon.colcon_core.shell:Skip shell extension 'dsv' for command environment
[4.654s] DEBUG:colcon.colcon_core.event_handler.log_command:Invoking command in '/home/aiv/ev_ws/build/t870_rqt_plugin': AMENT_PREFIX_PATH=/home/aiv/ev_ws/install/t870_util:/home/aiv/ev_ws/install/t870_msgs:/home/aiv/ev_ws/install/t870_cmake:${AMENT_PREFIX_PATH} CMAKE_PREFIX_PATH=/home/aiv/ev_ws/install/t870_util:/home/aiv/ev_ws/install/t870_msgs:/home/aiv/ev_ws/install/t870_cmake:/home/aiv/ev_ws/carsa_gazebo/install/carsa_gazebo:/home/aiv/ev_ws/planning/install/chaining_costmap_ver:/home/aiv/ev_ws/ev_msgs/install/ev_msgs:/home/aiv/ev_ws/erp42_ros/install/erp42_serial:/home/aiv/ev_ws/erp42_ros/install/erp42_rqt_plugin:/home/aiv/ev_ws/erp42_ros/install/erp42_gazebo:/home/aiv/ev_ws/erp42_ros/install/erp42_util:/home/aiv/ev_ws/erp42_ros/install/erp42_msgs:/home/aiv/ev_ws/erp42_ros/install/erp42_description:/home/aiv/ev_ws/erp42_ros/install/erp42_cmake:/home/aiv/ev_ws/perception/install/velodyne:/home/aiv/ev_ws/perception/install/lidar_launch:/home/aiv/ev_ws/perception/install/velodyne_pointcloud:/home/aiv/ev_ws/perception/install/velodyne_driver:/home/aiv/ev_ws/perception/install/velodyne_msgs:/home/aiv/ev_ws/perception/install/velodyne_cropbox:/home/aiv/ev_ws/perception/install/patchworkpp:/home/aiv/ev_ws/perception/install/make_bbox:/home/aiv/ev_ws/perception/install/lidar_voxel_grid:/home/aiv/ev_ws/perception/install/dbscan_clustering:/home/aiv/ev_ws/perception/install/cluster_splitter:/opt/ros/humble LD_LIBRARY_PATH=/home/aiv/ev_ws/install/t870_util/lib:/home/aiv/ev_ws/install/t870_msgs/lib:${LD_LIBRARY_PATH} PYTHONPATH=/home/aiv/ev_ws/install/t870_msgs/local/lib/python3.10/dist-packages:${PYTHONPATH} /usr/bin/cmake /home/aiv/ev_ws/t870_ros/src/t870_rqt_plugin -DAMENT_CMAKE_SYMLINK_INSTALL=1 -DCMAKE_INSTALL_PREFIX=/home/aiv/ev_ws/install/t870_rqt_plugin
[4.659s] DEBUG:colcon.colcon_core.event_handler.log_command:Invoking command in '/home/aiv/ev_ws/build/t870_serial': AMENT_PREFIX_PATH=/home/aiv/ev_ws/install/t870_util:/home/aiv/ev_ws/install/t870_msgs:/home/aiv/ev_ws/install/t870_cmake:${AMENT_PREFIX_PATH} CMAKE_PREFIX_PATH=/home/aiv/ev_ws/install/t870_util:/home/aiv/ev_ws/install/t870_msgs:/home/aiv/ev_ws/install/t870_cmake:/home/aiv/ev_ws/carsa_gazebo/install/carsa_gazebo:/home/aiv/ev_ws/planning/install/chaining_costmap_ver:/home/aiv/ev_ws/ev_msgs/install/ev_msgs:/home/aiv/ev_ws/erp42_ros/install/erp42_serial:/home/aiv/ev_ws/erp42_ros/install/erp42_rqt_plugin:/home/aiv/ev_ws/erp42_ros/install/erp42_gazebo:/home/aiv/ev_ws/erp42_ros/install/erp42_util:/home/aiv/ev_ws/erp42_ros/install/erp42_msgs:/home/aiv/ev_ws/erp42_ros/install/erp42_description:/home/aiv/ev_ws/erp42_ros/install/erp42_cmake:/home/aiv/ev_ws/perception/install/velodyne:/home/aiv/ev_ws/perception/install/lidar_launch:/home/aiv/ev_ws/perception/install/velodyne_pointcloud:/home/aiv/ev_ws/perception/install/velodyne_driver:/home/aiv/ev_ws/perception/install/velodyne_msgs:/home/aiv/ev_ws/perception/install/velodyne_cropbox:/home/aiv/ev_ws/perception/install/patchworkpp:/home/aiv/ev_ws/perception/install/make_bbox:/home/aiv/ev_ws/perception/install/lidar_voxel_grid:/home/aiv/ev_ws/perception/install/dbscan_clustering:/home/aiv/ev_ws/perception/install/cluster_splitter:/opt/ros/humble LD_LIBRARY_PATH=/home/aiv/ev_ws/install/t870_util/lib:/home/aiv/ev_ws/install/t870_msgs/lib:${LD_LIBRARY_PATH} PYTHONPATH=/home/aiv/ev_ws/install/t870_msgs/local/lib/python3.10/dist-packages:${PYTHONPATH} /usr/bin/cmake /home/aiv/ev_ws/t870_ros/src/t870_serial -DAMENT_CMAKE_SYMLINK_INSTALL=1 -DCMAKE_INSTALL_PREFIX=/home/aiv/ev_ws/install/t870_serial
[4.835s] Level 1:colcon.colcon_core.environment:create_environment_scripts_only(ev_msgs)
[4.835s] Level 1:colcon.colcon_core.environment:checking '/home/aiv/ev_ws/install/ev_msgs' for CMake module files
[4.835s] DEBUG:colcon.colcon_core.event_handler.log_command:Invoked command in '/home/aiv/ev_ws/build/ev_msgs' returned '0': CMAKE_PREFIX_PATH=${CMAKE_PREFIX_PATH}:/opt/ros/humble /usr/bin/cmake --install /home/aiv/ev_ws/build/ev_msgs
[4.836s] Level 1:colcon.colcon_core.environment:checking '/home/aiv/ev_ws/install/ev_msgs' for CMake config files
[4.837s] Level 1:colcon.colcon_core.shell:create_environment_hook('ev_msgs', 'cmake_prefix_path')
[4.837s] INFO:colcon.colcon_core.shell:Creating environment hook '/home/aiv/ev_ws/install/ev_msgs/share/ev_msgs/hook/cmake_prefix_path.ps1'
[4.837s] INFO:colcon.colcon_core.shell:Creating environment descriptor '/home/aiv/ev_ws/install/ev_msgs/share/ev_msgs/hook/cmake_prefix_path.dsv'
[4.837s] INFO:colcon.colcon_core.shell:Creating environment hook '/home/aiv/ev_ws/install/ev_msgs/share/ev_msgs/hook/cmake_prefix_path.sh'
[4.838s] Level 1:colcon.colcon_core.environment:checking '/home/aiv/ev_ws/install/ev_msgs/lib'
[4.838s] Level 1:colcon.colcon_core.shell:create_environment_hook('ev_msgs', 'ld_library_path_lib')
[4.838s] INFO:colcon.colcon_core.shell:Creating environment hook '/home/aiv/ev_ws/install/ev_msgs/share/ev_msgs/hook/ld_library_path_lib.ps1'
[4.838s] INFO:colcon.colcon_core.shell:Creating environment descriptor '/home/aiv/ev_ws/install/ev_msgs/share/ev_msgs/hook/ld_library_path_lib.dsv'
[4.839s] INFO:colcon.colcon_core.shell:Creating environment hook '/home/aiv/ev_ws/install/ev_msgs/share/ev_msgs/hook/ld_library_path_lib.sh'
[4.839s] Level 1:colcon.colcon_core.environment:checking '/home/aiv/ev_ws/install/ev_msgs/bin'
[4.839s] Level 1:colcon.colcon_core.environment:checking '/home/aiv/ev_ws/install/ev_msgs/lib/pkgconfig/ev_msgs.pc'
[4.839s] Level 1:colcon.colcon_core.environment:checking '/home/aiv/ev_ws/install/ev_msgs/lib/python3.10/site-packages'
[4.840s] Level 1:colcon.colcon_core.environment:checking '/home/aiv/ev_ws/install/ev_msgs/bin'
[4.840s] INFO:colcon.colcon_core.shell:Creating package script '/home/aiv/ev_ws/install/ev_msgs/share/ev_msgs/package.ps1'
[4.840s] INFO:colcon.colcon_core.shell:Creating package descriptor '/home/aiv/ev_ws/install/ev_msgs/share/ev_msgs/package.dsv'
[4.841s] INFO:colcon.colcon_core.shell:Creating package script '/home/aiv/ev_ws/install/ev_msgs/share/ev_msgs/package.sh'
[4.841s] INFO:colcon.colcon_core.shell:Creating package script '/home/aiv/ev_ws/install/ev_msgs/share/ev_msgs/package.bash'
[4.841s] INFO:colcon.colcon_core.shell:Creating package script '/home/aiv/ev_ws/install/ev_msgs/share/ev_msgs/package.zsh'
[4.842s] Level 1:colcon.colcon_core.environment:create_file_with_runtime_dependencies(/home/aiv/ev_ws/install/ev_msgs/share/colcon-core/packages/ev_msgs)
[4.842s] Level 1:colcon.colcon_core.environment:create_environment_scripts_only(ev_msgs)
[4.842s] Level 1:colcon.colcon_core.environment:checking '/home/aiv/ev_ws/install/ev_msgs' for CMake module files
[4.843s] Level 1:colcon.colcon_core.environment:checking '/home/aiv/ev_ws/install/ev_msgs' for CMake config files
[4.844s] Level 1:colcon.colcon_core.shell:create_environment_hook('ev_msgs', 'cmake_prefix_path')
[4.844s] INFO:colcon.colcon_core.shell:Creating environment hook '/home/aiv/ev_ws/install/ev_msgs/share/ev_msgs/hook/cmake_prefix_path.ps1'
[4.844s] INFO:colcon.colcon_core.shell:Creating environment descriptor '/home/aiv/ev_ws/install/ev_msgs/share/ev_msgs/hook/cmake_prefix_path.dsv'
[4.844s] INFO:colcon.colcon_core.shell:Creating environment hook '/home/aiv/ev_ws/install/ev_msgs/share/ev_msgs/hook/cmake_prefix_path.sh'
[4.845s] Level 1:colcon.colcon_core.environment:checking '/home/aiv/ev_ws/install/ev_msgs/lib'
[4.845s] Level 1:colcon.colcon_core.shell:create_environment_hook('ev_msgs', 'ld_library_path_lib')
[4.845s] INFO:colcon.colcon_core.shell:Creating environment hook '/home/aiv/ev_ws/install/ev_msgs/share/ev_msgs/hook/ld_library_path_lib.ps1'
[4.845s] INFO:colcon.colcon_core.shell:Creating environment descriptor '/home/aiv/ev_ws/install/ev_msgs/share/ev_msgs/hook/ld_library_path_lib.dsv'
[4.846s] INFO:colcon.colcon_core.shell:Creating environment hook '/home/aiv/ev_ws/install/ev_msgs/share/ev_msgs/hook/ld_library_path_lib.sh'
[4.846s] Level 1:colcon.colcon_core.environment:checking '/home/aiv/ev_ws/install/ev_msgs/bin'
[4.846s] Level 1:colcon.colcon_core.environment:checking '/home/aiv/ev_ws/install/ev_msgs/lib/pkgconfig/ev_msgs.pc'
[4.846s] Level 1:colcon.colcon_core.environment:checking '/home/aiv/ev_ws/install/ev_msgs/lib/python3.10/site-packages'
[4.846s] Level 1:colcon.colcon_core.environment:checking '/home/aiv/ev_ws/install/ev_msgs/bin'
[4.847s] INFO:colcon.colcon_core.shell:Creating package script '/home/aiv/ev_ws/install/ev_msgs/share/ev_msgs/package.ps1'
[4.847s] INFO:colcon.colcon_core.shell:Creating package descriptor '/home/aiv/ev_ws/install/ev_msgs/share/ev_msgs/package.dsv'
[4.848s] INFO:colcon.colcon_core.shell:Creating package script '/home/aiv/ev_ws/install/ev_msgs/share/ev_msgs/package.sh'
[4.848s] INFO:colcon.colcon_core.shell:Creating package script '/home/aiv/ev_ws/install/ev_msgs/share/ev_msgs/package.bash'
[4.848s] INFO:colcon.colcon_core.shell:Creating package script '/home/aiv/ev_ws/install/ev_msgs/share/ev_msgs/package.zsh'
[4.849s] Level 1:colcon.colcon_core.environment:create_file_with_runtime_dependencies(/home/aiv/ev_ws/install/ev_msgs/share/colcon-core/packages/ev_msgs)
[4.849s] INFO:colcon.colcon_ros.task.ament_cmake.build:Building ROS package in '/home/aiv/ev_ws/perception/src/lidar/make_bbox' with build type 'ament_cmake'
[4.849s] INFO:colcon.colcon_cmake.task.cmake.build:Building CMake package in '/home/aiv/ev_ws/perception/src/lidar/make_bbox'
[4.849s] INFO:colcon.colcon_core.shell:Skip shell extension 'powershell' for command environment: Not usable outside of PowerShell
[4.850s] DEBUG:colcon.colcon_core.shell:Skip shell extension 'dsv' for command environment
[4.855s] INFO:colcon.colcon_ros.task.ament_cmake.build:Building ROS package in '/home/aiv/ev_ws/planning/src/chaining_costmap_ver' with build type 'ament_cmake'
[4.855s] INFO:colcon.colcon_cmake.task.cmake.build:Building CMake package in '/home/aiv/ev_ws/planning/src/chaining_costmap_ver'
[4.855s] INFO:colcon.colcon_core.shell:Skip shell extension 'powershell' for command environment: Not usable outside of PowerShell
[4.855s] DEBUG:colcon.colcon_core.shell:Skip shell extension 'dsv' for command environment
[4.864s] DEBUG:colcon.colcon_core.event_handler.log_command:Invoking command in '/home/aiv/ev_ws/build/make_bbox': AMENT_PREFIX_PATH=/home/aiv/ev_ws/install/ev_msgs:${AMENT_PREFIX_PATH} CMAKE_PREFIX_PATH=/home/aiv/ev_ws/install/ev_msgs:/home/aiv/ev_ws/carsa_gazebo/install/carsa_gazebo:/home/aiv/ev_ws/planning/install/chaining_costmap_ver:/home/aiv/ev_ws/ev_msgs/install/ev_msgs:/home/aiv/ev_ws/erp42_ros/install/erp42_serial:/home/aiv/ev_ws/erp42_ros/install/erp42_rqt_plugin:/home/aiv/ev_ws/erp42_ros/install/erp42_gazebo:/home/aiv/ev_ws/erp42_ros/install/erp42_util:/home/aiv/ev_ws/erp42_ros/install/erp42_msgs:/home/aiv/ev_ws/erp42_ros/install/erp42_description:/home/aiv/ev_ws/erp42_ros/install/erp42_cmake:/home/aiv/ev_ws/perception/install/velodyne:/home/aiv/ev_ws/perception/install/lidar_launch:/home/aiv/ev_ws/perception/install/velodyne_pointcloud:/home/aiv/ev_ws/perception/install/velodyne_driver:/home/aiv/ev_ws/perception/install/velodyne_msgs:/home/aiv/ev_ws/perception/install/velodyne_cropbox:/home/aiv/ev_ws/perception/install/patchworkpp:/home/aiv/ev_ws/perception/install/make_bbox:/home/aiv/ev_ws/perception/install/lidar_voxel_grid:/home/aiv/ev_ws/perception/install/dbscan_clustering:/home/aiv/ev_ws/perception/install/cluster_splitter:/opt/ros/humble LD_LIBRARY_PATH=/home/aiv/ev_ws/install/ev_msgs/lib:${LD_LIBRARY_PATH} PYTHONPATH=/home/aiv/ev_ws/install/ev_msgs/local/lib/python3.10/dist-packages:${PYTHONPATH} /usr/bin/cmake /home/aiv/ev_ws/perception/src/lidar/make_bbox -DAMENT_CMAKE_SYMLINK_INSTALL=1 -DCMAKE_INSTALL_PREFIX=/home/aiv/ev_ws/install/make_bbox
[4.867s] DEBUG:colcon.colcon_core.event_handler.log_command:Invoking command in '/home/aiv/ev_ws/build/chaining_costmap_ver': AMENT_PREFIX_PATH=/home/aiv/ev_ws/install/ev_msgs:${AMENT_PREFIX_PATH} CMAKE_PREFIX_PATH=/home/aiv/ev_ws/install/ev_msgs:/home/aiv/ev_ws/carsa_gazebo/install/carsa_gazebo:/home/aiv/ev_ws/planning/install/chaining_costmap_ver:/home/aiv/ev_ws/ev_msgs/install/ev_msgs:/home/aiv/ev_ws/erp42_ros/install/erp42_serial:/home/aiv/ev_ws/erp42_ros/install/erp42_rqt_plugin:/home/aiv/ev_ws/erp42_ros/install/erp42_gazebo:/home/aiv/ev_ws/erp42_ros/install/erp42_util:/home/aiv/ev_ws/erp42_ros/install/erp42_msgs:/home/aiv/ev_ws/erp42_ros/install/erp42_description:/home/aiv/ev_ws/erp42_ros/install/erp42_cmake:/home/aiv/ev_ws/perception/install/velodyne:/home/aiv/ev_ws/perception/install/lidar_launch:/home/aiv/ev_ws/perception/install/velodyne_pointcloud:/home/aiv/ev_ws/perception/install/velodyne_driver:/home/aiv/ev_ws/perception/install/velodyne_msgs:/home/aiv/ev_ws/perception/install/velodyne_cropbox:/home/aiv/ev_ws/perception/install/patchworkpp:/home/aiv/ev_ws/perception/install/make_bbox:/home/aiv/ev_ws/perception/install/lidar_voxel_grid:/home/aiv/ev_ws/perception/install/dbscan_clustering:/home/aiv/ev_ws/perception/install/cluster_splitter:/opt/ros/humble LD_LIBRARY_PATH=/home/aiv/ev_ws/install/ev_msgs/lib:${LD_LIBRARY_PATH} PYTHONPATH=/home/aiv/ev_ws/install/ev_msgs/local/lib/python3.10/dist-packages:${PYTHONPATH} /usr/bin/cmake /home/aiv/ev_ws/planning/src/chaining_costmap_ver -DAMENT_CMAKE_SYMLINK_INSTALL=1 -DCMAKE_INSTALL_PREFIX=/home/aiv/ev_ws/install/chaining_costmap_ver
[4.959s] Level 1:colcon.colcon_core.environment:create_environment_scripts_only(erp42_msgs)
[4.959s] Level 1:colcon.colcon_core.environment:checking '/home/aiv/ev_ws/install/erp42_msgs' for CMake module files
[4.959s] DEBUG:colcon.colcon_core.event_handler.log_command:Invoked command in '/home/aiv/ev_ws/build/erp42_msgs' returned '0': CMAKE_PREFIX_PATH=${CMAKE_PREFIX_PATH}:/opt/ros/humble /usr/bin/cmake --install /home/aiv/ev_ws/build/erp42_msgs
[4.960s] Level 1:colcon.colcon_core.environment:checking '/home/aiv/ev_ws/install/erp42_msgs' for CMake config files
[4.960s] Level 1:colcon.colcon_core.shell:create_environment_hook('erp42_msgs', 'cmake_prefix_path')
[4.961s] INFO:colcon.colcon_core.shell:Creating environment hook '/home/aiv/ev_ws/install/erp42_msgs/share/erp42_msgs/hook/cmake_prefix_path.ps1'
[4.961s] INFO:colcon.colcon_core.shell:Creating environment descriptor '/home/aiv/ev_ws/install/erp42_msgs/share/erp42_msgs/hook/cmake_prefix_path.dsv'
[4.961s] INFO:colcon.colcon_core.shell:Creating environment hook '/home/aiv/ev_ws/install/erp42_msgs/share/erp42_msgs/hook/cmake_prefix_path.sh'
[4.962s] Level 1:colcon.colcon_core.environment:checking '/home/aiv/ev_ws/install/erp42_msgs/lib'
[4.962s] Level 1:colcon.colcon_core.shell:create_environment_hook('erp42_msgs', 'ld_library_path_lib')
[4.962s] INFO:colcon.colcon_core.shell:Creating environment hook '/home/aiv/ev_ws/install/erp42_msgs/share/erp42_msgs/hook/ld_library_path_lib.ps1'
[4.963s] INFO:colcon.colcon_core.shell:Creating environment descriptor '/home/aiv/ev_ws/install/erp42_msgs/share/erp42_msgs/hook/ld_library_path_lib.dsv'
[4.963s] INFO:colcon.colcon_core.shell:Creating environment hook '/home/aiv/ev_ws/install/erp42_msgs/share/erp42_msgs/hook/ld_library_path_lib.sh'
[4.963s] Level 1:colcon.colcon_core.environment:checking '/home/aiv/ev_ws/install/erp42_msgs/bin'
[4.963s] Level 1:colcon.colcon_core.environment:checking '/home/aiv/ev_ws/install/erp42_msgs/lib/pkgconfig/erp42_msgs.pc'
[4.963s] Level 1:colcon.colcon_core.environment:checking '/home/aiv/ev_ws/install/erp42_msgs/lib/python3.10/site-packages'
[4.964s] Level 1:colcon.colcon_core.environment:checking '/home/aiv/ev_ws/install/erp42_msgs/bin'
[4.964s] INFO:colcon.colcon_core.shell:Creating package script '/home/aiv/ev_ws/install/erp42_msgs/share/erp42_msgs/package.ps1'
[4.964s] INFO:colcon.colcon_core.shell:Creating package descriptor '/home/aiv/ev_ws/install/erp42_msgs/share/erp42_msgs/package.dsv'
[4.965s] INFO:colcon.colcon_core.shell:Creating package script '/home/aiv/ev_ws/install/erp42_msgs/share/erp42_msgs/package.sh'
[4.965s] INFO:colcon.colcon_core.shell:Creating package script '/home/aiv/ev_ws/install/erp42_msgs/share/erp42_msgs/package.bash'
[4.965s] INFO:colcon.colcon_core.shell:Creating package script '/home/aiv/ev_ws/install/erp42_msgs/share/erp42_msgs/package.zsh'
[4.966s] Level 1:colcon.colcon_core.environment:create_file_with_runtime_dependencies(/home/aiv/ev_ws/install/erp42_msgs/share/colcon-core/packages/erp42_msgs)
[4.966s] Level 1:colcon.colcon_core.environment:create_environment_scripts_only(erp42_msgs)
[4.966s] Level 1:colcon.colcon_core.environment:checking '/home/aiv/ev_ws/install/erp42_msgs' for CMake module files
[4.967s] Level 1:colcon.colcon_core.environment:checking '/home/aiv/ev_ws/install/erp42_msgs' for CMake config files
[4.968s] Level 1:colcon.colcon_core.shell:create_environment_hook('erp42_msgs', 'cmake_prefix_path')
[4.968s] INFO:colcon.colcon_core.shell:Creating environment hook '/home/aiv/ev_ws/install/erp42_msgs/share/erp42_msgs/hook/cmake_prefix_path.ps1'
[4.968s] INFO:colcon.colcon_core.shell:Creating environment descriptor '/home/aiv/ev_ws/install/erp42_msgs/share/erp42_msgs/hook/cmake_prefix_path.dsv'
[4.968s] INFO:colcon.colcon_core.shell:Creating environment hook '/home/aiv/ev_ws/install/erp42_msgs/share/erp42_msgs/hook/cmake_prefix_path.sh'
[4.969s] Level 1:colcon.colcon_core.environment:checking '/home/aiv/ev_ws/install/erp42_msgs/lib'
[4.969s] Level 1:colcon.colcon_core.shell:create_environment_hook('erp42_msgs', 'ld_library_path_lib')
[4.969s] INFO:colcon.colcon_core.shell:Creating environment hook '/home/aiv/ev_ws/install/erp42_msgs/share/erp42_msgs/hook/ld_library_path_lib.ps1'
[4.969s] INFO:colcon.colcon_core.shell:Creating environment descriptor '/home/aiv/ev_ws/install/erp42_msgs/share/erp42_msgs/hook/ld_library_path_lib.dsv'
[4.970s] INFO:colcon.colcon_core.shell:Creating environment hook '/home/aiv/ev_ws/install/erp42_msgs/share/erp42_msgs/hook/ld_library_path_lib.sh'
[4.970s] Level 1:colcon.colcon_core.environment:checking '/home/aiv/ev_ws/install/erp42_msgs/bin'
[4.970s] Level 1:colcon.colcon_core.environment:checking '/home/aiv/ev_ws/install/erp42_msgs/lib/pkgconfig/erp42_msgs.pc'
[4.970s] Level 1:colcon.colcon_core.environment:checking '/home/aiv/ev_ws/install/erp42_msgs/lib/python3.10/site-packages'
[4.971s] Level 1:colcon.colcon_core.environment:checking '/home/aiv/ev_ws/install/erp42_msgs/bin'
[4.971s] INFO:colcon.colcon_core.shell:Creating package script '/home/aiv/ev_ws/install/erp42_msgs/share/erp42_msgs/package.ps1'
[4.971s] INFO:colcon.colcon_core.shell:Creating package descriptor '/home/aiv/ev_ws/install/erp42_msgs/share/erp42_msgs/package.dsv'
[4.972s] INFO:colcon.colcon_core.shell:Creating package script '/home/aiv/ev_ws/install/erp42_msgs/share/erp42_msgs/package.sh'
[4.972s] INFO:colcon.colcon_core.shell:Creating package script '/home/aiv/ev_ws/install/erp42_msgs/share/erp42_msgs/package.bash'
[4.972s] INFO:colcon.colcon_core.shell:Creating package script '/home/aiv/ev_ws/install/erp42_msgs/share/erp42_msgs/package.zsh'
[4.973s] Level 1:colcon.colcon_core.environment:create_file_with_runtime_dependencies(/home/aiv/ev_ws/install/erp42_msgs/share/colcon-core/packages/erp42_msgs)
[4.973s] INFO:colcon.colcon_ros.task.ament_cmake.build:Building ROS package in '/home/aiv/ev_ws/erp42_ros/src/erp42_gazebo' with build type 'ament_cmake'
[4.973s] INFO:colcon.colcon_cmake.task.cmake.build:Building CMake package in '/home/aiv/ev_ws/erp42_ros/src/erp42_gazebo'
[4.973s] INFO:colcon.colcon_core.shell:Skip shell extension 'powershell' for command environment: Not usable outside of PowerShell
[4.973s] DEBUG:colcon.colcon_core.shell:Skip shell extension 'dsv' for command environment
[4.979s] INFO:colcon.colcon_ros.task.ament_cmake.build:Building ROS package in '/home/aiv/ev_ws/erp42_ros/src/erp42_rqt_plugin' with build type 'ament_cmake'
[4.979s] INFO:colcon.colcon_cmake.task.cmake.build:Building CMake package in '/home/aiv/ev_ws/erp42_ros/src/erp42_rqt_plugin'
[4.979s] INFO:colcon.colcon_core.shell:Skip shell extension 'powershell' for command environment: Not usable outside of PowerShell
[4.980s] DEBUG:colcon.colcon_core.shell:Skip shell extension 'dsv' for command environment
[4.985s] INFO:colcon.colcon_ros.task.ament_cmake.build:Building ROS package in '/home/aiv/ev_ws/erp42_ros/src/erp42_serial' with build type 'ament_cmake'
[4.985s] INFO:colcon.colcon_cmake.task.cmake.build:Building CMake package in '/home/aiv/ev_ws/erp42_ros/src/erp42_serial'
[4.985s] INFO:colcon.colcon_core.shell:Skip shell extension 'powershell' for command environment: Not usable outside of PowerShell
[4.985s] DEBUG:colcon.colcon_core.shell:Skip shell extension 'dsv' for command environment
[4.995s] DEBUG:colcon.colcon_core.event_handler.log_command:Invoking command in '/home/aiv/ev_ws/build/erp42_gazebo': AMENT_PREFIX_PATH=/home/aiv/ev_ws/install/erp42_util:/home/aiv/ev_ws/install/erp42_description:/home/aiv/ev_ws/install/erp42_msgs:/home/aiv/ev_ws/install/erp42_cmake:${AMENT_PREFIX_PATH} CMAKE_PREFIX_PATH=/home/aiv/ev_ws/install/erp42_util:/home/aiv/ev_ws/install/erp42_description:/home/aiv/ev_ws/install/erp42_msgs:/home/aiv/ev_ws/install/erp42_cmake:/home/aiv/ev_ws/carsa_gazebo/install/carsa_gazebo:/home/aiv/ev_ws/planning/install/chaining_costmap_ver:/home/aiv/ev_ws/ev_msgs/install/ev_msgs:/home/aiv/ev_ws/erp42_ros/install/erp42_serial:/home/aiv/ev_ws/erp42_ros/install/erp42_rqt_plugin:/home/aiv/ev_ws/erp42_ros/install/erp42_gazebo:/home/aiv/ev_ws/erp42_ros/install/erp42_util:/home/aiv/ev_ws/erp42_ros/install/erp42_msgs:/home/aiv/ev_ws/erp42_ros/install/erp42_description:/home/aiv/ev_ws/erp42_ros/install/erp42_cmake:/home/aiv/ev_ws/perception/install/velodyne:/home/aiv/ev_ws/perception/install/lidar_launch:/home/aiv/ev_ws/perception/install/velodyne_pointcloud:/home/aiv/ev_ws/perception/install/velodyne_driver:/home/aiv/ev_ws/perception/install/velodyne_msgs:/home/aiv/ev_ws/perception/install/velodyne_cropbox:/home/aiv/ev_ws/perception/install/patchworkpp:/home/aiv/ev_ws/perception/install/make_bbox:/home/aiv/ev_ws/perception/install/lidar_voxel_grid:/home/aiv/ev_ws/perception/install/dbscan_clustering:/home/aiv/ev_ws/perception/install/cluster_splitter:/opt/ros/humble LD_LIBRARY_PATH=/home/aiv/ev_ws/install/erp42_util/lib:/home/aiv/ev_ws/install/erp42_msgs/lib:${LD_LIBRARY_PATH} PYTHONPATH=/home/aiv/ev_ws/install/erp42_msgs/local/lib/python3.10/dist-packages:${PYTHONPATH} /usr/bin/cmake /home/aiv/ev_ws/erp42_ros/src/erp42_gazebo -DAMENT_CMAKE_SYMLINK_INSTALL=1 -DCMAKE_INSTALL_PREFIX=/home/aiv/ev_ws/install/erp42_gazebo
[4.996s] DEBUG:colcon.colcon_core.event_handler.log_command:Invoking command in '/home/aiv/ev_ws/build/erp42_rqt_plugin': AMENT_PREFIX_PATH=/home/aiv/ev_ws/install/erp42_util:/home/aiv/ev_ws/install/erp42_msgs:/home/aiv/ev_ws/install/erp42_cmake:${AMENT_PREFIX_PATH} CMAKE_PREFIX_PATH=/home/aiv/ev_ws/install/erp42_util:/home/aiv/ev_ws/install/erp42_msgs:/home/aiv/ev_ws/install/erp42_cmake:/home/aiv/ev_ws/carsa_gazebo/install/carsa_gazebo:/home/aiv/ev_ws/planning/install/chaining_costmap_ver:/home/aiv/ev_ws/ev_msgs/install/ev_msgs:/home/aiv/ev_ws/erp42_ros/install/erp42_serial:/home/aiv/ev_ws/erp42_ros/install/erp42_rqt_plugin:/home/aiv/ev_ws/erp42_ros/install/erp42_gazebo:/home/aiv/ev_ws/erp42_ros/install/erp42_util:/home/aiv/ev_ws/erp42_ros/install/erp42_msgs:/home/aiv/ev_ws/erp42_ros/install/erp42_description:/home/aiv/ev_ws/erp42_ros/install/erp42_cmake:/home/aiv/ev_ws/perception/install/velodyne:/home/aiv/ev_ws/perception/install/lidar_launch:/home/aiv/ev_ws/perception/install/velodyne_pointcloud:/home/aiv/ev_ws/perception/install/velodyne_driver:/home/aiv/ev_ws/perception/install/velodyne_msgs:/home/aiv/ev_ws/perception/install/velodyne_cropbox:/home/aiv/ev_ws/perception/install/patchworkpp:/home/aiv/ev_ws/perception/install/make_bbox:/home/aiv/ev_ws/perception/install/lidar_voxel_grid:/home/aiv/ev_ws/perception/install/dbscan_clustering:/home/aiv/ev_ws/perception/install/cluster_splitter:/opt/ros/humble LD_LIBRARY_PATH=/home/aiv/ev_ws/install/erp42_util/lib:/home/aiv/ev_ws/install/erp42_msgs/lib:${LD_LIBRARY_PATH} PYTHONPATH=/home/aiv/ev_ws/install/erp42_msgs/local/lib/python3.10/dist-packages:${PYTHONPATH} /usr/bin/cmake /home/aiv/ev_ws/erp42_ros/src/erp42_rqt_plugin -DAMENT_CMAKE_SYMLINK_INSTALL=1 -DCMAKE_INSTALL_PREFIX=/home/aiv/ev_ws/install/erp42_rqt_plugin
[5.000s] DEBUG:colcon.colcon_core.event_handler.log_command:Invoking command in '/home/aiv/ev_ws/build/erp42_serial': AMENT_PREFIX_PATH=/home/aiv/ev_ws/install/erp42_util:/home/aiv/ev_ws/install/erp42_description:/home/aiv/ev_ws/install/erp42_msgs:/home/aiv/ev_ws/install/erp42_cmake:${AMENT_PREFIX_PATH} CMAKE_PREFIX_PATH=/home/aiv/ev_ws/install/erp42_util:/home/aiv/ev_ws/install/erp42_description:/home/aiv/ev_ws/install/erp42_msgs:/home/aiv/ev_ws/install/erp42_cmake:/home/aiv/ev_ws/carsa_gazebo/install/carsa_gazebo:/home/aiv/ev_ws/planning/install/chaining_costmap_ver:/home/aiv/ev_ws/ev_msgs/install/ev_msgs:/home/aiv/ev_ws/erp42_ros/install/erp42_serial:/home/aiv/ev_ws/erp42_ros/install/erp42_rqt_plugin:/home/aiv/ev_ws/erp42_ros/install/erp42_gazebo:/home/aiv/ev_ws/erp42_ros/install/erp42_util:/home/aiv/ev_ws/erp42_ros/install/erp42_msgs:/home/aiv/ev_ws/erp42_ros/install/erp42_description:/home/aiv/ev_ws/erp42_ros/install/erp42_cmake:/home/aiv/ev_ws/perception/install/velodyne:/home/aiv/ev_ws/perception/install/lidar_launch:/home/aiv/ev_ws/perception/install/velodyne_pointcloud:/home/aiv/ev_ws/perception/install/velodyne_driver:/home/aiv/ev_ws/perception/install/velodyne_msgs:/home/aiv/ev_ws/perception/install/velodyne_cropbox:/home/aiv/ev_ws/perception/install/patchworkpp:/home/aiv/ev_ws/perception/install/make_bbox:/home/aiv/ev_ws/perception/install/lidar_voxel_grid:/home/aiv/ev_ws/perception/install/dbscan_clustering:/home/aiv/ev_ws/perception/install/cluster_splitter:/opt/ros/humble LD_LIBRARY_PATH=/home/aiv/ev_ws/install/erp42_util/lib:/home/aiv/ev_ws/install/erp42_msgs/lib:${LD_LIBRARY_PATH} PYTHONPATH=/home/aiv/ev_ws/install/erp42_msgs/local/lib/python3.10/dist-packages:${PYTHONPATH} /usr/bin/cmake /home/aiv/ev_ws/erp42_ros/src/erp42_serial -DAMENT_CMAKE_SYMLINK_INSTALL=1 -DCMAKE_INSTALL_PREFIX=/home/aiv/ev_ws/install/erp42_serial
[5.512s] DEBUG:colcon.colcon_core.event_handler.log_command:Invoked command in '/home/aiv/ev_ws/build/velodyne_driver' returned '0': AMENT_PREFIX_PATH=/home/aiv/ev_ws/install/velodyne_msgs:${AMENT_PREFIX_PATH} CMAKE_PREFIX_PATH=/home/aiv/ev_ws/install/velodyne_msgs:/home/aiv/ev_ws/carsa_gazebo/install/carsa_gazebo:/home/aiv/ev_ws/planning/install/chaining_costmap_ver:/home/aiv/ev_ws/ev_msgs/install/ev_msgs:/home/aiv/ev_ws/erp42_ros/install/erp42_serial:/home/aiv/ev_ws/erp42_ros/install/erp42_rqt_plugin:/home/aiv/ev_ws/erp42_ros/install/erp42_gazebo:/home/aiv/ev_ws/erp42_ros/install/erp42_util:/home/aiv/ev_ws/erp42_ros/install/erp42_msgs:/home/aiv/ev_ws/erp42_ros/install/erp42_description:/home/aiv/ev_ws/erp42_ros/install/erp42_cmake:/home/aiv/ev_ws/perception/install/velodyne:/home/aiv/ev_ws/perception/install/lidar_launch:/home/aiv/ev_ws/perception/install/velodyne_pointcloud:/home/aiv/ev_ws/perception/install/velodyne_driver:/home/aiv/ev_ws/perception/install/velodyne_msgs:/home/aiv/ev_ws/perception/install/velodyne_cropbox:/home/aiv/ev_ws/perception/install/patchworkpp:/home/aiv/ev_ws/perception/install/make_bbox:/home/aiv/ev_ws/perception/install/lidar_voxel_grid:/home/aiv/ev_ws/perception/install/dbscan_clustering:/home/aiv/ev_ws/perception/install/cluster_splitter:/opt/ros/humble LD_LIBRARY_PATH=/home/aiv/ev_ws/install/velodyne_msgs/lib:${LD_LIBRARY_PATH} PYTHONPATH=/home/aiv/ev_ws/install/velodyne_msgs/local/lib/python3.10/dist-packages:${PYTHONPATH} /usr/bin/cmake /home/aiv/ev_ws/perception/src/lidar/velodyne_driver -DAMENT_CMAKE_SYMLINK_INSTALL=1 -DCMAKE_INSTALL_PREFIX=/home/aiv/ev_ws/install/velodyne_driver
[5.514s] DEBUG:colcon.colcon_core.event_handler.log_command:Invoking command in '/home/aiv/ev_ws/build/velodyne_driver': AMENT_PREFIX_PATH=/home/aiv/ev_ws/install/velodyne_msgs:${AMENT_PREFIX_PATH} CMAKE_PREFIX_PATH=/home/aiv/ev_ws/install/velodyne_msgs:/home/aiv/ev_ws/carsa_gazebo/install/carsa_gazebo:/home/aiv/ev_ws/planning/install/chaining_costmap_ver:/home/aiv/ev_ws/ev_msgs/install/ev_msgs:/home/aiv/ev_ws/erp42_ros/install/erp42_serial:/home/aiv/ev_ws/erp42_ros/install/erp42_rqt_plugin:/home/aiv/ev_ws/erp42_ros/install/erp42_gazebo:/home/aiv/ev_ws/erp42_ros/install/erp42_util:/home/aiv/ev_ws/erp42_ros/install/erp42_msgs:/home/aiv/ev_ws/erp42_ros/install/erp42_description:/home/aiv/ev_ws/erp42_ros/install/erp42_cmake:/home/aiv/ev_ws/perception/install/velodyne:/home/aiv/ev_ws/perception/install/lidar_launch:/home/aiv/ev_ws/perception/install/velodyne_pointcloud:/home/aiv/ev_ws/perception/install/velodyne_driver:/home/aiv/ev_ws/perception/install/velodyne_msgs:/home/aiv/ev_ws/perception/install/velodyne_cropbox:/home/aiv/ev_ws/perception/install/patchworkpp:/home/aiv/ev_ws/perception/install/make_bbox:/home/aiv/ev_ws/perception/install/lidar_voxel_grid:/home/aiv/ev_ws/perception/install/dbscan_clustering:/home/aiv/ev_ws/perception/install/cluster_splitter:/opt/ros/humble LD_LIBRARY_PATH=/home/aiv/ev_ws/install/velodyne_msgs/lib:${LD_LIBRARY_PATH} PYTHONPATH=/home/aiv/ev_ws/install/velodyne_msgs/local/lib/python3.10/dist-packages:${PYTHONPATH} /usr/bin/cmake --build /home/aiv/ev_ws/build/velodyne_driver -- -j28 -l28
[5.643s] DEBUG:colcon.colcon_core.event_handler.log_command:Invoked command in '/home/aiv/ev_ws/build/velodyne_pointcloud' returned '0': AMENT_PREFIX_PATH=/home/aiv/ev_ws/install/velodyne_msgs:${AMENT_PREFIX_PATH} CMAKE_PREFIX_PATH=/home/aiv/ev_ws/install/velodyne_msgs:/home/aiv/ev_ws/carsa_gazebo/install/carsa_gazebo:/home/aiv/ev_ws/planning/install/chaining_costmap_ver:/home/aiv/ev_ws/ev_msgs/install/ev_msgs:/home/aiv/ev_ws/erp42_ros/install/erp42_serial:/home/aiv/ev_ws/erp42_ros/install/erp42_rqt_plugin:/home/aiv/ev_ws/erp42_ros/install/erp42_gazebo:/home/aiv/ev_ws/erp42_ros/install/erp42_util:/home/aiv/ev_ws/erp42_ros/install/erp42_msgs:/home/aiv/ev_ws/erp42_ros/install/erp42_description:/home/aiv/ev_ws/erp42_ros/install/erp42_cmake:/home/aiv/ev_ws/perception/install/velodyne:/home/aiv/ev_ws/perception/install/lidar_launch:/home/aiv/ev_ws/perception/install/velodyne_pointcloud:/home/aiv/ev_ws/perception/install/velodyne_driver:/home/aiv/ev_ws/perception/install/velodyne_msgs:/home/aiv/ev_ws/perception/install/velodyne_cropbox:/home/aiv/ev_ws/perception/install/patchworkpp:/home/aiv/ev_ws/perception/install/make_bbox:/home/aiv/ev_ws/perception/install/lidar_voxel_grid:/home/aiv/ev_ws/perception/install/dbscan_clustering:/home/aiv/ev_ws/perception/install/cluster_splitter:/opt/ros/humble LD_LIBRARY_PATH=/home/aiv/ev_ws/install/velodyne_msgs/lib:${LD_LIBRARY_PATH} PYTHONPATH=/home/aiv/ev_ws/install/velodyne_msgs/local/lib/python3.10/dist-packages:${PYTHONPATH} /usr/bin/cmake /home/aiv/ev_ws/perception/src/lidar/velodyne_pointcloud -DAMENT_CMAKE_SYMLINK_INSTALL=1 -DCMAKE_INSTALL_PREFIX=/home/aiv/ev_ws/install/velodyne_pointcloud
[5.644s] DEBUG:colcon.colcon_core.event_handler.log_command:Invoking command in '/home/aiv/ev_ws/build/velodyne_pointcloud': AMENT_PREFIX_PATH=/home/aiv/ev_ws/install/velodyne_msgs:${AMENT_PREFIX_PATH} CMAKE_PREFIX_PATH=/home/aiv/ev_ws/install/velodyne_msgs:/home/aiv/ev_ws/carsa_gazebo/install/carsa_gazebo:/home/aiv/ev_ws/planning/install/chaining_costmap_ver:/home/aiv/ev_ws/ev_msgs/install/ev_msgs:/home/aiv/ev_ws/erp42_ros/install/erp42_serial:/home/aiv/ev_ws/erp42_ros/install/erp42_rqt_plugin:/home/aiv/ev_ws/erp42_ros/install/erp42_gazebo:/home/aiv/ev_ws/erp42_ros/install/erp42_util:/home/aiv/ev_ws/erp42_ros/install/erp42_msgs:/home/aiv/ev_ws/erp42_ros/install/erp42_description:/home/aiv/ev_ws/erp42_ros/install/erp42_cmake:/home/aiv/ev_ws/perception/install/velodyne:/home/aiv/ev_ws/perception/install/lidar_launch:/home/aiv/ev_ws/perception/install/velodyne_pointcloud:/home/aiv/ev_ws/perception/install/velodyne_driver:/home/aiv/ev_ws/perception/install/velodyne_msgs:/home/aiv/ev_ws/perception/install/velodyne_cropbox:/home/aiv/ev_ws/perception/install/patchworkpp:/home/aiv/ev_ws/perception/install/make_bbox:/home/aiv/ev_ws/perception/install/lidar_voxel_grid:/home/aiv/ev_ws/perception/install/dbscan_clustering:/home/aiv/ev_ws/perception/install/cluster_splitter:/opt/ros/humble LD_LIBRARY_PATH=/home/aiv/ev_ws/install/velodyne_msgs/lib:${LD_LIBRARY_PATH} PYTHONPATH=/home/aiv/ev_ws/install/velodyne_msgs/local/lib/python3.10/dist-packages:${PYTHONPATH} /usr/bin/cmake --build /home/aiv/ev_ws/build/velodyne_pointcloud -- -j28 -l28
[5.716s] DEBUG:colcon.colcon_core.event_handler.log_command:Invoked command in '/home/aiv/ev_ws/build/t870_rqt_plugin' returned '0': AMENT_PREFIX_PATH=/home/aiv/ev_ws/install/t870_util:/home/aiv/ev_ws/install/t870_msgs:/home/aiv/ev_ws/install/t870_cmake:${AMENT_PREFIX_PATH} CMAKE_PREFIX_PATH=/home/aiv/ev_ws/install/t870_util:/home/aiv/ev_ws/install/t870_msgs:/home/aiv/ev_ws/install/t870_cmake:/home/aiv/ev_ws/carsa_gazebo/install/carsa_gazebo:/home/aiv/ev_ws/planning/install/chaining_costmap_ver:/home/aiv/ev_ws/ev_msgs/install/ev_msgs:/home/aiv/ev_ws/erp42_ros/install/erp42_serial:/home/aiv/ev_ws/erp42_ros/install/erp42_rqt_plugin:/home/aiv/ev_ws/erp42_ros/install/erp42_gazebo:/home/aiv/ev_ws/erp42_ros/install/erp42_util:/home/aiv/ev_ws/erp42_ros/install/erp42_msgs:/home/aiv/ev_ws/erp42_ros/install/erp42_description:/home/aiv/ev_ws/erp42_ros/install/erp42_cmake:/home/aiv/ev_ws/perception/install/velodyne:/home/aiv/ev_ws/perception/install/lidar_launch:/home/aiv/ev_ws/perception/install/velodyne_pointcloud:/home/aiv/ev_ws/perception/install/velodyne_driver:/home/aiv/ev_ws/perception/install/velodyne_msgs:/home/aiv/ev_ws/perception/install/velodyne_cropbox:/home/aiv/ev_ws/perception/install/patchworkpp:/home/aiv/ev_ws/perception/install/make_bbox:/home/aiv/ev_ws/perception/install/lidar_voxel_grid:/home/aiv/ev_ws/perception/install/dbscan_clustering:/home/aiv/ev_ws/perception/install/cluster_splitter:/opt/ros/humble LD_LIBRARY_PATH=/home/aiv/ev_ws/install/t870_util/lib:/home/aiv/ev_ws/install/t870_msgs/lib:${LD_LIBRARY_PATH} PYTHONPATH=/home/aiv/ev_ws/install/t870_msgs/local/lib/python3.10/dist-packages:${PYTHONPATH} /usr/bin/cmake /home/aiv/ev_ws/t870_ros/src/t870_rqt_plugin -DAMENT_CMAKE_SYMLINK_INSTALL=1 -DCMAKE_INSTALL_PREFIX=/home/aiv/ev_ws/install/t870_rqt_plugin
[5.718s] DEBUG:colcon.colcon_core.event_handler.log_command:Invoking command in '/home/aiv/ev_ws/build/t870_rqt_plugin': AMENT_PREFIX_PATH=/home/aiv/ev_ws/install/t870_util:/home/aiv/ev_ws/install/t870_msgs:/home/aiv/ev_ws/install/t870_cmake:${AMENT_PREFIX_PATH} CMAKE_PREFIX_PATH=/home/aiv/ev_ws/install/t870_util:/home/aiv/ev_ws/install/t870_msgs:/home/aiv/ev_ws/install/t870_cmake:/home/aiv/ev_ws/carsa_gazebo/install/carsa_gazebo:/home/aiv/ev_ws/planning/install/chaining_costmap_ver:/home/aiv/ev_ws/ev_msgs/install/ev_msgs:/home/aiv/ev_ws/erp42_ros/install/erp42_serial:/home/aiv/ev_ws/erp42_ros/install/erp42_rqt_plugin:/home/aiv/ev_ws/erp42_ros/install/erp42_gazebo:/home/aiv/ev_ws/erp42_ros/install/erp42_util:/home/aiv/ev_ws/erp42_ros/install/erp42_msgs:/home/aiv/ev_ws/erp42_ros/install/erp42_description:/home/aiv/ev_ws/erp42_ros/install/erp42_cmake:/home/aiv/ev_ws/perception/install/velodyne:/home/aiv/ev_ws/perception/install/lidar_launch:/home/aiv/ev_ws/perception/install/velodyne_pointcloud:/home/aiv/ev_ws/perception/install/velodyne_driver:/home/aiv/ev_ws/perception/install/velodyne_msgs:/home/aiv/ev_ws/perception/install/velodyne_cropbox:/home/aiv/ev_ws/perception/install/patchworkpp:/home/aiv/ev_ws/perception/install/make_bbox:/home/aiv/ev_ws/perception/install/lidar_voxel_grid:/home/aiv/ev_ws/perception/install/dbscan_clustering:/home/aiv/ev_ws/perception/install/cluster_splitter:/opt/ros/humble LD_LIBRARY_PATH=/home/aiv/ev_ws/install/t870_util/lib:/home/aiv/ev_ws/install/t870_msgs/lib:${LD_LIBRARY_PATH} PYTHONPATH=/home/aiv/ev_ws/install/t870_msgs/local/lib/python3.10/dist-packages:${PYTHONPATH} /usr/bin/cmake --build /home/aiv/ev_ws/build/t870_rqt_plugin -- -j28 -l28
[5.737s] DEBUG:colcon.colcon_core.event_handler.log_command:Invoked command in '/home/aiv/ev_ws/build/t870_serial' returned '0': AMENT_PREFIX_PATH=/home/aiv/ev_ws/install/t870_util:/home/aiv/ev_ws/install/t870_msgs:/home/aiv/ev_ws/install/t870_cmake:${AMENT_PREFIX_PATH} CMAKE_PREFIX_PATH=/home/aiv/ev_ws/install/t870_util:/home/aiv/ev_ws/install/t870_msgs:/home/aiv/ev_ws/install/t870_cmake:/home/aiv/ev_ws/carsa_gazebo/install/carsa_gazebo:/home/aiv/ev_ws/planning/install/chaining_costmap_ver:/home/aiv/ev_ws/ev_msgs/install/ev_msgs:/home/aiv/ev_ws/erp42_ros/install/erp42_serial:/home/aiv/ev_ws/erp42_ros/install/erp42_rqt_plugin:/home/aiv/ev_ws/erp42_ros/install/erp42_gazebo:/home/aiv/ev_ws/erp42_ros/install/erp42_util:/home/aiv/ev_ws/erp42_ros/install/erp42_msgs:/home/aiv/ev_ws/erp42_ros/install/erp42_description:/home/aiv/ev_ws/erp42_ros/install/erp42_cmake:/home/aiv/ev_ws/perception/install/velodyne:/home/aiv/ev_ws/perception/install/lidar_launch:/home/aiv/ev_ws/perception/install/velodyne_pointcloud:/home/aiv/ev_ws/perception/install/velodyne_driver:/home/aiv/ev_ws/perception/install/velodyne_msgs:/home/aiv/ev_ws/perception/install/velodyne_cropbox:/home/aiv/ev_ws/perception/install/patchworkpp:/home/aiv/ev_ws/perception/install/make_bbox:/home/aiv/ev_ws/perception/install/lidar_voxel_grid:/home/aiv/ev_ws/perception/install/dbscan_clustering:/home/aiv/ev_ws/perception/install/cluster_splitter:/opt/ros/humble LD_LIBRARY_PATH=/home/aiv/ev_ws/install/t870_util/lib:/home/aiv/ev_ws/install/t870_msgs/lib:${LD_LIBRARY_PATH} PYTHONPATH=/home/aiv/ev_ws/install/t870_msgs/local/lib/python3.10/dist-packages:${PYTHONPATH} /usr/bin/cmake /home/aiv/ev_ws/t870_ros/src/t870_serial -DAMENT_CMAKE_SYMLINK_INSTALL=1 -DCMAKE_INSTALL_PREFIX=/home/aiv/ev_ws/install/t870_serial
[5.739s] DEBUG:colcon.colcon_core.event_handler.log_command:Invoking command in '/home/aiv/ev_ws/build/t870_serial': AMENT_PREFIX_PATH=/home/aiv/ev_ws/install/t870_util:/home/aiv/ev_ws/install/t870_msgs:/home/aiv/ev_ws/install/t870_cmake:${AMENT_PREFIX_PATH} CMAKE_PREFIX_PATH=/home/aiv/ev_ws/install/t870_util:/home/aiv/ev_ws/install/t870_msgs:/home/aiv/ev_ws/install/t870_cmake:/home/aiv/ev_ws/carsa_gazebo/install/carsa_gazebo:/home/aiv/ev_ws/planning/install/chaining_costmap_ver:/home/aiv/ev_ws/ev_msgs/install/ev_msgs:/home/aiv/ev_ws/erp42_ros/install/erp42_serial:/home/aiv/ev_ws/erp42_ros/install/erp42_rqt_plugin:/home/aiv/ev_ws/erp42_ros/install/erp42_gazebo:/home/aiv/ev_ws/erp42_ros/install/erp42_util:/home/aiv/ev_ws/erp42_ros/install/erp42_msgs:/home/aiv/ev_ws/erp42_ros/install/erp42_description:/home/aiv/ev_ws/erp42_ros/install/erp42_cmake:/home/aiv/ev_ws/perception/install/velodyne:/home/aiv/ev_ws/perception/install/lidar_launch:/home/aiv/ev_ws/perception/install/velodyne_pointcloud:/home/aiv/ev_ws/perception/install/velodyne_driver:/home/aiv/ev_ws/perception/install/velodyne_msgs:/home/aiv/ev_ws/perception/install/velodyne_cropbox:/home/aiv/ev_ws/perception/install/patchworkpp:/home/aiv/ev_ws/perception/install/make_bbox:/home/aiv/ev_ws/perception/install/lidar_voxel_grid:/home/aiv/ev_ws/perception/install/dbscan_clustering:/home/aiv/ev_ws/perception/install/cluster_splitter:/opt/ros/humble LD_LIBRARY_PATH=/home/aiv/ev_ws/install/t870_util/lib:/home/aiv/ev_ws/install/t870_msgs/lib:${LD_LIBRARY_PATH} PYTHONPATH=/home/aiv/ev_ws/install/t870_msgs/local/lib/python3.10/dist-packages:${PYTHONPATH} /usr/bin/cmake --build /home/aiv/ev_ws/build/t870_serial -- -j28 -l28
[5.834s] DEBUG:colcon.colcon_core.event_handler.log_command:Invoked command in '/home/aiv/ev_ws/build/make_bbox' returned '0': AMENT_PREFIX_PATH=/home/aiv/ev_ws/install/ev_msgs:${AMENT_PREFIX_PATH} CMAKE_PREFIX_PATH=/home/aiv/ev_ws/install/ev_msgs:/home/aiv/ev_ws/carsa_gazebo/install/carsa_gazebo:/home/aiv/ev_ws/planning/install/chaining_costmap_ver:/home/aiv/ev_ws/ev_msgs/install/ev_msgs:/home/aiv/ev_ws/erp42_ros/install/erp42_serial:/home/aiv/ev_ws/erp42_ros/install/erp42_rqt_plugin:/home/aiv/ev_ws/erp42_ros/install/erp42_gazebo:/home/aiv/ev_ws/erp42_ros/install/erp42_util:/home/aiv/ev_ws/erp42_ros/install/erp42_msgs:/home/aiv/ev_ws/erp42_ros/install/erp42_description:/home/aiv/ev_ws/erp42_ros/install/erp42_cmake:/home/aiv/ev_ws/perception/install/velodyne:/home/aiv/ev_ws/perception/install/lidar_launch:/home/aiv/ev_ws/perception/install/velodyne_pointcloud:/home/aiv/ev_ws/perception/install/velodyne_driver:/home/aiv/ev_ws/perception/install/velodyne_msgs:/home/aiv/ev_ws/perception/install/velodyne_cropbox:/home/aiv/ev_ws/perception/install/patchworkpp:/home/aiv/ev_ws/perception/install/make_bbox:/home/aiv/ev_ws/perception/install/lidar_voxel_grid:/home/aiv/ev_ws/perception/install/dbscan_clustering:/home/aiv/ev_ws/perception/install/cluster_splitter:/opt/ros/humble LD_LIBRARY_PATH=/home/aiv/ev_ws/install/ev_msgs/lib:${LD_LIBRARY_PATH} PYTHONPATH=/home/aiv/ev_ws/install/ev_msgs/local/lib/python3.10/dist-packages:${PYTHONPATH} /usr/bin/cmake /home/aiv/ev_ws/perception/src/lidar/make_bbox -DAMENT_CMAKE_SYMLINK_INSTALL=1 -DCMAKE_INSTALL_PREFIX=/home/aiv/ev_ws/install/make_bbox
[5.838s] DEBUG:colcon.colcon_core.event_handler.log_command:Invoking command in '/home/aiv/ev_ws/build/make_bbox': AMENT_PREFIX_PATH=/home/aiv/ev_ws/install/ev_msgs:${AMENT_PREFIX_PATH} CMAKE_PREFIX_PATH=/home/aiv/ev_ws/install/ev_msgs:/home/aiv/ev_ws/carsa_gazebo/install/carsa_gazebo:/home/aiv/ev_ws/planning/install/chaining_costmap_ver:/home/aiv/ev_ws/ev_msgs/install/ev_msgs:/home/aiv/ev_ws/erp42_ros/install/erp42_serial:/home/aiv/ev_ws/erp42_ros/install/erp42_rqt_plugin:/home/aiv/ev_ws/erp42_ros/install/erp42_gazebo:/home/aiv/ev_ws/erp42_ros/install/erp42_util:/home/aiv/ev_ws/erp42_ros/install/erp42_msgs:/home/aiv/ev_ws/erp42_ros/install/erp42_description:/home/aiv/ev_ws/erp42_ros/install/erp42_cmake:/home/aiv/ev_ws/perception/install/velodyne:/home/aiv/ev_ws/perception/install/lidar_launch:/home/aiv/ev_ws/perception/install/velodyne_pointcloud:/home/aiv/ev_ws/perception/install/velodyne_driver:/home/aiv/ev_ws/perception/install/velodyne_msgs:/home/aiv/ev_ws/perception/install/velodyne_cropbox:/home/aiv/ev_ws/perception/install/patchworkpp:/home/aiv/ev_ws/perception/install/make_bbox:/home/aiv/ev_ws/perception/install/lidar_voxel_grid:/home/aiv/ev_ws/perception/install/dbscan_clustering:/home/aiv/ev_ws/perception/install/cluster_splitter:/opt/ros/humble LD_LIBRARY_PATH=/home/aiv/ev_ws/install/ev_msgs/lib:${LD_LIBRARY_PATH} PYTHONPATH=/home/aiv/ev_ws/install/ev_msgs/local/lib/python3.10/dist-packages:${PYTHONPATH} /usr/bin/cmake --build /home/aiv/ev_ws/build/make_bbox -- -j28 -l28
[6.027s] DEBUG:colcon.colcon_core.event_handler.log_command:Invoked command in '/home/aiv/ev_ws/build/chaining_costmap_ver' returned '0': AMENT_PREFIX_PATH=/home/aiv/ev_ws/install/ev_msgs:${AMENT_PREFIX_PATH} CMAKE_PREFIX_PATH=/home/aiv/ev_ws/install/ev_msgs:/home/aiv/ev_ws/carsa_gazebo/install/carsa_gazebo:/home/aiv/ev_ws/planning/install/chaining_costmap_ver:/home/aiv/ev_ws/ev_msgs/install/ev_msgs:/home/aiv/ev_ws/erp42_ros/install/erp42_serial:/home/aiv/ev_ws/erp42_ros/install/erp42_rqt_plugin:/home/aiv/ev_ws/erp42_ros/install/erp42_gazebo:/home/aiv/ev_ws/erp42_ros/install/erp42_util:/home/aiv/ev_ws/erp42_ros/install/erp42_msgs:/home/aiv/ev_ws/erp42_ros/install/erp42_description:/home/aiv/ev_ws/erp42_ros/install/erp42_cmake:/home/aiv/ev_ws/perception/install/velodyne:/home/aiv/ev_ws/perception/install/lidar_launch:/home/aiv/ev_ws/perception/install/velodyne_pointcloud:/home/aiv/ev_ws/perception/install/velodyne_driver:/home/aiv/ev_ws/perception/install/velodyne_msgs:/home/aiv/ev_ws/perception/install/velodyne_cropbox:/home/aiv/ev_ws/perception/install/patchworkpp:/home/aiv/ev_ws/perception/install/make_bbox:/home/aiv/ev_ws/perception/install/lidar_voxel_grid:/home/aiv/ev_ws/perception/install/dbscan_clustering:/home/aiv/ev_ws/perception/install/cluster_splitter:/opt/ros/humble LD_LIBRARY_PATH=/home/aiv/ev_ws/install/ev_msgs/lib:${LD_LIBRARY_PATH} PYTHONPATH=/home/aiv/ev_ws/install/ev_msgs/local/lib/python3.10/dist-packages:${PYTHONPATH} /usr/bin/cmake /home/aiv/ev_ws/planning/src/chaining_costmap_ver -DAMENT_CMAKE_SYMLINK_INSTALL=1 -DCMAKE_INSTALL_PREFIX=/home/aiv/ev_ws/install/chaining_costmap_ver
[6.029s] DEBUG:colcon.colcon_core.event_handler.log_command:Invoking command in '/home/aiv/ev_ws/build/chaining_costmap_ver': AMENT_PREFIX_PATH=/home/aiv/ev_ws/install/ev_msgs:${AMENT_PREFIX_PATH} CMAKE_PREFIX_PATH=/home/aiv/ev_ws/install/ev_msgs:/home/aiv/ev_ws/carsa_gazebo/install/carsa_gazebo:/home/aiv/ev_ws/planning/install/chaining_costmap_ver:/home/aiv/ev_ws/ev_msgs/install/ev_msgs:/home/aiv/ev_ws/erp42_ros/install/erp42_serial:/home/aiv/ev_ws/erp42_ros/install/erp42_rqt_plugin:/home/aiv/ev_ws/erp42_ros/install/erp42_gazebo:/home/aiv/ev_ws/erp42_ros/install/erp42_util:/home/aiv/ev_ws/erp42_ros/install/erp42_msgs:/home/aiv/ev_ws/erp42_ros/install/erp42_description:/home/aiv/ev_ws/erp42_ros/install/erp42_cmake:/home/aiv/ev_ws/perception/install/velodyne:/home/aiv/ev_ws/perception/install/lidar_launch:/home/aiv/ev_ws/perception/install/velodyne_pointcloud:/home/aiv/ev_ws/perception/install/velodyne_driver:/home/aiv/ev_ws/perception/install/velodyne_msgs:/home/aiv/ev_ws/perception/install/velodyne_cropbox:/home/aiv/ev_ws/perception/install/patchworkpp:/home/aiv/ev_ws/perception/install/make_bbox:/home/aiv/ev_ws/perception/install/lidar_voxel_grid:/home/aiv/ev_ws/perception/install/dbscan_clustering:/home/aiv/ev_ws/perception/install/cluster_splitter:/opt/ros/humble LD_LIBRARY_PATH=/home/aiv/ev_ws/install/ev_msgs/lib:${LD_LIBRARY_PATH} PYTHONPATH=/home/aiv/ev_ws/install/ev_msgs/local/lib/python3.10/dist-packages:${PYTHONPATH} /usr/bin/cmake --build /home/aiv/ev_ws/build/chaining_costmap_ver -- -j28 -l28
[6.176s] DEBUG:colcon.colcon_core.event_handler.log_command:Invoked command in '/home/aiv/ev_ws/build/erp42_serial' returned '0': AMENT_PREFIX_PATH=/home/aiv/ev_ws/install/erp42_util:/home/aiv/ev_ws/install/erp42_description:/home/aiv/ev_ws/install/erp42_msgs:/home/aiv/ev_ws/install/erp42_cmake:${AMENT_PREFIX_PATH} CMAKE_PREFIX_PATH=/home/aiv/ev_ws/install/erp42_util:/home/aiv/ev_ws/install/erp42_description:/home/aiv/ev_ws/install/erp42_msgs:/home/aiv/ev_ws/install/erp42_cmake:/home/aiv/ev_ws/carsa_gazebo/install/carsa_gazebo:/home/aiv/ev_ws/planning/install/chaining_costmap_ver:/home/aiv/ev_ws/ev_msgs/install/ev_msgs:/home/aiv/ev_ws/erp42_ros/install/erp42_serial:/home/aiv/ev_ws/erp42_ros/install/erp42_rqt_plugin:/home/aiv/ev_ws/erp42_ros/install/erp42_gazebo:/home/aiv/ev_ws/erp42_ros/install/erp42_util:/home/aiv/ev_ws/erp42_ros/install/erp42_msgs:/home/aiv/ev_ws/erp42_ros/install/erp42_description:/home/aiv/ev_ws/erp42_ros/install/erp42_cmake:/home/aiv/ev_ws/perception/install/velodyne:/home/aiv/ev_ws/perception/install/lidar_launch:/home/aiv/ev_ws/perception/install/velodyne_pointcloud:/home/aiv/ev_ws/perception/install/velodyne_driver:/home/aiv/ev_ws/perception/install/velodyne_msgs:/home/aiv/ev_ws/perception/install/velodyne_cropbox:/home/aiv/ev_ws/perception/install/patchworkpp:/home/aiv/ev_ws/perception/install/make_bbox:/home/aiv/ev_ws/perception/install/lidar_voxel_grid:/home/aiv/ev_ws/perception/install/dbscan_clustering:/home/aiv/ev_ws/perception/install/cluster_splitter:/opt/ros/humble LD_LIBRARY_PATH=/home/aiv/ev_ws/install/erp42_util/lib:/home/aiv/ev_ws/install/erp42_msgs/lib:${LD_LIBRARY_PATH} PYTHONPATH=/home/aiv/ev_ws/install/erp42_msgs/local/lib/python3.10/dist-packages:${PYTHONPATH} /usr/bin/cmake /home/aiv/ev_ws/erp42_ros/src/erp42_serial -DAMENT_CMAKE_SYMLINK_INSTALL=1 -DCMAKE_INSTALL_PREFIX=/home/aiv/ev_ws/install/erp42_serial
[6.177s] DEBUG:colcon.colcon_core.event_handler.log_command:Invoking command in '/home/aiv/ev_ws/build/erp42_serial': AMENT_PREFIX_PATH=/home/aiv/ev_ws/install/erp42_util:/home/aiv/ev_ws/install/erp42_description:/home/aiv/ev_ws/install/erp42_msgs:/home/aiv/ev_ws/install/erp42_cmake:${AMENT_PREFIX_PATH} CMAKE_PREFIX_PATH=/home/aiv/ev_ws/install/erp42_util:/home/aiv/ev_ws/install/erp42_description:/home/aiv/ev_ws/install/erp42_msgs:/home/aiv/ev_ws/install/erp42_cmake:/home/aiv/ev_ws/carsa_gazebo/install/carsa_gazebo:/home/aiv/ev_ws/planning/install/chaining_costmap_ver:/home/aiv/ev_ws/ev_msgs/install/ev_msgs:/home/aiv/ev_ws/erp42_ros/install/erp42_serial:/home/aiv/ev_ws/erp42_ros/install/erp42_rqt_plugin:/home/aiv/ev_ws/erp42_ros/install/erp42_gazebo:/home/aiv/ev_ws/erp42_ros/install/erp42_util:/home/aiv/ev_ws/erp42_ros/install/erp42_msgs:/home/aiv/ev_ws/erp42_ros/install/erp42_description:/home/aiv/ev_ws/erp42_ros/install/erp42_cmake:/home/aiv/ev_ws/perception/install/velodyne:/home/aiv/ev_ws/perception/install/lidar_launch:/home/aiv/ev_ws/perception/install/velodyne_pointcloud:/home/aiv/ev_ws/perception/install/velodyne_driver:/home/aiv/ev_ws/perception/install/velodyne_msgs:/home/aiv/ev_ws/perception/install/velodyne_cropbox:/home/aiv/ev_ws/perception/install/patchworkpp:/home/aiv/ev_ws/perception/install/make_bbox:/home/aiv/ev_ws/perception/install/lidar_voxel_grid:/home/aiv/ev_ws/perception/install/dbscan_clustering:/home/aiv/ev_ws/perception/install/cluster_splitter:/opt/ros/humble LD_LIBRARY_PATH=/home/aiv/ev_ws/install/erp42_util/lib:/home/aiv/ev_ws/install/erp42_msgs/lib:${LD_LIBRARY_PATH} PYTHONPATH=/home/aiv/ev_ws/install/erp42_msgs/local/lib/python3.10/dist-packages:${PYTHONPATH} /usr/bin/cmake --build /home/aiv/ev_ws/build/erp42_serial -- -j28 -l28
[6.190s] DEBUG:colcon.colcon_core.event_handler.log_command:Invoked command in '/home/aiv/ev_ws/build/erp42_rqt_plugin' returned '0': AMENT_PREFIX_PATH=/home/aiv/ev_ws/install/erp42_util:/home/aiv/ev_ws/install/erp42_msgs:/home/aiv/ev_ws/install/erp42_cmake:${AMENT_PREFIX_PATH} CMAKE_PREFIX_PATH=/home/aiv/ev_ws/install/erp42_util:/home/aiv/ev_ws/install/erp42_msgs:/home/aiv/ev_ws/install/erp42_cmake:/home/aiv/ev_ws/carsa_gazebo/install/carsa_gazebo:/home/aiv/ev_ws/planning/install/chaining_costmap_ver:/home/aiv/ev_ws/ev_msgs/install/ev_msgs:/home/aiv/ev_ws/erp42_ros/install/erp42_serial:/home/aiv/ev_ws/erp42_ros/install/erp42_rqt_plugin:/home/aiv/ev_ws/erp42_ros/install/erp42_gazebo:/home/aiv/ev_ws/erp42_ros/install/erp42_util:/home/aiv/ev_ws/erp42_ros/install/erp42_msgs:/home/aiv/ev_ws/erp42_ros/install/erp42_description:/home/aiv/ev_ws/erp42_ros/install/erp42_cmake:/home/aiv/ev_ws/perception/install/velodyne:/home/aiv/ev_ws/perception/install/lidar_launch:/home/aiv/ev_ws/perception/install/velodyne_pointcloud:/home/aiv/ev_ws/perception/install/velodyne_driver:/home/aiv/ev_ws/perception/install/velodyne_msgs:/home/aiv/ev_ws/perception/install/velodyne_cropbox:/home/aiv/ev_ws/perception/install/patchworkpp:/home/aiv/ev_ws/perception/install/make_bbox:/home/aiv/ev_ws/perception/install/lidar_voxel_grid:/home/aiv/ev_ws/perception/install/dbscan_clustering:/home/aiv/ev_ws/perception/install/cluster_splitter:/opt/ros/humble LD_LIBRARY_PATH=/home/aiv/ev_ws/install/erp42_util/lib:/home/aiv/ev_ws/install/erp42_msgs/lib:${LD_LIBRARY_PATH} PYTHONPATH=/home/aiv/ev_ws/install/erp42_msgs/local/lib/python3.10/dist-packages:${PYTHONPATH} /usr/bin/cmake /home/aiv/ev_ws/erp42_ros/src/erp42_rqt_plugin -DAMENT_CMAKE_SYMLINK_INSTALL=1 -DCMAKE_INSTALL_PREFIX=/home/aiv/ev_ws/install/erp42_rqt_plugin
[6.191s] DEBUG:colcon.colcon_core.event_handler.log_command:Invoking command in '/home/aiv/ev_ws/build/erp42_rqt_plugin': AMENT_PREFIX_PATH=/home/aiv/ev_ws/install/erp42_util:/home/aiv/ev_ws/install/erp42_msgs:/home/aiv/ev_ws/install/erp42_cmake:${AMENT_PREFIX_PATH} CMAKE_PREFIX_PATH=/home/aiv/ev_ws/install/erp42_util:/home/aiv/ev_ws/install/erp42_msgs:/home/aiv/ev_ws/install/erp42_cmake:/home/aiv/ev_ws/carsa_gazebo/install/carsa_gazebo:/home/aiv/ev_ws/planning/install/chaining_costmap_ver:/home/aiv/ev_ws/ev_msgs/install/ev_msgs:/home/aiv/ev_ws/erp42_ros/install/erp42_serial:/home/aiv/ev_ws/erp42_ros/install/erp42_rqt_plugin:/home/aiv/ev_ws/erp42_ros/install/erp42_gazebo:/home/aiv/ev_ws/erp42_ros/install/erp42_util:/home/aiv/ev_ws/erp42_ros/install/erp42_msgs:/home/aiv/ev_ws/erp42_ros/install/erp42_description:/home/aiv/ev_ws/erp42_ros/install/erp42_cmake:/home/aiv/ev_ws/perception/install/velodyne:/home/aiv/ev_ws/perception/install/lidar_launch:/home/aiv/ev_ws/perception/install/velodyne_pointcloud:/home/aiv/ev_ws/perception/install/velodyne_driver:/home/aiv/ev_ws/perception/install/velodyne_msgs:/home/aiv/ev_ws/perception/install/velodyne_cropbox:/home/aiv/ev_ws/perception/install/patchworkpp:/home/aiv/ev_ws/perception/install/make_bbox:/home/aiv/ev_ws/perception/install/lidar_voxel_grid:/home/aiv/ev_ws/perception/install/dbscan_clustering:/home/aiv/ev_ws/perception/install/cluster_splitter:/opt/ros/humble LD_LIBRARY_PATH=/home/aiv/ev_ws/install/erp42_util/lib:/home/aiv/ev_ws/install/erp42_msgs/lib:${LD_LIBRARY_PATH} PYTHONPATH=/home/aiv/ev_ws/install/erp42_msgs/local/lib/python3.10/dist-packages:${PYTHONPATH} /usr/bin/cmake --build /home/aiv/ev_ws/build/erp42_rqt_plugin -- -j28 -l28
[6.328s] DEBUG:colcon.colcon_core.event_handler.log_command:Invoked command in '/home/aiv/ev_ws/build/erp42_gazebo' returned '0': AMENT_PREFIX_PATH=/home/aiv/ev_ws/install/erp42_util:/home/aiv/ev_ws/install/erp42_description:/home/aiv/ev_ws/install/erp42_msgs:/home/aiv/ev_ws/install/erp42_cmake:${AMENT_PREFIX_PATH} CMAKE_PREFIX_PATH=/home/aiv/ev_ws/install/erp42_util:/home/aiv/ev_ws/install/erp42_description:/home/aiv/ev_ws/install/erp42_msgs:/home/aiv/ev_ws/install/erp42_cmake:/home/aiv/ev_ws/carsa_gazebo/install/carsa_gazebo:/home/aiv/ev_ws/planning/install/chaining_costmap_ver:/home/aiv/ev_ws/ev_msgs/install/ev_msgs:/home/aiv/ev_ws/erp42_ros/install/erp42_serial:/home/aiv/ev_ws/erp42_ros/install/erp42_rqt_plugin:/home/aiv/ev_ws/erp42_ros/install/erp42_gazebo:/home/aiv/ev_ws/erp42_ros/install/erp42_util:/home/aiv/ev_ws/erp42_ros/install/erp42_msgs:/home/aiv/ev_ws/erp42_ros/install/erp42_description:/home/aiv/ev_ws/erp42_ros/install/erp42_cmake:/home/aiv/ev_ws/perception/install/velodyne:/home/aiv/ev_ws/perception/install/lidar_launch:/home/aiv/ev_ws/perception/install/velodyne_pointcloud:/home/aiv/ev_ws/perception/install/velodyne_driver:/home/aiv/ev_ws/perception/install/velodyne_msgs:/home/aiv/ev_ws/perception/install/velodyne_cropbox:/home/aiv/ev_ws/perception/install/patchworkpp:/home/aiv/ev_ws/perception/install/make_bbox:/home/aiv/ev_ws/perception/install/lidar_voxel_grid:/home/aiv/ev_ws/perception/install/dbscan_clustering:/home/aiv/ev_ws/perception/install/cluster_splitter:/opt/ros/humble LD_LIBRARY_PATH=/home/aiv/ev_ws/install/erp42_util/lib:/home/aiv/ev_ws/install/erp42_msgs/lib:${LD_LIBRARY_PATH} PYTHONPATH=/home/aiv/ev_ws/install/erp42_msgs/local/lib/python3.10/dist-packages:${PYTHONPATH} /usr/bin/cmake /home/aiv/ev_ws/erp42_ros/src/erp42_gazebo -DAMENT_CMAKE_SYMLINK_INSTALL=1 -DCMAKE_INSTALL_PREFIX=/home/aiv/ev_ws/install/erp42_gazebo
[6.329s] DEBUG:colcon.colcon_core.event_handler.log_command:Invoking command in '/home/aiv/ev_ws/build/erp42_gazebo': AMENT_PREFIX_PATH=/home/aiv/ev_ws/install/erp42_util:/home/aiv/ev_ws/install/erp42_description:/home/aiv/ev_ws/install/erp42_msgs:/home/aiv/ev_ws/install/erp42_cmake:${AMENT_PREFIX_PATH} CMAKE_PREFIX_PATH=/home/aiv/ev_ws/install/erp42_util:/home/aiv/ev_ws/install/erp42_description:/home/aiv/ev_ws/install/erp42_msgs:/home/aiv/ev_ws/install/erp42_cmake:/home/aiv/ev_ws/carsa_gazebo/install/carsa_gazebo:/home/aiv/ev_ws/planning/install/chaining_costmap_ver:/home/aiv/ev_ws/ev_msgs/install/ev_msgs:/home/aiv/ev_ws/erp42_ros/install/erp42_serial:/home/aiv/ev_ws/erp42_ros/install/erp42_rqt_plugin:/home/aiv/ev_ws/erp42_ros/install/erp42_gazebo:/home/aiv/ev_ws/erp42_ros/install/erp42_util:/home/aiv/ev_ws/erp42_ros/install/erp42_msgs:/home/aiv/ev_ws/erp42_ros/install/erp42_description:/home/aiv/ev_ws/erp42_ros/install/erp42_cmake:/home/aiv/ev_ws/perception/install/velodyne:/home/aiv/ev_ws/perception/install/lidar_launch:/home/aiv/ev_ws/perception/install/velodyne_pointcloud:/home/aiv/ev_ws/perception/install/velodyne_driver:/home/aiv/ev_ws/perception/install/velodyne_msgs:/home/aiv/ev_ws/perception/install/velodyne_cropbox:/home/aiv/ev_ws/perception/install/patchworkpp:/home/aiv/ev_ws/perception/install/make_bbox:/home/aiv/ev_ws/perception/install/lidar_voxel_grid:/home/aiv/ev_ws/perception/install/dbscan_clustering:/home/aiv/ev_ws/perception/install/cluster_splitter:/opt/ros/humble LD_LIBRARY_PATH=/home/aiv/ev_ws/install/erp42_util/lib:/home/aiv/ev_ws/install/erp42_msgs/lib:${LD_LIBRARY_PATH} PYTHONPATH=/home/aiv/ev_ws/install/erp42_msgs/local/lib/python3.10/dist-packages:${PYTHONPATH} /usr/bin/cmake --build /home/aiv/ev_ws/build/erp42_gazebo -- -j28 -l28
[9.844s] DEBUG:colcon.colcon_core.event_handler.log_command:Invoked command in '/home/aiv/ev_ws/build/velodyne_cropbox' returned '0': CMAKE_PREFIX_PATH=${CMAKE_PREFIX_PATH}:/opt/ros/humble /usr/bin/cmake --build /home/aiv/ev_ws/build/velodyne_cropbox -- -j28 -l28
[9.845s] DEBUG:colcon.colcon_core.event_handler.log_command:Invoking command in '/home/aiv/ev_ws/build/velodyne_cropbox': CMAKE_PREFIX_PATH=${CMAKE_PREFIX_PATH}:/opt/ros/humble /usr/bin/cmake --install /home/aiv/ev_ws/build/velodyne_cropbox
[10.072s] DEBUG:colcon.colcon_core.event_handler.log_command:Invoked command in '/home/aiv/ev_ws/build/cluster_splitter' returned '0': CMAKE_PREFIX_PATH=${CMAKE_PREFIX_PATH}:/opt/ros/humble /usr/bin/cmake --build /home/aiv/ev_ws/build/cluster_splitter -- -j28 -l28
[10.074s] DEBUG:colcon.colcon_core.event_handler.log_command:Invoking command in '/home/aiv/ev_ws/build/cluster_splitter': CMAKE_PREFIX_PATH=${CMAKE_PREFIX_PATH}:/opt/ros/humble /usr/bin/cmake --install /home/aiv/ev_ws/build/cluster_splitter
[10.144s] Level 1:colcon.colcon_core.environment:create_environment_scripts_only(velodyne_cropbox)
[10.144s] Level 1:colcon.colcon_core.environment:checking '/home/aiv/ev_ws/install/velodyne_cropbox' for CMake module files
[10.145s] DEBUG:colcon.colcon_core.event_handler.log_command:Invoked command in '/home/aiv/ev_ws/build/velodyne_cropbox' returned '0': CMAKE_PREFIX_PATH=${CMAKE_PREFIX_PATH}:/opt/ros/humble /usr/bin/cmake --install /home/aiv/ev_ws/build/velodyne_cropbox
[10.145s] Level 1:colcon.colcon_core.environment:checking '/home/aiv/ev_ws/install/velodyne_cropbox' for CMake config files
[10.146s] Level 1:colcon.colcon_core.shell:create_environment_hook('velodyne_cropbox', 'cmake_prefix_path')
[10.146s] INFO:colcon.colcon_core.shell:Creating environment hook '/home/aiv/ev_ws/install/velodyne_cropbox/share/velodyne_cropbox/hook/cmake_prefix_path.ps1'
[10.147s] INFO:colcon.colcon_core.shell:Creating environment descriptor '/home/aiv/ev_ws/install/velodyne_cropbox/share/velodyne_cropbox/hook/cmake_prefix_path.dsv'
[10.147s] INFO:colcon.colcon_core.shell:Creating environment hook '/home/aiv/ev_ws/install/velodyne_cropbox/share/velodyne_cropbox/hook/cmake_prefix_path.sh'
[10.148s] Level 1:colcon.colcon_core.environment:checking '/home/aiv/ev_ws/install/velodyne_cropbox/lib'
[10.148s] Level 1:colcon.colcon_core.shell:create_environment_hook('velodyne_cropbox', 'ld_library_path_lib')
[10.149s] INFO:colcon.colcon_core.shell:Creating environment hook '/home/aiv/ev_ws/install/velodyne_cropbox/share/velodyne_cropbox/hook/ld_library_path_lib.ps1'
[10.149s] INFO:colcon.colcon_core.shell:Creating environment descriptor '/home/aiv/ev_ws/install/velodyne_cropbox/share/velodyne_cropbox/hook/ld_library_path_lib.dsv'
[10.149s] INFO:colcon.colcon_core.shell:Creating environment hook '/home/aiv/ev_ws/install/velodyne_cropbox/share/velodyne_cropbox/hook/ld_library_path_lib.sh'
[10.150s] Level 1:colcon.colcon_core.environment:checking '/home/aiv/ev_ws/install/velodyne_cropbox/bin'
[10.150s] Level 1:colcon.colcon_core.environment:checking '/home/aiv/ev_ws/install/velodyne_cropbox/lib/pkgconfig/velodyne_cropbox.pc'
[10.150s] Level 1:colcon.colcon_core.environment:checking '/home/aiv/ev_ws/install/velodyne_cropbox/lib/python3.10/site-packages'
[10.150s] Level 1:colcon.colcon_core.environment:checking '/home/aiv/ev_ws/install/velodyne_cropbox/bin'
[10.151s] INFO:colcon.colcon_core.shell:Creating package script '/home/aiv/ev_ws/install/velodyne_cropbox/share/velodyne_cropbox/package.ps1'
[10.153s] INFO:colcon.colcon_core.shell:Creating package descriptor '/home/aiv/ev_ws/install/velodyne_cropbox/share/velodyne_cropbox/package.dsv'
[10.154s] INFO:colcon.colcon_core.shell:Creating package script '/home/aiv/ev_ws/install/velodyne_cropbox/share/velodyne_cropbox/package.sh'
[10.155s] INFO:colcon.colcon_core.shell:Creating package script '/home/aiv/ev_ws/install/velodyne_cropbox/share/velodyne_cropbox/package.bash'
[10.155s] INFO:colcon.colcon_core.shell:Creating package script '/home/aiv/ev_ws/install/velodyne_cropbox/share/velodyne_cropbox/package.zsh'
[10.156s] Level 1:colcon.colcon_core.environment:create_file_with_runtime_dependencies(/home/aiv/ev_ws/install/velodyne_cropbox/share/colcon-core/packages/velodyne_cropbox)
[10.157s] Level 1:colcon.colcon_core.environment:create_environment_scripts_only(velodyne_cropbox)
[10.157s] Level 1:colcon.colcon_core.environment:checking '/home/aiv/ev_ws/install/velodyne_cropbox' for CMake module files
[10.157s] Level 1:colcon.colcon_core.environment:checking '/home/aiv/ev_ws/install/velodyne_cropbox' for CMake config files
[10.158s] Level 1:colcon.colcon_core.shell:create_environment_hook('velodyne_cropbox', 'cmake_prefix_path')
[10.158s] INFO:colcon.colcon_core.shell:Creating environment hook '/home/aiv/ev_ws/install/velodyne_cropbox/share/velodyne_cropbox/hook/cmake_prefix_path.ps1'
[10.159s] INFO:colcon.colcon_core.shell:Creating environment descriptor '/home/aiv/ev_ws/install/velodyne_cropbox/share/velodyne_cropbox/hook/cmake_prefix_path.dsv'
[10.159s] INFO:colcon.colcon_core.shell:Creating environment hook '/home/aiv/ev_ws/install/velodyne_cropbox/share/velodyne_cropbox/hook/cmake_prefix_path.sh'
[10.160s] Level 1:colcon.colcon_core.environment:checking '/home/aiv/ev_ws/install/velodyne_cropbox/lib'
[10.160s] Level 1:colcon.colcon_core.shell:create_environment_hook('velodyne_cropbox', 'ld_library_path_lib')
[10.160s] INFO:colcon.colcon_core.shell:Creating environment hook '/home/aiv/ev_ws/install/velodyne_cropbox/share/velodyne_cropbox/hook/ld_library_path_lib.ps1'
[10.160s] INFO:colcon.colcon_core.shell:Creating environment descriptor '/home/aiv/ev_ws/install/velodyne_cropbox/share/velodyne_cropbox/hook/ld_library_path_lib.dsv'
[10.161s] INFO:colcon.colcon_core.shell:Creating environment hook '/home/aiv/ev_ws/install/velodyne_cropbox/share/velodyne_cropbox/hook/ld_library_path_lib.sh'
[10.161s] Level 1:colcon.colcon_core.environment:checking '/home/aiv/ev_ws/install/velodyne_cropbox/bin'
[10.161s] Level 1:colcon.colcon_core.environment:checking '/home/aiv/ev_ws/install/velodyne_cropbox/lib/pkgconfig/velodyne_cropbox.pc'
[10.161s] Level 1:colcon.colcon_core.environment:checking '/home/aiv/ev_ws/install/velodyne_cropbox/lib/python3.10/site-packages'
[10.162s] Level 1:colcon.colcon_core.environment:checking '/home/aiv/ev_ws/install/velodyne_cropbox/bin'
[10.162s] INFO:colcon.colcon_core.shell:Creating package script '/home/aiv/ev_ws/install/velodyne_cropbox/share/velodyne_cropbox/package.ps1'
[10.163s] INFO:colcon.colcon_core.shell:Creating package descriptor '/home/aiv/ev_ws/install/velodyne_cropbox/share/velodyne_cropbox/package.dsv'
[10.164s] INFO:colcon.colcon_core.shell:Creating package script '/home/aiv/ev_ws/install/velodyne_cropbox/share/velodyne_cropbox/package.sh'
[10.164s] INFO:colcon.colcon_core.shell:Creating package script '/home/aiv/ev_ws/install/velodyne_cropbox/share/velodyne_cropbox/package.bash'
[10.165s] INFO:colcon.colcon_core.shell:Creating package script '/home/aiv/ev_ws/install/velodyne_cropbox/share/velodyne_cropbox/package.zsh'
[10.165s] Level 1:colcon.colcon_core.environment:create_file_with_runtime_dependencies(/home/aiv/ev_ws/install/velodyne_cropbox/share/colcon-core/packages/velodyne_cropbox)
[10.311s] Level 1:colcon.colcon_core.environment:create_environment_scripts_only(cluster_splitter)
[10.312s] Level 1:colcon.colcon_core.environment:checking '/home/aiv/ev_ws/install/cluster_splitter' for CMake module files
[10.312s] DEBUG:colcon.colcon_core.event_handler.log_command:Invoked command in '/home/aiv/ev_ws/build/cluster_splitter' returned '0': CMAKE_PREFIX_PATH=${CMAKE_PREFIX_PATH}:/opt/ros/humble /usr/bin/cmake --install /home/aiv/ev_ws/build/cluster_splitter
[10.312s] Level 1:colcon.colcon_core.environment:checking '/home/aiv/ev_ws/install/cluster_splitter' for CMake config files
[10.313s] Level 1:colcon.colcon_core.shell:create_environment_hook('cluster_splitter', 'cmake_prefix_path')
[10.313s] INFO:colcon.colcon_core.shell:Creating environment hook '/home/aiv/ev_ws/install/cluster_splitter/share/cluster_splitter/hook/cmake_prefix_path.ps1'
[10.314s] INFO:colcon.colcon_core.shell:Creating environment descriptor '/home/aiv/ev_ws/install/cluster_splitter/share/cluster_splitter/hook/cmake_prefix_path.dsv'
[10.314s] INFO:colcon.colcon_core.shell:Creating environment hook '/home/aiv/ev_ws/install/cluster_splitter/share/cluster_splitter/hook/cmake_prefix_path.sh'
[10.315s] Level 1:colcon.colcon_core.environment:checking '/home/aiv/ev_ws/install/cluster_splitter/lib'
[10.315s] Level 1:colcon.colcon_core.shell:create_environment_hook('cluster_splitter', 'ld_library_path_lib')
[10.315s] INFO:colcon.colcon_core.shell:Creating environment hook '/home/aiv/ev_ws/install/cluster_splitter/share/cluster_splitter/hook/ld_library_path_lib.ps1'
[10.315s] INFO:colcon.colcon_core.shell:Creating environment descriptor '/home/aiv/ev_ws/install/cluster_splitter/share/cluster_splitter/hook/ld_library_path_lib.dsv'
[10.316s] INFO:colcon.colcon_core.shell:Creating environment hook '/home/aiv/ev_ws/install/cluster_splitter/share/cluster_splitter/hook/ld_library_path_lib.sh'
[10.316s] Level 1:colcon.colcon_core.environment:checking '/home/aiv/ev_ws/install/cluster_splitter/bin'
[10.316s] Level 1:colcon.colcon_core.environment:checking '/home/aiv/ev_ws/install/cluster_splitter/lib/pkgconfig/cluster_splitter.pc'
[10.316s] Level 1:colcon.colcon_core.environment:checking '/home/aiv/ev_ws/install/cluster_splitter/lib/python3.10/site-packages'
[10.317s] Level 1:colcon.colcon_core.environment:checking '/home/aiv/ev_ws/install/cluster_splitter/bin'
[10.317s] INFO:colcon.colcon_core.shell:Creating package script '/home/aiv/ev_ws/install/cluster_splitter/share/cluster_splitter/package.ps1'
[10.318s] INFO:colcon.colcon_core.shell:Creating package descriptor '/home/aiv/ev_ws/install/cluster_splitter/share/cluster_splitter/package.dsv'
[10.318s] INFO:colcon.colcon_core.shell:Creating package script '/home/aiv/ev_ws/install/cluster_splitter/share/cluster_splitter/package.sh'
[10.318s] INFO:colcon.colcon_core.shell:Creating package script '/home/aiv/ev_ws/install/cluster_splitter/share/cluster_splitter/package.bash'
[10.319s] INFO:colcon.colcon_core.shell:Creating package script '/home/aiv/ev_ws/install/cluster_splitter/share/cluster_splitter/package.zsh'
[10.319s] Level 1:colcon.colcon_core.environment:create_file_with_runtime_dependencies(/home/aiv/ev_ws/install/cluster_splitter/share/colcon-core/packages/cluster_splitter)
[10.319s] Level 1:colcon.colcon_core.environment:create_environment_scripts_only(cluster_splitter)
[10.320s] Level 1:colcon.colcon_core.environment:checking '/home/aiv/ev_ws/install/cluster_splitter' for CMake module files
[10.320s] Level 1:colcon.colcon_core.environment:checking '/home/aiv/ev_ws/install/cluster_splitter' for CMake config files
[10.320s] Level 1:colcon.colcon_core.shell:create_environment_hook('cluster_splitter', 'cmake_prefix_path')
[10.321s] INFO:colcon.colcon_core.shell:Creating environment hook '/home/aiv/ev_ws/install/cluster_splitter/share/cluster_splitter/hook/cmake_prefix_path.ps1'
[10.321s] INFO:colcon.colcon_core.shell:Creating environment descriptor '/home/aiv/ev_ws/install/cluster_splitter/share/cluster_splitter/hook/cmake_prefix_path.dsv'
[10.321s] INFO:colcon.colcon_core.shell:Creating environment hook '/home/aiv/ev_ws/install/cluster_splitter/share/cluster_splitter/hook/cmake_prefix_path.sh'
[10.322s] Level 1:colcon.colcon_core.environment:checking '/home/aiv/ev_ws/install/cluster_splitter/lib'
[10.322s] Level 1:colcon.colcon_core.shell:create_environment_hook('cluster_splitter', 'ld_library_path_lib')
[10.322s] INFO:colcon.colcon_core.shell:Creating environment hook '/home/aiv/ev_ws/install/cluster_splitter/share/cluster_splitter/hook/ld_library_path_lib.ps1'
[10.323s] INFO:colcon.colcon_core.shell:Creating environment descriptor '/home/aiv/ev_ws/install/cluster_splitter/share/cluster_splitter/hook/ld_library_path_lib.dsv'
[10.324s] INFO:colcon.colcon_core.shell:Creating environment hook '/home/aiv/ev_ws/install/cluster_splitter/share/cluster_splitter/hook/ld_library_path_lib.sh'
[10.324s] Level 1:colcon.colcon_core.environment:checking '/home/aiv/ev_ws/install/cluster_splitter/bin'
[10.324s] Level 1:colcon.colcon_core.environment:checking '/home/aiv/ev_ws/install/cluster_splitter/lib/pkgconfig/cluster_splitter.pc'
[10.324s] Level 1:colcon.colcon_core.environment:checking '/home/aiv/ev_ws/install/cluster_splitter/lib/python3.10/site-packages'
[10.325s] Level 1:colcon.colcon_core.environment:checking '/home/aiv/ev_ws/install/cluster_splitter/bin'
[10.325s] INFO:colcon.colcon_core.shell:Creating package script '/home/aiv/ev_ws/install/cluster_splitter/share/cluster_splitter/package.ps1'
[10.326s] INFO:colcon.colcon_core.shell:Creating package descriptor '/home/aiv/ev_ws/install/cluster_splitter/share/cluster_splitter/package.dsv'
[10.326s] INFO:colcon.colcon_core.shell:Creating package script '/home/aiv/ev_ws/install/cluster_splitter/share/cluster_splitter/package.sh'
[10.327s] INFO:colcon.colcon_core.shell:Creating package script '/home/aiv/ev_ws/install/cluster_splitter/share/cluster_splitter/package.bash'
[10.327s] INFO:colcon.colcon_core.shell:Creating package script '/home/aiv/ev_ws/install/cluster_splitter/share/cluster_splitter/package.zsh'
[10.327s] Level 1:colcon.colcon_core.environment:create_file_with_runtime_dependencies(/home/aiv/ev_ws/install/cluster_splitter/share/colcon-core/packages/cluster_splitter)
[14.175s] DEBUG:colcon.colcon_core.event_handler.log_command:Invoked command in '/home/aiv/ev_ws/build/dbscan_clustering' returned '0': CMAKE_PREFIX_PATH=${CMAKE_PREFIX_PATH}:/opt/ros/humble /usr/bin/cmake --build /home/aiv/ev_ws/build/dbscan_clustering -- -j28 -l28
[14.176s] DEBUG:colcon.colcon_core.event_handler.log_command:Invoking command in '/home/aiv/ev_ws/build/dbscan_clustering': CMAKE_PREFIX_PATH=${CMAKE_PREFIX_PATH}:/opt/ros/humble /usr/bin/cmake --install /home/aiv/ev_ws/build/dbscan_clustering
[14.358s] Level 1:colcon.colcon_core.environment:create_environment_scripts_only(dbscan_clustering)
[14.358s] Level 1:colcon.colcon_core.environment:checking '/home/aiv/ev_ws/install/dbscan_clustering' for CMake module files
[14.358s] DEBUG:colcon.colcon_core.event_handler.log_command:Invoked command in '/home/aiv/ev_ws/build/dbscan_clustering' returned '0': CMAKE_PREFIX_PATH=${CMAKE_PREFIX_PATH}:/opt/ros/humble /usr/bin/cmake --install /home/aiv/ev_ws/build/dbscan_clustering
[14.359s] Level 1:colcon.colcon_core.environment:checking '/home/aiv/ev_ws/install/dbscan_clustering' for CMake config files
[14.359s] Level 1:colcon.colcon_core.shell:create_environment_hook('dbscan_clustering', 'cmake_prefix_path')
[14.359s] INFO:colcon.colcon_core.shell:Creating environment hook '/home/aiv/ev_ws/install/dbscan_clustering/share/dbscan_clustering/hook/cmake_prefix_path.ps1'
[14.359s] INFO:colcon.colcon_core.shell:Creating environment descriptor '/home/aiv/ev_ws/install/dbscan_clustering/share/dbscan_clustering/hook/cmake_prefix_path.dsv'
[14.360s] INFO:colcon.colcon_core.shell:Creating environment hook '/home/aiv/ev_ws/install/dbscan_clustering/share/dbscan_clustering/hook/cmake_prefix_path.sh'
[14.360s] Level 1:colcon.colcon_core.environment:checking '/home/aiv/ev_ws/install/dbscan_clustering/lib'
[14.360s] Level 1:colcon.colcon_core.shell:create_environment_hook('dbscan_clustering', 'ld_library_path_lib')
[14.360s] INFO:colcon.colcon_core.shell:Creating environment hook '/home/aiv/ev_ws/install/dbscan_clustering/share/dbscan_clustering/hook/ld_library_path_lib.ps1'
[14.361s] INFO:colcon.colcon_core.shell:Creating environment descriptor '/home/aiv/ev_ws/install/dbscan_clustering/share/dbscan_clustering/hook/ld_library_path_lib.dsv'
[14.361s] INFO:colcon.colcon_core.shell:Creating environment hook '/home/aiv/ev_ws/install/dbscan_clustering/share/dbscan_clustering/hook/ld_library_path_lib.sh'
[14.361s] Level 1:colcon.colcon_core.environment:checking '/home/aiv/ev_ws/install/dbscan_clustering/bin'
[14.361s] Level 1:colcon.colcon_core.environment:checking '/home/aiv/ev_ws/install/dbscan_clustering/lib/pkgconfig/dbscan_clustering.pc'
[14.361s] Level 1:colcon.colcon_core.environment:checking '/home/aiv/ev_ws/install/dbscan_clustering/lib/python3.10/site-packages'
[14.362s] Level 1:colcon.colcon_core.environment:checking '/home/aiv/ev_ws/install/dbscan_clustering/bin'
[14.362s] INFO:colcon.colcon_core.shell:Creating package script '/home/aiv/ev_ws/install/dbscan_clustering/share/dbscan_clustering/package.ps1'
[14.362s] INFO:colcon.colcon_core.shell:Creating package descriptor '/home/aiv/ev_ws/install/dbscan_clustering/share/dbscan_clustering/package.dsv'
[14.363s] INFO:colcon.colcon_core.shell:Creating package script '/home/aiv/ev_ws/install/dbscan_clustering/share/dbscan_clustering/package.sh'
[14.363s] INFO:colcon.colcon_core.shell:Creating package script '/home/aiv/ev_ws/install/dbscan_clustering/share/dbscan_clustering/package.bash'
[14.363s] INFO:colcon.colcon_core.shell:Creating package script '/home/aiv/ev_ws/install/dbscan_clustering/share/dbscan_clustering/package.zsh'
[14.363s] Level 1:colcon.colcon_core.environment:create_file_with_runtime_dependencies(/home/aiv/ev_ws/install/dbscan_clustering/share/colcon-core/packages/dbscan_clustering)
[14.364s] Level 1:colcon.colcon_core.environment:create_environment_scripts_only(dbscan_clustering)
[14.364s] Level 1:colcon.colcon_core.environment:checking '/home/aiv/ev_ws/install/dbscan_clustering' for CMake module files
[14.365s] Level 1:colcon.colcon_core.environment:checking '/home/aiv/ev_ws/install/dbscan_clustering' for CMake config files
[14.365s] Level 1:colcon.colcon_core.shell:create_environment_hook('dbscan_clustering', 'cmake_prefix_path')
[14.365s] INFO:colcon.colcon_core.shell:Creating environment hook '/home/aiv/ev_ws/install/dbscan_clustering/share/dbscan_clustering/hook/cmake_prefix_path.ps1'
[14.365s] INFO:colcon.colcon_core.shell:Creating environment descriptor '/home/aiv/ev_ws/install/dbscan_clustering/share/dbscan_clustering/hook/cmake_prefix_path.dsv'
[14.365s] INFO:colcon.colcon_core.shell:Creating environment hook '/home/aiv/ev_ws/install/dbscan_clustering/share/dbscan_clustering/hook/cmake_prefix_path.sh'
[14.366s] Level 1:colcon.colcon_core.environment:checking '/home/aiv/ev_ws/install/dbscan_clustering/lib'
[14.366s] Level 1:colcon.colcon_core.shell:create_environment_hook('dbscan_clustering', 'ld_library_path_lib')
[14.366s] INFO:colcon.colcon_core.shell:Creating environment hook '/home/aiv/ev_ws/install/dbscan_clustering/share/dbscan_clustering/hook/ld_library_path_lib.ps1'
[14.366s] INFO:colcon.colcon_core.shell:Creating environment descriptor '/home/aiv/ev_ws/install/dbscan_clustering/share/dbscan_clustering/hook/ld_library_path_lib.dsv'
[14.367s] INFO:colcon.colcon_core.shell:Creating environment hook '/home/aiv/ev_ws/install/dbscan_clustering/share/dbscan_clustering/hook/ld_library_path_lib.sh'
[14.367s] Level 1:colcon.colcon_core.environment:checking '/home/aiv/ev_ws/install/dbscan_clustering/bin'
[14.367s] Level 1:colcon.colcon_core.environment:checking '/home/aiv/ev_ws/install/dbscan_clustering/lib/pkgconfig/dbscan_clustering.pc'
[14.367s] Level 1:colcon.colcon_core.environment:checking '/home/aiv/ev_ws/install/dbscan_clustering/lib/python3.10/site-packages'
[14.367s] Level 1:colcon.colcon_core.environment:checking '/home/aiv/ev_ws/install/dbscan_clustering/bin'
[14.368s] INFO:colcon.colcon_core.shell:Creating package script '/home/aiv/ev_ws/install/dbscan_clustering/share/dbscan_clustering/package.ps1'
[14.368s] INFO:colcon.colcon_core.shell:Creating package descriptor '/home/aiv/ev_ws/install/dbscan_clustering/share/dbscan_clustering/package.dsv'
[14.368s] INFO:colcon.colcon_core.shell:Creating package script '/home/aiv/ev_ws/install/dbscan_clustering/share/dbscan_clustering/package.sh'
[14.369s] INFO:colcon.colcon_core.shell:Creating package script '/home/aiv/ev_ws/install/dbscan_clustering/share/dbscan_clustering/package.bash'
[14.369s] INFO:colcon.colcon_core.shell:Creating package script '/home/aiv/ev_ws/install/dbscan_clustering/share/dbscan_clustering/package.zsh'
[14.369s] Level 1:colcon.colcon_core.environment:create_file_with_runtime_dependencies(/home/aiv/ev_ws/install/dbscan_clustering/share/colcon-core/packages/dbscan_clustering)
[14.791s] DEBUG:colcon.colcon_core.event_handler.log_command:Invoked command in '/home/aiv/ev_ws/build/t870_rqt_plugin' returned '0': AMENT_PREFIX_PATH=/home/aiv/ev_ws/install/t870_util:/home/aiv/ev_ws/install/t870_msgs:/home/aiv/ev_ws/install/t870_cmake:${AMENT_PREFIX_PATH} CMAKE_PREFIX_PATH=/home/aiv/ev_ws/install/t870_util:/home/aiv/ev_ws/install/t870_msgs:/home/aiv/ev_ws/install/t870_cmake:/home/aiv/ev_ws/carsa_gazebo/install/carsa_gazebo:/home/aiv/ev_ws/planning/install/chaining_costmap_ver:/home/aiv/ev_ws/ev_msgs/install/ev_msgs:/home/aiv/ev_ws/erp42_ros/install/erp42_serial:/home/aiv/ev_ws/erp42_ros/install/erp42_rqt_plugin:/home/aiv/ev_ws/erp42_ros/install/erp42_gazebo:/home/aiv/ev_ws/erp42_ros/install/erp42_util:/home/aiv/ev_ws/erp42_ros/install/erp42_msgs:/home/aiv/ev_ws/erp42_ros/install/erp42_description:/home/aiv/ev_ws/erp42_ros/install/erp42_cmake:/home/aiv/ev_ws/perception/install/velodyne:/home/aiv/ev_ws/perception/install/lidar_launch:/home/aiv/ev_ws/perception/install/velodyne_pointcloud:/home/aiv/ev_ws/perception/install/velodyne_driver:/home/aiv/ev_ws/perception/install/velodyne_msgs:/home/aiv/ev_ws/perception/install/velodyne_cropbox:/home/aiv/ev_ws/perception/install/patchworkpp:/home/aiv/ev_ws/perception/install/make_bbox:/home/aiv/ev_ws/perception/install/lidar_voxel_grid:/home/aiv/ev_ws/perception/install/dbscan_clustering:/home/aiv/ev_ws/perception/install/cluster_splitter:/opt/ros/humble LD_LIBRARY_PATH=/home/aiv/ev_ws/install/t870_util/lib:/home/aiv/ev_ws/install/t870_msgs/lib:${LD_LIBRARY_PATH} PYTHONPATH=/home/aiv/ev_ws/install/t870_msgs/local/lib/python3.10/dist-packages:${PYTHONPATH} /usr/bin/cmake --build /home/aiv/ev_ws/build/t870_rqt_plugin -- -j28 -l28
[14.793s] DEBUG:colcon.colcon_core.event_handler.log_command:Invoking command in '/home/aiv/ev_ws/build/t870_rqt_plugin': AMENT_PREFIX_PATH=/home/aiv/ev_ws/install/t870_util:/home/aiv/ev_ws/install/t870_msgs:/home/aiv/ev_ws/install/t870_cmake:${AMENT_PREFIX_PATH} CMAKE_PREFIX_PATH=/home/aiv/ev_ws/install/t870_util:/home/aiv/ev_ws/install/t870_msgs:/home/aiv/ev_ws/install/t870_cmake:/home/aiv/ev_ws/carsa_gazebo/install/carsa_gazebo:/home/aiv/ev_ws/planning/install/chaining_costmap_ver:/home/aiv/ev_ws/ev_msgs/install/ev_msgs:/home/aiv/ev_ws/erp42_ros/install/erp42_serial:/home/aiv/ev_ws/erp42_ros/install/erp42_rqt_plugin:/home/aiv/ev_ws/erp42_ros/install/erp42_gazebo:/home/aiv/ev_ws/erp42_ros/install/erp42_util:/home/aiv/ev_ws/erp42_ros/install/erp42_msgs:/home/aiv/ev_ws/erp42_ros/install/erp42_description:/home/aiv/ev_ws/erp42_ros/install/erp42_cmake:/home/aiv/ev_ws/perception/install/velodyne:/home/aiv/ev_ws/perception/install/lidar_launch:/home/aiv/ev_ws/perception/install/velodyne_pointcloud:/home/aiv/ev_ws/perception/install/velodyne_driver:/home/aiv/ev_ws/perception/install/velodyne_msgs:/home/aiv/ev_ws/perception/install/velodyne_cropbox:/home/aiv/ev_ws/perception/install/patchworkpp:/home/aiv/ev_ws/perception/install/make_bbox:/home/aiv/ev_ws/perception/install/lidar_voxel_grid:/home/aiv/ev_ws/perception/install/dbscan_clustering:/home/aiv/ev_ws/perception/install/cluster_splitter:/opt/ros/humble LD_LIBRARY_PATH=/home/aiv/ev_ws/install/t870_util/lib:/home/aiv/ev_ws/install/t870_msgs/lib:${LD_LIBRARY_PATH} PYTHONPATH=/home/aiv/ev_ws/install/t870_msgs/local/lib/python3.10/dist-packages:${PYTHONPATH} /usr/bin/cmake --install /home/aiv/ev_ws/build/t870_rqt_plugin
[15.022s] Level 1:colcon.colcon_core.environment:create_environment_scripts_only(t870_rqt_plugin)
[15.023s] DEBUG:colcon.colcon_core.event_handler.log_command:Invoked command in '/home/aiv/ev_ws/build/t870_rqt_plugin' returned '0': AMENT_PREFIX_PATH=/home/aiv/ev_ws/install/t870_util:/home/aiv/ev_ws/install/t870_msgs:/home/aiv/ev_ws/install/t870_cmake:${AMENT_PREFIX_PATH} CMAKE_PREFIX_PATH=/home/aiv/ev_ws/install/t870_util:/home/aiv/ev_ws/install/t870_msgs:/home/aiv/ev_ws/install/t870_cmake:/home/aiv/ev_ws/carsa_gazebo/install/carsa_gazebo:/home/aiv/ev_ws/planning/install/chaining_costmap_ver:/home/aiv/ev_ws/ev_msgs/install/ev_msgs:/home/aiv/ev_ws/erp42_ros/install/erp42_serial:/home/aiv/ev_ws/erp42_ros/install/erp42_rqt_plugin:/home/aiv/ev_ws/erp42_ros/install/erp42_gazebo:/home/aiv/ev_ws/erp42_ros/install/erp42_util:/home/aiv/ev_ws/erp42_ros/install/erp42_msgs:/home/aiv/ev_ws/erp42_ros/install/erp42_description:/home/aiv/ev_ws/erp42_ros/install/erp42_cmake:/home/aiv/ev_ws/perception/install/velodyne:/home/aiv/ev_ws/perception/install/lidar_launch:/home/aiv/ev_ws/perception/install/velodyne_pointcloud:/home/aiv/ev_ws/perception/install/velodyne_driver:/home/aiv/ev_ws/perception/install/velodyne_msgs:/home/aiv/ev_ws/perception/install/velodyne_cropbox:/home/aiv/ev_ws/perception/install/patchworkpp:/home/aiv/ev_ws/perception/install/make_bbox:/home/aiv/ev_ws/perception/install/lidar_voxel_grid:/home/aiv/ev_ws/perception/install/dbscan_clustering:/home/aiv/ev_ws/perception/install/cluster_splitter:/opt/ros/humble LD_LIBRARY_PATH=/home/aiv/ev_ws/install/t870_util/lib:/home/aiv/ev_ws/install/t870_msgs/lib:${LD_LIBRARY_PATH} PYTHONPATH=/home/aiv/ev_ws/install/t870_msgs/local/lib/python3.10/dist-packages:${PYTHONPATH} /usr/bin/cmake --install /home/aiv/ev_ws/build/t870_rqt_plugin
[15.023s] Level 1:colcon.colcon_core.environment:checking '/home/aiv/ev_ws/install/t870_rqt_plugin' for CMake module files
[15.024s] Level 1:colcon.colcon_core.environment:checking '/home/aiv/ev_ws/install/t870_rqt_plugin' for CMake config files
[15.024s] Level 1:colcon.colcon_core.shell:create_environment_hook('t870_rqt_plugin', 'cmake_prefix_path')
[15.025s] INFO:colcon.colcon_core.shell:Creating environment hook '/home/aiv/ev_ws/install/t870_rqt_plugin/share/t870_rqt_plugin/hook/cmake_prefix_path.ps1'
[15.025s] INFO:colcon.colcon_core.shell:Creating environment descriptor '/home/aiv/ev_ws/install/t870_rqt_plugin/share/t870_rqt_plugin/hook/cmake_prefix_path.dsv'
[15.025s] INFO:colcon.colcon_core.shell:Creating environment hook '/home/aiv/ev_ws/install/t870_rqt_plugin/share/t870_rqt_plugin/hook/cmake_prefix_path.sh'
[15.026s] Level 1:colcon.colcon_core.environment:checking '/home/aiv/ev_ws/install/t870_rqt_plugin/lib'
[15.026s] Level 1:colcon.colcon_core.shell:create_environment_hook('t870_rqt_plugin', 'ld_library_path_lib')
[15.026s] INFO:colcon.colcon_core.shell:Creating environment hook '/home/aiv/ev_ws/install/t870_rqt_plugin/share/t870_rqt_plugin/hook/ld_library_path_lib.ps1'
[15.026s] INFO:colcon.colcon_core.shell:Creating environment descriptor '/home/aiv/ev_ws/install/t870_rqt_plugin/share/t870_rqt_plugin/hook/ld_library_path_lib.dsv'
[15.026s] INFO:colcon.colcon_core.shell:Creating environment hook '/home/aiv/ev_ws/install/t870_rqt_plugin/share/t870_rqt_plugin/hook/ld_library_path_lib.sh'
[15.027s] Level 1:colcon.colcon_core.environment:checking '/home/aiv/ev_ws/install/t870_rqt_plugin/bin'
[15.027s] Level 1:colcon.colcon_core.environment:checking '/home/aiv/ev_ws/install/t870_rqt_plugin/lib/pkgconfig/t870_rqt_plugin.pc'
[15.027s] Level 1:colcon.colcon_core.environment:checking '/home/aiv/ev_ws/install/t870_rqt_plugin/lib/python3.10/site-packages'
[15.027s] Level 1:colcon.colcon_core.environment:checking '/home/aiv/ev_ws/install/t870_rqt_plugin/bin'
[15.027s] INFO:colcon.colcon_core.shell:Creating package script '/home/aiv/ev_ws/install/t870_rqt_plugin/share/t870_rqt_plugin/package.ps1'
[15.028s] INFO:colcon.colcon_core.shell:Creating package descriptor '/home/aiv/ev_ws/install/t870_rqt_plugin/share/t870_rqt_plugin/package.dsv'
[15.028s] INFO:colcon.colcon_core.shell:Creating package script '/home/aiv/ev_ws/install/t870_rqt_plugin/share/t870_rqt_plugin/package.sh'
[15.028s] INFO:colcon.colcon_core.shell:Creating package script '/home/aiv/ev_ws/install/t870_rqt_plugin/share/t870_rqt_plugin/package.bash'
[15.029s] INFO:colcon.colcon_core.shell:Creating package script '/home/aiv/ev_ws/install/t870_rqt_plugin/share/t870_rqt_plugin/package.zsh'
[15.029s] Level 1:colcon.colcon_core.environment:create_file_with_runtime_dependencies(/home/aiv/ev_ws/install/t870_rqt_plugin/share/colcon-core/packages/t870_rqt_plugin)
[15.029s] Level 1:colcon.colcon_core.environment:create_environment_scripts_only(t870_rqt_plugin)
[15.030s] Level 1:colcon.colcon_core.environment:checking '/home/aiv/ev_ws/install/t870_rqt_plugin' for CMake module files
[15.030s] Level 1:colcon.colcon_core.environment:checking '/home/aiv/ev_ws/install/t870_rqt_plugin' for CMake config files
[15.030s] Level 1:colcon.colcon_core.shell:create_environment_hook('t870_rqt_plugin', 'cmake_prefix_path')
[15.030s] INFO:colcon.colcon_core.shell:Creating environment hook '/home/aiv/ev_ws/install/t870_rqt_plugin/share/t870_rqt_plugin/hook/cmake_prefix_path.ps1'
[15.031s] INFO:colcon.colcon_core.shell:Creating environment descriptor '/home/aiv/ev_ws/install/t870_rqt_plugin/share/t870_rqt_plugin/hook/cmake_prefix_path.dsv'
[15.031s] INFO:colcon.colcon_core.shell:Creating environment hook '/home/aiv/ev_ws/install/t870_rqt_plugin/share/t870_rqt_plugin/hook/cmake_prefix_path.sh'
[15.031s] Level 1:colcon.colcon_core.environment:checking '/home/aiv/ev_ws/install/t870_rqt_plugin/lib'
[15.032s] Level 1:colcon.colcon_core.shell:create_environment_hook('t870_rqt_plugin', 'ld_library_path_lib')
[15.032s] INFO:colcon.colcon_core.shell:Creating environment hook '/home/aiv/ev_ws/install/t870_rqt_plugin/share/t870_rqt_plugin/hook/ld_library_path_lib.ps1'
[15.032s] INFO:colcon.colcon_core.shell:Creating environment descriptor '/home/aiv/ev_ws/install/t870_rqt_plugin/share/t870_rqt_plugin/hook/ld_library_path_lib.dsv'
[15.032s] INFO:colcon.colcon_core.shell:Creating environment hook '/home/aiv/ev_ws/install/t870_rqt_plugin/share/t870_rqt_plugin/hook/ld_library_path_lib.sh'
[15.032s] Level 1:colcon.colcon_core.environment:checking '/home/aiv/ev_ws/install/t870_rqt_plugin/bin'
[15.033s] Level 1:colcon.colcon_core.environment:checking '/home/aiv/ev_ws/install/t870_rqt_plugin/lib/pkgconfig/t870_rqt_plugin.pc'
[15.033s] Level 1:colcon.colcon_core.environment:checking '/home/aiv/ev_ws/install/t870_rqt_plugin/lib/python3.10/site-packages'
[15.033s] Level 1:colcon.colcon_core.environment:checking '/home/aiv/ev_ws/install/t870_rqt_plugin/bin'
[15.033s] INFO:colcon.colcon_core.shell:Creating package script '/home/aiv/ev_ws/install/t870_rqt_plugin/share/t870_rqt_plugin/package.ps1'
[15.034s] INFO:colcon.colcon_core.shell:Creating package descriptor '/home/aiv/ev_ws/install/t870_rqt_plugin/share/t870_rqt_plugin/package.dsv'
[15.034s] INFO:colcon.colcon_core.shell:Creating package script '/home/aiv/ev_ws/install/t870_rqt_plugin/share/t870_rqt_plugin/package.sh'
[15.034s] INFO:colcon.colcon_core.shell:Creating package script '/home/aiv/ev_ws/install/t870_rqt_plugin/share/t870_rqt_plugin/package.bash'
[15.035s] INFO:colcon.colcon_core.shell:Creating package script '/home/aiv/ev_ws/install/t870_rqt_plugin/share/t870_rqt_plugin/package.zsh'
[15.035s] Level 1:colcon.colcon_core.environment:create_file_with_runtime_dependencies(/home/aiv/ev_ws/install/t870_rqt_plugin/share/colcon-core/packages/t870_rqt_plugin)
[15.330s] DEBUG:colcon.colcon_core.event_handler.log_command:Invoked command in '/home/aiv/ev_ws/build/make_bbox' returned '0': AMENT_PREFIX_PATH=/home/aiv/ev_ws/install/ev_msgs:${AMENT_PREFIX_PATH} CMAKE_PREFIX_PATH=/home/aiv/ev_ws/install/ev_msgs:/home/aiv/ev_ws/carsa_gazebo/install/carsa_gazebo:/home/aiv/ev_ws/planning/install/chaining_costmap_ver:/home/aiv/ev_ws/ev_msgs/install/ev_msgs:/home/aiv/ev_ws/erp42_ros/install/erp42_serial:/home/aiv/ev_ws/erp42_ros/install/erp42_rqt_plugin:/home/aiv/ev_ws/erp42_ros/install/erp42_gazebo:/home/aiv/ev_ws/erp42_ros/install/erp42_util:/home/aiv/ev_ws/erp42_ros/install/erp42_msgs:/home/aiv/ev_ws/erp42_ros/install/erp42_description:/home/aiv/ev_ws/erp42_ros/install/erp42_cmake:/home/aiv/ev_ws/perception/install/velodyne:/home/aiv/ev_ws/perception/install/lidar_launch:/home/aiv/ev_ws/perception/install/velodyne_pointcloud:/home/aiv/ev_ws/perception/install/velodyne_driver:/home/aiv/ev_ws/perception/install/velodyne_msgs:/home/aiv/ev_ws/perception/install/velodyne_cropbox:/home/aiv/ev_ws/perception/install/patchworkpp:/home/aiv/ev_ws/perception/install/make_bbox:/home/aiv/ev_ws/perception/install/lidar_voxel_grid:/home/aiv/ev_ws/perception/install/dbscan_clustering:/home/aiv/ev_ws/perception/install/cluster_splitter:/opt/ros/humble LD_LIBRARY_PATH=/home/aiv/ev_ws/install/ev_msgs/lib:${LD_LIBRARY_PATH} PYTHONPATH=/home/aiv/ev_ws/install/ev_msgs/local/lib/python3.10/dist-packages:${PYTHONPATH} /usr/bin/cmake --build /home/aiv/ev_ws/build/make_bbox -- -j28 -l28
[15.331s] DEBUG:colcon.colcon_core.event_handler.log_command:Invoking command in '/home/aiv/ev_ws/build/make_bbox': AMENT_PREFIX_PATH=/home/aiv/ev_ws/install/ev_msgs:${AMENT_PREFIX_PATH} CMAKE_PREFIX_PATH=/home/aiv/ev_ws/install/ev_msgs:/home/aiv/ev_ws/carsa_gazebo/install/carsa_gazebo:/home/aiv/ev_ws/planning/install/chaining_costmap_ver:/home/aiv/ev_ws/ev_msgs/install/ev_msgs:/home/aiv/ev_ws/erp42_ros/install/erp42_serial:/home/aiv/ev_ws/erp42_ros/install/erp42_rqt_plugin:/home/aiv/ev_ws/erp42_ros/install/erp42_gazebo:/home/aiv/ev_ws/erp42_ros/install/erp42_util:/home/aiv/ev_ws/erp42_ros/install/erp42_msgs:/home/aiv/ev_ws/erp42_ros/install/erp42_description:/home/aiv/ev_ws/erp42_ros/install/erp42_cmake:/home/aiv/ev_ws/perception/install/velodyne:/home/aiv/ev_ws/perception/install/lidar_launch:/home/aiv/ev_ws/perception/install/velodyne_pointcloud:/home/aiv/ev_ws/perception/install/velodyne_driver:/home/aiv/ev_ws/perception/install/velodyne_msgs:/home/aiv/ev_ws/perception/install/velodyne_cropbox:/home/aiv/ev_ws/perception/install/patchworkpp:/home/aiv/ev_ws/perception/install/make_bbox:/home/aiv/ev_ws/perception/install/lidar_voxel_grid:/home/aiv/ev_ws/perception/install/dbscan_clustering:/home/aiv/ev_ws/perception/install/cluster_splitter:/opt/ros/humble LD_LIBRARY_PATH=/home/aiv/ev_ws/install/ev_msgs/lib:${LD_LIBRARY_PATH} PYTHONPATH=/home/aiv/ev_ws/install/ev_msgs/local/lib/python3.10/dist-packages:${PYTHONPATH} /usr/bin/cmake --install /home/aiv/ev_ws/build/make_bbox
[15.495s] Level 1:colcon.colcon_core.environment:create_environment_scripts_only(make_bbox)
[15.495s] Level 1:colcon.colcon_core.environment:checking '/home/aiv/ev_ws/install/make_bbox' for CMake module files
[15.495s] DEBUG:colcon.colcon_core.event_handler.log_command:Invoked command in '/home/aiv/ev_ws/build/make_bbox' returned '0': AMENT_PREFIX_PATH=/home/aiv/ev_ws/install/ev_msgs:${AMENT_PREFIX_PATH} CMAKE_PREFIX_PATH=/home/aiv/ev_ws/install/ev_msgs:/home/aiv/ev_ws/carsa_gazebo/install/carsa_gazebo:/home/aiv/ev_ws/planning/install/chaining_costmap_ver:/home/aiv/ev_ws/ev_msgs/install/ev_msgs:/home/aiv/ev_ws/erp42_ros/install/erp42_serial:/home/aiv/ev_ws/erp42_ros/install/erp42_rqt_plugin:/home/aiv/ev_ws/erp42_ros/install/erp42_gazebo:/home/aiv/ev_ws/erp42_ros/install/erp42_util:/home/aiv/ev_ws/erp42_ros/install/erp42_msgs:/home/aiv/ev_ws/erp42_ros/install/erp42_description:/home/aiv/ev_ws/erp42_ros/install/erp42_cmake:/home/aiv/ev_ws/perception/install/velodyne:/home/aiv/ev_ws/perception/install/lidar_launch:/home/aiv/ev_ws/perception/install/velodyne_pointcloud:/home/aiv/ev_ws/perception/install/velodyne_driver:/home/aiv/ev_ws/perception/install/velodyne_msgs:/home/aiv/ev_ws/perception/install/velodyne_cropbox:/home/aiv/ev_ws/perception/install/patchworkpp:/home/aiv/ev_ws/perception/install/make_bbox:/home/aiv/ev_ws/perception/install/lidar_voxel_grid:/home/aiv/ev_ws/perception/install/dbscan_clustering:/home/aiv/ev_ws/perception/install/cluster_splitter:/opt/ros/humble LD_LIBRARY_PATH=/home/aiv/ev_ws/install/ev_msgs/lib:${LD_LIBRARY_PATH} PYTHONPATH=/home/aiv/ev_ws/install/ev_msgs/local/lib/python3.10/dist-packages:${PYTHONPATH} /usr/bin/cmake --install /home/aiv/ev_ws/build/make_bbox
[15.496s] Level 1:colcon.colcon_core.environment:checking '/home/aiv/ev_ws/install/make_bbox' for CMake config files
[15.496s] Level 1:colcon.colcon_core.shell:create_environment_hook('make_bbox', 'cmake_prefix_path')
[15.496s] INFO:colcon.colcon_core.shell:Creating environment hook '/home/aiv/ev_ws/install/make_bbox/share/make_bbox/hook/cmake_prefix_path.ps1'
[15.496s] INFO:colcon.colcon_core.shell:Creating environment descriptor '/home/aiv/ev_ws/install/make_bbox/share/make_bbox/hook/cmake_prefix_path.dsv'
[15.497s] INFO:colcon.colcon_core.shell:Creating environment hook '/home/aiv/ev_ws/install/make_bbox/share/make_bbox/hook/cmake_prefix_path.sh'
[15.497s] Level 1:colcon.colcon_core.environment:checking '/home/aiv/ev_ws/install/make_bbox/lib'
[15.497s] Level 1:colcon.colcon_core.shell:create_environment_hook('make_bbox', 'ld_library_path_lib')
[15.497s] INFO:colcon.colcon_core.shell:Creating environment hook '/home/aiv/ev_ws/install/make_bbox/share/make_bbox/hook/ld_library_path_lib.ps1'
[15.497s] INFO:colcon.colcon_core.shell:Creating environment descriptor '/home/aiv/ev_ws/install/make_bbox/share/make_bbox/hook/ld_library_path_lib.dsv'
[15.498s] INFO:colcon.colcon_core.shell:Creating environment hook '/home/aiv/ev_ws/install/make_bbox/share/make_bbox/hook/ld_library_path_lib.sh'
[15.498s] Level 1:colcon.colcon_core.environment:checking '/home/aiv/ev_ws/install/make_bbox/bin'
[15.498s] Level 1:colcon.colcon_core.environment:checking '/home/aiv/ev_ws/install/make_bbox/lib/pkgconfig/make_bbox.pc'
[15.498s] Level 1:colcon.colcon_core.environment:checking '/home/aiv/ev_ws/install/make_bbox/lib/python3.10/site-packages'
[15.498s] Level 1:colcon.colcon_core.environment:checking '/home/aiv/ev_ws/install/make_bbox/bin'
[15.499s] INFO:colcon.colcon_core.shell:Creating package script '/home/aiv/ev_ws/install/make_bbox/share/make_bbox/package.ps1'
[15.499s] INFO:colcon.colcon_core.shell:Creating package descriptor '/home/aiv/ev_ws/install/make_bbox/share/make_bbox/package.dsv'
[15.499s] INFO:colcon.colcon_core.shell:Creating package script '/home/aiv/ev_ws/install/make_bbox/share/make_bbox/package.sh'
[15.500s] INFO:colcon.colcon_core.shell:Creating package script '/home/aiv/ev_ws/install/make_bbox/share/make_bbox/package.bash'
[15.500s] INFO:colcon.colcon_core.shell:Creating package script '/home/aiv/ev_ws/install/make_bbox/share/make_bbox/package.zsh'
[15.500s] Level 1:colcon.colcon_core.environment:create_file_with_runtime_dependencies(/home/aiv/ev_ws/install/make_bbox/share/colcon-core/packages/make_bbox)
[15.501s] Level 1:colcon.colcon_core.environment:create_environment_scripts_only(make_bbox)
[15.501s] Level 1:colcon.colcon_core.environment:checking '/home/aiv/ev_ws/install/make_bbox' for CMake module files
[15.501s] Level 1:colcon.colcon_core.environment:checking '/home/aiv/ev_ws/install/make_bbox' for CMake config files
[15.501s] Level 1:colcon.colcon_core.shell:create_environment_hook('make_bbox', 'cmake_prefix_path')
[15.502s] INFO:colcon.colcon_core.shell:Creating environment hook '/home/aiv/ev_ws/install/make_bbox/share/make_bbox/hook/cmake_prefix_path.ps1'
[15.502s] INFO:colcon.colcon_core.shell:Creating environment descriptor '/home/aiv/ev_ws/install/make_bbox/share/make_bbox/hook/cmake_prefix_path.dsv'
[15.502s] INFO:colcon.colcon_core.shell:Creating environment hook '/home/aiv/ev_ws/install/make_bbox/share/make_bbox/hook/cmake_prefix_path.sh'
[15.503s] Level 1:colcon.colcon_core.environment:checking '/home/aiv/ev_ws/install/make_bbox/lib'
[15.503s] Level 1:colcon.colcon_core.shell:create_environment_hook('make_bbox', 'ld_library_path_lib')
[15.503s] INFO:colcon.colcon_core.shell:Creating environment hook '/home/aiv/ev_ws/install/make_bbox/share/make_bbox/hook/ld_library_path_lib.ps1'
[15.503s] INFO:colcon.colcon_core.shell:Creating environment descriptor '/home/aiv/ev_ws/install/make_bbox/share/make_bbox/hook/ld_library_path_lib.dsv'
[15.503s] INFO:colcon.colcon_core.shell:Creating environment hook '/home/aiv/ev_ws/install/make_bbox/share/make_bbox/hook/ld_library_path_lib.sh'
[15.504s] Level 1:colcon.colcon_core.environment:checking '/home/aiv/ev_ws/install/make_bbox/bin'
[15.504s] Level 1:colcon.colcon_core.environment:checking '/home/aiv/ev_ws/install/make_bbox/lib/pkgconfig/make_bbox.pc'
[15.504s] Level 1:colcon.colcon_core.environment:checking '/home/aiv/ev_ws/install/make_bbox/lib/python3.10/site-packages'
[15.504s] Level 1:colcon.colcon_core.environment:checking '/home/aiv/ev_ws/install/make_bbox/bin'
[15.504s] INFO:colcon.colcon_core.shell:Creating package script '/home/aiv/ev_ws/install/make_bbox/share/make_bbox/package.ps1'
[15.505s] INFO:colcon.colcon_core.shell:Creating package descriptor '/home/aiv/ev_ws/install/make_bbox/share/make_bbox/package.dsv'
[15.505s] INFO:colcon.colcon_core.shell:Creating package script '/home/aiv/ev_ws/install/make_bbox/share/make_bbox/package.sh'
[15.505s] INFO:colcon.colcon_core.shell:Creating package script '/home/aiv/ev_ws/install/make_bbox/share/make_bbox/package.bash'
[15.506s] INFO:colcon.colcon_core.shell:Creating package script '/home/aiv/ev_ws/install/make_bbox/share/make_bbox/package.zsh'
[15.506s] Level 1:colcon.colcon_core.environment:create_file_with_runtime_dependencies(/home/aiv/ev_ws/install/make_bbox/share/colcon-core/packages/make_bbox)
[16.121s] DEBUG:colcon.colcon_core.event_handler.log_command:Invoked command in '/home/aiv/ev_ws/build/t870_serial' returned '0': AMENT_PREFIX_PATH=/home/aiv/ev_ws/install/t870_util:/home/aiv/ev_ws/install/t870_msgs:/home/aiv/ev_ws/install/t870_cmake:${AMENT_PREFIX_PATH} CMAKE_PREFIX_PATH=/home/aiv/ev_ws/install/t870_util:/home/aiv/ev_ws/install/t870_msgs:/home/aiv/ev_ws/install/t870_cmake:/home/aiv/ev_ws/carsa_gazebo/install/carsa_gazebo:/home/aiv/ev_ws/planning/install/chaining_costmap_ver:/home/aiv/ev_ws/ev_msgs/install/ev_msgs:/home/aiv/ev_ws/erp42_ros/install/erp42_serial:/home/aiv/ev_ws/erp42_ros/install/erp42_rqt_plugin:/home/aiv/ev_ws/erp42_ros/install/erp42_gazebo:/home/aiv/ev_ws/erp42_ros/install/erp42_util:/home/aiv/ev_ws/erp42_ros/install/erp42_msgs:/home/aiv/ev_ws/erp42_ros/install/erp42_description:/home/aiv/ev_ws/erp42_ros/install/erp42_cmake:/home/aiv/ev_ws/perception/install/velodyne:/home/aiv/ev_ws/perception/install/lidar_launch:/home/aiv/ev_ws/perception/install/velodyne_pointcloud:/home/aiv/ev_ws/perception/install/velodyne_driver:/home/aiv/ev_ws/perception/install/velodyne_msgs:/home/aiv/ev_ws/perception/install/velodyne_cropbox:/home/aiv/ev_ws/perception/install/patchworkpp:/home/aiv/ev_ws/perception/install/make_bbox:/home/aiv/ev_ws/perception/install/lidar_voxel_grid:/home/aiv/ev_ws/perception/install/dbscan_clustering:/home/aiv/ev_ws/perception/install/cluster_splitter:/opt/ros/humble LD_LIBRARY_PATH=/home/aiv/ev_ws/install/t870_util/lib:/home/aiv/ev_ws/install/t870_msgs/lib:${LD_LIBRARY_PATH} PYTHONPATH=/home/aiv/ev_ws/install/t870_msgs/local/lib/python3.10/dist-packages:${PYTHONPATH} /usr/bin/cmake --build /home/aiv/ev_ws/build/t870_serial -- -j28 -l28
[16.122s] DEBUG:colcon.colcon_core.event_handler.log_command:Invoking command in '/home/aiv/ev_ws/build/t870_serial': AMENT_PREFIX_PATH=/home/aiv/ev_ws/install/t870_util:/home/aiv/ev_ws/install/t870_msgs:/home/aiv/ev_ws/install/t870_cmake:${AMENT_PREFIX_PATH} CMAKE_PREFIX_PATH=/home/aiv/ev_ws/install/t870_util:/home/aiv/ev_ws/install/t870_msgs:/home/aiv/ev_ws/install/t870_cmake:/home/aiv/ev_ws/carsa_gazebo/install/carsa_gazebo:/home/aiv/ev_ws/planning/install/chaining_costmap_ver:/home/aiv/ev_ws/ev_msgs/install/ev_msgs:/home/aiv/ev_ws/erp42_ros/install/erp42_serial:/home/aiv/ev_ws/erp42_ros/install/erp42_rqt_plugin:/home/aiv/ev_ws/erp42_ros/install/erp42_gazebo:/home/aiv/ev_ws/erp42_ros/install/erp42_util:/home/aiv/ev_ws/erp42_ros/install/erp42_msgs:/home/aiv/ev_ws/erp42_ros/install/erp42_description:/home/aiv/ev_ws/erp42_ros/install/erp42_cmake:/home/aiv/ev_ws/perception/install/velodyne:/home/aiv/ev_ws/perception/install/lidar_launch:/home/aiv/ev_ws/perception/install/velodyne_pointcloud:/home/aiv/ev_ws/perception/install/velodyne_driver:/home/aiv/ev_ws/perception/install/velodyne_msgs:/home/aiv/ev_ws/perception/install/velodyne_cropbox:/home/aiv/ev_ws/perception/install/patchworkpp:/home/aiv/ev_ws/perception/install/make_bbox:/home/aiv/ev_ws/perception/install/lidar_voxel_grid:/home/aiv/ev_ws/perception/install/dbscan_clustering:/home/aiv/ev_ws/perception/install/cluster_splitter:/opt/ros/humble LD_LIBRARY_PATH=/home/aiv/ev_ws/install/t870_util/lib:/home/aiv/ev_ws/install/t870_msgs/lib:${LD_LIBRARY_PATH} PYTHONPATH=/home/aiv/ev_ws/install/t870_msgs/local/lib/python3.10/dist-packages:${PYTHONPATH} /usr/bin/cmake --install /home/aiv/ev_ws/build/t870_serial
[16.232s] DEBUG:colcon.colcon_core.event_handler.log_command:Invoked command in '/home/aiv/ev_ws/build/lidar_voxel_grid' returned '0': CMAKE_PREFIX_PATH=${CMAKE_PREFIX_PATH}:/opt/ros/humble /usr/bin/cmake --build /home/aiv/ev_ws/build/lidar_voxel_grid -- -j28 -l28
[16.233s] DEBUG:colcon.colcon_core.event_handler.log_command:Invoking command in '/home/aiv/ev_ws/build/lidar_voxel_grid': CMAKE_PREFIX_PATH=${CMAKE_PREFIX_PATH}:/opt/ros/humble /usr/bin/cmake --install /home/aiv/ev_ws/build/lidar_voxel_grid
[16.361s] Level 1:colcon.colcon_core.environment:create_environment_scripts_only(t870_serial)
[16.361s] Level 1:colcon.colcon_core.environment:checking '/home/aiv/ev_ws/install/t870_serial' for CMake module files
[16.362s] DEBUG:colcon.colcon_core.event_handler.log_command:Invoked command in '/home/aiv/ev_ws/build/t870_serial' returned '0': AMENT_PREFIX_PATH=/home/aiv/ev_ws/install/t870_util:/home/aiv/ev_ws/install/t870_msgs:/home/aiv/ev_ws/install/t870_cmake:${AMENT_PREFIX_PATH} CMAKE_PREFIX_PATH=/home/aiv/ev_ws/install/t870_util:/home/aiv/ev_ws/install/t870_msgs:/home/aiv/ev_ws/install/t870_cmake:/home/aiv/ev_ws/carsa_gazebo/install/carsa_gazebo:/home/aiv/ev_ws/planning/install/chaining_costmap_ver:/home/aiv/ev_ws/ev_msgs/install/ev_msgs:/home/aiv/ev_ws/erp42_ros/install/erp42_serial:/home/aiv/ev_ws/erp42_ros/install/erp42_rqt_plugin:/home/aiv/ev_ws/erp42_ros/install/erp42_gazebo:/home/aiv/ev_ws/erp42_ros/install/erp42_util:/home/aiv/ev_ws/erp42_ros/install/erp42_msgs:/home/aiv/ev_ws/erp42_ros/install/erp42_description:/home/aiv/ev_ws/erp42_ros/install/erp42_cmake:/home/aiv/ev_ws/perception/install/velodyne:/home/aiv/ev_ws/perception/install/lidar_launch:/home/aiv/ev_ws/perception/install/velodyne_pointcloud:/home/aiv/ev_ws/perception/install/velodyne_driver:/home/aiv/ev_ws/perception/install/velodyne_msgs:/home/aiv/ev_ws/perception/install/velodyne_cropbox:/home/aiv/ev_ws/perception/install/patchworkpp:/home/aiv/ev_ws/perception/install/make_bbox:/home/aiv/ev_ws/perception/install/lidar_voxel_grid:/home/aiv/ev_ws/perception/install/dbscan_clustering:/home/aiv/ev_ws/perception/install/cluster_splitter:/opt/ros/humble LD_LIBRARY_PATH=/home/aiv/ev_ws/install/t870_util/lib:/home/aiv/ev_ws/install/t870_msgs/lib:${LD_LIBRARY_PATH} PYTHONPATH=/home/aiv/ev_ws/install/t870_msgs/local/lib/python3.10/dist-packages:${PYTHONPATH} /usr/bin/cmake --install /home/aiv/ev_ws/build/t870_serial
[16.362s] Level 1:colcon.colcon_core.environment:checking '/home/aiv/ev_ws/install/t870_serial' for CMake config files
[16.362s] Level 1:colcon.colcon_core.shell:create_environment_hook('t870_serial', 'cmake_prefix_path')
[16.362s] INFO:colcon.colcon_core.shell:Creating environment hook '/home/aiv/ev_ws/install/t870_serial/share/t870_serial/hook/cmake_prefix_path.ps1'
[16.363s] INFO:colcon.colcon_core.shell:Creating environment descriptor '/home/aiv/ev_ws/install/t870_serial/share/t870_serial/hook/cmake_prefix_path.dsv'
[16.363s] INFO:colcon.colcon_core.shell:Creating environment hook '/home/aiv/ev_ws/install/t870_serial/share/t870_serial/hook/cmake_prefix_path.sh'
[16.364s] Level 1:colcon.colcon_core.environment:checking '/home/aiv/ev_ws/install/t870_serial/lib'
[16.364s] Level 1:colcon.colcon_core.shell:create_environment_hook('t870_serial', 'ld_library_path_lib')
[16.364s] INFO:colcon.colcon_core.shell:Creating environment hook '/home/aiv/ev_ws/install/t870_serial/share/t870_serial/hook/ld_library_path_lib.ps1'
[16.364s] INFO:colcon.colcon_core.shell:Creating environment descriptor '/home/aiv/ev_ws/install/t870_serial/share/t870_serial/hook/ld_library_path_lib.dsv'
[16.365s] INFO:colcon.colcon_core.shell:Creating environment hook '/home/aiv/ev_ws/install/t870_serial/share/t870_serial/hook/ld_library_path_lib.sh'
[16.365s] Level 1:colcon.colcon_core.environment:checking '/home/aiv/ev_ws/install/t870_serial/bin'
[16.365s] Level 1:colcon.colcon_core.environment:checking '/home/aiv/ev_ws/install/t870_serial/lib/pkgconfig/t870_serial.pc'
[16.365s] Level 1:colcon.colcon_core.environment:checking '/home/aiv/ev_ws/install/t870_serial/lib/python3.10/site-packages'
[16.365s] Level 1:colcon.colcon_core.environment:checking '/home/aiv/ev_ws/install/t870_serial/bin'
[16.366s] INFO:colcon.colcon_core.shell:Creating package script '/home/aiv/ev_ws/install/t870_serial/share/t870_serial/package.ps1'
[16.366s] INFO:colcon.colcon_core.shell:Creating package descriptor '/home/aiv/ev_ws/install/t870_serial/share/t870_serial/package.dsv'
[16.367s] INFO:colcon.colcon_core.shell:Creating package script '/home/aiv/ev_ws/install/t870_serial/share/t870_serial/package.sh'
[16.367s] INFO:colcon.colcon_core.shell:Creating package script '/home/aiv/ev_ws/install/t870_serial/share/t870_serial/package.bash'
[16.367s] INFO:colcon.colcon_core.shell:Creating package script '/home/aiv/ev_ws/install/t870_serial/share/t870_serial/package.zsh'
[16.367s] Level 1:colcon.colcon_core.environment:create_file_with_runtime_dependencies(/home/aiv/ev_ws/install/t870_serial/share/colcon-core/packages/t870_serial)
[16.368s] Level 1:colcon.colcon_core.environment:create_environment_scripts_only(t870_serial)
[16.368s] Level 1:colcon.colcon_core.environment:checking '/home/aiv/ev_ws/install/t870_serial' for CMake module files
[16.369s] Level 1:colcon.colcon_core.environment:checking '/home/aiv/ev_ws/install/t870_serial' for CMake config files
[16.369s] Level 1:colcon.colcon_core.shell:create_environment_hook('t870_serial', 'cmake_prefix_path')
[16.369s] INFO:colcon.colcon_core.shell:Creating environment hook '/home/aiv/ev_ws/install/t870_serial/share/t870_serial/hook/cmake_prefix_path.ps1'
[16.370s] INFO:colcon.colcon_core.shell:Creating environment descriptor '/home/aiv/ev_ws/install/t870_serial/share/t870_serial/hook/cmake_prefix_path.dsv'
[16.370s] INFO:colcon.colcon_core.shell:Creating environment hook '/home/aiv/ev_ws/install/t870_serial/share/t870_serial/hook/cmake_prefix_path.sh'
[16.371s] Level 1:colcon.colcon_core.environment:checking '/home/aiv/ev_ws/install/t870_serial/lib'
[16.371s] Level 1:colcon.colcon_core.shell:create_environment_hook('t870_serial', 'ld_library_path_lib')
[16.371s] INFO:colcon.colcon_core.shell:Creating environment hook '/home/aiv/ev_ws/install/t870_serial/share/t870_serial/hook/ld_library_path_lib.ps1'
[16.371s] INFO:colcon.colcon_core.shell:Creating environment descriptor '/home/aiv/ev_ws/install/t870_serial/share/t870_serial/hook/ld_library_path_lib.dsv'
[16.372s] INFO:colcon.colcon_core.shell:Creating environment hook '/home/aiv/ev_ws/install/t870_serial/share/t870_serial/hook/ld_library_path_lib.sh'
[16.372s] Level 1:colcon.colcon_core.environment:checking '/home/aiv/ev_ws/install/t870_serial/bin'
[16.372s] Level 1:colcon.colcon_core.environment:checking '/home/aiv/ev_ws/install/t870_serial/lib/pkgconfig/t870_serial.pc'
[16.372s] Level 1:colcon.colcon_core.environment:checking '/home/aiv/ev_ws/install/t870_serial/lib/python3.10/site-packages'
[16.372s] Level 1:colcon.colcon_core.environment:checking '/home/aiv/ev_ws/install/t870_serial/bin'
[16.373s] INFO:colcon.colcon_core.shell:Creating package script '/home/aiv/ev_ws/install/t870_serial/share/t870_serial/package.ps1'
[16.373s] INFO:colcon.colcon_core.shell:Creating package descriptor '/home/aiv/ev_ws/install/t870_serial/share/t870_serial/package.dsv'
[16.373s] INFO:colcon.colcon_core.shell:Creating package script '/home/aiv/ev_ws/install/t870_serial/share/t870_serial/package.sh'
[16.374s] INFO:colcon.colcon_core.shell:Creating package script '/home/aiv/ev_ws/install/t870_serial/share/t870_serial/package.bash'
[16.374s] INFO:colcon.colcon_core.shell:Creating package script '/home/aiv/ev_ws/install/t870_serial/share/t870_serial/package.zsh'
[16.374s] Level 1:colcon.colcon_core.environment:create_file_with_runtime_dependencies(/home/aiv/ev_ws/install/t870_serial/share/colcon-core/packages/t870_serial)
[16.403s] Level 1:colcon.colcon_core.environment:create_environment_scripts_only(lidar_voxel_grid)
[16.403s] Level 1:colcon.colcon_core.environment:checking '/home/aiv/ev_ws/install/lidar_voxel_grid' for CMake module files
[16.403s] DEBUG:colcon.colcon_core.event_handler.log_command:Invoked command in '/home/aiv/ev_ws/build/lidar_voxel_grid' returned '0': CMAKE_PREFIX_PATH=${CMAKE_PREFIX_PATH}:/opt/ros/humble /usr/bin/cmake --install /home/aiv/ev_ws/build/lidar_voxel_grid
[16.403s] Level 1:colcon.colcon_core.environment:checking '/home/aiv/ev_ws/install/lidar_voxel_grid' for CMake config files
[16.404s] Level 1:colcon.colcon_core.shell:create_environment_hook('lidar_voxel_grid', 'cmake_prefix_path')
[16.404s] INFO:colcon.colcon_core.shell:Creating environment hook '/home/aiv/ev_ws/install/lidar_voxel_grid/share/lidar_voxel_grid/hook/cmake_prefix_path.ps1'
[16.404s] INFO:colcon.colcon_core.shell:Creating environment descriptor '/home/aiv/ev_ws/install/lidar_voxel_grid/share/lidar_voxel_grid/hook/cmake_prefix_path.dsv'
[16.404s] INFO:colcon.colcon_core.shell:Creating environment hook '/home/aiv/ev_ws/install/lidar_voxel_grid/share/lidar_voxel_grid/hook/cmake_prefix_path.sh'
[16.405s] Level 1:colcon.colcon_core.environment:checking '/home/aiv/ev_ws/install/lidar_voxel_grid/lib'
[16.405s] Level 1:colcon.colcon_core.shell:create_environment_hook('lidar_voxel_grid', 'ld_library_path_lib')
[16.405s] INFO:colcon.colcon_core.shell:Creating environment hook '/home/aiv/ev_ws/install/lidar_voxel_grid/share/lidar_voxel_grid/hook/ld_library_path_lib.ps1'
[16.405s] INFO:colcon.colcon_core.shell:Creating environment descriptor '/home/aiv/ev_ws/install/lidar_voxel_grid/share/lidar_voxel_grid/hook/ld_library_path_lib.dsv'
[16.405s] INFO:colcon.colcon_core.shell:Creating environment hook '/home/aiv/ev_ws/install/lidar_voxel_grid/share/lidar_voxel_grid/hook/ld_library_path_lib.sh'
[16.405s] Level 1:colcon.colcon_core.environment:checking '/home/aiv/ev_ws/install/lidar_voxel_grid/bin'
[16.405s] Level 1:colcon.colcon_core.environment:checking '/home/aiv/ev_ws/install/lidar_voxel_grid/lib/pkgconfig/lidar_voxel_grid.pc'
[16.405s] Level 1:colcon.colcon_core.environment:checking '/home/aiv/ev_ws/install/lidar_voxel_grid/lib/python3.10/site-packages'
[16.406s] Level 1:colcon.colcon_core.environment:checking '/home/aiv/ev_ws/install/lidar_voxel_grid/bin'
[16.406s] INFO:colcon.colcon_core.shell:Creating package script '/home/aiv/ev_ws/install/lidar_voxel_grid/share/lidar_voxel_grid/package.ps1'
[16.406s] INFO:colcon.colcon_core.shell:Creating package descriptor '/home/aiv/ev_ws/install/lidar_voxel_grid/share/lidar_voxel_grid/package.dsv'
[16.406s] INFO:colcon.colcon_core.shell:Creating package script '/home/aiv/ev_ws/install/lidar_voxel_grid/share/lidar_voxel_grid/package.sh'
[16.407s] INFO:colcon.colcon_core.shell:Creating package script '/home/aiv/ev_ws/install/lidar_voxel_grid/share/lidar_voxel_grid/package.bash'
[16.407s] INFO:colcon.colcon_core.shell:Creating package script '/home/aiv/ev_ws/install/lidar_voxel_grid/share/lidar_voxel_grid/package.zsh'
[16.407s] Level 1:colcon.colcon_core.environment:create_file_with_runtime_dependencies(/home/aiv/ev_ws/install/lidar_voxel_grid/share/colcon-core/packages/lidar_voxel_grid)
[16.407s] Level 1:colcon.colcon_core.environment:create_environment_scripts_only(lidar_voxel_grid)
[16.407s] Level 1:colcon.colcon_core.environment:checking '/home/aiv/ev_ws/install/lidar_voxel_grid' for CMake module files
[16.408s] Level 1:colcon.colcon_core.environment:checking '/home/aiv/ev_ws/install/lidar_voxel_grid' for CMake config files
[16.408s] Level 1:colcon.colcon_core.shell:create_environment_hook('lidar_voxel_grid', 'cmake_prefix_path')
[16.408s] INFO:colcon.colcon_core.shell:Creating environment hook '/home/aiv/ev_ws/install/lidar_voxel_grid/share/lidar_voxel_grid/hook/cmake_prefix_path.ps1'
[16.408s] INFO:colcon.colcon_core.shell:Creating environment descriptor '/home/aiv/ev_ws/install/lidar_voxel_grid/share/lidar_voxel_grid/hook/cmake_prefix_path.dsv'
[16.408s] INFO:colcon.colcon_core.shell:Creating environment hook '/home/aiv/ev_ws/install/lidar_voxel_grid/share/lidar_voxel_grid/hook/cmake_prefix_path.sh'
[16.409s] Level 1:colcon.colcon_core.environment:checking '/home/aiv/ev_ws/install/lidar_voxel_grid/lib'
[16.409s] Level 1:colcon.colcon_core.shell:create_environment_hook('lidar_voxel_grid', 'ld_library_path_lib')
[16.409s] INFO:colcon.colcon_core.shell:Creating environment hook '/home/aiv/ev_ws/install/lidar_voxel_grid/share/lidar_voxel_grid/hook/ld_library_path_lib.ps1'
[16.409s] INFO:colcon.colcon_core.shell:Creating environment descriptor '/home/aiv/ev_ws/install/lidar_voxel_grid/share/lidar_voxel_grid/hook/ld_library_path_lib.dsv'
[16.409s] INFO:colcon.colcon_core.shell:Creating environment hook '/home/aiv/ev_ws/install/lidar_voxel_grid/share/lidar_voxel_grid/hook/ld_library_path_lib.sh'
[16.410s] Level 1:colcon.colcon_core.environment:checking '/home/aiv/ev_ws/install/lidar_voxel_grid/bin'
[16.410s] Level 1:colcon.colcon_core.environment:checking '/home/aiv/ev_ws/install/lidar_voxel_grid/lib/pkgconfig/lidar_voxel_grid.pc'
[16.410s] Level 1:colcon.colcon_core.environment:checking '/home/aiv/ev_ws/install/lidar_voxel_grid/lib/python3.10/site-packages'
[16.410s] Level 1:colcon.colcon_core.environment:checking '/home/aiv/ev_ws/install/lidar_voxel_grid/bin'
[16.410s] INFO:colcon.colcon_core.shell:Creating package script '/home/aiv/ev_ws/install/lidar_voxel_grid/share/lidar_voxel_grid/package.ps1'
[16.410s] INFO:colcon.colcon_core.shell:Creating package descriptor '/home/aiv/ev_ws/install/lidar_voxel_grid/share/lidar_voxel_grid/package.dsv'
[16.411s] INFO:colcon.colcon_core.shell:Creating package script '/home/aiv/ev_ws/install/lidar_voxel_grid/share/lidar_voxel_grid/package.sh'
[16.411s] INFO:colcon.colcon_core.shell:Creating package script '/home/aiv/ev_ws/install/lidar_voxel_grid/share/lidar_voxel_grid/package.bash'
[16.411s] INFO:colcon.colcon_core.shell:Creating package script '/home/aiv/ev_ws/install/lidar_voxel_grid/share/lidar_voxel_grid/package.zsh'
[16.411s] Level 1:colcon.colcon_core.environment:create_file_with_runtime_dependencies(/home/aiv/ev_ws/install/lidar_voxel_grid/share/colcon-core/packages/lidar_voxel_grid)
[16.452s] DEBUG:colcon.colcon_core.event_handler.log_command:Invoked command in '/home/aiv/ev_ws/build/erp42_rqt_plugin' returned '0': AMENT_PREFIX_PATH=/home/aiv/ev_ws/install/erp42_util:/home/aiv/ev_ws/install/erp42_msgs:/home/aiv/ev_ws/install/erp42_cmake:${AMENT_PREFIX_PATH} CMAKE_PREFIX_PATH=/home/aiv/ev_ws/install/erp42_util:/home/aiv/ev_ws/install/erp42_msgs:/home/aiv/ev_ws/install/erp42_cmake:/home/aiv/ev_ws/carsa_gazebo/install/carsa_gazebo:/home/aiv/ev_ws/planning/install/chaining_costmap_ver:/home/aiv/ev_ws/ev_msgs/install/ev_msgs:/home/aiv/ev_ws/erp42_ros/install/erp42_serial:/home/aiv/ev_ws/erp42_ros/install/erp42_rqt_plugin:/home/aiv/ev_ws/erp42_ros/install/erp42_gazebo:/home/aiv/ev_ws/erp42_ros/install/erp42_util:/home/aiv/ev_ws/erp42_ros/install/erp42_msgs:/home/aiv/ev_ws/erp42_ros/install/erp42_description:/home/aiv/ev_ws/erp42_ros/install/erp42_cmake:/home/aiv/ev_ws/perception/install/velodyne:/home/aiv/ev_ws/perception/install/lidar_launch:/home/aiv/ev_ws/perception/install/velodyne_pointcloud:/home/aiv/ev_ws/perception/install/velodyne_driver:/home/aiv/ev_ws/perception/install/velodyne_msgs:/home/aiv/ev_ws/perception/install/velodyne_cropbox:/home/aiv/ev_ws/perception/install/patchworkpp:/home/aiv/ev_ws/perception/install/make_bbox:/home/aiv/ev_ws/perception/install/lidar_voxel_grid:/home/aiv/ev_ws/perception/install/dbscan_clustering:/home/aiv/ev_ws/perception/install/cluster_splitter:/opt/ros/humble LD_LIBRARY_PATH=/home/aiv/ev_ws/install/erp42_util/lib:/home/aiv/ev_ws/install/erp42_msgs/lib:${LD_LIBRARY_PATH} PYTHONPATH=/home/aiv/ev_ws/install/erp42_msgs/local/lib/python3.10/dist-packages:${PYTHONPATH} /usr/bin/cmake --build /home/aiv/ev_ws/build/erp42_rqt_plugin -- -j28 -l28
[16.454s] DEBUG:colcon.colcon_core.event_handler.log_command:Invoking command in '/home/aiv/ev_ws/build/erp42_rqt_plugin': AMENT_PREFIX_PATH=/home/aiv/ev_ws/install/erp42_util:/home/aiv/ev_ws/install/erp42_msgs:/home/aiv/ev_ws/install/erp42_cmake:${AMENT_PREFIX_PATH} CMAKE_PREFIX_PATH=/home/aiv/ev_ws/install/erp42_util:/home/aiv/ev_ws/install/erp42_msgs:/home/aiv/ev_ws/install/erp42_cmake:/home/aiv/ev_ws/carsa_gazebo/install/carsa_gazebo:/home/aiv/ev_ws/planning/install/chaining_costmap_ver:/home/aiv/ev_ws/ev_msgs/install/ev_msgs:/home/aiv/ev_ws/erp42_ros/install/erp42_serial:/home/aiv/ev_ws/erp42_ros/install/erp42_rqt_plugin:/home/aiv/ev_ws/erp42_ros/install/erp42_gazebo:/home/aiv/ev_ws/erp42_ros/install/erp42_util:/home/aiv/ev_ws/erp42_ros/install/erp42_msgs:/home/aiv/ev_ws/erp42_ros/install/erp42_description:/home/aiv/ev_ws/erp42_ros/install/erp42_cmake:/home/aiv/ev_ws/perception/install/velodyne:/home/aiv/ev_ws/perception/install/lidar_launch:/home/aiv/ev_ws/perception/install/velodyne_pointcloud:/home/aiv/ev_ws/perception/install/velodyne_driver:/home/aiv/ev_ws/perception/install/velodyne_msgs:/home/aiv/ev_ws/perception/install/velodyne_cropbox:/home/aiv/ev_ws/perception/install/patchworkpp:/home/aiv/ev_ws/perception/install/make_bbox:/home/aiv/ev_ws/perception/install/lidar_voxel_grid:/home/aiv/ev_ws/perception/install/dbscan_clustering:/home/aiv/ev_ws/perception/install/cluster_splitter:/opt/ros/humble LD_LIBRARY_PATH=/home/aiv/ev_ws/install/erp42_util/lib:/home/aiv/ev_ws/install/erp42_msgs/lib:${LD_LIBRARY_PATH} PYTHONPATH=/home/aiv/ev_ws/install/erp42_msgs/local/lib/python3.10/dist-packages:${PYTHONPATH} /usr/bin/cmake --install /home/aiv/ev_ws/build/erp42_rqt_plugin
[16.690s] Level 1:colcon.colcon_core.environment:create_environment_scripts_only(erp42_rqt_plugin)
[16.690s] Level 1:colcon.colcon_core.environment:checking '/home/aiv/ev_ws/install/erp42_rqt_plugin' for CMake module files
[16.690s] DEBUG:colcon.colcon_core.event_handler.log_command:Invoked command in '/home/aiv/ev_ws/build/erp42_rqt_plugin' returned '0': AMENT_PREFIX_PATH=/home/aiv/ev_ws/install/erp42_util:/home/aiv/ev_ws/install/erp42_msgs:/home/aiv/ev_ws/install/erp42_cmake:${AMENT_PREFIX_PATH} CMAKE_PREFIX_PATH=/home/aiv/ev_ws/install/erp42_util:/home/aiv/ev_ws/install/erp42_msgs:/home/aiv/ev_ws/install/erp42_cmake:/home/aiv/ev_ws/carsa_gazebo/install/carsa_gazebo:/home/aiv/ev_ws/planning/install/chaining_costmap_ver:/home/aiv/ev_ws/ev_msgs/install/ev_msgs:/home/aiv/ev_ws/erp42_ros/install/erp42_serial:/home/aiv/ev_ws/erp42_ros/install/erp42_rqt_plugin:/home/aiv/ev_ws/erp42_ros/install/erp42_gazebo:/home/aiv/ev_ws/erp42_ros/install/erp42_util:/home/aiv/ev_ws/erp42_ros/install/erp42_msgs:/home/aiv/ev_ws/erp42_ros/install/erp42_description:/home/aiv/ev_ws/erp42_ros/install/erp42_cmake:/home/aiv/ev_ws/perception/install/velodyne:/home/aiv/ev_ws/perception/install/lidar_launch:/home/aiv/ev_ws/perception/install/velodyne_pointcloud:/home/aiv/ev_ws/perception/install/velodyne_driver:/home/aiv/ev_ws/perception/install/velodyne_msgs:/home/aiv/ev_ws/perception/install/velodyne_cropbox:/home/aiv/ev_ws/perception/install/patchworkpp:/home/aiv/ev_ws/perception/install/make_bbox:/home/aiv/ev_ws/perception/install/lidar_voxel_grid:/home/aiv/ev_ws/perception/install/dbscan_clustering:/home/aiv/ev_ws/perception/install/cluster_splitter:/opt/ros/humble LD_LIBRARY_PATH=/home/aiv/ev_ws/install/erp42_util/lib:/home/aiv/ev_ws/install/erp42_msgs/lib:${LD_LIBRARY_PATH} PYTHONPATH=/home/aiv/ev_ws/install/erp42_msgs/local/lib/python3.10/dist-packages:${PYTHONPATH} /usr/bin/cmake --install /home/aiv/ev_ws/build/erp42_rqt_plugin
[16.691s] Level 1:colcon.colcon_core.environment:checking '/home/aiv/ev_ws/install/erp42_rqt_plugin' for CMake config files
[16.691s] Level 1:colcon.colcon_core.shell:create_environment_hook('erp42_rqt_plugin', 'cmake_prefix_path')
[16.691s] INFO:colcon.colcon_core.shell:Creating environment hook '/home/aiv/ev_ws/install/erp42_rqt_plugin/share/erp42_rqt_plugin/hook/cmake_prefix_path.ps1'
[16.691s] INFO:colcon.colcon_core.shell:Creating environment descriptor '/home/aiv/ev_ws/install/erp42_rqt_plugin/share/erp42_rqt_plugin/hook/cmake_prefix_path.dsv'
[16.692s] INFO:colcon.colcon_core.shell:Creating environment hook '/home/aiv/ev_ws/install/erp42_rqt_plugin/share/erp42_rqt_plugin/hook/cmake_prefix_path.sh'
[16.692s] Level 1:colcon.colcon_core.environment:checking '/home/aiv/ev_ws/install/erp42_rqt_plugin/lib'
[16.692s] Level 1:colcon.colcon_core.shell:create_environment_hook('erp42_rqt_plugin', 'ld_library_path_lib')
[16.692s] INFO:colcon.colcon_core.shell:Creating environment hook '/home/aiv/ev_ws/install/erp42_rqt_plugin/share/erp42_rqt_plugin/hook/ld_library_path_lib.ps1'
[16.693s] INFO:colcon.colcon_core.shell:Creating environment descriptor '/home/aiv/ev_ws/install/erp42_rqt_plugin/share/erp42_rqt_plugin/hook/ld_library_path_lib.dsv'
[16.693s] INFO:colcon.colcon_core.shell:Creating environment hook '/home/aiv/ev_ws/install/erp42_rqt_plugin/share/erp42_rqt_plugin/hook/ld_library_path_lib.sh'
[16.693s] Level 1:colcon.colcon_core.environment:checking '/home/aiv/ev_ws/install/erp42_rqt_plugin/bin'
[16.693s] Level 1:colcon.colcon_core.environment:checking '/home/aiv/ev_ws/install/erp42_rqt_plugin/lib/pkgconfig/erp42_rqt_plugin.pc'
[16.693s] Level 1:colcon.colcon_core.environment:checking '/home/aiv/ev_ws/install/erp42_rqt_plugin/lib/python3.10/site-packages'
[16.693s] Level 1:colcon.colcon_core.environment:checking '/home/aiv/ev_ws/install/erp42_rqt_plugin/bin'
[16.694s] INFO:colcon.colcon_core.shell:Creating package script '/home/aiv/ev_ws/install/erp42_rqt_plugin/share/erp42_rqt_plugin/package.ps1'
[16.694s] INFO:colcon.colcon_core.shell:Creating package descriptor '/home/aiv/ev_ws/install/erp42_rqt_plugin/share/erp42_rqt_plugin/package.dsv'
[16.694s] INFO:colcon.colcon_core.shell:Creating package script '/home/aiv/ev_ws/install/erp42_rqt_plugin/share/erp42_rqt_plugin/package.sh'
[16.695s] INFO:colcon.colcon_core.shell:Creating package script '/home/aiv/ev_ws/install/erp42_rqt_plugin/share/erp42_rqt_plugin/package.bash'
[16.695s] INFO:colcon.colcon_core.shell:Creating package script '/home/aiv/ev_ws/install/erp42_rqt_plugin/share/erp42_rqt_plugin/package.zsh'
[16.695s] Level 1:colcon.colcon_core.environment:create_file_with_runtime_dependencies(/home/aiv/ev_ws/install/erp42_rqt_plugin/share/colcon-core/packages/erp42_rqt_plugin)
[16.696s] Level 1:colcon.colcon_core.environment:create_environment_scripts_only(erp42_rqt_plugin)
[16.696s] Level 1:colcon.colcon_core.environment:checking '/home/aiv/ev_ws/install/erp42_rqt_plugin' for CMake module files
[16.696s] Level 1:colcon.colcon_core.environment:checking '/home/aiv/ev_ws/install/erp42_rqt_plugin' for CMake config files
[16.696s] Level 1:colcon.colcon_core.shell:create_environment_hook('erp42_rqt_plugin', 'cmake_prefix_path')
[16.696s] INFO:colcon.colcon_core.shell:Creating environment hook '/home/aiv/ev_ws/install/erp42_rqt_plugin/share/erp42_rqt_plugin/hook/cmake_prefix_path.ps1'
[16.697s] INFO:colcon.colcon_core.shell:Creating environment descriptor '/home/aiv/ev_ws/install/erp42_rqt_plugin/share/erp42_rqt_plugin/hook/cmake_prefix_path.dsv'
[16.697s] INFO:colcon.colcon_core.shell:Creating environment hook '/home/aiv/ev_ws/install/erp42_rqt_plugin/share/erp42_rqt_plugin/hook/cmake_prefix_path.sh'
[16.697s] Level 1:colcon.colcon_core.environment:checking '/home/aiv/ev_ws/install/erp42_rqt_plugin/lib'
[16.697s] Level 1:colcon.colcon_core.shell:create_environment_hook('erp42_rqt_plugin', 'ld_library_path_lib')
[16.698s] INFO:colcon.colcon_core.shell:Creating environment hook '/home/aiv/ev_ws/install/erp42_rqt_plugin/share/erp42_rqt_plugin/hook/ld_library_path_lib.ps1'
[16.698s] INFO:colcon.colcon_core.shell:Creating environment descriptor '/home/aiv/ev_ws/install/erp42_rqt_plugin/share/erp42_rqt_plugin/hook/ld_library_path_lib.dsv'
[16.698s] INFO:colcon.colcon_core.shell:Creating environment hook '/home/aiv/ev_ws/install/erp42_rqt_plugin/share/erp42_rqt_plugin/hook/ld_library_path_lib.sh'
[16.698s] Level 1:colcon.colcon_core.environment:checking '/home/aiv/ev_ws/install/erp42_rqt_plugin/bin'
[16.698s] Level 1:colcon.colcon_core.environment:checking '/home/aiv/ev_ws/install/erp42_rqt_plugin/lib/pkgconfig/erp42_rqt_plugin.pc'
[16.698s] Level 1:colcon.colcon_core.environment:checking '/home/aiv/ev_ws/install/erp42_rqt_plugin/lib/python3.10/site-packages'
[16.699s] Level 1:colcon.colcon_core.environment:checking '/home/aiv/ev_ws/install/erp42_rqt_plugin/bin'
[16.699s] INFO:colcon.colcon_core.shell:Creating package script '/home/aiv/ev_ws/install/erp42_rqt_plugin/share/erp42_rqt_plugin/package.ps1'
[16.699s] INFO:colcon.colcon_core.shell:Creating package descriptor '/home/aiv/ev_ws/install/erp42_rqt_plugin/share/erp42_rqt_plugin/package.dsv'
[16.700s] INFO:colcon.colcon_core.shell:Creating package script '/home/aiv/ev_ws/install/erp42_rqt_plugin/share/erp42_rqt_plugin/package.sh'
[16.700s] INFO:colcon.colcon_core.shell:Creating package script '/home/aiv/ev_ws/install/erp42_rqt_plugin/share/erp42_rqt_plugin/package.bash'
[16.700s] INFO:colcon.colcon_core.shell:Creating package script '/home/aiv/ev_ws/install/erp42_rqt_plugin/share/erp42_rqt_plugin/package.zsh'
[16.701s] Level 1:colcon.colcon_core.environment:create_file_with_runtime_dependencies(/home/aiv/ev_ws/install/erp42_rqt_plugin/share/colcon-core/packages/erp42_rqt_plugin)
[17.813s] DEBUG:colcon.colcon_core.event_handler.log_command:Invoked command in '/home/aiv/ev_ws/build/erp42_serial' returned '0': AMENT_PREFIX_PATH=/home/aiv/ev_ws/install/erp42_util:/home/aiv/ev_ws/install/erp42_description:/home/aiv/ev_ws/install/erp42_msgs:/home/aiv/ev_ws/install/erp42_cmake:${AMENT_PREFIX_PATH} CMAKE_PREFIX_PATH=/home/aiv/ev_ws/install/erp42_util:/home/aiv/ev_ws/install/erp42_description:/home/aiv/ev_ws/install/erp42_msgs:/home/aiv/ev_ws/install/erp42_cmake:/home/aiv/ev_ws/carsa_gazebo/install/carsa_gazebo:/home/aiv/ev_ws/planning/install/chaining_costmap_ver:/home/aiv/ev_ws/ev_msgs/install/ev_msgs:/home/aiv/ev_ws/erp42_ros/install/erp42_serial:/home/aiv/ev_ws/erp42_ros/install/erp42_rqt_plugin:/home/aiv/ev_ws/erp42_ros/install/erp42_gazebo:/home/aiv/ev_ws/erp42_ros/install/erp42_util:/home/aiv/ev_ws/erp42_ros/install/erp42_msgs:/home/aiv/ev_ws/erp42_ros/install/erp42_description:/home/aiv/ev_ws/erp42_ros/install/erp42_cmake:/home/aiv/ev_ws/perception/install/velodyne:/home/aiv/ev_ws/perception/install/lidar_launch:/home/aiv/ev_ws/perception/install/velodyne_pointcloud:/home/aiv/ev_ws/perception/install/velodyne_driver:/home/aiv/ev_ws/perception/install/velodyne_msgs:/home/aiv/ev_ws/perception/install/velodyne_cropbox:/home/aiv/ev_ws/perception/install/patchworkpp:/home/aiv/ev_ws/perception/install/make_bbox:/home/aiv/ev_ws/perception/install/lidar_voxel_grid:/home/aiv/ev_ws/perception/install/dbscan_clustering:/home/aiv/ev_ws/perception/install/cluster_splitter:/opt/ros/humble LD_LIBRARY_PATH=/home/aiv/ev_ws/install/erp42_util/lib:/home/aiv/ev_ws/install/erp42_msgs/lib:${LD_LIBRARY_PATH} PYTHONPATH=/home/aiv/ev_ws/install/erp42_msgs/local/lib/python3.10/dist-packages:${PYTHONPATH} /usr/bin/cmake --build /home/aiv/ev_ws/build/erp42_serial -- -j28 -l28
[17.813s] DEBUG:colcon.colcon_core.event_handler.log_command:Invoking command in '/home/aiv/ev_ws/build/erp42_serial': AMENT_PREFIX_PATH=/home/aiv/ev_ws/install/erp42_util:/home/aiv/ev_ws/install/erp42_description:/home/aiv/ev_ws/install/erp42_msgs:/home/aiv/ev_ws/install/erp42_cmake:${AMENT_PREFIX_PATH} CMAKE_PREFIX_PATH=/home/aiv/ev_ws/install/erp42_util:/home/aiv/ev_ws/install/erp42_description:/home/aiv/ev_ws/install/erp42_msgs:/home/aiv/ev_ws/install/erp42_cmake:/home/aiv/ev_ws/carsa_gazebo/install/carsa_gazebo:/home/aiv/ev_ws/planning/install/chaining_costmap_ver:/home/aiv/ev_ws/ev_msgs/install/ev_msgs:/home/aiv/ev_ws/erp42_ros/install/erp42_serial:/home/aiv/ev_ws/erp42_ros/install/erp42_rqt_plugin:/home/aiv/ev_ws/erp42_ros/install/erp42_gazebo:/home/aiv/ev_ws/erp42_ros/install/erp42_util:/home/aiv/ev_ws/erp42_ros/install/erp42_msgs:/home/aiv/ev_ws/erp42_ros/install/erp42_description:/home/aiv/ev_ws/erp42_ros/install/erp42_cmake:/home/aiv/ev_ws/perception/install/velodyne:/home/aiv/ev_ws/perception/install/lidar_launch:/home/aiv/ev_ws/perception/install/velodyne_pointcloud:/home/aiv/ev_ws/perception/install/velodyne_driver:/home/aiv/ev_ws/perception/install/velodyne_msgs:/home/aiv/ev_ws/perception/install/velodyne_cropbox:/home/aiv/ev_ws/perception/install/patchworkpp:/home/aiv/ev_ws/perception/install/make_bbox:/home/aiv/ev_ws/perception/install/lidar_voxel_grid:/home/aiv/ev_ws/perception/install/dbscan_clustering:/home/aiv/ev_ws/perception/install/cluster_splitter:/opt/ros/humble LD_LIBRARY_PATH=/home/aiv/ev_ws/install/erp42_util/lib:/home/aiv/ev_ws/install/erp42_msgs/lib:${LD_LIBRARY_PATH} PYTHONPATH=/home/aiv/ev_ws/install/erp42_msgs/local/lib/python3.10/dist-packages:${PYTHONPATH} /usr/bin/cmake --install /home/aiv/ev_ws/build/erp42_serial
[18.008s] Level 1:colcon.colcon_core.environment:create_environment_scripts_only(erp42_serial)
[18.008s] Level 1:colcon.colcon_core.environment:checking '/home/aiv/ev_ws/install/erp42_serial' for CMake module files
[18.010s] DEBUG:colcon.colcon_core.event_handler.log_command:Invoked command in '/home/aiv/ev_ws/build/erp42_serial' returned '0': AMENT_PREFIX_PATH=/home/aiv/ev_ws/install/erp42_util:/home/aiv/ev_ws/install/erp42_description:/home/aiv/ev_ws/install/erp42_msgs:/home/aiv/ev_ws/install/erp42_cmake:${AMENT_PREFIX_PATH} CMAKE_PREFIX_PATH=/home/aiv/ev_ws/install/erp42_util:/home/aiv/ev_ws/install/erp42_description:/home/aiv/ev_ws/install/erp42_msgs:/home/aiv/ev_ws/install/erp42_cmake:/home/aiv/ev_ws/carsa_gazebo/install/carsa_gazebo:/home/aiv/ev_ws/planning/install/chaining_costmap_ver:/home/aiv/ev_ws/ev_msgs/install/ev_msgs:/home/aiv/ev_ws/erp42_ros/install/erp42_serial:/home/aiv/ev_ws/erp42_ros/install/erp42_rqt_plugin:/home/aiv/ev_ws/erp42_ros/install/erp42_gazebo:/home/aiv/ev_ws/erp42_ros/install/erp42_util:/home/aiv/ev_ws/erp42_ros/install/erp42_msgs:/home/aiv/ev_ws/erp42_ros/install/erp42_description:/home/aiv/ev_ws/erp42_ros/install/erp42_cmake:/home/aiv/ev_ws/perception/install/velodyne:/home/aiv/ev_ws/perception/install/lidar_launch:/home/aiv/ev_ws/perception/install/velodyne_pointcloud:/home/aiv/ev_ws/perception/install/velodyne_driver:/home/aiv/ev_ws/perception/install/velodyne_msgs:/home/aiv/ev_ws/perception/install/velodyne_cropbox:/home/aiv/ev_ws/perception/install/patchworkpp:/home/aiv/ev_ws/perception/install/make_bbox:/home/aiv/ev_ws/perception/install/lidar_voxel_grid:/home/aiv/ev_ws/perception/install/dbscan_clustering:/home/aiv/ev_ws/perception/install/cluster_splitter:/opt/ros/humble LD_LIBRARY_PATH=/home/aiv/ev_ws/install/erp42_util/lib:/home/aiv/ev_ws/install/erp42_msgs/lib:${LD_LIBRARY_PATH} PYTHONPATH=/home/aiv/ev_ws/install/erp42_msgs/local/lib/python3.10/dist-packages:${PYTHONPATH} /usr/bin/cmake --install /home/aiv/ev_ws/build/erp42_serial
[18.010s] Level 1:colcon.colcon_core.environment:checking '/home/aiv/ev_ws/install/erp42_serial' for CMake config files
[18.010s] Level 1:colcon.colcon_core.shell:create_environment_hook('erp42_serial', 'cmake_prefix_path')
[18.010s] INFO:colcon.colcon_core.shell:Creating environment hook '/home/aiv/ev_ws/install/erp42_serial/share/erp42_serial/hook/cmake_prefix_path.ps1'
[18.011s] INFO:colcon.colcon_core.shell:Creating environment descriptor '/home/aiv/ev_ws/install/erp42_serial/share/erp42_serial/hook/cmake_prefix_path.dsv'
[18.011s] INFO:colcon.colcon_core.shell:Creating environment hook '/home/aiv/ev_ws/install/erp42_serial/share/erp42_serial/hook/cmake_prefix_path.sh'
[18.011s] Level 1:colcon.colcon_core.environment:checking '/home/aiv/ev_ws/install/erp42_serial/lib'
[18.011s] Level 1:colcon.colcon_core.shell:create_environment_hook('erp42_serial', 'ld_library_path_lib')
[18.011s] INFO:colcon.colcon_core.shell:Creating environment hook '/home/aiv/ev_ws/install/erp42_serial/share/erp42_serial/hook/ld_library_path_lib.ps1'
[18.011s] INFO:colcon.colcon_core.shell:Creating environment descriptor '/home/aiv/ev_ws/install/erp42_serial/share/erp42_serial/hook/ld_library_path_lib.dsv'
[18.011s] INFO:colcon.colcon_core.shell:Creating environment hook '/home/aiv/ev_ws/install/erp42_serial/share/erp42_serial/hook/ld_library_path_lib.sh'
[18.012s] Level 1:colcon.colcon_core.environment:checking '/home/aiv/ev_ws/install/erp42_serial/bin'
[18.012s] Level 1:colcon.colcon_core.environment:checking '/home/aiv/ev_ws/install/erp42_serial/lib/pkgconfig/erp42_serial.pc'
[18.012s] Level 1:colcon.colcon_core.environment:checking '/home/aiv/ev_ws/install/erp42_serial/lib/python3.10/site-packages'
[18.012s] Level 1:colcon.colcon_core.environment:checking '/home/aiv/ev_ws/install/erp42_serial/bin'
[18.012s] INFO:colcon.colcon_core.shell:Creating package script '/home/aiv/ev_ws/install/erp42_serial/share/erp42_serial/package.ps1'
[18.012s] INFO:colcon.colcon_core.shell:Creating package descriptor '/home/aiv/ev_ws/install/erp42_serial/share/erp42_serial/package.dsv'
[18.012s] INFO:colcon.colcon_core.shell:Creating package script '/home/aiv/ev_ws/install/erp42_serial/share/erp42_serial/package.sh'
[18.013s] INFO:colcon.colcon_core.shell:Creating package script '/home/aiv/ev_ws/install/erp42_serial/share/erp42_serial/package.bash'
[18.013s] INFO:colcon.colcon_core.shell:Creating package script '/home/aiv/ev_ws/install/erp42_serial/share/erp42_serial/package.zsh'
[18.013s] Level 1:colcon.colcon_core.environment:create_file_with_runtime_dependencies(/home/aiv/ev_ws/install/erp42_serial/share/colcon-core/packages/erp42_serial)
[18.013s] Level 1:colcon.colcon_core.environment:create_environment_scripts_only(erp42_serial)
[18.013s] Level 1:colcon.colcon_core.environment:checking '/home/aiv/ev_ws/install/erp42_serial' for CMake module files
[18.013s] Level 1:colcon.colcon_core.environment:checking '/home/aiv/ev_ws/install/erp42_serial' for CMake config files
[18.014s] Level 1:colcon.colcon_core.shell:create_environment_hook('erp42_serial', 'cmake_prefix_path')
[18.014s] INFO:colcon.colcon_core.shell:Creating environment hook '/home/aiv/ev_ws/install/erp42_serial/share/erp42_serial/hook/cmake_prefix_path.ps1'
[18.014s] INFO:colcon.colcon_core.shell:Creating environment descriptor '/home/aiv/ev_ws/install/erp42_serial/share/erp42_serial/hook/cmake_prefix_path.dsv'
[18.014s] INFO:colcon.colcon_core.shell:Creating environment hook '/home/aiv/ev_ws/install/erp42_serial/share/erp42_serial/hook/cmake_prefix_path.sh'
[18.014s] Level 1:colcon.colcon_core.environment:checking '/home/aiv/ev_ws/install/erp42_serial/lib'
[18.014s] Level 1:colcon.colcon_core.shell:create_environment_hook('erp42_serial', 'ld_library_path_lib')
[18.014s] INFO:colcon.colcon_core.shell:Creating environment hook '/home/aiv/ev_ws/install/erp42_serial/share/erp42_serial/hook/ld_library_path_lib.ps1'
[18.014s] INFO:colcon.colcon_core.shell:Creating environment descriptor '/home/aiv/ev_ws/install/erp42_serial/share/erp42_serial/hook/ld_library_path_lib.dsv'
[18.015s] INFO:colcon.colcon_core.shell:Creating environment hook '/home/aiv/ev_ws/install/erp42_serial/share/erp42_serial/hook/ld_library_path_lib.sh'
[18.015s] Level 1:colcon.colcon_core.environment:checking '/home/aiv/ev_ws/install/erp42_serial/bin'
[18.015s] Level 1:colcon.colcon_core.environment:checking '/home/aiv/ev_ws/install/erp42_serial/lib/pkgconfig/erp42_serial.pc'
[18.015s] Level 1:colcon.colcon_core.environment:checking '/home/aiv/ev_ws/install/erp42_serial/lib/python3.10/site-packages'
[18.015s] Level 1:colcon.colcon_core.environment:checking '/home/aiv/ev_ws/install/erp42_serial/bin'
[18.015s] INFO:colcon.colcon_core.shell:Creating package script '/home/aiv/ev_ws/install/erp42_serial/share/erp42_serial/package.ps1'
[18.016s] INFO:colcon.colcon_core.shell:Creating package descriptor '/home/aiv/ev_ws/install/erp42_serial/share/erp42_serial/package.dsv'
[18.016s] INFO:colcon.colcon_core.shell:Creating package script '/home/aiv/ev_ws/install/erp42_serial/share/erp42_serial/package.sh'
[18.016s] INFO:colcon.colcon_core.shell:Creating package script '/home/aiv/ev_ws/install/erp42_serial/share/erp42_serial/package.bash'
[18.016s] INFO:colcon.colcon_core.shell:Creating package script '/home/aiv/ev_ws/install/erp42_serial/share/erp42_serial/package.zsh'
[18.016s] Level 1:colcon.colcon_core.environment:create_file_with_runtime_dependencies(/home/aiv/ev_ws/install/erp42_serial/share/colcon-core/packages/erp42_serial)
[18.035s] DEBUG:colcon.colcon_core.event_handler.log_command:Invoked command in '/home/aiv/ev_ws/build/velodyne_driver' returned '0': AMENT_PREFIX_PATH=/home/aiv/ev_ws/install/velodyne_msgs:${AMENT_PREFIX_PATH} CMAKE_PREFIX_PATH=/home/aiv/ev_ws/install/velodyne_msgs:/home/aiv/ev_ws/carsa_gazebo/install/carsa_gazebo:/home/aiv/ev_ws/planning/install/chaining_costmap_ver:/home/aiv/ev_ws/ev_msgs/install/ev_msgs:/home/aiv/ev_ws/erp42_ros/install/erp42_serial:/home/aiv/ev_ws/erp42_ros/install/erp42_rqt_plugin:/home/aiv/ev_ws/erp42_ros/install/erp42_gazebo:/home/aiv/ev_ws/erp42_ros/install/erp42_util:/home/aiv/ev_ws/erp42_ros/install/erp42_msgs:/home/aiv/ev_ws/erp42_ros/install/erp42_description:/home/aiv/ev_ws/erp42_ros/install/erp42_cmake:/home/aiv/ev_ws/perception/install/velodyne:/home/aiv/ev_ws/perception/install/lidar_launch:/home/aiv/ev_ws/perception/install/velodyne_pointcloud:/home/aiv/ev_ws/perception/install/velodyne_driver:/home/aiv/ev_ws/perception/install/velodyne_msgs:/home/aiv/ev_ws/perception/install/velodyne_cropbox:/home/aiv/ev_ws/perception/install/patchworkpp:/home/aiv/ev_ws/perception/install/make_bbox:/home/aiv/ev_ws/perception/install/lidar_voxel_grid:/home/aiv/ev_ws/perception/install/dbscan_clustering:/home/aiv/ev_ws/perception/install/cluster_splitter:/opt/ros/humble LD_LIBRARY_PATH=/home/aiv/ev_ws/install/velodyne_msgs/lib:${LD_LIBRARY_PATH} PYTHONPATH=/home/aiv/ev_ws/install/velodyne_msgs/local/lib/python3.10/dist-packages:${PYTHONPATH} /usr/bin/cmake --build /home/aiv/ev_ws/build/velodyne_driver -- -j28 -l28
[18.036s] DEBUG:colcon.colcon_core.event_handler.log_command:Invoking command in '/home/aiv/ev_ws/build/velodyne_driver': AMENT_PREFIX_PATH=/home/aiv/ev_ws/install/velodyne_msgs:${AMENT_PREFIX_PATH} CMAKE_PREFIX_PATH=/home/aiv/ev_ws/install/velodyne_msgs:/home/aiv/ev_ws/carsa_gazebo/install/carsa_gazebo:/home/aiv/ev_ws/planning/install/chaining_costmap_ver:/home/aiv/ev_ws/ev_msgs/install/ev_msgs:/home/aiv/ev_ws/erp42_ros/install/erp42_serial:/home/aiv/ev_ws/erp42_ros/install/erp42_rqt_plugin:/home/aiv/ev_ws/erp42_ros/install/erp42_gazebo:/home/aiv/ev_ws/erp42_ros/install/erp42_util:/home/aiv/ev_ws/erp42_ros/install/erp42_msgs:/home/aiv/ev_ws/erp42_ros/install/erp42_description:/home/aiv/ev_ws/erp42_ros/install/erp42_cmake:/home/aiv/ev_ws/perception/install/velodyne:/home/aiv/ev_ws/perception/install/lidar_launch:/home/aiv/ev_ws/perception/install/velodyne_pointcloud:/home/aiv/ev_ws/perception/install/velodyne_driver:/home/aiv/ev_ws/perception/install/velodyne_msgs:/home/aiv/ev_ws/perception/install/velodyne_cropbox:/home/aiv/ev_ws/perception/install/patchworkpp:/home/aiv/ev_ws/perception/install/make_bbox:/home/aiv/ev_ws/perception/install/lidar_voxel_grid:/home/aiv/ev_ws/perception/install/dbscan_clustering:/home/aiv/ev_ws/perception/install/cluster_splitter:/opt/ros/humble LD_LIBRARY_PATH=/home/aiv/ev_ws/install/velodyne_msgs/lib:${LD_LIBRARY_PATH} PYTHONPATH=/home/aiv/ev_ws/install/velodyne_msgs/local/lib/python3.10/dist-packages:${PYTHONPATH} /usr/bin/cmake --install /home/aiv/ev_ws/build/velodyne_driver
[18.250s] Level 1:colcon.colcon_core.environment:create_environment_scripts_only(velodyne_driver)
[18.250s] Level 1:colcon.colcon_core.environment:checking '/home/aiv/ev_ws/install/velodyne_driver' for CMake module files
[18.251s] DEBUG:colcon.colcon_core.event_handler.log_command:Invoked command in '/home/aiv/ev_ws/build/velodyne_driver' returned '0': AMENT_PREFIX_PATH=/home/aiv/ev_ws/install/velodyne_msgs:${AMENT_PREFIX_PATH} CMAKE_PREFIX_PATH=/home/aiv/ev_ws/install/velodyne_msgs:/home/aiv/ev_ws/carsa_gazebo/install/carsa_gazebo:/home/aiv/ev_ws/planning/install/chaining_costmap_ver:/home/aiv/ev_ws/ev_msgs/install/ev_msgs:/home/aiv/ev_ws/erp42_ros/install/erp42_serial:/home/aiv/ev_ws/erp42_ros/install/erp42_rqt_plugin:/home/aiv/ev_ws/erp42_ros/install/erp42_gazebo:/home/aiv/ev_ws/erp42_ros/install/erp42_util:/home/aiv/ev_ws/erp42_ros/install/erp42_msgs:/home/aiv/ev_ws/erp42_ros/install/erp42_description:/home/aiv/ev_ws/erp42_ros/install/erp42_cmake:/home/aiv/ev_ws/perception/install/velodyne:/home/aiv/ev_ws/perception/install/lidar_launch:/home/aiv/ev_ws/perception/install/velodyne_pointcloud:/home/aiv/ev_ws/perception/install/velodyne_driver:/home/aiv/ev_ws/perception/install/velodyne_msgs:/home/aiv/ev_ws/perception/install/velodyne_cropbox:/home/aiv/ev_ws/perception/install/patchworkpp:/home/aiv/ev_ws/perception/install/make_bbox:/home/aiv/ev_ws/perception/install/lidar_voxel_grid:/home/aiv/ev_ws/perception/install/dbscan_clustering:/home/aiv/ev_ws/perception/install/cluster_splitter:/opt/ros/humble LD_LIBRARY_PATH=/home/aiv/ev_ws/install/velodyne_msgs/lib:${LD_LIBRARY_PATH} PYTHONPATH=/home/aiv/ev_ws/install/velodyne_msgs/local/lib/python3.10/dist-packages:${PYTHONPATH} /usr/bin/cmake --install /home/aiv/ev_ws/build/velodyne_driver
[18.251s] Level 1:colcon.colcon_core.environment:checking '/home/aiv/ev_ws/install/velodyne_driver' for CMake config files
[18.252s] Level 1:colcon.colcon_core.shell:create_environment_hook('velodyne_driver', 'cmake_prefix_path')
[18.252s] INFO:colcon.colcon_core.shell:Creating environment hook '/home/aiv/ev_ws/install/velodyne_driver/share/velodyne_driver/hook/cmake_prefix_path.ps1'
[18.252s] INFO:colcon.colcon_core.shell:Creating environment descriptor '/home/aiv/ev_ws/install/velodyne_driver/share/velodyne_driver/hook/cmake_prefix_path.dsv'
[18.252s] INFO:colcon.colcon_core.shell:Creating environment hook '/home/aiv/ev_ws/install/velodyne_driver/share/velodyne_driver/hook/cmake_prefix_path.sh'
[18.253s] Level 1:colcon.colcon_core.environment:checking '/home/aiv/ev_ws/install/velodyne_driver/lib'
[18.253s] Level 1:colcon.colcon_core.shell:create_environment_hook('velodyne_driver', 'ld_library_path_lib')
[18.253s] INFO:colcon.colcon_core.shell:Creating environment hook '/home/aiv/ev_ws/install/velodyne_driver/share/velodyne_driver/hook/ld_library_path_lib.ps1'
[18.253s] INFO:colcon.colcon_core.shell:Creating environment descriptor '/home/aiv/ev_ws/install/velodyne_driver/share/velodyne_driver/hook/ld_library_path_lib.dsv'
[18.253s] INFO:colcon.colcon_core.shell:Creating environment hook '/home/aiv/ev_ws/install/velodyne_driver/share/velodyne_driver/hook/ld_library_path_lib.sh'
[18.254s] Level 1:colcon.colcon_core.environment:checking '/home/aiv/ev_ws/install/velodyne_driver/bin'
[18.254s] Level 1:colcon.colcon_core.environment:checking '/home/aiv/ev_ws/install/velodyne_driver/lib/pkgconfig/velodyne_driver.pc'
[18.254s] Level 1:colcon.colcon_core.environment:checking '/home/aiv/ev_ws/install/velodyne_driver/lib/python3.10/site-packages'
[18.254s] Level 1:colcon.colcon_core.environment:checking '/home/aiv/ev_ws/install/velodyne_driver/bin'
[18.254s] INFO:colcon.colcon_core.shell:Creating package script '/home/aiv/ev_ws/install/velodyne_driver/share/velodyne_driver/package.ps1'
[18.255s] INFO:colcon.colcon_core.shell:Creating package descriptor '/home/aiv/ev_ws/install/velodyne_driver/share/velodyne_driver/package.dsv'
[18.255s] INFO:colcon.colcon_core.shell:Creating package script '/home/aiv/ev_ws/install/velodyne_driver/share/velodyne_driver/package.sh'
[18.255s] INFO:colcon.colcon_core.shell:Creating package script '/home/aiv/ev_ws/install/velodyne_driver/share/velodyne_driver/package.bash'
[18.255s] INFO:colcon.colcon_core.shell:Creating package script '/home/aiv/ev_ws/install/velodyne_driver/share/velodyne_driver/package.zsh'
[18.256s] Level 1:colcon.colcon_core.environment:create_file_with_runtime_dependencies(/home/aiv/ev_ws/install/velodyne_driver/share/colcon-core/packages/velodyne_driver)
[18.256s] Level 1:colcon.colcon_core.environment:create_environment_scripts_only(velodyne_driver)
[18.256s] Level 1:colcon.colcon_core.environment:checking '/home/aiv/ev_ws/install/velodyne_driver' for CMake module files
[18.257s] Level 1:colcon.colcon_core.environment:checking '/home/aiv/ev_ws/install/velodyne_driver' for CMake config files
[18.257s] Level 1:colcon.colcon_core.shell:create_environment_hook('velodyne_driver', 'cmake_prefix_path')
[18.257s] INFO:colcon.colcon_core.shell:Creating environment hook '/home/aiv/ev_ws/install/velodyne_driver/share/velodyne_driver/hook/cmake_prefix_path.ps1'
[18.257s] INFO:colcon.colcon_core.shell:Creating environment descriptor '/home/aiv/ev_ws/install/velodyne_driver/share/velodyne_driver/hook/cmake_prefix_path.dsv'
[18.258s] INFO:colcon.colcon_core.shell:Creating environment hook '/home/aiv/ev_ws/install/velodyne_driver/share/velodyne_driver/hook/cmake_prefix_path.sh'
[18.258s] Level 1:colcon.colcon_core.environment:checking '/home/aiv/ev_ws/install/velodyne_driver/lib'
[18.258s] Level 1:colcon.colcon_core.shell:create_environment_hook('velodyne_driver', 'ld_library_path_lib')
[18.258s] INFO:colcon.colcon_core.shell:Creating environment hook '/home/aiv/ev_ws/install/velodyne_driver/share/velodyne_driver/hook/ld_library_path_lib.ps1'
[18.258s] INFO:colcon.colcon_core.shell:Creating environment descriptor '/home/aiv/ev_ws/install/velodyne_driver/share/velodyne_driver/hook/ld_library_path_lib.dsv'
[18.259s] INFO:colcon.colcon_core.shell:Creating environment hook '/home/aiv/ev_ws/install/velodyne_driver/share/velodyne_driver/hook/ld_library_path_lib.sh'
[18.259s] Level 1:colcon.colcon_core.environment:checking '/home/aiv/ev_ws/install/velodyne_driver/bin'
[18.259s] Level 1:colcon.colcon_core.environment:checking '/home/aiv/ev_ws/install/velodyne_driver/lib/pkgconfig/velodyne_driver.pc'
[18.259s] Level 1:colcon.colcon_core.environment:checking '/home/aiv/ev_ws/install/velodyne_driver/lib/python3.10/site-packages'
[18.259s] Level 1:colcon.colcon_core.environment:checking '/home/aiv/ev_ws/install/velodyne_driver/bin'
[18.260s] INFO:colcon.colcon_core.shell:Creating package script '/home/aiv/ev_ws/install/velodyne_driver/share/velodyne_driver/package.ps1'
[18.260s] INFO:colcon.colcon_core.shell:Creating package descriptor '/home/aiv/ev_ws/install/velodyne_driver/share/velodyne_driver/package.dsv'
[18.260s] INFO:colcon.colcon_core.shell:Creating package script '/home/aiv/ev_ws/install/velodyne_driver/share/velodyne_driver/package.sh'
[18.261s] INFO:colcon.colcon_core.shell:Creating package script '/home/aiv/ev_ws/install/velodyne_driver/share/velodyne_driver/package.bash'
[18.261s] INFO:colcon.colcon_core.shell:Creating package script '/home/aiv/ev_ws/install/velodyne_driver/share/velodyne_driver/package.zsh'
[18.261s] Level 1:colcon.colcon_core.environment:create_file_with_runtime_dependencies(/home/aiv/ev_ws/install/velodyne_driver/share/colcon-core/packages/velodyne_driver)
[18.670s] DEBUG:colcon.colcon_core.event_handler.log_command:Invoked command in '/home/aiv/ev_ws/build/erp42_gazebo' returned '0': AMENT_PREFIX_PATH=/home/aiv/ev_ws/install/erp42_util:/home/aiv/ev_ws/install/erp42_description:/home/aiv/ev_ws/install/erp42_msgs:/home/aiv/ev_ws/install/erp42_cmake:${AMENT_PREFIX_PATH} CMAKE_PREFIX_PATH=/home/aiv/ev_ws/install/erp42_util:/home/aiv/ev_ws/install/erp42_description:/home/aiv/ev_ws/install/erp42_msgs:/home/aiv/ev_ws/install/erp42_cmake:/home/aiv/ev_ws/carsa_gazebo/install/carsa_gazebo:/home/aiv/ev_ws/planning/install/chaining_costmap_ver:/home/aiv/ev_ws/ev_msgs/install/ev_msgs:/home/aiv/ev_ws/erp42_ros/install/erp42_serial:/home/aiv/ev_ws/erp42_ros/install/erp42_rqt_plugin:/home/aiv/ev_ws/erp42_ros/install/erp42_gazebo:/home/aiv/ev_ws/erp42_ros/install/erp42_util:/home/aiv/ev_ws/erp42_ros/install/erp42_msgs:/home/aiv/ev_ws/erp42_ros/install/erp42_description:/home/aiv/ev_ws/erp42_ros/install/erp42_cmake:/home/aiv/ev_ws/perception/install/velodyne:/home/aiv/ev_ws/perception/install/lidar_launch:/home/aiv/ev_ws/perception/install/velodyne_pointcloud:/home/aiv/ev_ws/perception/install/velodyne_driver:/home/aiv/ev_ws/perception/install/velodyne_msgs:/home/aiv/ev_ws/perception/install/velodyne_cropbox:/home/aiv/ev_ws/perception/install/patchworkpp:/home/aiv/ev_ws/perception/install/make_bbox:/home/aiv/ev_ws/perception/install/lidar_voxel_grid:/home/aiv/ev_ws/perception/install/dbscan_clustering:/home/aiv/ev_ws/perception/install/cluster_splitter:/opt/ros/humble LD_LIBRARY_PATH=/home/aiv/ev_ws/install/erp42_util/lib:/home/aiv/ev_ws/install/erp42_msgs/lib:${LD_LIBRARY_PATH} PYTHONPATH=/home/aiv/ev_ws/install/erp42_msgs/local/lib/python3.10/dist-packages:${PYTHONPATH} /usr/bin/cmake --build /home/aiv/ev_ws/build/erp42_gazebo -- -j28 -l28
[18.671s] DEBUG:colcon.colcon_core.event_handler.log_command:Invoking command in '/home/aiv/ev_ws/build/erp42_gazebo': AMENT_PREFIX_PATH=/home/aiv/ev_ws/install/erp42_util:/home/aiv/ev_ws/install/erp42_description:/home/aiv/ev_ws/install/erp42_msgs:/home/aiv/ev_ws/install/erp42_cmake:${AMENT_PREFIX_PATH} CMAKE_PREFIX_PATH=/home/aiv/ev_ws/install/erp42_util:/home/aiv/ev_ws/install/erp42_description:/home/aiv/ev_ws/install/erp42_msgs:/home/aiv/ev_ws/install/erp42_cmake:/home/aiv/ev_ws/carsa_gazebo/install/carsa_gazebo:/home/aiv/ev_ws/planning/install/chaining_costmap_ver:/home/aiv/ev_ws/ev_msgs/install/ev_msgs:/home/aiv/ev_ws/erp42_ros/install/erp42_serial:/home/aiv/ev_ws/erp42_ros/install/erp42_rqt_plugin:/home/aiv/ev_ws/erp42_ros/install/erp42_gazebo:/home/aiv/ev_ws/erp42_ros/install/erp42_util:/home/aiv/ev_ws/erp42_ros/install/erp42_msgs:/home/aiv/ev_ws/erp42_ros/install/erp42_description:/home/aiv/ev_ws/erp42_ros/install/erp42_cmake:/home/aiv/ev_ws/perception/install/velodyne:/home/aiv/ev_ws/perception/install/lidar_launch:/home/aiv/ev_ws/perception/install/velodyne_pointcloud:/home/aiv/ev_ws/perception/install/velodyne_driver:/home/aiv/ev_ws/perception/install/velodyne_msgs:/home/aiv/ev_ws/perception/install/velodyne_cropbox:/home/aiv/ev_ws/perception/install/patchworkpp:/home/aiv/ev_ws/perception/install/make_bbox:/home/aiv/ev_ws/perception/install/lidar_voxel_grid:/home/aiv/ev_ws/perception/install/dbscan_clustering:/home/aiv/ev_ws/perception/install/cluster_splitter:/opt/ros/humble LD_LIBRARY_PATH=/home/aiv/ev_ws/install/erp42_util/lib:/home/aiv/ev_ws/install/erp42_msgs/lib:${LD_LIBRARY_PATH} PYTHONPATH=/home/aiv/ev_ws/install/erp42_msgs/local/lib/python3.10/dist-packages:${PYTHONPATH} /usr/bin/cmake --install /home/aiv/ev_ws/build/erp42_gazebo
[18.863s] DEBUG:colcon.colcon_core.event_handler.log_command:Invoked command in '/home/aiv/ev_ws/build/chaining_costmap_ver' returned '0': AMENT_PREFIX_PATH=/home/aiv/ev_ws/install/ev_msgs:${AMENT_PREFIX_PATH} CMAKE_PREFIX_PATH=/home/aiv/ev_ws/install/ev_msgs:/home/aiv/ev_ws/carsa_gazebo/install/carsa_gazebo:/home/aiv/ev_ws/planning/install/chaining_costmap_ver:/home/aiv/ev_ws/ev_msgs/install/ev_msgs:/home/aiv/ev_ws/erp42_ros/install/erp42_serial:/home/aiv/ev_ws/erp42_ros/install/erp42_rqt_plugin:/home/aiv/ev_ws/erp42_ros/install/erp42_gazebo:/home/aiv/ev_ws/erp42_ros/install/erp42_util:/home/aiv/ev_ws/erp42_ros/install/erp42_msgs:/home/aiv/ev_ws/erp42_ros/install/erp42_description:/home/aiv/ev_ws/erp42_ros/install/erp42_cmake:/home/aiv/ev_ws/perception/install/velodyne:/home/aiv/ev_ws/perception/install/lidar_launch:/home/aiv/ev_ws/perception/install/velodyne_pointcloud:/home/aiv/ev_ws/perception/install/velodyne_driver:/home/aiv/ev_ws/perception/install/velodyne_msgs:/home/aiv/ev_ws/perception/install/velodyne_cropbox:/home/aiv/ev_ws/perception/install/patchworkpp:/home/aiv/ev_ws/perception/install/make_bbox:/home/aiv/ev_ws/perception/install/lidar_voxel_grid:/home/aiv/ev_ws/perception/install/dbscan_clustering:/home/aiv/ev_ws/perception/install/cluster_splitter:/opt/ros/humble LD_LIBRARY_PATH=/home/aiv/ev_ws/install/ev_msgs/lib:${LD_LIBRARY_PATH} PYTHONPATH=/home/aiv/ev_ws/install/ev_msgs/local/lib/python3.10/dist-packages:${PYTHONPATH} /usr/bin/cmake --build /home/aiv/ev_ws/build/chaining_costmap_ver -- -j28 -l28
[18.864s] DEBUG:colcon.colcon_core.event_handler.log_command:Invoking command in '/home/aiv/ev_ws/build/chaining_costmap_ver': AMENT_PREFIX_PATH=/home/aiv/ev_ws/install/ev_msgs:${AMENT_PREFIX_PATH} CMAKE_PREFIX_PATH=/home/aiv/ev_ws/install/ev_msgs:/home/aiv/ev_ws/carsa_gazebo/install/carsa_gazebo:/home/aiv/ev_ws/planning/install/chaining_costmap_ver:/home/aiv/ev_ws/ev_msgs/install/ev_msgs:/home/aiv/ev_ws/erp42_ros/install/erp42_serial:/home/aiv/ev_ws/erp42_ros/install/erp42_rqt_plugin:/home/aiv/ev_ws/erp42_ros/install/erp42_gazebo:/home/aiv/ev_ws/erp42_ros/install/erp42_util:/home/aiv/ev_ws/erp42_ros/install/erp42_msgs:/home/aiv/ev_ws/erp42_ros/install/erp42_description:/home/aiv/ev_ws/erp42_ros/install/erp42_cmake:/home/aiv/ev_ws/perception/install/velodyne:/home/aiv/ev_ws/perception/install/lidar_launch:/home/aiv/ev_ws/perception/install/velodyne_pointcloud:/home/aiv/ev_ws/perception/install/velodyne_driver:/home/aiv/ev_ws/perception/install/velodyne_msgs:/home/aiv/ev_ws/perception/install/velodyne_cropbox:/home/aiv/ev_ws/perception/install/patchworkpp:/home/aiv/ev_ws/perception/install/make_bbox:/home/aiv/ev_ws/perception/install/lidar_voxel_grid:/home/aiv/ev_ws/perception/install/dbscan_clustering:/home/aiv/ev_ws/perception/install/cluster_splitter:/opt/ros/humble LD_LIBRARY_PATH=/home/aiv/ev_ws/install/ev_msgs/lib:${LD_LIBRARY_PATH} PYTHONPATH=/home/aiv/ev_ws/install/ev_msgs/local/lib/python3.10/dist-packages:${PYTHONPATH} /usr/bin/cmake --install /home/aiv/ev_ws/build/chaining_costmap_ver
[18.877s] Level 1:colcon.colcon_core.environment:create_environment_scripts_only(erp42_gazebo)
[18.877s] Level 1:colcon.colcon_core.environment:checking '/home/aiv/ev_ws/install/erp42_gazebo' for CMake module files
[18.877s] DEBUG:colcon.colcon_core.event_handler.log_command:Invoked command in '/home/aiv/ev_ws/build/erp42_gazebo' returned '0': AMENT_PREFIX_PATH=/home/aiv/ev_ws/install/erp42_util:/home/aiv/ev_ws/install/erp42_description:/home/aiv/ev_ws/install/erp42_msgs:/home/aiv/ev_ws/install/erp42_cmake:${AMENT_PREFIX_PATH} CMAKE_PREFIX_PATH=/home/aiv/ev_ws/install/erp42_util:/home/aiv/ev_ws/install/erp42_description:/home/aiv/ev_ws/install/erp42_msgs:/home/aiv/ev_ws/install/erp42_cmake:/home/aiv/ev_ws/carsa_gazebo/install/carsa_gazebo:/home/aiv/ev_ws/planning/install/chaining_costmap_ver:/home/aiv/ev_ws/ev_msgs/install/ev_msgs:/home/aiv/ev_ws/erp42_ros/install/erp42_serial:/home/aiv/ev_ws/erp42_ros/install/erp42_rqt_plugin:/home/aiv/ev_ws/erp42_ros/install/erp42_gazebo:/home/aiv/ev_ws/erp42_ros/install/erp42_util:/home/aiv/ev_ws/erp42_ros/install/erp42_msgs:/home/aiv/ev_ws/erp42_ros/install/erp42_description:/home/aiv/ev_ws/erp42_ros/install/erp42_cmake:/home/aiv/ev_ws/perception/install/velodyne:/home/aiv/ev_ws/perception/install/lidar_launch:/home/aiv/ev_ws/perception/install/velodyne_pointcloud:/home/aiv/ev_ws/perception/install/velodyne_driver:/home/aiv/ev_ws/perception/install/velodyne_msgs:/home/aiv/ev_ws/perception/install/velodyne_cropbox:/home/aiv/ev_ws/perception/install/patchworkpp:/home/aiv/ev_ws/perception/install/make_bbox:/home/aiv/ev_ws/perception/install/lidar_voxel_grid:/home/aiv/ev_ws/perception/install/dbscan_clustering:/home/aiv/ev_ws/perception/install/cluster_splitter:/opt/ros/humble LD_LIBRARY_PATH=/home/aiv/ev_ws/install/erp42_util/lib:/home/aiv/ev_ws/install/erp42_msgs/lib:${LD_LIBRARY_PATH} PYTHONPATH=/home/aiv/ev_ws/install/erp42_msgs/local/lib/python3.10/dist-packages:${PYTHONPATH} /usr/bin/cmake --install /home/aiv/ev_ws/build/erp42_gazebo
[18.878s] Level 1:colcon.colcon_core.environment:checking '/home/aiv/ev_ws/install/erp42_gazebo' for CMake config files
[18.878s] Level 1:colcon.colcon_core.shell:create_environment_hook('erp42_gazebo', 'cmake_prefix_path')
[18.878s] INFO:colcon.colcon_core.shell:Creating environment hook '/home/aiv/ev_ws/install/erp42_gazebo/share/erp42_gazebo/hook/cmake_prefix_path.ps1'
[18.878s] INFO:colcon.colcon_core.shell:Creating environment descriptor '/home/aiv/ev_ws/install/erp42_gazebo/share/erp42_gazebo/hook/cmake_prefix_path.dsv'
[18.878s] INFO:colcon.colcon_core.shell:Creating environment hook '/home/aiv/ev_ws/install/erp42_gazebo/share/erp42_gazebo/hook/cmake_prefix_path.sh'
[18.878s] Level 1:colcon.colcon_core.environment:checking '/home/aiv/ev_ws/install/erp42_gazebo/lib'
[18.878s] Level 1:colcon.colcon_core.shell:create_environment_hook('erp42_gazebo', 'ld_library_path_lib')
[18.879s] INFO:colcon.colcon_core.shell:Creating environment hook '/home/aiv/ev_ws/install/erp42_gazebo/share/erp42_gazebo/hook/ld_library_path_lib.ps1'
[18.879s] INFO:colcon.colcon_core.shell:Creating environment descriptor '/home/aiv/ev_ws/install/erp42_gazebo/share/erp42_gazebo/hook/ld_library_path_lib.dsv'
[18.879s] INFO:colcon.colcon_core.shell:Creating environment hook '/home/aiv/ev_ws/install/erp42_gazebo/share/erp42_gazebo/hook/ld_library_path_lib.sh'
[18.879s] Level 1:colcon.colcon_core.environment:checking '/home/aiv/ev_ws/install/erp42_gazebo/bin'
[18.879s] Level 1:colcon.colcon_core.environment:checking '/home/aiv/ev_ws/install/erp42_gazebo/lib/pkgconfig/erp42_gazebo.pc'
[18.879s] Level 1:colcon.colcon_core.environment:checking '/home/aiv/ev_ws/install/erp42_gazebo/lib/python3.10/site-packages'
[18.879s] Level 1:colcon.colcon_core.environment:checking '/home/aiv/ev_ws/install/erp42_gazebo/bin'
[18.879s] INFO:colcon.colcon_core.shell:Creating package script '/home/aiv/ev_ws/install/erp42_gazebo/share/erp42_gazebo/package.ps1'
[18.880s] INFO:colcon.colcon_core.shell:Creating package descriptor '/home/aiv/ev_ws/install/erp42_gazebo/share/erp42_gazebo/package.dsv'
[18.880s] INFO:colcon.colcon_core.shell:Creating package script '/home/aiv/ev_ws/install/erp42_gazebo/share/erp42_gazebo/package.sh'
[18.880s] INFO:colcon.colcon_core.shell:Creating package script '/home/aiv/ev_ws/install/erp42_gazebo/share/erp42_gazebo/package.bash'
[18.880s] INFO:colcon.colcon_core.shell:Creating package script '/home/aiv/ev_ws/install/erp42_gazebo/share/erp42_gazebo/package.zsh'
[18.880s] Level 1:colcon.colcon_core.environment:create_file_with_runtime_dependencies(/home/aiv/ev_ws/install/erp42_gazebo/share/colcon-core/packages/erp42_gazebo)
[18.881s] Level 1:colcon.colcon_core.environment:create_environment_scripts_only(erp42_gazebo)
[18.881s] Level 1:colcon.colcon_core.environment:checking '/home/aiv/ev_ws/install/erp42_gazebo' for CMake module files
[18.881s] Level 1:colcon.colcon_core.environment:checking '/home/aiv/ev_ws/install/erp42_gazebo' for CMake config files
[18.881s] Level 1:colcon.colcon_core.shell:create_environment_hook('erp42_gazebo', 'cmake_prefix_path')
[18.881s] INFO:colcon.colcon_core.shell:Creating environment hook '/home/aiv/ev_ws/install/erp42_gazebo/share/erp42_gazebo/hook/cmake_prefix_path.ps1'
[18.881s] INFO:colcon.colcon_core.shell:Creating environment descriptor '/home/aiv/ev_ws/install/erp42_gazebo/share/erp42_gazebo/hook/cmake_prefix_path.dsv'
[18.881s] INFO:colcon.colcon_core.shell:Creating environment hook '/home/aiv/ev_ws/install/erp42_gazebo/share/erp42_gazebo/hook/cmake_prefix_path.sh'
[18.882s] Level 1:colcon.colcon_core.environment:checking '/home/aiv/ev_ws/install/erp42_gazebo/lib'
[18.882s] Level 1:colcon.colcon_core.shell:create_environment_hook('erp42_gazebo', 'ld_library_path_lib')
[18.882s] INFO:colcon.colcon_core.shell:Creating environment hook '/home/aiv/ev_ws/install/erp42_gazebo/share/erp42_gazebo/hook/ld_library_path_lib.ps1'
[18.882s] INFO:colcon.colcon_core.shell:Creating environment descriptor '/home/aiv/ev_ws/install/erp42_gazebo/share/erp42_gazebo/hook/ld_library_path_lib.dsv'
[18.882s] INFO:colcon.colcon_core.shell:Creating environment hook '/home/aiv/ev_ws/install/erp42_gazebo/share/erp42_gazebo/hook/ld_library_path_lib.sh'
[18.882s] Level 1:colcon.colcon_core.environment:checking '/home/aiv/ev_ws/install/erp42_gazebo/bin'
[18.882s] Level 1:colcon.colcon_core.environment:checking '/home/aiv/ev_ws/install/erp42_gazebo/lib/pkgconfig/erp42_gazebo.pc'
[18.882s] Level 1:colcon.colcon_core.environment:checking '/home/aiv/ev_ws/install/erp42_gazebo/lib/python3.10/site-packages'
[18.882s] Level 1:colcon.colcon_core.environment:checking '/home/aiv/ev_ws/install/erp42_gazebo/bin'
[18.883s] INFO:colcon.colcon_core.shell:Creating package script '/home/aiv/ev_ws/install/erp42_gazebo/share/erp42_gazebo/package.ps1'
[18.883s] INFO:colcon.colcon_core.shell:Creating package descriptor '/home/aiv/ev_ws/install/erp42_gazebo/share/erp42_gazebo/package.dsv'
[18.883s] INFO:colcon.colcon_core.shell:Creating package script '/home/aiv/ev_ws/install/erp42_gazebo/share/erp42_gazebo/package.sh'
[18.883s] INFO:colcon.colcon_core.shell:Creating package script '/home/aiv/ev_ws/install/erp42_gazebo/share/erp42_gazebo/package.bash'
[18.883s] INFO:colcon.colcon_core.shell:Creating package script '/home/aiv/ev_ws/install/erp42_gazebo/share/erp42_gazebo/package.zsh'
[18.883s] Level 1:colcon.colcon_core.environment:create_file_with_runtime_dependencies(/home/aiv/ev_ws/install/erp42_gazebo/share/colcon-core/packages/erp42_gazebo)
[19.061s] Level 1:colcon.colcon_core.environment:create_environment_scripts_only(chaining_costmap_ver)
[19.061s] Level 1:colcon.colcon_core.environment:checking '/home/aiv/ev_ws/install/chaining_costmap_ver' for CMake module files
[19.062s] DEBUG:colcon.colcon_core.event_handler.log_command:Invoked command in '/home/aiv/ev_ws/build/chaining_costmap_ver' returned '0': AMENT_PREFIX_PATH=/home/aiv/ev_ws/install/ev_msgs:${AMENT_PREFIX_PATH} CMAKE_PREFIX_PATH=/home/aiv/ev_ws/install/ev_msgs:/home/aiv/ev_ws/carsa_gazebo/install/carsa_gazebo:/home/aiv/ev_ws/planning/install/chaining_costmap_ver:/home/aiv/ev_ws/ev_msgs/install/ev_msgs:/home/aiv/ev_ws/erp42_ros/install/erp42_serial:/home/aiv/ev_ws/erp42_ros/install/erp42_rqt_plugin:/home/aiv/ev_ws/erp42_ros/install/erp42_gazebo:/home/aiv/ev_ws/erp42_ros/install/erp42_util:/home/aiv/ev_ws/erp42_ros/install/erp42_msgs:/home/aiv/ev_ws/erp42_ros/install/erp42_description:/home/aiv/ev_ws/erp42_ros/install/erp42_cmake:/home/aiv/ev_ws/perception/install/velodyne:/home/aiv/ev_ws/perception/install/lidar_launch:/home/aiv/ev_ws/perception/install/velodyne_pointcloud:/home/aiv/ev_ws/perception/install/velodyne_driver:/home/aiv/ev_ws/perception/install/velodyne_msgs:/home/aiv/ev_ws/perception/install/velodyne_cropbox:/home/aiv/ev_ws/perception/install/patchworkpp:/home/aiv/ev_ws/perception/install/make_bbox:/home/aiv/ev_ws/perception/install/lidar_voxel_grid:/home/aiv/ev_ws/perception/install/dbscan_clustering:/home/aiv/ev_ws/perception/install/cluster_splitter:/opt/ros/humble LD_LIBRARY_PATH=/home/aiv/ev_ws/install/ev_msgs/lib:${LD_LIBRARY_PATH} PYTHONPATH=/home/aiv/ev_ws/install/ev_msgs/local/lib/python3.10/dist-packages:${PYTHONPATH} /usr/bin/cmake --install /home/aiv/ev_ws/build/chaining_costmap_ver
[19.062s] Level 1:colcon.colcon_core.environment:checking '/home/aiv/ev_ws/install/chaining_costmap_ver' for CMake config files
[19.062s] Level 1:colcon.colcon_core.shell:create_environment_hook('chaining_costmap_ver', 'cmake_prefix_path')
[19.062s] INFO:colcon.colcon_core.shell:Creating environment hook '/home/aiv/ev_ws/install/chaining_costmap_ver/share/chaining_costmap_ver/hook/cmake_prefix_path.ps1'
[19.063s] INFO:colcon.colcon_core.shell:Creating environment descriptor '/home/aiv/ev_ws/install/chaining_costmap_ver/share/chaining_costmap_ver/hook/cmake_prefix_path.dsv'
[19.063s] INFO:colcon.colcon_core.shell:Creating environment hook '/home/aiv/ev_ws/install/chaining_costmap_ver/share/chaining_costmap_ver/hook/cmake_prefix_path.sh'
[19.063s] Level 1:colcon.colcon_core.environment:checking '/home/aiv/ev_ws/install/chaining_costmap_ver/lib'
[19.063s] Level 1:colcon.colcon_core.shell:create_environment_hook('chaining_costmap_ver', 'ld_library_path_lib')
[19.063s] INFO:colcon.colcon_core.shell:Creating environment hook '/home/aiv/ev_ws/install/chaining_costmap_ver/share/chaining_costmap_ver/hook/ld_library_path_lib.ps1'
[19.064s] INFO:colcon.colcon_core.shell:Creating environment descriptor '/home/aiv/ev_ws/install/chaining_costmap_ver/share/chaining_costmap_ver/hook/ld_library_path_lib.dsv'
[19.064s] INFO:colcon.colcon_core.shell:Creating environment hook '/home/aiv/ev_ws/install/chaining_costmap_ver/share/chaining_costmap_ver/hook/ld_library_path_lib.sh'
[19.064s] Level 1:colcon.colcon_core.environment:checking '/home/aiv/ev_ws/install/chaining_costmap_ver/bin'
[19.064s] Level 1:colcon.colcon_core.environment:checking '/home/aiv/ev_ws/install/chaining_costmap_ver/lib/pkgconfig/chaining_costmap_ver.pc'
[19.064s] Level 1:colcon.colcon_core.environment:checking '/home/aiv/ev_ws/install/chaining_costmap_ver/lib/python3.10/site-packages'
[19.064s] Level 1:colcon.colcon_core.environment:checking '/home/aiv/ev_ws/install/chaining_costmap_ver/bin'
[19.064s] INFO:colcon.colcon_core.shell:Creating package script '/home/aiv/ev_ws/install/chaining_costmap_ver/share/chaining_costmap_ver/package.ps1'
[19.064s] INFO:colcon.colcon_core.shell:Creating package descriptor '/home/aiv/ev_ws/install/chaining_costmap_ver/share/chaining_costmap_ver/package.dsv'
[19.065s] INFO:colcon.colcon_core.shell:Creating package script '/home/aiv/ev_ws/install/chaining_costmap_ver/share/chaining_costmap_ver/package.sh'
[19.065s] INFO:colcon.colcon_core.shell:Creating package script '/home/aiv/ev_ws/install/chaining_costmap_ver/share/chaining_costmap_ver/package.bash'
[19.065s] INFO:colcon.colcon_core.shell:Creating package script '/home/aiv/ev_ws/install/chaining_costmap_ver/share/chaining_costmap_ver/package.zsh'
[19.065s] Level 1:colcon.colcon_core.environment:create_file_with_runtime_dependencies(/home/aiv/ev_ws/install/chaining_costmap_ver/share/colcon-core/packages/chaining_costmap_ver)
[19.065s] Level 1:colcon.colcon_core.environment:create_environment_scripts_only(chaining_costmap_ver)
[19.065s] Level 1:colcon.colcon_core.environment:checking '/home/aiv/ev_ws/install/chaining_costmap_ver' for CMake module files
[19.066s] Level 1:colcon.colcon_core.environment:checking '/home/aiv/ev_ws/install/chaining_costmap_ver' for CMake config files
[19.066s] Level 1:colcon.colcon_core.shell:create_environment_hook('chaining_costmap_ver', 'cmake_prefix_path')
[19.066s] INFO:colcon.colcon_core.shell:Creating environment hook '/home/aiv/ev_ws/install/chaining_costmap_ver/share/chaining_costmap_ver/hook/cmake_prefix_path.ps1'
[19.066s] INFO:colcon.colcon_core.shell:Creating environment descriptor '/home/aiv/ev_ws/install/chaining_costmap_ver/share/chaining_costmap_ver/hook/cmake_prefix_path.dsv'
[19.066s] INFO:colcon.colcon_core.shell:Creating environment hook '/home/aiv/ev_ws/install/chaining_costmap_ver/share/chaining_costmap_ver/hook/cmake_prefix_path.sh'
[19.066s] Level 1:colcon.colcon_core.environment:checking '/home/aiv/ev_ws/install/chaining_costmap_ver/lib'
[19.066s] Level 1:colcon.colcon_core.shell:create_environment_hook('chaining_costmap_ver', 'ld_library_path_lib')
[19.066s] INFO:colcon.colcon_core.shell:Creating environment hook '/home/aiv/ev_ws/install/chaining_costmap_ver/share/chaining_costmap_ver/hook/ld_library_path_lib.ps1'
[19.067s] INFO:colcon.colcon_core.shell:Creating environment descriptor '/home/aiv/ev_ws/install/chaining_costmap_ver/share/chaining_costmap_ver/hook/ld_library_path_lib.dsv'
[19.067s] INFO:colcon.colcon_core.shell:Creating environment hook '/home/aiv/ev_ws/install/chaining_costmap_ver/share/chaining_costmap_ver/hook/ld_library_path_lib.sh'
[19.067s] Level 1:colcon.colcon_core.environment:checking '/home/aiv/ev_ws/install/chaining_costmap_ver/bin'
[19.067s] Level 1:colcon.colcon_core.environment:checking '/home/aiv/ev_ws/install/chaining_costmap_ver/lib/pkgconfig/chaining_costmap_ver.pc'
[19.067s] Level 1:colcon.colcon_core.environment:checking '/home/aiv/ev_ws/install/chaining_costmap_ver/lib/python3.10/site-packages'
[19.067s] Level 1:colcon.colcon_core.environment:checking '/home/aiv/ev_ws/install/chaining_costmap_ver/bin'
[19.067s] INFO:colcon.colcon_core.shell:Creating package script '/home/aiv/ev_ws/install/chaining_costmap_ver/share/chaining_costmap_ver/package.ps1'
[19.067s] INFO:colcon.colcon_core.shell:Creating package descriptor '/home/aiv/ev_ws/install/chaining_costmap_ver/share/chaining_costmap_ver/package.dsv'
[19.068s] INFO:colcon.colcon_core.shell:Creating package script '/home/aiv/ev_ws/install/chaining_costmap_ver/share/chaining_costmap_ver/package.sh'
[19.068s] INFO:colcon.colcon_core.shell:Creating package script '/home/aiv/ev_ws/install/chaining_costmap_ver/share/chaining_costmap_ver/package.bash'
[19.068s] INFO:colcon.colcon_core.shell:Creating package script '/home/aiv/ev_ws/install/chaining_costmap_ver/share/chaining_costmap_ver/package.zsh'
[19.068s] Level 1:colcon.colcon_core.environment:create_file_with_runtime_dependencies(/home/aiv/ev_ws/install/chaining_costmap_ver/share/colcon-core/packages/chaining_costmap_ver)
[22.091s] DEBUG:colcon.colcon_core.event_handler.log_command:Invoked command in '/home/aiv/ev_ws/build/velodyne_pointcloud' returned '0': AMENT_PREFIX_PATH=/home/aiv/ev_ws/install/velodyne_msgs:${AMENT_PREFIX_PATH} CMAKE_PREFIX_PATH=/home/aiv/ev_ws/install/velodyne_msgs:/home/aiv/ev_ws/carsa_gazebo/install/carsa_gazebo:/home/aiv/ev_ws/planning/install/chaining_costmap_ver:/home/aiv/ev_ws/ev_msgs/install/ev_msgs:/home/aiv/ev_ws/erp42_ros/install/erp42_serial:/home/aiv/ev_ws/erp42_ros/install/erp42_rqt_plugin:/home/aiv/ev_ws/erp42_ros/install/erp42_gazebo:/home/aiv/ev_ws/erp42_ros/install/erp42_util:/home/aiv/ev_ws/erp42_ros/install/erp42_msgs:/home/aiv/ev_ws/erp42_ros/install/erp42_description:/home/aiv/ev_ws/erp42_ros/install/erp42_cmake:/home/aiv/ev_ws/perception/install/velodyne:/home/aiv/ev_ws/perception/install/lidar_launch:/home/aiv/ev_ws/perception/install/velodyne_pointcloud:/home/aiv/ev_ws/perception/install/velodyne_driver:/home/aiv/ev_ws/perception/install/velodyne_msgs:/home/aiv/ev_ws/perception/install/velodyne_cropbox:/home/aiv/ev_ws/perception/install/patchworkpp:/home/aiv/ev_ws/perception/install/make_bbox:/home/aiv/ev_ws/perception/install/lidar_voxel_grid:/home/aiv/ev_ws/perception/install/dbscan_clustering:/home/aiv/ev_ws/perception/install/cluster_splitter:/opt/ros/humble LD_LIBRARY_PATH=/home/aiv/ev_ws/install/velodyne_msgs/lib:${LD_LIBRARY_PATH} PYTHONPATH=/home/aiv/ev_ws/install/velodyne_msgs/local/lib/python3.10/dist-packages:${PYTHONPATH} /usr/bin/cmake --build /home/aiv/ev_ws/build/velodyne_pointcloud -- -j28 -l28
[22.092s] DEBUG:colcon.colcon_core.event_handler.log_command:Invoking command in '/home/aiv/ev_ws/build/velodyne_pointcloud': AMENT_PREFIX_PATH=/home/aiv/ev_ws/install/velodyne_msgs:${AMENT_PREFIX_PATH} CMAKE_PREFIX_PATH=/home/aiv/ev_ws/install/velodyne_msgs:/home/aiv/ev_ws/carsa_gazebo/install/carsa_gazebo:/home/aiv/ev_ws/planning/install/chaining_costmap_ver:/home/aiv/ev_ws/ev_msgs/install/ev_msgs:/home/aiv/ev_ws/erp42_ros/install/erp42_serial:/home/aiv/ev_ws/erp42_ros/install/erp42_rqt_plugin:/home/aiv/ev_ws/erp42_ros/install/erp42_gazebo:/home/aiv/ev_ws/erp42_ros/install/erp42_util:/home/aiv/ev_ws/erp42_ros/install/erp42_msgs:/home/aiv/ev_ws/erp42_ros/install/erp42_description:/home/aiv/ev_ws/erp42_ros/install/erp42_cmake:/home/aiv/ev_ws/perception/install/velodyne:/home/aiv/ev_ws/perception/install/lidar_launch:/home/aiv/ev_ws/perception/install/velodyne_pointcloud:/home/aiv/ev_ws/perception/install/velodyne_driver:/home/aiv/ev_ws/perception/install/velodyne_msgs:/home/aiv/ev_ws/perception/install/velodyne_cropbox:/home/aiv/ev_ws/perception/install/patchworkpp:/home/aiv/ev_ws/perception/install/make_bbox:/home/aiv/ev_ws/perception/install/lidar_voxel_grid:/home/aiv/ev_ws/perception/install/dbscan_clustering:/home/aiv/ev_ws/perception/install/cluster_splitter:/opt/ros/humble LD_LIBRARY_PATH=/home/aiv/ev_ws/install/velodyne_msgs/lib:${LD_LIBRARY_PATH} PYTHONPATH=/home/aiv/ev_ws/install/velodyne_msgs/local/lib/python3.10/dist-packages:${PYTHONPATH} /usr/bin/cmake --install /home/aiv/ev_ws/build/velodyne_pointcloud
[22.358s] Level 1:colcon.colcon_core.environment:create_environment_scripts_only(velodyne_pointcloud)
[22.358s] Level 1:colcon.colcon_core.environment:checking '/home/aiv/ev_ws/install/velodyne_pointcloud' for CMake module files
[22.359s] DEBUG:colcon.colcon_core.event_handler.log_command:Invoked command in '/home/aiv/ev_ws/build/velodyne_pointcloud' returned '0': AMENT_PREFIX_PATH=/home/aiv/ev_ws/install/velodyne_msgs:${AMENT_PREFIX_PATH} CMAKE_PREFIX_PATH=/home/aiv/ev_ws/install/velodyne_msgs:/home/aiv/ev_ws/carsa_gazebo/install/carsa_gazebo:/home/aiv/ev_ws/planning/install/chaining_costmap_ver:/home/aiv/ev_ws/ev_msgs/install/ev_msgs:/home/aiv/ev_ws/erp42_ros/install/erp42_serial:/home/aiv/ev_ws/erp42_ros/install/erp42_rqt_plugin:/home/aiv/ev_ws/erp42_ros/install/erp42_gazebo:/home/aiv/ev_ws/erp42_ros/install/erp42_util:/home/aiv/ev_ws/erp42_ros/install/erp42_msgs:/home/aiv/ev_ws/erp42_ros/install/erp42_description:/home/aiv/ev_ws/erp42_ros/install/erp42_cmake:/home/aiv/ev_ws/perception/install/velodyne:/home/aiv/ev_ws/perception/install/lidar_launch:/home/aiv/ev_ws/perception/install/velodyne_pointcloud:/home/aiv/ev_ws/perception/install/velodyne_driver:/home/aiv/ev_ws/perception/install/velodyne_msgs:/home/aiv/ev_ws/perception/install/velodyne_cropbox:/home/aiv/ev_ws/perception/install/patchworkpp:/home/aiv/ev_ws/perception/install/make_bbox:/home/aiv/ev_ws/perception/install/lidar_voxel_grid:/home/aiv/ev_ws/perception/install/dbscan_clustering:/home/aiv/ev_ws/perception/install/cluster_splitter:/opt/ros/humble LD_LIBRARY_PATH=/home/aiv/ev_ws/install/velodyne_msgs/lib:${LD_LIBRARY_PATH} PYTHONPATH=/home/aiv/ev_ws/install/velodyne_msgs/local/lib/python3.10/dist-packages:${PYTHONPATH} /usr/bin/cmake --install /home/aiv/ev_ws/build/velodyne_pointcloud
[22.359s] Level 1:colcon.colcon_core.environment:checking '/home/aiv/ev_ws/install/velodyne_pointcloud' for CMake config files
[22.360s] Level 1:colcon.colcon_core.shell:create_environment_hook('velodyne_pointcloud', 'cmake_prefix_path')
[22.360s] INFO:colcon.colcon_core.shell:Creating environment hook '/home/aiv/ev_ws/install/velodyne_pointcloud/share/velodyne_pointcloud/hook/cmake_prefix_path.ps1'
[22.360s] INFO:colcon.colcon_core.shell:Creating environment descriptor '/home/aiv/ev_ws/install/velodyne_pointcloud/share/velodyne_pointcloud/hook/cmake_prefix_path.dsv'
[22.360s] INFO:colcon.colcon_core.shell:Creating environment hook '/home/aiv/ev_ws/install/velodyne_pointcloud/share/velodyne_pointcloud/hook/cmake_prefix_path.sh'
[22.361s] Level 1:colcon.colcon_core.environment:checking '/home/aiv/ev_ws/install/velodyne_pointcloud/lib'
[22.361s] Level 1:colcon.colcon_core.shell:create_environment_hook('velodyne_pointcloud', 'ld_library_path_lib')
[22.361s] INFO:colcon.colcon_core.shell:Creating environment hook '/home/aiv/ev_ws/install/velodyne_pointcloud/share/velodyne_pointcloud/hook/ld_library_path_lib.ps1'
[22.361s] INFO:colcon.colcon_core.shell:Creating environment descriptor '/home/aiv/ev_ws/install/velodyne_pointcloud/share/velodyne_pointcloud/hook/ld_library_path_lib.dsv'
[22.361s] INFO:colcon.colcon_core.shell:Creating environment hook '/home/aiv/ev_ws/install/velodyne_pointcloud/share/velodyne_pointcloud/hook/ld_library_path_lib.sh'
[22.362s] Level 1:colcon.colcon_core.environment:checking '/home/aiv/ev_ws/install/velodyne_pointcloud/bin'
[22.362s] Level 1:colcon.colcon_core.environment:checking '/home/aiv/ev_ws/install/velodyne_pointcloud/lib/pkgconfig/velodyne_pointcloud.pc'
[22.362s] Level 1:colcon.colcon_core.environment:checking '/home/aiv/ev_ws/install/velodyne_pointcloud/lib/python3.10/site-packages'
[22.362s] Level 1:colcon.colcon_core.environment:checking '/home/aiv/ev_ws/install/velodyne_pointcloud/bin'
[22.362s] INFO:colcon.colcon_core.shell:Creating package script '/home/aiv/ev_ws/install/velodyne_pointcloud/share/velodyne_pointcloud/package.ps1'
[22.363s] INFO:colcon.colcon_core.shell:Creating package descriptor '/home/aiv/ev_ws/install/velodyne_pointcloud/share/velodyne_pointcloud/package.dsv'
[22.363s] INFO:colcon.colcon_core.shell:Creating package script '/home/aiv/ev_ws/install/velodyne_pointcloud/share/velodyne_pointcloud/package.sh'
[22.363s] INFO:colcon.colcon_core.shell:Creating package script '/home/aiv/ev_ws/install/velodyne_pointcloud/share/velodyne_pointcloud/package.bash'
[22.364s] INFO:colcon.colcon_core.shell:Creating package script '/home/aiv/ev_ws/install/velodyne_pointcloud/share/velodyne_pointcloud/package.zsh'
[22.364s] Level 1:colcon.colcon_core.environment:create_file_with_runtime_dependencies(/home/aiv/ev_ws/install/velodyne_pointcloud/share/colcon-core/packages/velodyne_pointcloud)
[22.364s] Level 1:colcon.colcon_core.environment:create_environment_scripts_only(velodyne_pointcloud)
[22.364s] Level 1:colcon.colcon_core.environment:checking '/home/aiv/ev_ws/install/velodyne_pointcloud' for CMake module files
[22.365s] Level 1:colcon.colcon_core.environment:checking '/home/aiv/ev_ws/install/velodyne_pointcloud' for CMake config files
[22.365s] Level 1:colcon.colcon_core.shell:create_environment_hook('velodyne_pointcloud', 'cmake_prefix_path')
[22.365s] INFO:colcon.colcon_core.shell:Creating environment hook '/home/aiv/ev_ws/install/velodyne_pointcloud/share/velodyne_pointcloud/hook/cmake_prefix_path.ps1'
[22.365s] INFO:colcon.colcon_core.shell:Creating environment descriptor '/home/aiv/ev_ws/install/velodyne_pointcloud/share/velodyne_pointcloud/hook/cmake_prefix_path.dsv'
[22.366s] INFO:colcon.colcon_core.shell:Creating environment hook '/home/aiv/ev_ws/install/velodyne_pointcloud/share/velodyne_pointcloud/hook/cmake_prefix_path.sh'
[22.366s] Level 1:colcon.colcon_core.environment:checking '/home/aiv/ev_ws/install/velodyne_pointcloud/lib'
[22.366s] Level 1:colcon.colcon_core.shell:create_environment_hook('velodyne_pointcloud', 'ld_library_path_lib')
[22.366s] INFO:colcon.colcon_core.shell:Creating environment hook '/home/aiv/ev_ws/install/velodyne_pointcloud/share/velodyne_pointcloud/hook/ld_library_path_lib.ps1'
[22.367s] INFO:colcon.colcon_core.shell:Creating environment descriptor '/home/aiv/ev_ws/install/velodyne_pointcloud/share/velodyne_pointcloud/hook/ld_library_path_lib.dsv'
[22.367s] INFO:colcon.colcon_core.shell:Creating environment hook '/home/aiv/ev_ws/install/velodyne_pointcloud/share/velodyne_pointcloud/hook/ld_library_path_lib.sh'
[22.367s] Level 1:colcon.colcon_core.environment:checking '/home/aiv/ev_ws/install/velodyne_pointcloud/bin'
[22.367s] Level 1:colcon.colcon_core.environment:checking '/home/aiv/ev_ws/install/velodyne_pointcloud/lib/pkgconfig/velodyne_pointcloud.pc'
[22.367s] Level 1:colcon.colcon_core.environment:checking '/home/aiv/ev_ws/install/velodyne_pointcloud/lib/python3.10/site-packages'
[22.368s] Level 1:colcon.colcon_core.environment:checking '/home/aiv/ev_ws/install/velodyne_pointcloud/bin'
[22.368s] INFO:colcon.colcon_core.shell:Creating package script '/home/aiv/ev_ws/install/velodyne_pointcloud/share/velodyne_pointcloud/package.ps1'
[22.368s] INFO:colcon.colcon_core.shell:Creating package descriptor '/home/aiv/ev_ws/install/velodyne_pointcloud/share/velodyne_pointcloud/package.dsv'
[22.368s] INFO:colcon.colcon_core.shell:Creating package script '/home/aiv/ev_ws/install/velodyne_pointcloud/share/velodyne_pointcloud/package.sh'
[22.369s] INFO:colcon.colcon_core.shell:Creating package script '/home/aiv/ev_ws/install/velodyne_pointcloud/share/velodyne_pointcloud/package.bash'
[22.369s] INFO:colcon.colcon_core.shell:Creating package script '/home/aiv/ev_ws/install/velodyne_pointcloud/share/velodyne_pointcloud/package.zsh'
[22.369s] Level 1:colcon.colcon_core.environment:create_file_with_runtime_dependencies(/home/aiv/ev_ws/install/velodyne_pointcloud/share/colcon-core/packages/velodyne_pointcloud)
[22.369s] INFO:colcon.colcon_ros.task.ament_cmake.build:Building ROS package in '/home/aiv/ev_ws/perception/src/lidar/velodyne' with build type 'ament_cmake'
[22.369s] INFO:colcon.colcon_cmake.task.cmake.build:Building CMake package in '/home/aiv/ev_ws/perception/src/lidar/velodyne'
[22.369s] INFO:colcon.colcon_core.shell:Skip shell extension 'powershell' for command environment: Not usable outside of PowerShell
[22.369s] DEBUG:colcon.colcon_core.shell:Skip shell extension 'dsv' for command environment
[22.384s] DEBUG:colcon.colcon_core.event_handler.log_command:Invoking command in '/home/aiv/ev_ws/build/velodyne': AMENT_PREFIX_PATH=/home/aiv/ev_ws/install/velodyne_pointcloud:/home/aiv/ev_ws/install/velodyne_driver:/home/aiv/ev_ws/install/velodyne_msgs:${AMENT_PREFIX_PATH} CMAKE_PREFIX_PATH=/home/aiv/ev_ws/install/velodyne_pointcloud:/home/aiv/ev_ws/install/velodyne_driver:/home/aiv/ev_ws/install/velodyne_msgs:/home/aiv/ev_ws/carsa_gazebo/install/carsa_gazebo:/home/aiv/ev_ws/planning/install/chaining_costmap_ver:/home/aiv/ev_ws/ev_msgs/install/ev_msgs:/home/aiv/ev_ws/erp42_ros/install/erp42_serial:/home/aiv/ev_ws/erp42_ros/install/erp42_rqt_plugin:/home/aiv/ev_ws/erp42_ros/install/erp42_gazebo:/home/aiv/ev_ws/erp42_ros/install/erp42_util:/home/aiv/ev_ws/erp42_ros/install/erp42_msgs:/home/aiv/ev_ws/erp42_ros/install/erp42_description:/home/aiv/ev_ws/erp42_ros/install/erp42_cmake:/home/aiv/ev_ws/perception/install/velodyne:/home/aiv/ev_ws/perception/install/lidar_launch:/home/aiv/ev_ws/perception/install/velodyne_pointcloud:/home/aiv/ev_ws/perception/install/velodyne_driver:/home/aiv/ev_ws/perception/install/velodyne_msgs:/home/aiv/ev_ws/perception/install/velodyne_cropbox:/home/aiv/ev_ws/perception/install/patchworkpp:/home/aiv/ev_ws/perception/install/make_bbox:/home/aiv/ev_ws/perception/install/lidar_voxel_grid:/home/aiv/ev_ws/perception/install/dbscan_clustering:/home/aiv/ev_ws/perception/install/cluster_splitter:/opt/ros/humble LD_LIBRARY_PATH=/home/aiv/ev_ws/install/velodyne_pointcloud/lib:/home/aiv/ev_ws/install/velodyne_driver/lib:/home/aiv/ev_ws/install/velodyne_msgs/lib:${LD_LIBRARY_PATH} PYTHONPATH=/home/aiv/ev_ws/install/velodyne_msgs/local/lib/python3.10/dist-packages:${PYTHONPATH} /usr/bin/cmake /home/aiv/ev_ws/perception/src/lidar/velodyne -DAMENT_CMAKE_SYMLINK_INSTALL=1 -DCMAKE_INSTALL_PREFIX=/home/aiv/ev_ws/install/velodyne
[22.812s] DEBUG:colcon.colcon_core.event_handler.log_command:Invoked command in '/home/aiv/ev_ws/build/velodyne' returned '0': AMENT_PREFIX_PATH=/home/aiv/ev_ws/install/velodyne_pointcloud:/home/aiv/ev_ws/install/velodyne_driver:/home/aiv/ev_ws/install/velodyne_msgs:${AMENT_PREFIX_PATH} CMAKE_PREFIX_PATH=/home/aiv/ev_ws/install/velodyne_pointcloud:/home/aiv/ev_ws/install/velodyne_driver:/home/aiv/ev_ws/install/velodyne_msgs:/home/aiv/ev_ws/carsa_gazebo/install/carsa_gazebo:/home/aiv/ev_ws/planning/install/chaining_costmap_ver:/home/aiv/ev_ws/ev_msgs/install/ev_msgs:/home/aiv/ev_ws/erp42_ros/install/erp42_serial:/home/aiv/ev_ws/erp42_ros/install/erp42_rqt_plugin:/home/aiv/ev_ws/erp42_ros/install/erp42_gazebo:/home/aiv/ev_ws/erp42_ros/install/erp42_util:/home/aiv/ev_ws/erp42_ros/install/erp42_msgs:/home/aiv/ev_ws/erp42_ros/install/erp42_description:/home/aiv/ev_ws/erp42_ros/install/erp42_cmake:/home/aiv/ev_ws/perception/install/velodyne:/home/aiv/ev_ws/perception/install/lidar_launch:/home/aiv/ev_ws/perception/install/velodyne_pointcloud:/home/aiv/ev_ws/perception/install/velodyne_driver:/home/aiv/ev_ws/perception/install/velodyne_msgs:/home/aiv/ev_ws/perception/install/velodyne_cropbox:/home/aiv/ev_ws/perception/install/patchworkpp:/home/aiv/ev_ws/perception/install/make_bbox:/home/aiv/ev_ws/perception/install/lidar_voxel_grid:/home/aiv/ev_ws/perception/install/dbscan_clustering:/home/aiv/ev_ws/perception/install/cluster_splitter:/opt/ros/humble LD_LIBRARY_PATH=/home/aiv/ev_ws/install/velodyne_pointcloud/lib:/home/aiv/ev_ws/install/velodyne_driver/lib:/home/aiv/ev_ws/install/velodyne_msgs/lib:${LD_LIBRARY_PATH} PYTHONPATH=/home/aiv/ev_ws/install/velodyne_msgs/local/lib/python3.10/dist-packages:${PYTHONPATH} /usr/bin/cmake /home/aiv/ev_ws/perception/src/lidar/velodyne -DAMENT_CMAKE_SYMLINK_INSTALL=1 -DCMAKE_INSTALL_PREFIX=/home/aiv/ev_ws/install/velodyne
[22.812s] DEBUG:colcon.colcon_core.event_handler.log_command:Invoking command in '/home/aiv/ev_ws/build/velodyne': AMENT_PREFIX_PATH=/home/aiv/ev_ws/install/velodyne_pointcloud:/home/aiv/ev_ws/install/velodyne_driver:/home/aiv/ev_ws/install/velodyne_msgs:${AMENT_PREFIX_PATH} CMAKE_PREFIX_PATH=/home/aiv/ev_ws/install/velodyne_pointcloud:/home/aiv/ev_ws/install/velodyne_driver:/home/aiv/ev_ws/install/velodyne_msgs:/home/aiv/ev_ws/carsa_gazebo/install/carsa_gazebo:/home/aiv/ev_ws/planning/install/chaining_costmap_ver:/home/aiv/ev_ws/ev_msgs/install/ev_msgs:/home/aiv/ev_ws/erp42_ros/install/erp42_serial:/home/aiv/ev_ws/erp42_ros/install/erp42_rqt_plugin:/home/aiv/ev_ws/erp42_ros/install/erp42_gazebo:/home/aiv/ev_ws/erp42_ros/install/erp42_util:/home/aiv/ev_ws/erp42_ros/install/erp42_msgs:/home/aiv/ev_ws/erp42_ros/install/erp42_description:/home/aiv/ev_ws/erp42_ros/install/erp42_cmake:/home/aiv/ev_ws/perception/install/velodyne:/home/aiv/ev_ws/perception/install/lidar_launch:/home/aiv/ev_ws/perception/install/velodyne_pointcloud:/home/aiv/ev_ws/perception/install/velodyne_driver:/home/aiv/ev_ws/perception/install/velodyne_msgs:/home/aiv/ev_ws/perception/install/velodyne_cropbox:/home/aiv/ev_ws/perception/install/patchworkpp:/home/aiv/ev_ws/perception/install/make_bbox:/home/aiv/ev_ws/perception/install/lidar_voxel_grid:/home/aiv/ev_ws/perception/install/dbscan_clustering:/home/aiv/ev_ws/perception/install/cluster_splitter:/opt/ros/humble LD_LIBRARY_PATH=/home/aiv/ev_ws/install/velodyne_pointcloud/lib:/home/aiv/ev_ws/install/velodyne_driver/lib:/home/aiv/ev_ws/install/velodyne_msgs/lib:${LD_LIBRARY_PATH} PYTHONPATH=/home/aiv/ev_ws/install/velodyne_msgs/local/lib/python3.10/dist-packages:${PYTHONPATH} /usr/bin/cmake --build /home/aiv/ev_ws/build/velodyne -- -j28 -l28
[22.839s] DEBUG:colcon.colcon_core.event_handler.log_command:Invoked command in '/home/aiv/ev_ws/build/velodyne' returned '0': AMENT_PREFIX_PATH=/home/aiv/ev_ws/install/velodyne_pointcloud:/home/aiv/ev_ws/install/velodyne_driver:/home/aiv/ev_ws/install/velodyne_msgs:${AMENT_PREFIX_PATH} CMAKE_PREFIX_PATH=/home/aiv/ev_ws/install/velodyne_pointcloud:/home/aiv/ev_ws/install/velodyne_driver:/home/aiv/ev_ws/install/velodyne_msgs:/home/aiv/ev_ws/carsa_gazebo/install/carsa_gazebo:/home/aiv/ev_ws/planning/install/chaining_costmap_ver:/home/aiv/ev_ws/ev_msgs/install/ev_msgs:/home/aiv/ev_ws/erp42_ros/install/erp42_serial:/home/aiv/ev_ws/erp42_ros/install/erp42_rqt_plugin:/home/aiv/ev_ws/erp42_ros/install/erp42_gazebo:/home/aiv/ev_ws/erp42_ros/install/erp42_util:/home/aiv/ev_ws/erp42_ros/install/erp42_msgs:/home/aiv/ev_ws/erp42_ros/install/erp42_description:/home/aiv/ev_ws/erp42_ros/install/erp42_cmake:/home/aiv/ev_ws/perception/install/velodyne:/home/aiv/ev_ws/perception/install/lidar_launch:/home/aiv/ev_ws/perception/install/velodyne_pointcloud:/home/aiv/ev_ws/perception/install/velodyne_driver:/home/aiv/ev_ws/perception/install/velodyne_msgs:/home/aiv/ev_ws/perception/install/velodyne_cropbox:/home/aiv/ev_ws/perception/install/patchworkpp:/home/aiv/ev_ws/perception/install/make_bbox:/home/aiv/ev_ws/perception/install/lidar_voxel_grid:/home/aiv/ev_ws/perception/install/dbscan_clustering:/home/aiv/ev_ws/perception/install/cluster_splitter:/opt/ros/humble LD_LIBRARY_PATH=/home/aiv/ev_ws/install/velodyne_pointcloud/lib:/home/aiv/ev_ws/install/velodyne_driver/lib:/home/aiv/ev_ws/install/velodyne_msgs/lib:${LD_LIBRARY_PATH} PYTHONPATH=/home/aiv/ev_ws/install/velodyne_msgs/local/lib/python3.10/dist-packages:${PYTHONPATH} /usr/bin/cmake --build /home/aiv/ev_ws/build/velodyne -- -j28 -l28
[22.839s] DEBUG:colcon.colcon_core.event_handler.log_command:Invoking command in '/home/aiv/ev_ws/build/velodyne': AMENT_PREFIX_PATH=/home/aiv/ev_ws/install/velodyne_pointcloud:/home/aiv/ev_ws/install/velodyne_driver:/home/aiv/ev_ws/install/velodyne_msgs:${AMENT_PREFIX_PATH} CMAKE_PREFIX_PATH=/home/aiv/ev_ws/install/velodyne_pointcloud:/home/aiv/ev_ws/install/velodyne_driver:/home/aiv/ev_ws/install/velodyne_msgs:/home/aiv/ev_ws/carsa_gazebo/install/carsa_gazebo:/home/aiv/ev_ws/planning/install/chaining_costmap_ver:/home/aiv/ev_ws/ev_msgs/install/ev_msgs:/home/aiv/ev_ws/erp42_ros/install/erp42_serial:/home/aiv/ev_ws/erp42_ros/install/erp42_rqt_plugin:/home/aiv/ev_ws/erp42_ros/install/erp42_gazebo:/home/aiv/ev_ws/erp42_ros/install/erp42_util:/home/aiv/ev_ws/erp42_ros/install/erp42_msgs:/home/aiv/ev_ws/erp42_ros/install/erp42_description:/home/aiv/ev_ws/erp42_ros/install/erp42_cmake:/home/aiv/ev_ws/perception/install/velodyne:/home/aiv/ev_ws/perception/install/lidar_launch:/home/aiv/ev_ws/perception/install/velodyne_pointcloud:/home/aiv/ev_ws/perception/install/velodyne_driver:/home/aiv/ev_ws/perception/install/velodyne_msgs:/home/aiv/ev_ws/perception/install/velodyne_cropbox:/home/aiv/ev_ws/perception/install/patchworkpp:/home/aiv/ev_ws/perception/install/make_bbox:/home/aiv/ev_ws/perception/install/lidar_voxel_grid:/home/aiv/ev_ws/perception/install/dbscan_clustering:/home/aiv/ev_ws/perception/install/cluster_splitter:/opt/ros/humble LD_LIBRARY_PATH=/home/aiv/ev_ws/install/velodyne_pointcloud/lib:/home/aiv/ev_ws/install/velodyne_driver/lib:/home/aiv/ev_ws/install/velodyne_msgs/lib:${LD_LIBRARY_PATH} PYTHONPATH=/home/aiv/ev_ws/install/velodyne_msgs/local/lib/python3.10/dist-packages:${PYTHONPATH} /usr/bin/cmake --install /home/aiv/ev_ws/build/velodyne
[22.962s] Level 1:colcon.colcon_core.environment:create_environment_scripts_only(velodyne)
[22.963s] Level 1:colcon.colcon_core.environment:checking '/home/aiv/ev_ws/install/velodyne' for CMake module files
[22.963s] DEBUG:colcon.colcon_core.event_handler.log_command:Invoked command in '/home/aiv/ev_ws/build/velodyne' returned '0': AMENT_PREFIX_PATH=/home/aiv/ev_ws/install/velodyne_pointcloud:/home/aiv/ev_ws/install/velodyne_driver:/home/aiv/ev_ws/install/velodyne_msgs:${AMENT_PREFIX_PATH} CMAKE_PREFIX_PATH=/home/aiv/ev_ws/install/velodyne_pointcloud:/home/aiv/ev_ws/install/velodyne_driver:/home/aiv/ev_ws/install/velodyne_msgs:/home/aiv/ev_ws/carsa_gazebo/install/carsa_gazebo:/home/aiv/ev_ws/planning/install/chaining_costmap_ver:/home/aiv/ev_ws/ev_msgs/install/ev_msgs:/home/aiv/ev_ws/erp42_ros/install/erp42_serial:/home/aiv/ev_ws/erp42_ros/install/erp42_rqt_plugin:/home/aiv/ev_ws/erp42_ros/install/erp42_gazebo:/home/aiv/ev_ws/erp42_ros/install/erp42_util:/home/aiv/ev_ws/erp42_ros/install/erp42_msgs:/home/aiv/ev_ws/erp42_ros/install/erp42_description:/home/aiv/ev_ws/erp42_ros/install/erp42_cmake:/home/aiv/ev_ws/perception/install/velodyne:/home/aiv/ev_ws/perception/install/lidar_launch:/home/aiv/ev_ws/perception/install/velodyne_pointcloud:/home/aiv/ev_ws/perception/install/velodyne_driver:/home/aiv/ev_ws/perception/install/velodyne_msgs:/home/aiv/ev_ws/perception/install/velodyne_cropbox:/home/aiv/ev_ws/perception/install/patchworkpp:/home/aiv/ev_ws/perception/install/make_bbox:/home/aiv/ev_ws/perception/install/lidar_voxel_grid:/home/aiv/ev_ws/perception/install/dbscan_clustering:/home/aiv/ev_ws/perception/install/cluster_splitter:/opt/ros/humble LD_LIBRARY_PATH=/home/aiv/ev_ws/install/velodyne_pointcloud/lib:/home/aiv/ev_ws/install/velodyne_driver/lib:/home/aiv/ev_ws/install/velodyne_msgs/lib:${LD_LIBRARY_PATH} PYTHONPATH=/home/aiv/ev_ws/install/velodyne_msgs/local/lib/python3.10/dist-packages:${PYTHONPATH} /usr/bin/cmake --install /home/aiv/ev_ws/build/velodyne
[22.963s] Level 1:colcon.colcon_core.environment:checking '/home/aiv/ev_ws/install/velodyne' for CMake config files
[22.963s] Level 1:colcon.colcon_core.shell:create_environment_hook('velodyne', 'cmake_prefix_path')
[22.963s] INFO:colcon.colcon_core.shell:Creating environment hook '/home/aiv/ev_ws/install/velodyne/share/velodyne/hook/cmake_prefix_path.ps1'
[22.964s] INFO:colcon.colcon_core.shell:Creating environment descriptor '/home/aiv/ev_ws/install/velodyne/share/velodyne/hook/cmake_prefix_path.dsv'
[22.964s] INFO:colcon.colcon_core.shell:Creating environment hook '/home/aiv/ev_ws/install/velodyne/share/velodyne/hook/cmake_prefix_path.sh'
[22.964s] Level 1:colcon.colcon_core.environment:checking '/home/aiv/ev_ws/install/velodyne/bin'
[22.964s] Level 1:colcon.colcon_core.environment:checking '/home/aiv/ev_ws/install/velodyne/lib/pkgconfig/velodyne.pc'
[22.964s] Level 1:colcon.colcon_core.environment:checking '/home/aiv/ev_ws/install/velodyne/lib/python3.10/site-packages'
[22.964s] Level 1:colcon.colcon_core.environment:checking '/home/aiv/ev_ws/install/velodyne/bin'
[22.964s] INFO:colcon.colcon_core.shell:Creating package script '/home/aiv/ev_ws/install/velodyne/share/velodyne/package.ps1'
[22.964s] INFO:colcon.colcon_core.shell:Creating package descriptor '/home/aiv/ev_ws/install/velodyne/share/velodyne/package.dsv'
[22.965s] INFO:colcon.colcon_core.shell:Creating package script '/home/aiv/ev_ws/install/velodyne/share/velodyne/package.sh'
[22.965s] INFO:colcon.colcon_core.shell:Creating package script '/home/aiv/ev_ws/install/velodyne/share/velodyne/package.bash'
[22.965s] INFO:colcon.colcon_core.shell:Creating package script '/home/aiv/ev_ws/install/velodyne/share/velodyne/package.zsh'
[22.965s] Level 1:colcon.colcon_core.environment:create_file_with_runtime_dependencies(/home/aiv/ev_ws/install/velodyne/share/colcon-core/packages/velodyne)
[22.965s] Level 1:colcon.colcon_core.environment:create_environment_scripts_only(velodyne)
[22.965s] Level 1:colcon.colcon_core.environment:checking '/home/aiv/ev_ws/install/velodyne' for CMake module files
[22.965s] Level 1:colcon.colcon_core.environment:checking '/home/aiv/ev_ws/install/velodyne' for CMake config files
[22.966s] Level 1:colcon.colcon_core.shell:create_environment_hook('velodyne', 'cmake_prefix_path')
[22.966s] INFO:colcon.colcon_core.shell:Creating environment hook '/home/aiv/ev_ws/install/velodyne/share/velodyne/hook/cmake_prefix_path.ps1'
[22.966s] INFO:colcon.colcon_core.shell:Creating environment descriptor '/home/aiv/ev_ws/install/velodyne/share/velodyne/hook/cmake_prefix_path.dsv'
[22.966s] INFO:colcon.colcon_core.shell:Creating environment hook '/home/aiv/ev_ws/install/velodyne/share/velodyne/hook/cmake_prefix_path.sh'
[22.966s] Level 1:colcon.colcon_core.environment:checking '/home/aiv/ev_ws/install/velodyne/bin'
[22.966s] Level 1:colcon.colcon_core.environment:checking '/home/aiv/ev_ws/install/velodyne/lib/pkgconfig/velodyne.pc'
[22.966s] Level 1:colcon.colcon_core.environment:checking '/home/aiv/ev_ws/install/velodyne/lib/python3.10/site-packages'
[22.966s] Level 1:colcon.colcon_core.environment:checking '/home/aiv/ev_ws/install/velodyne/bin'
[22.967s] INFO:colcon.colcon_core.shell:Creating package script '/home/aiv/ev_ws/install/velodyne/share/velodyne/package.ps1'
[22.967s] INFO:colcon.colcon_core.shell:Creating package descriptor '/home/aiv/ev_ws/install/velodyne/share/velodyne/package.dsv'
[22.967s] INFO:colcon.colcon_core.shell:Creating package script '/home/aiv/ev_ws/install/velodyne/share/velodyne/package.sh'
[22.967s] INFO:colcon.colcon_core.shell:Creating package script '/home/aiv/ev_ws/install/velodyne/share/velodyne/package.bash'
[22.967s] INFO:colcon.colcon_core.shell:Creating package script '/home/aiv/ev_ws/install/velodyne/share/velodyne/package.zsh'
[22.967s] Level 1:colcon.colcon_core.environment:create_file_with_runtime_dependencies(/home/aiv/ev_ws/install/velodyne/share/colcon-core/packages/velodyne)
[23.715s] DEBUG:colcon.colcon_core.event_handler.log_command:Invoked command in '/home/aiv/ev_ws/build/patchworkpp' returned '0': CMAKE_PREFIX_PATH=${CMAKE_PREFIX_PATH}:/opt/ros/humble /usr/bin/cmake --build /home/aiv/ev_ws/build/patchworkpp -- -j28 -l28
[23.716s] DEBUG:colcon.colcon_core.event_handler.log_command:Invoking command in '/home/aiv/ev_ws/build/patchworkpp': CMAKE_PREFIX_PATH=${CMAKE_PREFIX_PATH}:/opt/ros/humble /usr/bin/cmake --install /home/aiv/ev_ws/build/patchworkpp
[23.829s] Level 1:colcon.colcon_core.environment:create_environment_scripts_only(patchworkpp)
[23.829s] Level 1:colcon.colcon_core.environment:checking '/home/aiv/ev_ws/install/patchworkpp' for CMake module files
[23.829s] DEBUG:colcon.colcon_core.event_handler.log_command:Invoked command in '/home/aiv/ev_ws/build/patchworkpp' returned '0': CMAKE_PREFIX_PATH=${CMAKE_PREFIX_PATH}:/opt/ros/humble /usr/bin/cmake --install /home/aiv/ev_ws/build/patchworkpp
[23.829s] Level 1:colcon.colcon_core.environment:checking '/home/aiv/ev_ws/install/patchworkpp' for CMake config files
[23.830s] Level 1:colcon.colcon_core.shell:create_environment_hook('patchworkpp', 'cmake_prefix_path')
[23.830s] INFO:colcon.colcon_core.shell:Creating environment hook '/home/aiv/ev_ws/install/patchworkpp/share/patchworkpp/hook/cmake_prefix_path.ps1'
[23.830s] INFO:colcon.colcon_core.shell:Creating environment descriptor '/home/aiv/ev_ws/install/patchworkpp/share/patchworkpp/hook/cmake_prefix_path.dsv'
[23.830s] INFO:colcon.colcon_core.shell:Creating environment hook '/home/aiv/ev_ws/install/patchworkpp/share/patchworkpp/hook/cmake_prefix_path.sh'
[23.830s] Level 1:colcon.colcon_core.environment:checking '/home/aiv/ev_ws/install/patchworkpp/lib'
[23.830s] Level 1:colcon.colcon_core.shell:create_environment_hook('patchworkpp', 'ld_library_path_lib')
[23.830s] INFO:colcon.colcon_core.shell:Creating environment hook '/home/aiv/ev_ws/install/patchworkpp/share/patchworkpp/hook/ld_library_path_lib.ps1'
[23.831s] INFO:colcon.colcon_core.shell:Creating environment descriptor '/home/aiv/ev_ws/install/patchworkpp/share/patchworkpp/hook/ld_library_path_lib.dsv'
[23.831s] INFO:colcon.colcon_core.shell:Creating environment hook '/home/aiv/ev_ws/install/patchworkpp/share/patchworkpp/hook/ld_library_path_lib.sh'
[23.831s] Level 1:colcon.colcon_core.environment:checking '/home/aiv/ev_ws/install/patchworkpp/bin'
[23.831s] Level 1:colcon.colcon_core.environment:checking '/home/aiv/ev_ws/install/patchworkpp/lib/pkgconfig/patchworkpp.pc'
[23.831s] Level 1:colcon.colcon_core.environment:checking '/home/aiv/ev_ws/install/patchworkpp/lib/python3.10/site-packages'
[23.831s] Level 1:colcon.colcon_core.environment:checking '/home/aiv/ev_ws/install/patchworkpp/bin'
[23.831s] INFO:colcon.colcon_core.shell:Creating package script '/home/aiv/ev_ws/install/patchworkpp/share/patchworkpp/package.ps1'
[23.831s] INFO:colcon.colcon_core.shell:Creating package descriptor '/home/aiv/ev_ws/install/patchworkpp/share/patchworkpp/package.dsv'
[23.832s] INFO:colcon.colcon_core.shell:Creating package script '/home/aiv/ev_ws/install/patchworkpp/share/patchworkpp/package.sh'
[23.832s] INFO:colcon.colcon_core.shell:Creating package script '/home/aiv/ev_ws/install/patchworkpp/share/patchworkpp/package.bash'
[23.832s] INFO:colcon.colcon_core.shell:Creating package script '/home/aiv/ev_ws/install/patchworkpp/share/patchworkpp/package.zsh'
[23.832s] Level 1:colcon.colcon_core.environment:create_file_with_runtime_dependencies(/home/aiv/ev_ws/install/patchworkpp/share/colcon-core/packages/patchworkpp)
[23.832s] Level 1:colcon.colcon_core.environment:create_environment_scripts_only(patchworkpp)
[23.832s] Level 1:colcon.colcon_core.environment:checking '/home/aiv/ev_ws/install/patchworkpp' for CMake module files
[23.832s] Level 1:colcon.colcon_core.environment:checking '/home/aiv/ev_ws/install/patchworkpp' for CMake config files
[23.833s] Level 1:colcon.colcon_core.shell:create_environment_hook('patchworkpp', 'cmake_prefix_path')
[23.833s] INFO:colcon.colcon_core.shell:Creating environment hook '/home/aiv/ev_ws/install/patchworkpp/share/patchworkpp/hook/cmake_prefix_path.ps1'
[23.833s] INFO:colcon.colcon_core.shell:Creating environment descriptor '/home/aiv/ev_ws/install/patchworkpp/share/patchworkpp/hook/cmake_prefix_path.dsv'
[23.833s] INFO:colcon.colcon_core.shell:Creating environment hook '/home/aiv/ev_ws/install/patchworkpp/share/patchworkpp/hook/cmake_prefix_path.sh'
[23.833s] Level 1:colcon.colcon_core.environment:checking '/home/aiv/ev_ws/install/patchworkpp/lib'
[23.833s] Level 1:colcon.colcon_core.shell:create_environment_hook('patchworkpp', 'ld_library_path_lib')
[23.833s] INFO:colcon.colcon_core.shell:Creating environment hook '/home/aiv/ev_ws/install/patchworkpp/share/patchworkpp/hook/ld_library_path_lib.ps1'
[23.833s] INFO:colcon.colcon_core.shell:Creating environment descriptor '/home/aiv/ev_ws/install/patchworkpp/share/patchworkpp/hook/ld_library_path_lib.dsv'
[23.834s] INFO:colcon.colcon_core.shell:Creating environment hook '/home/aiv/ev_ws/install/patchworkpp/share/patchworkpp/hook/ld_library_path_lib.sh'
[23.834s] Level 1:colcon.colcon_core.environment:checking '/home/aiv/ev_ws/install/patchworkpp/bin'
[23.834s] Level 1:colcon.colcon_core.environment:checking '/home/aiv/ev_ws/install/patchworkpp/lib/pkgconfig/patchworkpp.pc'
[23.834s] Level 1:colcon.colcon_core.environment:checking '/home/aiv/ev_ws/install/patchworkpp/lib/python3.10/site-packages'
[23.834s] Level 1:colcon.colcon_core.environment:checking '/home/aiv/ev_ws/install/patchworkpp/bin'
[23.834s] INFO:colcon.colcon_core.shell:Creating package script '/home/aiv/ev_ws/install/patchworkpp/share/patchworkpp/package.ps1'
[23.834s] INFO:colcon.colcon_core.shell:Creating package descriptor '/home/aiv/ev_ws/install/patchworkpp/share/patchworkpp/package.dsv'
[23.834s] INFO:colcon.colcon_core.shell:Creating package script '/home/aiv/ev_ws/install/patchworkpp/share/patchworkpp/package.sh'
[23.835s] INFO:colcon.colcon_core.shell:Creating package script '/home/aiv/ev_ws/install/patchworkpp/share/patchworkpp/package.bash'
[23.835s] INFO:colcon.colcon_core.shell:Creating package script '/home/aiv/ev_ws/install/patchworkpp/share/patchworkpp/package.zsh'
[23.835s] Level 1:colcon.colcon_core.environment:create_file_with_runtime_dependencies(/home/aiv/ev_ws/install/patchworkpp/share/colcon-core/packages/patchworkpp)
[23.835s] INFO:colcon.colcon_ros.task.ament_cmake.build:Building ROS package in '/home/aiv/ev_ws/perception/src/lidar_launch' with build type 'ament_cmake'
[23.835s] INFO:colcon.colcon_cmake.task.cmake.build:Building CMake package in '/home/aiv/ev_ws/perception/src/lidar_launch'
[23.835s] INFO:colcon.colcon_core.shell:Skip shell extension 'powershell' for command environment: Not usable outside of PowerShell
[23.835s] DEBUG:colcon.colcon_core.shell:Skip shell extension 'dsv' for command environment
[23.850s] DEBUG:colcon.colcon_core.event_handler.log_command:Invoking command in '/home/aiv/ev_ws/build/lidar_launch': AMENT_PREFIX_PATH=/home/aiv/ev_ws/install/velodyne_pointcloud:/home/aiv/ev_ws/install/velodyne_driver:/home/aiv/ev_ws/install/make_bbox:/home/aiv/ev_ws/install/velodyne_msgs:/home/aiv/ev_ws/install/patchworkpp:/home/aiv/ev_ws/install/lidar_voxel_grid:/home/aiv/ev_ws/install/ev_msgs:/home/aiv/ev_ws/install/dbscan_clustering:/home/aiv/ev_ws/install/cluster_splitter:${AMENT_PREFIX_PATH} CMAKE_PREFIX_PATH=/home/aiv/ev_ws/install/velodyne_pointcloud:/home/aiv/ev_ws/install/velodyne_driver:/home/aiv/ev_ws/install/make_bbox:/home/aiv/ev_ws/install/velodyne_msgs:/home/aiv/ev_ws/install/patchworkpp:/home/aiv/ev_ws/install/lidar_voxel_grid:/home/aiv/ev_ws/install/ev_msgs:/home/aiv/ev_ws/install/dbscan_clustering:/home/aiv/ev_ws/install/cluster_splitter:/home/aiv/ev_ws/carsa_gazebo/install/carsa_gazebo:/home/aiv/ev_ws/planning/install/chaining_costmap_ver:/home/aiv/ev_ws/ev_msgs/install/ev_msgs:/home/aiv/ev_ws/erp42_ros/install/erp42_serial:/home/aiv/ev_ws/erp42_ros/install/erp42_rqt_plugin:/home/aiv/ev_ws/erp42_ros/install/erp42_gazebo:/home/aiv/ev_ws/erp42_ros/install/erp42_util:/home/aiv/ev_ws/erp42_ros/install/erp42_msgs:/home/aiv/ev_ws/erp42_ros/install/erp42_description:/home/aiv/ev_ws/erp42_ros/install/erp42_cmake:/home/aiv/ev_ws/perception/install/velodyne:/home/aiv/ev_ws/perception/install/lidar_launch:/home/aiv/ev_ws/perception/install/velodyne_pointcloud:/home/aiv/ev_ws/perception/install/velodyne_driver:/home/aiv/ev_ws/perception/install/velodyne_msgs:/home/aiv/ev_ws/perception/install/velodyne_cropbox:/home/aiv/ev_ws/perception/install/patchworkpp:/home/aiv/ev_ws/perception/install/make_bbox:/home/aiv/ev_ws/perception/install/lidar_voxel_grid:/home/aiv/ev_ws/perception/install/dbscan_clustering:/home/aiv/ev_ws/perception/install/cluster_splitter:/opt/ros/humble LD_LIBRARY_PATH=/home/aiv/ev_ws/install/velodyne_pointcloud/lib:/home/aiv/ev_ws/install/velodyne_driver/lib:/home/aiv/ev_ws/install/make_bbox/lib:/home/aiv/ev_ws/install/velodyne_msgs/lib:/home/aiv/ev_ws/install/patchworkpp/lib:/home/aiv/ev_ws/install/lidar_voxel_grid/lib:/home/aiv/ev_ws/install/ev_msgs/lib:/home/aiv/ev_ws/install/dbscan_clustering/lib:/home/aiv/ev_ws/install/cluster_splitter/lib:${LD_LIBRARY_PATH} PYTHONPATH=/home/aiv/ev_ws/install/velodyne_msgs/local/lib/python3.10/dist-packages:/home/aiv/ev_ws/install/ev_msgs/local/lib/python3.10/dist-packages:${PYTHONPATH} /usr/bin/cmake /home/aiv/ev_ws/perception/src/lidar_launch -DAMENT_CMAKE_SYMLINK_INSTALL=1 -DCMAKE_INSTALL_PREFIX=/home/aiv/ev_ws/install/lidar_launch
[24.214s] DEBUG:colcon.colcon_core.event_handler.log_command:Invoked command in '/home/aiv/ev_ws/build/lidar_launch' returned '0': AMENT_PREFIX_PATH=/home/aiv/ev_ws/install/velodyne_pointcloud:/home/aiv/ev_ws/install/velodyne_driver:/home/aiv/ev_ws/install/make_bbox:/home/aiv/ev_ws/install/velodyne_msgs:/home/aiv/ev_ws/install/patchworkpp:/home/aiv/ev_ws/install/lidar_voxel_grid:/home/aiv/ev_ws/install/ev_msgs:/home/aiv/ev_ws/install/dbscan_clustering:/home/aiv/ev_ws/install/cluster_splitter:${AMENT_PREFIX_PATH} CMAKE_PREFIX_PATH=/home/aiv/ev_ws/install/velodyne_pointcloud:/home/aiv/ev_ws/install/velodyne_driver:/home/aiv/ev_ws/install/make_bbox:/home/aiv/ev_ws/install/velodyne_msgs:/home/aiv/ev_ws/install/patchworkpp:/home/aiv/ev_ws/install/lidar_voxel_grid:/home/aiv/ev_ws/install/ev_msgs:/home/aiv/ev_ws/install/dbscan_clustering:/home/aiv/ev_ws/install/cluster_splitter:/home/aiv/ev_ws/carsa_gazebo/install/carsa_gazebo:/home/aiv/ev_ws/planning/install/chaining_costmap_ver:/home/aiv/ev_ws/ev_msgs/install/ev_msgs:/home/aiv/ev_ws/erp42_ros/install/erp42_serial:/home/aiv/ev_ws/erp42_ros/install/erp42_rqt_plugin:/home/aiv/ev_ws/erp42_ros/install/erp42_gazebo:/home/aiv/ev_ws/erp42_ros/install/erp42_util:/home/aiv/ev_ws/erp42_ros/install/erp42_msgs:/home/aiv/ev_ws/erp42_ros/install/erp42_description:/home/aiv/ev_ws/erp42_ros/install/erp42_cmake:/home/aiv/ev_ws/perception/install/velodyne:/home/aiv/ev_ws/perception/install/lidar_launch:/home/aiv/ev_ws/perception/install/velodyne_pointcloud:/home/aiv/ev_ws/perception/install/velodyne_driver:/home/aiv/ev_ws/perception/install/velodyne_msgs:/home/aiv/ev_ws/perception/install/velodyne_cropbox:/home/aiv/ev_ws/perception/install/patchworkpp:/home/aiv/ev_ws/perception/install/make_bbox:/home/aiv/ev_ws/perception/install/lidar_voxel_grid:/home/aiv/ev_ws/perception/install/dbscan_clustering:/home/aiv/ev_ws/perception/install/cluster_splitter:/opt/ros/humble LD_LIBRARY_PATH=/home/aiv/ev_ws/install/velodyne_pointcloud/lib:/home/aiv/ev_ws/install/velodyne_driver/lib:/home/aiv/ev_ws/install/make_bbox/lib:/home/aiv/ev_ws/install/velodyne_msgs/lib:/home/aiv/ev_ws/install/patchworkpp/lib:/home/aiv/ev_ws/install/lidar_voxel_grid/lib:/home/aiv/ev_ws/install/ev_msgs/lib:/home/aiv/ev_ws/install/dbscan_clustering/lib:/home/aiv/ev_ws/install/cluster_splitter/lib:${LD_LIBRARY_PATH} PYTHONPATH=/home/aiv/ev_ws/install/velodyne_msgs/local/lib/python3.10/dist-packages:/home/aiv/ev_ws/install/ev_msgs/local/lib/python3.10/dist-packages:${PYTHONPATH} /usr/bin/cmake /home/aiv/ev_ws/perception/src/lidar_launch -DAMENT_CMAKE_SYMLINK_INSTALL=1 -DCMAKE_INSTALL_PREFIX=/home/aiv/ev_ws/install/lidar_launch
[24.215s] DEBUG:colcon.colcon_core.event_handler.log_command:Invoking command in '/home/aiv/ev_ws/build/lidar_launch': AMENT_PREFIX_PATH=/home/aiv/ev_ws/install/velodyne_pointcloud:/home/aiv/ev_ws/install/velodyne_driver:/home/aiv/ev_ws/install/make_bbox:/home/aiv/ev_ws/install/velodyne_msgs:/home/aiv/ev_ws/install/patchworkpp:/home/aiv/ev_ws/install/lidar_voxel_grid:/home/aiv/ev_ws/install/ev_msgs:/home/aiv/ev_ws/install/dbscan_clustering:/home/aiv/ev_ws/install/cluster_splitter:${AMENT_PREFIX_PATH} CMAKE_PREFIX_PATH=/home/aiv/ev_ws/install/velodyne_pointcloud:/home/aiv/ev_ws/install/velodyne_driver:/home/aiv/ev_ws/install/make_bbox:/home/aiv/ev_ws/install/velodyne_msgs:/home/aiv/ev_ws/install/patchworkpp:/home/aiv/ev_ws/install/lidar_voxel_grid:/home/aiv/ev_ws/install/ev_msgs:/home/aiv/ev_ws/install/dbscan_clustering:/home/aiv/ev_ws/install/cluster_splitter:/home/aiv/ev_ws/carsa_gazebo/install/carsa_gazebo:/home/aiv/ev_ws/planning/install/chaining_costmap_ver:/home/aiv/ev_ws/ev_msgs/install/ev_msgs:/home/aiv/ev_ws/erp42_ros/install/erp42_serial:/home/aiv/ev_ws/erp42_ros/install/erp42_rqt_plugin:/home/aiv/ev_ws/erp42_ros/install/erp42_gazebo:/home/aiv/ev_ws/erp42_ros/install/erp42_util:/home/aiv/ev_ws/erp42_ros/install/erp42_msgs:/home/aiv/ev_ws/erp42_ros/install/erp42_description:/home/aiv/ev_ws/erp42_ros/install/erp42_cmake:/home/aiv/ev_ws/perception/install/velodyne:/home/aiv/ev_ws/perception/install/lidar_launch:/home/aiv/ev_ws/perception/install/velodyne_pointcloud:/home/aiv/ev_ws/perception/install/velodyne_driver:/home/aiv/ev_ws/perception/install/velodyne_msgs:/home/aiv/ev_ws/perception/install/velodyne_cropbox:/home/aiv/ev_ws/perception/install/patchworkpp:/home/aiv/ev_ws/perception/install/make_bbox:/home/aiv/ev_ws/perception/install/lidar_voxel_grid:/home/aiv/ev_ws/perception/install/dbscan_clustering:/home/aiv/ev_ws/perception/install/cluster_splitter:/opt/ros/humble LD_LIBRARY_PATH=/home/aiv/ev_ws/install/velodyne_pointcloud/lib:/home/aiv/ev_ws/install/velodyne_driver/lib:/home/aiv/ev_ws/install/make_bbox/lib:/home/aiv/ev_ws/install/velodyne_msgs/lib:/home/aiv/ev_ws/install/patchworkpp/lib:/home/aiv/ev_ws/install/lidar_voxel_grid/lib:/home/aiv/ev_ws/install/ev_msgs/lib:/home/aiv/ev_ws/install/dbscan_clustering/lib:/home/aiv/ev_ws/install/cluster_splitter/lib:${LD_LIBRARY_PATH} PYTHONPATH=/home/aiv/ev_ws/install/velodyne_msgs/local/lib/python3.10/dist-packages:/home/aiv/ev_ws/install/ev_msgs/local/lib/python3.10/dist-packages:${PYTHONPATH} /usr/bin/cmake --build /home/aiv/ev_ws/build/lidar_launch -- -j28 -l28
[24.243s] DEBUG:colcon.colcon_core.event_handler.log_command:Invoked command in '/home/aiv/ev_ws/build/lidar_launch' returned '0': AMENT_PREFIX_PATH=/home/aiv/ev_ws/install/velodyne_pointcloud:/home/aiv/ev_ws/install/velodyne_driver:/home/aiv/ev_ws/install/make_bbox:/home/aiv/ev_ws/install/velodyne_msgs:/home/aiv/ev_ws/install/patchworkpp:/home/aiv/ev_ws/install/lidar_voxel_grid:/home/aiv/ev_ws/install/ev_msgs:/home/aiv/ev_ws/install/dbscan_clustering:/home/aiv/ev_ws/install/cluster_splitter:${AMENT_PREFIX_PATH} CMAKE_PREFIX_PATH=/home/aiv/ev_ws/install/velodyne_pointcloud:/home/aiv/ev_ws/install/velodyne_driver:/home/aiv/ev_ws/install/make_bbox:/home/aiv/ev_ws/install/velodyne_msgs:/home/aiv/ev_ws/install/patchworkpp:/home/aiv/ev_ws/install/lidar_voxel_grid:/home/aiv/ev_ws/install/ev_msgs:/home/aiv/ev_ws/install/dbscan_clustering:/home/aiv/ev_ws/install/cluster_splitter:/home/aiv/ev_ws/carsa_gazebo/install/carsa_gazebo:/home/aiv/ev_ws/planning/install/chaining_costmap_ver:/home/aiv/ev_ws/ev_msgs/install/ev_msgs:/home/aiv/ev_ws/erp42_ros/install/erp42_serial:/home/aiv/ev_ws/erp42_ros/install/erp42_rqt_plugin:/home/aiv/ev_ws/erp42_ros/install/erp42_gazebo:/home/aiv/ev_ws/erp42_ros/install/erp42_util:/home/aiv/ev_ws/erp42_ros/install/erp42_msgs:/home/aiv/ev_ws/erp42_ros/install/erp42_description:/home/aiv/ev_ws/erp42_ros/install/erp42_cmake:/home/aiv/ev_ws/perception/install/velodyne:/home/aiv/ev_ws/perception/install/lidar_launch:/home/aiv/ev_ws/perception/install/velodyne_pointcloud:/home/aiv/ev_ws/perception/install/velodyne_driver:/home/aiv/ev_ws/perception/install/velodyne_msgs:/home/aiv/ev_ws/perception/install/velodyne_cropbox:/home/aiv/ev_ws/perception/install/patchworkpp:/home/aiv/ev_ws/perception/install/make_bbox:/home/aiv/ev_ws/perception/install/lidar_voxel_grid:/home/aiv/ev_ws/perception/install/dbscan_clustering:/home/aiv/ev_ws/perception/install/cluster_splitter:/opt/ros/humble LD_LIBRARY_PATH=/home/aiv/ev_ws/install/velodyne_pointcloud/lib:/home/aiv/ev_ws/install/velodyne_driver/lib:/home/aiv/ev_ws/install/make_bbox/lib:/home/aiv/ev_ws/install/velodyne_msgs/lib:/home/aiv/ev_ws/install/patchworkpp/lib:/home/aiv/ev_ws/install/lidar_voxel_grid/lib:/home/aiv/ev_ws/install/ev_msgs/lib:/home/aiv/ev_ws/install/dbscan_clustering/lib:/home/aiv/ev_ws/install/cluster_splitter/lib:${LD_LIBRARY_PATH} PYTHONPATH=/home/aiv/ev_ws/install/velodyne_msgs/local/lib/python3.10/dist-packages:/home/aiv/ev_ws/install/ev_msgs/local/lib/python3.10/dist-packages:${PYTHONPATH} /usr/bin/cmake --build /home/aiv/ev_ws/build/lidar_launch -- -j28 -l28
[24.245s] DEBUG:colcon.colcon_core.event_handler.log_command:Invoking command in '/home/aiv/ev_ws/build/lidar_launch': AMENT_PREFIX_PATH=/home/aiv/ev_ws/install/velodyne_pointcloud:/home/aiv/ev_ws/install/velodyne_driver:/home/aiv/ev_ws/install/make_bbox:/home/aiv/ev_ws/install/velodyne_msgs:/home/aiv/ev_ws/install/patchworkpp:/home/aiv/ev_ws/install/lidar_voxel_grid:/home/aiv/ev_ws/install/ev_msgs:/home/aiv/ev_ws/install/dbscan_clustering:/home/aiv/ev_ws/install/cluster_splitter:${AMENT_PREFIX_PATH} CMAKE_PREFIX_PATH=/home/aiv/ev_ws/install/velodyne_pointcloud:/home/aiv/ev_ws/install/velodyne_driver:/home/aiv/ev_ws/install/make_bbox:/home/aiv/ev_ws/install/velodyne_msgs:/home/aiv/ev_ws/install/patchworkpp:/home/aiv/ev_ws/install/lidar_voxel_grid:/home/aiv/ev_ws/install/ev_msgs:/home/aiv/ev_ws/install/dbscan_clustering:/home/aiv/ev_ws/install/cluster_splitter:/home/aiv/ev_ws/carsa_gazebo/install/carsa_gazebo:/home/aiv/ev_ws/planning/install/chaining_costmap_ver:/home/aiv/ev_ws/ev_msgs/install/ev_msgs:/home/aiv/ev_ws/erp42_ros/install/erp42_serial:/home/aiv/ev_ws/erp42_ros/install/erp42_rqt_plugin:/home/aiv/ev_ws/erp42_ros/install/erp42_gazebo:/home/aiv/ev_ws/erp42_ros/install/erp42_util:/home/aiv/ev_ws/erp42_ros/install/erp42_msgs:/home/aiv/ev_ws/erp42_ros/install/erp42_description:/home/aiv/ev_ws/erp42_ros/install/erp42_cmake:/home/aiv/ev_ws/perception/install/velodyne:/home/aiv/ev_ws/perception/install/lidar_launch:/home/aiv/ev_ws/perception/install/velodyne_pointcloud:/home/aiv/ev_ws/perception/install/velodyne_driver:/home/aiv/ev_ws/perception/install/velodyne_msgs:/home/aiv/ev_ws/perception/install/velodyne_cropbox:/home/aiv/ev_ws/perception/install/patchworkpp:/home/aiv/ev_ws/perception/install/make_bbox:/home/aiv/ev_ws/perception/install/lidar_voxel_grid:/home/aiv/ev_ws/perception/install/dbscan_clustering:/home/aiv/ev_ws/perception/install/cluster_splitter:/opt/ros/humble LD_LIBRARY_PATH=/home/aiv/ev_ws/install/velodyne_pointcloud/lib:/home/aiv/ev_ws/install/velodyne_driver/lib:/home/aiv/ev_ws/install/make_bbox/lib:/home/aiv/ev_ws/install/velodyne_msgs/lib:/home/aiv/ev_ws/install/patchworkpp/lib:/home/aiv/ev_ws/install/lidar_voxel_grid/lib:/home/aiv/ev_ws/install/ev_msgs/lib:/home/aiv/ev_ws/install/dbscan_clustering/lib:/home/aiv/ev_ws/install/cluster_splitter/lib:${LD_LIBRARY_PATH} PYTHONPATH=/home/aiv/ev_ws/install/velodyne_msgs/local/lib/python3.10/dist-packages:/home/aiv/ev_ws/install/ev_msgs/local/lib/python3.10/dist-packages:${PYTHONPATH} /usr/bin/cmake --install /home/aiv/ev_ws/build/lidar_launch
[24.490s] Level 1:colcon.colcon_core.environment:create_environment_scripts_only(lidar_launch)
[24.490s] Level 1:colcon.colcon_core.environment:checking '/home/aiv/ev_ws/install/lidar_launch' for CMake module files
[24.490s] DEBUG:colcon.colcon_core.event_handler.log_command:Invoked command in '/home/aiv/ev_ws/build/lidar_launch' returned '0': AMENT_PREFIX_PATH=/home/aiv/ev_ws/install/velodyne_pointcloud:/home/aiv/ev_ws/install/velodyne_driver:/home/aiv/ev_ws/install/make_bbox:/home/aiv/ev_ws/install/velodyne_msgs:/home/aiv/ev_ws/install/patchworkpp:/home/aiv/ev_ws/install/lidar_voxel_grid:/home/aiv/ev_ws/install/ev_msgs:/home/aiv/ev_ws/install/dbscan_clustering:/home/aiv/ev_ws/install/cluster_splitter:${AMENT_PREFIX_PATH} CMAKE_PREFIX_PATH=/home/aiv/ev_ws/install/velodyne_pointcloud:/home/aiv/ev_ws/install/velodyne_driver:/home/aiv/ev_ws/install/make_bbox:/home/aiv/ev_ws/install/velodyne_msgs:/home/aiv/ev_ws/install/patchworkpp:/home/aiv/ev_ws/install/lidar_voxel_grid:/home/aiv/ev_ws/install/ev_msgs:/home/aiv/ev_ws/install/dbscan_clustering:/home/aiv/ev_ws/install/cluster_splitter:/home/aiv/ev_ws/carsa_gazebo/install/carsa_gazebo:/home/aiv/ev_ws/planning/install/chaining_costmap_ver:/home/aiv/ev_ws/ev_msgs/install/ev_msgs:/home/aiv/ev_ws/erp42_ros/install/erp42_serial:/home/aiv/ev_ws/erp42_ros/install/erp42_rqt_plugin:/home/aiv/ev_ws/erp42_ros/install/erp42_gazebo:/home/aiv/ev_ws/erp42_ros/install/erp42_util:/home/aiv/ev_ws/erp42_ros/install/erp42_msgs:/home/aiv/ev_ws/erp42_ros/install/erp42_description:/home/aiv/ev_ws/erp42_ros/install/erp42_cmake:/home/aiv/ev_ws/perception/install/velodyne:/home/aiv/ev_ws/perception/install/lidar_launch:/home/aiv/ev_ws/perception/install/velodyne_pointcloud:/home/aiv/ev_ws/perception/install/velodyne_driver:/home/aiv/ev_ws/perception/install/velodyne_msgs:/home/aiv/ev_ws/perception/install/velodyne_cropbox:/home/aiv/ev_ws/perception/install/patchworkpp:/home/aiv/ev_ws/perception/install/make_bbox:/home/aiv/ev_ws/perception/install/lidar_voxel_grid:/home/aiv/ev_ws/perception/install/dbscan_clustering:/home/aiv/ev_ws/perception/install/cluster_splitter:/opt/ros/humble LD_LIBRARY_PATH=/home/aiv/ev_ws/install/velodyne_pointcloud/lib:/home/aiv/ev_ws/install/velodyne_driver/lib:/home/aiv/ev_ws/install/make_bbox/lib:/home/aiv/ev_ws/install/velodyne_msgs/lib:/home/aiv/ev_ws/install/patchworkpp/lib:/home/aiv/ev_ws/install/lidar_voxel_grid/lib:/home/aiv/ev_ws/install/ev_msgs/lib:/home/aiv/ev_ws/install/dbscan_clustering/lib:/home/aiv/ev_ws/install/cluster_splitter/lib:${LD_LIBRARY_PATH} PYTHONPATH=/home/aiv/ev_ws/install/velodyne_msgs/local/lib/python3.10/dist-packages:/home/aiv/ev_ws/install/ev_msgs/local/lib/python3.10/dist-packages:${PYTHONPATH} /usr/bin/cmake --install /home/aiv/ev_ws/build/lidar_launch
[24.490s] Level 1:colcon.colcon_core.environment:checking '/home/aiv/ev_ws/install/lidar_launch' for CMake config files
[24.491s] Level 1:colcon.colcon_core.shell:create_environment_hook('lidar_launch', 'cmake_prefix_path')
[24.491s] INFO:colcon.colcon_core.shell:Creating environment hook '/home/aiv/ev_ws/install/lidar_launch/share/lidar_launch/hook/cmake_prefix_path.ps1'
[24.491s] INFO:colcon.colcon_core.shell:Creating environment descriptor '/home/aiv/ev_ws/install/lidar_launch/share/lidar_launch/hook/cmake_prefix_path.dsv'
[24.491s] INFO:colcon.colcon_core.shell:Creating environment hook '/home/aiv/ev_ws/install/lidar_launch/share/lidar_launch/hook/cmake_prefix_path.sh'
[24.492s] Level 1:colcon.colcon_core.environment:checking '/home/aiv/ev_ws/install/lidar_launch/bin'
[24.492s] Level 1:colcon.colcon_core.environment:checking '/home/aiv/ev_ws/install/lidar_launch/lib/pkgconfig/lidar_launch.pc'
[24.492s] Level 1:colcon.colcon_core.environment:checking '/home/aiv/ev_ws/install/lidar_launch/lib/python3.10/site-packages'
[24.492s] Level 1:colcon.colcon_core.environment:checking '/home/aiv/ev_ws/install/lidar_launch/bin'
[24.492s] INFO:colcon.colcon_core.shell:Creating package script '/home/aiv/ev_ws/install/lidar_launch/share/lidar_launch/package.ps1'
[24.493s] INFO:colcon.colcon_core.shell:Creating package descriptor '/home/aiv/ev_ws/install/lidar_launch/share/lidar_launch/package.dsv'
[24.493s] INFO:colcon.colcon_core.shell:Creating package script '/home/aiv/ev_ws/install/lidar_launch/share/lidar_launch/package.sh'
[24.493s] INFO:colcon.colcon_core.shell:Creating package script '/home/aiv/ev_ws/install/lidar_launch/share/lidar_launch/package.bash'
[24.493s] INFO:colcon.colcon_core.shell:Creating package script '/home/aiv/ev_ws/install/lidar_launch/share/lidar_launch/package.zsh'
[24.493s] Level 1:colcon.colcon_core.environment:create_file_with_runtime_dependencies(/home/aiv/ev_ws/install/lidar_launch/share/colcon-core/packages/lidar_launch)
[24.493s] Level 1:colcon.colcon_core.environment:create_environment_scripts_only(lidar_launch)
[24.493s] Level 1:colcon.colcon_core.environment:checking '/home/aiv/ev_ws/install/lidar_launch' for CMake module files
[24.493s] Level 1:colcon.colcon_core.environment:checking '/home/aiv/ev_ws/install/lidar_launch' for CMake config files
[24.494s] Level 1:colcon.colcon_core.shell:create_environment_hook('lidar_launch', 'cmake_prefix_path')
[24.494s] INFO:colcon.colcon_core.shell:Creating environment hook '/home/aiv/ev_ws/install/lidar_launch/share/lidar_launch/hook/cmake_prefix_path.ps1'
[24.494s] INFO:colcon.colcon_core.shell:Creating environment descriptor '/home/aiv/ev_ws/install/lidar_launch/share/lidar_launch/hook/cmake_prefix_path.dsv'
[24.494s] INFO:colcon.colcon_core.shell:Creating environment hook '/home/aiv/ev_ws/install/lidar_launch/share/lidar_launch/hook/cmake_prefix_path.sh'
[24.494s] Level 1:colcon.colcon_core.environment:checking '/home/aiv/ev_ws/install/lidar_launch/bin'
[24.494s] Level 1:colcon.colcon_core.environment:checking '/home/aiv/ev_ws/install/lidar_launch/lib/pkgconfig/lidar_launch.pc'
[24.494s] Level 1:colcon.colcon_core.environment:checking '/home/aiv/ev_ws/install/lidar_launch/lib/python3.10/site-packages'
[24.494s] Level 1:colcon.colcon_core.environment:checking '/home/aiv/ev_ws/install/lidar_launch/bin'
[24.495s] INFO:colcon.colcon_core.shell:Creating package script '/home/aiv/ev_ws/install/lidar_launch/share/lidar_launch/package.ps1'
[24.495s] INFO:colcon.colcon_core.shell:Creating package descriptor '/home/aiv/ev_ws/install/lidar_launch/share/lidar_launch/package.dsv'
[24.495s] INFO:colcon.colcon_core.shell:Creating package script '/home/aiv/ev_ws/install/lidar_launch/share/lidar_launch/package.sh'
[24.495s] INFO:colcon.colcon_core.shell:Creating package script '/home/aiv/ev_ws/install/lidar_launch/share/lidar_launch/package.bash'
[24.495s] INFO:colcon.colcon_core.shell:Creating package script '/home/aiv/ev_ws/install/lidar_launch/share/lidar_launch/package.zsh'
[24.495s] Level 1:colcon.colcon_core.environment:create_file_with_runtime_dependencies(/home/aiv/ev_ws/install/lidar_launch/share/colcon-core/packages/lidar_launch)
[24.495s] DEBUG:colcon.colcon_parallel_executor.executor.parallel:closing loop
[24.496s] DEBUG:colcon.colcon_parallel_executor.executor.parallel:loop closed
[24.496s] DEBUG:colcon.colcon_parallel_executor.executor.parallel:run_until_complete finished with '0'
[24.496s] DEBUG:colcon.colcon_core.event_reactor:joining thread
[24.500s] INFO:colcon.colcon_core.plugin_system:Skipping extension 'colcon_notification.desktop_notification.terminal_notifier': Not used on non-Darwin systems
[24.500s] INFO:colcon.colcon_core.plugin_system:Skipping extension 'colcon_notification.desktop_notification.win32': Not used on non-Windows systems
[24.500s] INFO:colcon.colcon_notification.desktop_notification:Sending desktop notification using 'notify2'
[24.507s] DEBUG:colcon.colcon_core.event_reactor:joined thread
[24.507s] INFO:colcon.colcon_core.shell:Creating prefix script '/home/aiv/ev_ws/install/local_setup.ps1'
[24.507s] INFO:colcon.colcon_core.shell:Creating prefix util module '/home/aiv/ev_ws/install/_local_setup_util_ps1.py'
[24.508s] INFO:colcon.colcon_core.shell:Creating prefix chain script '/home/aiv/ev_ws/install/setup.ps1'
[24.509s] INFO:colcon.colcon_core.shell:Creating prefix script '/home/aiv/ev_ws/install/local_setup.sh'
[24.509s] INFO:colcon.colcon_core.shell:Creating prefix util module '/home/aiv/ev_ws/install/_local_setup_util_sh.py'
[24.509s] INFO:colcon.colcon_core.shell:Creating prefix chain script '/home/aiv/ev_ws/install/setup.sh'
[24.510s] INFO:colcon.colcon_core.shell:Creating prefix script '/home/aiv/ev_ws/install/local_setup.bash'
[24.510s] INFO:colcon.colcon_core.shell:Creating prefix chain script '/home/aiv/ev_ws/install/setup.bash'
[24.511s] INFO:colcon.colcon_core.shell:Creating prefix script '/home/aiv/ev_ws/install/local_setup.zsh'
[24.511s] INFO:colcon.colcon_core.shell:Creating prefix chain script '/home/aiv/ev_ws/install/setup.zsh'
