[0.054s] DEBUG:colcon:Command line arguments: ['/usr/bin/colcon', 'build', '--symlink-install']
[0.054s] DEBUG:colcon:Parsed command line arguments: Namespace(log_base=None, log_level=None, verb_name='build', build_base='build', install_base='install', merge_install=False, symlink_install=True, test_result_base=None, continue_on_error=False, executor='parallel', parallel_workers=28, event_handlers=None, ignore_user_meta=False, metas=['./colcon.meta'], base_paths=['.'], packages_ignore=None, packages_ignore_regex=None, paths=None, packages_up_to=None, packages_up_to_regex=None, packages_above=None, packages_above_and_dependencies=None, packages_above_depth=None, packages_select_by_dep=None, packages_skip_by_dep=None, packages_skip_up_to=None, packages_select_build_failed=False, packages_skip_build_finished=False, packages_select_test_failures=False, packages_skip_test_passed=False, packages_select=None, packages_skip=None, packages_select_regex=None, packages_skip_regex=None, packages_start=None, packages_end=None, allow_overriding=[], cmake_args=None, cmake_target=None, cmake_target_skip_unavailable=False, cmake_clean_cache=False, cmake_clean_first=False, cmake_force_configure=False, ament_cmake_args=None, catkin_cmake_args=None, catkin_skip_building_tests=False, mixin_files=None, mixin=None, verb_parser=<colcon_mixin.mixin.mixin_argument.MixinArgumentDecorator object at 0x73521785b280>, verb_extension=<colcon_core.verb.build.BuildVerb object at 0x73521785ada0>, main=<bound method BuildVerb.main of <colcon_core.verb.build.BuildVerb object at 0x73521785ada0>>, mixin_verb=('build',))
[0.142s] Level 1:colcon.colcon_core.package_discovery:discover_packages(colcon_meta) check parameters
[0.142s] Level 1:colcon.colcon_core.package_discovery:discover_packages(recursive) check parameters
[0.142s] Level 1:colcon.colcon_core.package_discovery:discover_packages(ignore) check parameters
[0.142s] Level 1:colcon.colcon_core.package_discovery:discover_packages(path) check parameters
[0.142s] Level 1:colcon.colcon_core.package_discovery:discover_packages(colcon_meta) discover
[0.142s] Level 1:colcon.colcon_core.package_discovery:discover_packages(recursive) discover
[0.142s] INFO:colcon.colcon_core.package_discovery:Crawling recursively for packages in '/home/aiv/ev_ws/perception'
[0.142s] Level 1:colcon.colcon_core.package_identification:_identify(.) by extensions ['ignore', 'ignore_ament_install']
[0.142s] Level 1:colcon.colcon_core.package_identification:_identify(.) by extension 'ignore'
[0.142s] Level 1:colcon.colcon_core.package_identification:_identify(.) by extension 'ignore_ament_install'
[0.142s] Level 1:colcon.colcon_core.package_identification:_identify(.) by extensions ['colcon_pkg']
[0.142s] Level 1:colcon.colcon_core.package_identification:_identify(.) by extension 'colcon_pkg'
[0.142s] Level 1:colcon.colcon_core.package_identification:_identify(.) by extensions ['colcon_meta']
[0.142s] Level 1:colcon.colcon_core.package_identification:_identify(.) by extension 'colcon_meta'
[0.142s] Level 1:colcon.colcon_core.package_identification:_identify(.) by extensions ['ros']
[0.142s] Level 1:colcon.colcon_core.package_identification:_identify(.) by extension 'ros'
[0.149s] Level 1:colcon.colcon_core.package_identification:_identify(.) by extensions ['cmake', 'python']
[0.149s] Level 1:colcon.colcon_core.package_identification:_identify(.) by extension 'cmake'
[0.149s] Level 1:colcon.colcon_core.package_identification:_identify(.) by extension 'python'
[0.149s] Level 1:colcon.colcon_core.package_identification:_identify(.) by extensions ['python_setup_py']
[0.149s] Level 1:colcon.colcon_core.package_identification:_identify(.) by extension 'python_setup_py'
[0.149s] Level 1:colcon.colcon_core.package_identification:_identify(build) by extensions ['ignore', 'ignore_ament_install']
[0.149s] Level 1:colcon.colcon_core.package_identification:_identify(build) by extension 'ignore'
[0.149s] Level 1:colcon.colcon_core.package_identification:_identify(build) ignored
[0.149s] Level 1:colcon.colcon_core.package_identification:_identify(install) by extensions ['ignore', 'ignore_ament_install']
[0.149s] Level 1:colcon.colcon_core.package_identification:_identify(install) by extension 'ignore'
[0.149s] Level 1:colcon.colcon_core.package_identification:_identify(install) ignored
[0.149s] Level 1:colcon.colcon_core.package_identification:_identify(log) by extensions ['ignore', 'ignore_ament_install']
[0.149s] Level 1:colcon.colcon_core.package_identification:_identify(log) by extension 'ignore'
[0.149s] Level 1:colcon.colcon_core.package_identification:_identify(log) ignored
[0.149s] Level 1:colcon.colcon_core.package_identification:_identify(rosbag) by extensions ['ignore', 'ignore_ament_install']
[0.149s] Level 1:colcon.colcon_core.package_identification:_identify(rosbag) by extension 'ignore'
[0.149s] Level 1:colcon.colcon_core.package_identification:_identify(rosbag) by extension 'ignore_ament_install'
[0.149s] Level 1:colcon.colcon_core.package_identification:_identify(rosbag) by extensions ['colcon_pkg']
[0.149s] Level 1:colcon.colcon_core.package_identification:_identify(rosbag) by extension 'colcon_pkg'
[0.149s] Level 1:colcon.colcon_core.package_identification:_identify(rosbag) by extensions ['colcon_meta']
[0.149s] Level 1:colcon.colcon_core.package_identification:_identify(rosbag) by extension 'colcon_meta'
[0.149s] Level 1:colcon.colcon_core.package_identification:_identify(rosbag) by extensions ['ros']
[0.149s] Level 1:colcon.colcon_core.package_identification:_identify(rosbag) by extension 'ros'
[0.149s] Level 1:colcon.colcon_core.package_identification:_identify(rosbag) by extensions ['cmake', 'python']
[0.149s] Level 1:colcon.colcon_core.package_identification:_identify(rosbag) by extension 'cmake'
[0.149s] Level 1:colcon.colcon_core.package_identification:_identify(rosbag) by extension 'python'
[0.149s] Level 1:colcon.colcon_core.package_identification:_identify(rosbag) by extensions ['python_setup_py']
[0.149s] Level 1:colcon.colcon_core.package_identification:_identify(rosbag) by extension 'python_setup_py'
[0.149s] Level 1:colcon.colcon_core.package_identification:_identify(rosbag/0214) by extensions ['ignore', 'ignore_ament_install']
[0.150s] Level 1:colcon.colcon_core.package_identification:_identify(rosbag/0214) by extension 'ignore'
[0.150s] Level 1:colcon.colcon_core.package_identification:_identify(rosbag/0214) by extension 'ignore_ament_install'
[0.150s] Level 1:colcon.colcon_core.package_identification:_identify(rosbag/0214) by extensions ['colcon_pkg']
[0.150s] Level 1:colcon.colcon_core.package_identification:_identify(rosbag/0214) by extension 'colcon_pkg'
[0.150s] Level 1:colcon.colcon_core.package_identification:_identify(rosbag/0214) by extensions ['colcon_meta']
[0.150s] Level 1:colcon.colcon_core.package_identification:_identify(rosbag/0214) by extension 'colcon_meta'
[0.150s] Level 1:colcon.colcon_core.package_identification:_identify(rosbag/0214) by extensions ['ros']
[0.150s] Level 1:colcon.colcon_core.package_identification:_identify(rosbag/0214) by extension 'ros'
[0.150s] Level 1:colcon.colcon_core.package_identification:_identify(rosbag/0214) by extensions ['cmake', 'python']
[0.150s] Level 1:colcon.colcon_core.package_identification:_identify(rosbag/0214) by extension 'cmake'
[0.150s] Level 1:colcon.colcon_core.package_identification:_identify(rosbag/0214) by extension 'python'
[0.150s] Level 1:colcon.colcon_core.package_identification:_identify(rosbag/0214) by extensions ['python_setup_py']
[0.150s] Level 1:colcon.colcon_core.package_identification:_identify(rosbag/0214) by extension 'python_setup_py'
[0.150s] Level 1:colcon.colcon_core.package_identification:_identify(rosbag/trimmed) by extensions ['ignore', 'ignore_ament_install']
[0.150s] Level 1:colcon.colcon_core.package_identification:_identify(rosbag/trimmed) by extension 'ignore'
[0.150s] Level 1:colcon.colcon_core.package_identification:_identify(rosbag/trimmed) by extension 'ignore_ament_install'
[0.150s] Level 1:colcon.colcon_core.package_identification:_identify(rosbag/trimmed) by extensions ['colcon_pkg']
[0.150s] Level 1:colcon.colcon_core.package_identification:_identify(rosbag/trimmed) by extension 'colcon_pkg'
[0.150s] Level 1:colcon.colcon_core.package_identification:_identify(rosbag/trimmed) by extensions ['colcon_meta']
[0.150s] Level 1:colcon.colcon_core.package_identification:_identify(rosbag/trimmed) by extension 'colcon_meta'
[0.150s] Level 1:colcon.colcon_core.package_identification:_identify(rosbag/trimmed) by extensions ['ros']
[0.150s] Level 1:colcon.colcon_core.package_identification:_identify(rosbag/trimmed) by extension 'ros'
[0.150s] Level 1:colcon.colcon_core.package_identification:_identify(rosbag/trimmed) by extensions ['cmake', 'python']
[0.150s] Level 1:colcon.colcon_core.package_identification:_identify(rosbag/trimmed) by extension 'cmake'
[0.150s] Level 1:colcon.colcon_core.package_identification:_identify(rosbag/trimmed) by extension 'python'
[0.150s] Level 1:colcon.colcon_core.package_identification:_identify(rosbag/trimmed) by extensions ['python_setup_py']
[0.150s] Level 1:colcon.colcon_core.package_identification:_identify(rosbag/trimmed) by extension 'python_setup_py'
[0.150s] Level 1:colcon.colcon_core.package_identification:_identify(src) by extensions ['ignore', 'ignore_ament_install']
[0.150s] Level 1:colcon.colcon_core.package_identification:_identify(src) by extension 'ignore'
[0.150s] Level 1:colcon.colcon_core.package_identification:_identify(src) by extension 'ignore_ament_install'
[0.150s] Level 1:colcon.colcon_core.package_identification:_identify(src) by extensions ['colcon_pkg']
[0.150s] Level 1:colcon.colcon_core.package_identification:_identify(src) by extension 'colcon_pkg'
[0.150s] Level 1:colcon.colcon_core.package_identification:_identify(src) by extensions ['colcon_meta']
[0.150s] Level 1:colcon.colcon_core.package_identification:_identify(src) by extension 'colcon_meta'
[0.150s] Level 1:colcon.colcon_core.package_identification:_identify(src) by extensions ['ros']
[0.150s] Level 1:colcon.colcon_core.package_identification:_identify(src) by extension 'ros'
[0.150s] Level 1:colcon.colcon_core.package_identification:_identify(src) by extensions ['cmake', 'python']
[0.150s] Level 1:colcon.colcon_core.package_identification:_identify(src) by extension 'cmake'
[0.150s] Level 1:colcon.colcon_core.package_identification:_identify(src) by extension 'python'
[0.150s] Level 1:colcon.colcon_core.package_identification:_identify(src) by extensions ['python_setup_py']
[0.150s] Level 1:colcon.colcon_core.package_identification:_identify(src) by extension 'python_setup_py'
[0.150s] Level 1:colcon.colcon_core.package_identification:_identify(src/lidar) by extensions ['ignore', 'ignore_ament_install']
[0.150s] Level 1:colcon.colcon_core.package_identification:_identify(src/lidar) by extension 'ignore'
[0.150s] Level 1:colcon.colcon_core.package_identification:_identify(src/lidar) by extension 'ignore_ament_install'
[0.150s] Level 1:colcon.colcon_core.package_identification:_identify(src/lidar) by extensions ['colcon_pkg']
[0.150s] Level 1:colcon.colcon_core.package_identification:_identify(src/lidar) by extension 'colcon_pkg'
[0.150s] Level 1:colcon.colcon_core.package_identification:_identify(src/lidar) by extensions ['colcon_meta']
[0.150s] Level 1:colcon.colcon_core.package_identification:_identify(src/lidar) by extension 'colcon_meta'
[0.150s] Level 1:colcon.colcon_core.package_identification:_identify(src/lidar) by extensions ['ros']
[0.150s] Level 1:colcon.colcon_core.package_identification:_identify(src/lidar) by extension 'ros'
[0.150s] Level 1:colcon.colcon_core.package_identification:_identify(src/lidar) by extensions ['cmake', 'python']
[0.150s] Level 1:colcon.colcon_core.package_identification:_identify(src/lidar) by extension 'cmake'
[0.150s] Level 1:colcon.colcon_core.package_identification:_identify(src/lidar) by extension 'python'
[0.150s] Level 1:colcon.colcon_core.package_identification:_identify(src/lidar) by extensions ['python_setup_py']
[0.150s] Level 1:colcon.colcon_core.package_identification:_identify(src/lidar) by extension 'python_setup_py'
[0.151s] Level 1:colcon.colcon_core.package_identification:_identify(src/lidar/cluster_splitter) by extensions ['ignore', 'ignore_ament_install']
[0.151s] Level 1:colcon.colcon_core.package_identification:_identify(src/lidar/cluster_splitter) by extension 'ignore'
[0.151s] Level 1:colcon.colcon_core.package_identification:_identify(src/lidar/cluster_splitter) by extension 'ignore_ament_install'
[0.151s] Level 1:colcon.colcon_core.package_identification:_identify(src/lidar/cluster_splitter) by extensions ['colcon_pkg']
[0.151s] Level 1:colcon.colcon_core.package_identification:_identify(src/lidar/cluster_splitter) by extension 'colcon_pkg'
[0.151s] Level 1:colcon.colcon_core.package_identification:_identify(src/lidar/cluster_splitter) by extensions ['colcon_meta']
[0.151s] Level 1:colcon.colcon_core.package_identification:_identify(src/lidar/cluster_splitter) by extension 'colcon_meta'
[0.151s] Level 1:colcon.colcon_core.package_identification:_identify(src/lidar/cluster_splitter) by extensions ['ros']
[0.151s] Level 1:colcon.colcon_core.package_identification:_identify(src/lidar/cluster_splitter) by extension 'ros'
[0.152s] DEBUG:colcon.colcon_core.package_identification:Package 'src/lidar/cluster_splitter' with type 'ros.ament_cmake' and name 'cluster_splitter'
[0.152s] Level 1:colcon.colcon_core.package_identification:_identify(src/lidar/dbscan_clustering) by extensions ['ignore', 'ignore_ament_install']
[0.152s] Level 1:colcon.colcon_core.package_identification:_identify(src/lidar/dbscan_clustering) by extension 'ignore'
[0.152s] Level 1:colcon.colcon_core.package_identification:_identify(src/lidar/dbscan_clustering) by extension 'ignore_ament_install'
[0.152s] Level 1:colcon.colcon_core.package_identification:_identify(src/lidar/dbscan_clustering) by extensions ['colcon_pkg']
[0.152s] Level 1:colcon.colcon_core.package_identification:_identify(src/lidar/dbscan_clustering) by extension 'colcon_pkg'
[0.152s] Level 1:colcon.colcon_core.package_identification:_identify(src/lidar/dbscan_clustering) by extensions ['colcon_meta']
[0.152s] Level 1:colcon.colcon_core.package_identification:_identify(src/lidar/dbscan_clustering) by extension 'colcon_meta'
[0.152s] Level 1:colcon.colcon_core.package_identification:_identify(src/lidar/dbscan_clustering) by extensions ['ros']
[0.152s] Level 1:colcon.colcon_core.package_identification:_identify(src/lidar/dbscan_clustering) by extension 'ros'
[0.153s] DEBUG:colcon.colcon_core.package_identification:Package 'src/lidar/dbscan_clustering' with type 'ros.ament_cmake' and name 'dbscan_clustering'
[0.153s] Level 1:colcon.colcon_core.package_identification:_identify(src/lidar/lidar_interfaces) by extensions ['ignore', 'ignore_ament_install']
[0.153s] Level 1:colcon.colcon_core.package_identification:_identify(src/lidar/lidar_interfaces) by extension 'ignore'
[0.153s] Level 1:colcon.colcon_core.package_identification:_identify(src/lidar/lidar_interfaces) by extension 'ignore_ament_install'
[0.153s] Level 1:colcon.colcon_core.package_identification:_identify(src/lidar/lidar_interfaces) by extensions ['colcon_pkg']
[0.153s] Level 1:colcon.colcon_core.package_identification:_identify(src/lidar/lidar_interfaces) by extension 'colcon_pkg'
[0.153s] Level 1:colcon.colcon_core.package_identification:_identify(src/lidar/lidar_interfaces) by extensions ['colcon_meta']
[0.153s] Level 1:colcon.colcon_core.package_identification:_identify(src/lidar/lidar_interfaces) by extension 'colcon_meta'
[0.153s] Level 1:colcon.colcon_core.package_identification:_identify(src/lidar/lidar_interfaces) by extensions ['ros']
[0.153s] Level 1:colcon.colcon_core.package_identification:_identify(src/lidar/lidar_interfaces) by extension 'ros'
[0.153s] DEBUG:colcon.colcon_core.package_identification:Package 'src/lidar/lidar_interfaces' with type 'ros.ament_cmake' and name 'lidar_interfaces'
[0.153s] Level 1:colcon.colcon_core.package_identification:_identify(src/lidar/lidar_voxel_grid) by extensions ['ignore', 'ignore_ament_install']
[0.153s] Level 1:colcon.colcon_core.package_identification:_identify(src/lidar/lidar_voxel_grid) by extension 'ignore'
[0.153s] Level 1:colcon.colcon_core.package_identification:_identify(src/lidar/lidar_voxel_grid) by extension 'ignore_ament_install'
[0.153s] Level 1:colcon.colcon_core.package_identification:_identify(src/lidar/lidar_voxel_grid) by extensions ['colcon_pkg']
[0.153s] Level 1:colcon.colcon_core.package_identification:_identify(src/lidar/lidar_voxel_grid) by extension 'colcon_pkg'
[0.153s] Level 1:colcon.colcon_core.package_identification:_identify(src/lidar/lidar_voxel_grid) by extensions ['colcon_meta']
[0.153s] Level 1:colcon.colcon_core.package_identification:_identify(src/lidar/lidar_voxel_grid) by extension 'colcon_meta'
[0.154s] Level 1:colcon.colcon_core.package_identification:_identify(src/lidar/lidar_voxel_grid) by extensions ['ros']
[0.154s] Level 1:colcon.colcon_core.package_identification:_identify(src/lidar/lidar_voxel_grid) by extension 'ros'
[0.154s] DEBUG:colcon.colcon_core.package_identification:Package 'src/lidar/lidar_voxel_grid' with type 'ros.ament_cmake' and name 'lidar_voxel_grid'
[0.154s] Level 1:colcon.colcon_core.package_identification:_identify(src/lidar/patchwork-plusplus-master) by extensions ['ignore', 'ignore_ament_install']
[0.154s] Level 1:colcon.colcon_core.package_identification:_identify(src/lidar/patchwork-plusplus-master) by extension 'ignore'
[0.154s] Level 1:colcon.colcon_core.package_identification:_identify(src/lidar/patchwork-plusplus-master) by extension 'ignore_ament_install'
[0.154s] Level 1:colcon.colcon_core.package_identification:_identify(src/lidar/patchwork-plusplus-master) by extensions ['colcon_pkg']
[0.154s] Level 1:colcon.colcon_core.package_identification:_identify(src/lidar/patchwork-plusplus-master) by extension 'colcon_pkg'
[0.154s] Level 1:colcon.colcon_core.package_identification:_identify(src/lidar/patchwork-plusplus-master) by extensions ['colcon_meta']
[0.154s] Level 1:colcon.colcon_core.package_identification:_identify(src/lidar/patchwork-plusplus-master) by extension 'colcon_meta'
[0.154s] Level 1:colcon.colcon_core.package_identification:_identify(src/lidar/patchwork-plusplus-master) by extensions ['ros']
[0.154s] Level 1:colcon.colcon_core.package_identification:_identify(src/lidar/patchwork-plusplus-master) by extension 'ros'
[0.154s] Level 1:colcon.colcon_core.package_identification:_identify(src/lidar/patchwork-plusplus-master) by extensions ['cmake', 'python']
[0.154s] Level 1:colcon.colcon_core.package_identification:_identify(src/lidar/patchwork-plusplus-master) by extension 'cmake'
[0.154s] Level 1:colcon.colcon_core.package_identification:_identify(src/lidar/patchwork-plusplus-master) by extension 'python'
[0.154s] Level 1:colcon.colcon_core.package_identification:_identify(src/lidar/patchwork-plusplus-master) by extensions ['python_setup_py']
[0.154s] Level 1:colcon.colcon_core.package_identification:_identify(src/lidar/patchwork-plusplus-master) by extension 'python_setup_py'
[0.154s] Level 1:colcon.colcon_core.package_identification:_identify(src/lidar/patchwork-plusplus-master/patchwork-plusplus-master) by extensions ['ignore', 'ignore_ament_install']
[0.154s] Level 1:colcon.colcon_core.package_identification:_identify(src/lidar/patchwork-plusplus-master/patchwork-plusplus-master) by extension 'ignore'
[0.154s] Level 1:colcon.colcon_core.package_identification:_identify(src/lidar/patchwork-plusplus-master/patchwork-plusplus-master) by extension 'ignore_ament_install'
[0.154s] Level 1:colcon.colcon_core.package_identification:_identify(src/lidar/patchwork-plusplus-master/patchwork-plusplus-master) by extensions ['colcon_pkg']
[0.154s] Level 1:colcon.colcon_core.package_identification:_identify(src/lidar/patchwork-plusplus-master/patchwork-plusplus-master) by extension 'colcon_pkg'
[0.154s] Level 1:colcon.colcon_core.package_identification:_identify(src/lidar/patchwork-plusplus-master/patchwork-plusplus-master) by extensions ['colcon_meta']
[0.154s] Level 1:colcon.colcon_core.package_identification:_identify(src/lidar/patchwork-plusplus-master/patchwork-plusplus-master) by extension 'colcon_meta'
[0.154s] Level 1:colcon.colcon_core.package_identification:_identify(src/lidar/patchwork-plusplus-master/patchwork-plusplus-master) by extensions ['ros']
[0.154s] Level 1:colcon.colcon_core.package_identification:_identify(src/lidar/patchwork-plusplus-master/patchwork-plusplus-master) by extension 'ros'
[0.154s] Level 1:colcon.colcon_core.package_identification:_identify(src/lidar/patchwork-plusplus-master/patchwork-plusplus-master) by extensions ['cmake', 'python']
[0.154s] Level 1:colcon.colcon_core.package_identification:_identify(src/lidar/patchwork-plusplus-master/patchwork-plusplus-master) by extension 'cmake'
[0.154s] Level 1:colcon.colcon_core.package_identification:_identify(src/lidar/patchwork-plusplus-master/patchwork-plusplus-master) by extension 'python'
[0.154s] Level 1:colcon.colcon_core.package_identification:_identify(src/lidar/patchwork-plusplus-master/patchwork-plusplus-master) by extensions ['python_setup_py']
[0.154s] Level 1:colcon.colcon_core.package_identification:_identify(src/lidar/patchwork-plusplus-master/patchwork-plusplus-master) by extension 'python_setup_py'
[0.155s] Level 1:colcon.colcon_core.package_identification:_identify(src/lidar/patchwork-plusplus-master/patchwork-plusplus-master/cpp) by extensions ['ignore', 'ignore_ament_install']
[0.155s] Level 1:colcon.colcon_core.package_identification:_identify(src/lidar/patchwork-plusplus-master/patchwork-plusplus-master/cpp) by extension 'ignore'
[0.155s] Level 1:colcon.colcon_core.package_identification:_identify(src/lidar/patchwork-plusplus-master/patchwork-plusplus-master/cpp) ignored
[0.155s] Level 1:colcon.colcon_core.package_identification:_identify(src/lidar/patchwork-plusplus-master/patchwork-plusplus-master/data) by extensions ['ignore', 'ignore_ament_install']
[0.155s] Level 1:colcon.colcon_core.package_identification:_identify(src/lidar/patchwork-plusplus-master/patchwork-plusplus-master/data) by extension 'ignore'
[0.155s] Level 1:colcon.colcon_core.package_identification:_identify(src/lidar/patchwork-plusplus-master/patchwork-plusplus-master/data) by extension 'ignore_ament_install'
[0.155s] Level 1:colcon.colcon_core.package_identification:_identify(src/lidar/patchwork-plusplus-master/patchwork-plusplus-master/data) by extensions ['colcon_pkg']
[0.155s] Level 1:colcon.colcon_core.package_identification:_identify(src/lidar/patchwork-plusplus-master/patchwork-plusplus-master/data) by extension 'colcon_pkg'
[0.155s] Level 1:colcon.colcon_core.package_identification:_identify(src/lidar/patchwork-plusplus-master/patchwork-plusplus-master/data) by extensions ['colcon_meta']
[0.155s] Level 1:colcon.colcon_core.package_identification:_identify(src/lidar/patchwork-plusplus-master/patchwork-plusplus-master/data) by extension 'colcon_meta'
[0.155s] Level 1:colcon.colcon_core.package_identification:_identify(src/lidar/patchwork-plusplus-master/patchwork-plusplus-master/data) by extensions ['ros']
[0.155s] Level 1:colcon.colcon_core.package_identification:_identify(src/lidar/patchwork-plusplus-master/patchwork-plusplus-master/data) by extension 'ros'
[0.155s] Level 1:colcon.colcon_core.package_identification:_identify(src/lidar/patchwork-plusplus-master/patchwork-plusplus-master/data) by extensions ['cmake', 'python']
[0.155s] Level 1:colcon.colcon_core.package_identification:_identify(src/lidar/patchwork-plusplus-master/patchwork-plusplus-master/data) by extension 'cmake'
[0.155s] Level 1:colcon.colcon_core.package_identification:_identify(src/lidar/patchwork-plusplus-master/patchwork-plusplus-master/data) by extension 'python'
[0.155s] Level 1:colcon.colcon_core.package_identification:_identify(src/lidar/patchwork-plusplus-master/patchwork-plusplus-master/data) by extensions ['python_setup_py']
[0.155s] Level 1:colcon.colcon_core.package_identification:_identify(src/lidar/patchwork-plusplus-master/patchwork-plusplus-master/data) by extension 'python_setup_py'
[0.155s] Level 1:colcon.colcon_core.package_identification:_identify(src/lidar/patchwork-plusplus-master/patchwork-plusplus-master/pictures) by extensions ['ignore', 'ignore_ament_install']
[0.155s] Level 1:colcon.colcon_core.package_identification:_identify(src/lidar/patchwork-plusplus-master/patchwork-plusplus-master/pictures) by extension 'ignore'
[0.155s] Level 1:colcon.colcon_core.package_identification:_identify(src/lidar/patchwork-plusplus-master/patchwork-plusplus-master/pictures) by extension 'ignore_ament_install'
[0.155s] Level 1:colcon.colcon_core.package_identification:_identify(src/lidar/patchwork-plusplus-master/patchwork-plusplus-master/pictures) by extensions ['colcon_pkg']
[0.155s] Level 1:colcon.colcon_core.package_identification:_identify(src/lidar/patchwork-plusplus-master/patchwork-plusplus-master/pictures) by extension 'colcon_pkg'
[0.155s] Level 1:colcon.colcon_core.package_identification:_identify(src/lidar/patchwork-plusplus-master/patchwork-plusplus-master/pictures) by extensions ['colcon_meta']
[0.155s] Level 1:colcon.colcon_core.package_identification:_identify(src/lidar/patchwork-plusplus-master/patchwork-plusplus-master/pictures) by extension 'colcon_meta'
[0.155s] Level 1:colcon.colcon_core.package_identification:_identify(src/lidar/patchwork-plusplus-master/patchwork-plusplus-master/pictures) by extensions ['ros']
[0.155s] Level 1:colcon.colcon_core.package_identification:_identify(src/lidar/patchwork-plusplus-master/patchwork-plusplus-master/pictures) by extension 'ros'
[0.155s] Level 1:colcon.colcon_core.package_identification:_identify(src/lidar/patchwork-plusplus-master/patchwork-plusplus-master/pictures) by extensions ['cmake', 'python']
[0.155s] Level 1:colcon.colcon_core.package_identification:_identify(src/lidar/patchwork-plusplus-master/patchwork-plusplus-master/pictures) by extension 'cmake'
[0.155s] Level 1:colcon.colcon_core.package_identification:_identify(src/lidar/patchwork-plusplus-master/patchwork-plusplus-master/pictures) by extension 'python'
[0.155s] Level 1:colcon.colcon_core.package_identification:_identify(src/lidar/patchwork-plusplus-master/patchwork-plusplus-master/pictures) by extensions ['python_setup_py']
[0.155s] Level 1:colcon.colcon_core.package_identification:_identify(src/lidar/patchwork-plusplus-master/patchwork-plusplus-master/pictures) by extension 'python_setup_py'
[0.155s] Level 1:colcon.colcon_core.package_identification:_identify(src/lidar/patchwork-plusplus-master/patchwork-plusplus-master/python) by extensions ['ignore', 'ignore_ament_install']
[0.155s] Level 1:colcon.colcon_core.package_identification:_identify(src/lidar/patchwork-plusplus-master/patchwork-plusplus-master/python) by extension 'ignore'
[0.155s] Level 1:colcon.colcon_core.package_identification:_identify(src/lidar/patchwork-plusplus-master/patchwork-plusplus-master/python) ignored
[0.155s] Level 1:colcon.colcon_core.package_identification:_identify(src/lidar/patchwork-plusplus-master/patchwork-plusplus-master/ros) by extensions ['ignore', 'ignore_ament_install']
[0.155s] Level 1:colcon.colcon_core.package_identification:_identify(src/lidar/patchwork-plusplus-master/patchwork-plusplus-master/ros) by extension 'ignore'
[0.155s] Level 1:colcon.colcon_core.package_identification:_identify(src/lidar/patchwork-plusplus-master/patchwork-plusplus-master/ros) by extension 'ignore_ament_install'
[0.155s] Level 1:colcon.colcon_core.package_identification:_identify(src/lidar/patchwork-plusplus-master/patchwork-plusplus-master/ros) by extensions ['colcon_pkg']
[0.155s] Level 1:colcon.colcon_core.package_identification:_identify(src/lidar/patchwork-plusplus-master/patchwork-plusplus-master/ros) by extension 'colcon_pkg'
[0.155s] Level 1:colcon.colcon_core.package_identification:_identify(src/lidar/patchwork-plusplus-master/patchwork-plusplus-master/ros) by extensions ['colcon_meta']
[0.155s] Level 1:colcon.colcon_core.package_identification:_identify(src/lidar/patchwork-plusplus-master/patchwork-plusplus-master/ros) by extension 'colcon_meta'
[0.155s] Level 1:colcon.colcon_core.package_identification:_identify(src/lidar/patchwork-plusplus-master/patchwork-plusplus-master/ros) by extensions ['ros']
[0.155s] Level 1:colcon.colcon_core.package_identification:_identify(src/lidar/patchwork-plusplus-master/patchwork-plusplus-master/ros) by extension 'ros'
[0.157s] DEBUG:colcon.colcon_core.package_identification:Package 'src/lidar/patchwork-plusplus-master/patchwork-plusplus-master/ros' with type 'ros.ament_cmake' and name 'patchworkpp'
[0.157s] Level 1:colcon.colcon_core.package_identification:_identify(src/lidar/patchwork-plusplus-master/patchwork-plusplus-master/scripts) by extensions ['ignore', 'ignore_ament_install']
[0.157s] Level 1:colcon.colcon_core.package_identification:_identify(src/lidar/patchwork-plusplus-master/patchwork-plusplus-master/scripts) by extension 'ignore'
[0.157s] Level 1:colcon.colcon_core.package_identification:_identify(src/lidar/patchwork-plusplus-master/patchwork-plusplus-master/scripts) by extension 'ignore_ament_install'
[0.157s] Level 1:colcon.colcon_core.package_identification:_identify(src/lidar/patchwork-plusplus-master/patchwork-plusplus-master/scripts) by extensions ['colcon_pkg']
[0.157s] Level 1:colcon.colcon_core.package_identification:_identify(src/lidar/patchwork-plusplus-master/patchwork-plusplus-master/scripts) by extension 'colcon_pkg'
[0.157s] Level 1:colcon.colcon_core.package_identification:_identify(src/lidar/patchwork-plusplus-master/patchwork-plusplus-master/scripts) by extensions ['colcon_meta']
[0.157s] Level 1:colcon.colcon_core.package_identification:_identify(src/lidar/patchwork-plusplus-master/patchwork-plusplus-master/scripts) by extension 'colcon_meta'
[0.157s] Level 1:colcon.colcon_core.package_identification:_identify(src/lidar/patchwork-plusplus-master/patchwork-plusplus-master/scripts) by extensions ['ros']
[0.157s] Level 1:colcon.colcon_core.package_identification:_identify(src/lidar/patchwork-plusplus-master/patchwork-plusplus-master/scripts) by extension 'ros'
[0.157s] Level 1:colcon.colcon_core.package_identification:_identify(src/lidar/patchwork-plusplus-master/patchwork-plusplus-master/scripts) by extensions ['cmake', 'python']
[0.157s] Level 1:colcon.colcon_core.package_identification:_identify(src/lidar/patchwork-plusplus-master/patchwork-plusplus-master/scripts) by extension 'cmake'
[0.157s] Level 1:colcon.colcon_core.package_identification:_identify(src/lidar/patchwork-plusplus-master/patchwork-plusplus-master/scripts) by extension 'python'
[0.157s] Level 1:colcon.colcon_core.package_identification:_identify(src/lidar/patchwork-plusplus-master/patchwork-plusplus-master/scripts) by extensions ['python_setup_py']
[0.157s] Level 1:colcon.colcon_core.package_identification:_identify(src/lidar/patchwork-plusplus-master/patchwork-plusplus-master/scripts) by extension 'python_setup_py'
[0.157s] Level 1:colcon.colcon_core.package_identification:_identify(src/lidar/velodyne) by extensions ['ignore', 'ignore_ament_install']
[0.157s] Level 1:colcon.colcon_core.package_identification:_identify(src/lidar/velodyne) by extension 'ignore'
[0.157s] Level 1:colcon.colcon_core.package_identification:_identify(src/lidar/velodyne) by extension 'ignore_ament_install'
[0.157s] Level 1:colcon.colcon_core.package_identification:_identify(src/lidar/velodyne) by extensions ['colcon_pkg']
[0.157s] Level 1:colcon.colcon_core.package_identification:_identify(src/lidar/velodyne) by extension 'colcon_pkg'
[0.157s] Level 1:colcon.colcon_core.package_identification:_identify(src/lidar/velodyne) by extensions ['colcon_meta']
[0.157s] Level 1:colcon.colcon_core.package_identification:_identify(src/lidar/velodyne) by extension 'colcon_meta'
[0.157s] Level 1:colcon.colcon_core.package_identification:_identify(src/lidar/velodyne) by extensions ['ros']
[0.157s] Level 1:colcon.colcon_core.package_identification:_identify(src/lidar/velodyne) by extension 'ros'
[0.158s] DEBUG:colcon.colcon_core.package_identification:Package 'src/lidar/velodyne' with type 'ros.ament_cmake' and name 'velodyne'
[0.158s] Level 1:colcon.colcon_core.package_identification:_identify(src/lidar/velodyne_cropbox) by extensions ['ignore', 'ignore_ament_install']
[0.158s] Level 1:colcon.colcon_core.package_identification:_identify(src/lidar/velodyne_cropbox) by extension 'ignore'
[0.158s] Level 1:colcon.colcon_core.package_identification:_identify(src/lidar/velodyne_cropbox) by extension 'ignore_ament_install'
[0.158s] Level 1:colcon.colcon_core.package_identification:_identify(src/lidar/velodyne_cropbox) by extensions ['colcon_pkg']
[0.158s] Level 1:colcon.colcon_core.package_identification:_identify(src/lidar/velodyne_cropbox) by extension 'colcon_pkg'
[0.158s] Level 1:colcon.colcon_core.package_identification:_identify(src/lidar/velodyne_cropbox) by extensions ['colcon_meta']
[0.158s] Level 1:colcon.colcon_core.package_identification:_identify(src/lidar/velodyne_cropbox) by extension 'colcon_meta'
[0.158s] Level 1:colcon.colcon_core.package_identification:_identify(src/lidar/velodyne_cropbox) by extensions ['ros']
[0.158s] Level 1:colcon.colcon_core.package_identification:_identify(src/lidar/velodyne_cropbox) by extension 'ros'
[0.158s] DEBUG:colcon.colcon_core.package_identification:Package 'src/lidar/velodyne_cropbox' with type 'ros.ament_cmake' and name 'velodyne_cropbox'
[0.158s] Level 1:colcon.colcon_core.package_identification:_identify(src/lidar/velodyne_driver) by extensions ['ignore', 'ignore_ament_install']
[0.158s] Level 1:colcon.colcon_core.package_identification:_identify(src/lidar/velodyne_driver) by extension 'ignore'
[0.158s] Level 1:colcon.colcon_core.package_identification:_identify(src/lidar/velodyne_driver) by extension 'ignore_ament_install'
[0.158s] Level 1:colcon.colcon_core.package_identification:_identify(src/lidar/velodyne_driver) by extensions ['colcon_pkg']
[0.158s] Level 1:colcon.colcon_core.package_identification:_identify(src/lidar/velodyne_driver) by extension 'colcon_pkg'
[0.158s] Level 1:colcon.colcon_core.package_identification:_identify(src/lidar/velodyne_driver) by extensions ['colcon_meta']
[0.158s] Level 1:colcon.colcon_core.package_identification:_identify(src/lidar/velodyne_driver) by extension 'colcon_meta'
[0.158s] Level 1:colcon.colcon_core.package_identification:_identify(src/lidar/velodyne_driver) by extensions ['ros']
[0.158s] Level 1:colcon.colcon_core.package_identification:_identify(src/lidar/velodyne_driver) by extension 'ros'
[0.159s] DEBUG:colcon.colcon_core.package_identification:Package 'src/lidar/velodyne_driver' with type 'ros.ament_cmake' and name 'velodyne_driver'
[0.159s] Level 1:colcon.colcon_core.package_identification:_identify(src/lidar/velodyne_laserscan) by extensions ['ignore', 'ignore_ament_install']
[0.159s] Level 1:colcon.colcon_core.package_identification:_identify(src/lidar/velodyne_laserscan) by extension 'ignore'
[0.159s] Level 1:colcon.colcon_core.package_identification:_identify(src/lidar/velodyne_laserscan) by extension 'ignore_ament_install'
[0.159s] Level 1:colcon.colcon_core.package_identification:_identify(src/lidar/velodyne_laserscan) by extensions ['colcon_pkg']
[0.159s] Level 1:colcon.colcon_core.package_identification:_identify(src/lidar/velodyne_laserscan) by extension 'colcon_pkg'
[0.159s] Level 1:colcon.colcon_core.package_identification:_identify(src/lidar/velodyne_laserscan) by extensions ['colcon_meta']
[0.159s] Level 1:colcon.colcon_core.package_identification:_identify(src/lidar/velodyne_laserscan) by extension 'colcon_meta'
[0.159s] Level 1:colcon.colcon_core.package_identification:_identify(src/lidar/velodyne_laserscan) by extensions ['ros']
[0.159s] Level 1:colcon.colcon_core.package_identification:_identify(src/lidar/velodyne_laserscan) by extension 'ros'
[0.159s] DEBUG:colcon.colcon_core.package_identification:Package 'src/lidar/velodyne_laserscan' with type 'ros.ament_cmake' and name 'velodyne_laserscan'
[0.159s] Level 1:colcon.colcon_core.package_identification:_identify(src/lidar/velodyne_msgs) by extensions ['ignore', 'ignore_ament_install']
[0.159s] Level 1:colcon.colcon_core.package_identification:_identify(src/lidar/velodyne_msgs) by extension 'ignore'
[0.159s] Level 1:colcon.colcon_core.package_identification:_identify(src/lidar/velodyne_msgs) by extension 'ignore_ament_install'
[0.159s] Level 1:colcon.colcon_core.package_identification:_identify(src/lidar/velodyne_msgs) by extensions ['colcon_pkg']
[0.160s] Level 1:colcon.colcon_core.package_identification:_identify(src/lidar/velodyne_msgs) by extension 'colcon_pkg'
[0.160s] Level 1:colcon.colcon_core.package_identification:_identify(src/lidar/velodyne_msgs) by extensions ['colcon_meta']
[0.160s] Level 1:colcon.colcon_core.package_identification:_identify(src/lidar/velodyne_msgs) by extension 'colcon_meta'
[0.160s] Level 1:colcon.colcon_core.package_identification:_identify(src/lidar/velodyne_msgs) by extensions ['ros']
[0.160s] Level 1:colcon.colcon_core.package_identification:_identify(src/lidar/velodyne_msgs) by extension 'ros'
[0.165s] DEBUG:colcon.colcon_core.package_identification:Package 'src/lidar/velodyne_msgs' with type 'ros.ament_cmake' and name 'velodyne_msgs'
[0.165s] Level 1:colcon.colcon_core.package_identification:_identify(src/lidar/velodyne_pointcloud) by extensions ['ignore', 'ignore_ament_install']
[0.165s] Level 1:colcon.colcon_core.package_identification:_identify(src/lidar/velodyne_pointcloud) by extension 'ignore'
[0.165s] Level 1:colcon.colcon_core.package_identification:_identify(src/lidar/velodyne_pointcloud) by extension 'ignore_ament_install'
[0.165s] Level 1:colcon.colcon_core.package_identification:_identify(src/lidar/velodyne_pointcloud) by extensions ['colcon_pkg']
[0.165s] Level 1:colcon.colcon_core.package_identification:_identify(src/lidar/velodyne_pointcloud) by extension 'colcon_pkg'
[0.165s] Level 1:colcon.colcon_core.package_identification:_identify(src/lidar/velodyne_pointcloud) by extensions ['colcon_meta']
[0.165s] Level 1:colcon.colcon_core.package_identification:_identify(src/lidar/velodyne_pointcloud) by extension 'colcon_meta'
[0.165s] Level 1:colcon.colcon_core.package_identification:_identify(src/lidar/velodyne_pointcloud) by extensions ['ros']
[0.165s] Level 1:colcon.colcon_core.package_identification:_identify(src/lidar/velodyne_pointcloud) by extension 'ros'
[0.166s] DEBUG:colcon.colcon_core.package_identification:Package 'src/lidar/velodyne_pointcloud' with type 'ros.ament_cmake' and name 'velodyne_pointcloud'
[0.166s] Level 1:colcon.colcon_core.package_identification:_identify(src/lidar_launch) by extensions ['ignore', 'ignore_ament_install']
[0.166s] Level 1:colcon.colcon_core.package_identification:_identify(src/lidar_launch) by extension 'ignore'
[0.166s] Level 1:colcon.colcon_core.package_identification:_identify(src/lidar_launch) by extension 'ignore_ament_install'
[0.166s] Level 1:colcon.colcon_core.package_identification:_identify(src/lidar_launch) by extensions ['colcon_pkg']
[0.166s] Level 1:colcon.colcon_core.package_identification:_identify(src/lidar_launch) by extension 'colcon_pkg'
[0.166s] Level 1:colcon.colcon_core.package_identification:_identify(src/lidar_launch) by extensions ['colcon_meta']
[0.166s] Level 1:colcon.colcon_core.package_identification:_identify(src/lidar_launch) by extension 'colcon_meta'
[0.166s] Level 1:colcon.colcon_core.package_identification:_identify(src/lidar_launch) by extensions ['ros']
[0.166s] Level 1:colcon.colcon_core.package_identification:_identify(src/lidar_launch) by extension 'ros'
[0.166s] DEBUG:colcon.colcon_core.package_identification:Package 'src/lidar_launch' with type 'ros.ament_cmake' and name 'lidar_launch'
[0.166s] Level 1:colcon.colcon_core.package_discovery:discover_packages(recursive) using defaults
[0.166s] Level 1:colcon.colcon_core.package_discovery:discover_packages(ignore) discover
[0.166s] Level 1:colcon.colcon_core.package_discovery:discover_packages(ignore) using defaults
[0.166s] Level 1:colcon.colcon_core.package_discovery:discover_packages(path) discover
[0.166s] Level 1:colcon.colcon_core.package_discovery:discover_packages(path) using defaults
[0.178s] Level 1:colcon.colcon_core.package_discovery:discover_packages(prefix_path) check parameters
[0.178s] Level 1:colcon.colcon_core.package_discovery:discover_packages(prefix_path) discover
[0.178s] WARNING:colcon.colcon_ros.prefix_path.ament:The path '/home/aiv/ev_ws/perception/install/cluster_splitter' in the environment variable AMENT_PREFIX_PATH doesn't exist
[0.178s] WARNING:colcon.colcon_ros.prefix_path.ament:The path '/home/aiv/ev_ws/perception/install/dbscan_clustering' in the environment variable AMENT_PREFIX_PATH doesn't exist
[0.178s] WARNING:colcon.colcon_ros.prefix_path.ament:The path '/home/aiv/ev_ws/perception/install/velodyne' in the environment variable AMENT_PREFIX_PATH doesn't exist
[0.178s] WARNING:colcon.colcon_ros.prefix_path.ament:The path '/home/aiv/ev_ws/perception/install/lidar_launch' in the environment variable AMENT_PREFIX_PATH doesn't exist
[0.178s] WARNING:colcon.colcon_ros.prefix_path.ament:The path '/home/aiv/ev_ws/perception/install/velodyne_pointcloud' in the environment variable AMENT_PREFIX_PATH doesn't exist
[0.178s] WARNING:colcon.colcon_ros.prefix_path.ament:The path '/home/aiv/ev_ws/perception/install/velodyne_driver' in the environment variable AMENT_PREFIX_PATH doesn't exist
[0.178s] WARNING:colcon.colcon_ros.prefix_path.ament:The path '/home/aiv/ev_ws/perception/install/velodyne_msgs' in the environment variable AMENT_PREFIX_PATH doesn't exist
[0.178s] WARNING:colcon.colcon_ros.prefix_path.ament:The path '/home/aiv/ev_ws/perception/install/velodyne_laserscan' in the environment variable AMENT_PREFIX_PATH doesn't exist
[0.178s] WARNING:colcon.colcon_ros.prefix_path.ament:The path '/home/aiv/ev_ws/perception/install/velodyne_cropbox' in the environment variable AMENT_PREFIX_PATH doesn't exist
[0.178s] WARNING:colcon.colcon_ros.prefix_path.ament:The path '/home/aiv/ev_ws/perception/install/patchworkpp' in the environment variable AMENT_PREFIX_PATH doesn't exist
[0.178s] WARNING:colcon.colcon_ros.prefix_path.ament:The path '/home/aiv/ev_ws/perception/install/lidar_voxel_grid' in the environment variable AMENT_PREFIX_PATH doesn't exist
[0.178s] WARNING:colcon.colcon_ros.prefix_path.ament:The path '/home/aiv/ev_ws/perception/install/lidar_tracking' in the environment variable AMENT_PREFIX_PATH doesn't exist
[0.178s] WARNING:colcon.colcon_ros.prefix_path.ament:The path '/home/aiv/ev_ws/perception/install/cluster_filter' in the environment variable AMENT_PREFIX_PATH doesn't exist
[0.179s] WARNING:colcon.colcon_ros.prefix_path.ament:The path '/home/aiv/ev_ws/perception/install/lidar_interfaces' in the environment variable AMENT_PREFIX_PATH doesn't exist
[0.179s] WARNING:colcon.colcon_ros.prefix_path.ament:The path '/home/aiv/ev_ws/perception/install/lidar_clustering' in the environment variable AMENT_PREFIX_PATH doesn't exist
[0.179s] WARNING:colcon.colcon_ros.prefix_path.catkin:The path '/home/aiv/ev_ws/perception/install/cluster_splitter' in the environment variable CMAKE_PREFIX_PATH doesn't exist
[0.179s] WARNING:colcon.colcon_ros.prefix_path.catkin:The path '/home/aiv/ev_ws/perception/install/dbscan_clustering' in the environment variable CMAKE_PREFIX_PATH doesn't exist
[0.179s] WARNING:colcon.colcon_ros.prefix_path.catkin:The path '/home/aiv/ev_ws/perception/install/velodyne' in the environment variable CMAKE_PREFIX_PATH doesn't exist
[0.179s] WARNING:colcon.colcon_ros.prefix_path.catkin:The path '/home/aiv/ev_ws/perception/install/lidar_launch' in the environment variable CMAKE_PREFIX_PATH doesn't exist
[0.179s] WARNING:colcon.colcon_ros.prefix_path.catkin:The path '/home/aiv/ev_ws/perception/install/velodyne_pointcloud' in the environment variable CMAKE_PREFIX_PATH doesn't exist
[0.179s] WARNING:colcon.colcon_ros.prefix_path.catkin:The path '/home/aiv/ev_ws/perception/install/velodyne_driver' in the environment variable CMAKE_PREFIX_PATH doesn't exist
[0.179s] WARNING:colcon.colcon_ros.prefix_path.catkin:The path '/home/aiv/ev_ws/perception/install/velodyne_msgs' in the environment variable CMAKE_PREFIX_PATH doesn't exist
[0.179s] WARNING:colcon.colcon_ros.prefix_path.catkin:The path '/home/aiv/ev_ws/perception/install/velodyne_laserscan' in the environment variable CMAKE_PREFIX_PATH doesn't exist
[0.179s] WARNING:colcon.colcon_ros.prefix_path.catkin:The path '/home/aiv/ev_ws/perception/install/velodyne_cropbox' in the environment variable CMAKE_PREFIX_PATH doesn't exist
[0.179s] WARNING:colcon.colcon_ros.prefix_path.catkin:The path '/home/aiv/ev_ws/perception/install/patchworkpp' in the environment variable CMAKE_PREFIX_PATH doesn't exist
[0.179s] WARNING:colcon.colcon_ros.prefix_path.catkin:The path '/home/aiv/ev_ws/perception/install/lidar_voxel_grid' in the environment variable CMAKE_PREFIX_PATH doesn't exist
[0.179s] WARNING:colcon.colcon_ros.prefix_path.catkin:The path '/home/aiv/ev_ws/perception/install/lidar_tracking' in the environment variable CMAKE_PREFIX_PATH doesn't exist
[0.179s] WARNING:colcon.colcon_ros.prefix_path.catkin:The path '/home/aiv/ev_ws/perception/install/cluster_filter' in the environment variable CMAKE_PREFIX_PATH doesn't exist
[0.179s] WARNING:colcon.colcon_ros.prefix_path.catkin:The path '/home/aiv/ev_ws/perception/install/lidar_interfaces' in the environment variable CMAKE_PREFIX_PATH doesn't exist
[0.179s] WARNING:colcon.colcon_ros.prefix_path.catkin:The path '/home/aiv/ev_ws/perception/install/lidar_clustering' in the environment variable CMAKE_PREFIX_PATH doesn't exist
[0.179s] DEBUG:colcon.colcon_installed_package_information.package_discovery:Found 0 installed packages in /home/aiv/ev_ws/perception/install
[0.179s] DEBUG:colcon.colcon_installed_package_information.package_discovery:Found 1 installed packages in /home/aiv/ev_ws/carsa_gazebo/install
[0.179s] DEBUG:colcon.colcon_installed_package_information.package_discovery:Found 7 installed packages in /home/aiv/ev_ws/erp42_ros/install
[0.180s] DEBUG:colcon.colcon_installed_package_information.package_discovery:Found 302 installed packages in /opt/ros/humble
[0.181s] Level 1:colcon.colcon_core.package_discovery:discover_packages(prefix_path) using defaults
[0.200s] Level 5:colcon.colcon_core.verb:set package 'cluster_splitter' build argument 'cmake_args' from command line to 'None'
[0.200s] Level 5:colcon.colcon_core.verb:set package 'cluster_splitter' build argument 'cmake_target' from command line to 'None'
[0.200s] Level 5:colcon.colcon_core.verb:set package 'cluster_splitter' build argument 'cmake_target_skip_unavailable' from command line to 'False'
[0.200s] Level 5:colcon.colcon_core.verb:set package 'cluster_splitter' build argument 'cmake_clean_cache' from command line to 'False'
[0.200s] Level 5:colcon.colcon_core.verb:set package 'cluster_splitter' build argument 'cmake_clean_first' from command line to 'False'
[0.200s] Level 5:colcon.colcon_core.verb:set package 'cluster_splitter' build argument 'cmake_force_configure' from command line to 'False'
[0.200s] Level 5:colcon.colcon_core.verb:set package 'cluster_splitter' build argument 'ament_cmake_args' from command line to 'None'
[0.200s] Level 5:colcon.colcon_core.verb:set package 'cluster_splitter' build argument 'catkin_cmake_args' from command line to 'None'
[0.200s] Level 5:colcon.colcon_core.verb:set package 'cluster_splitter' build argument 'catkin_skip_building_tests' from command line to 'False'
[0.200s] DEBUG:colcon.colcon_core.verb:Building package 'cluster_splitter' with the following arguments: {'ament_cmake_args': None, 'build_base': '/home/aiv/ev_ws/perception/build/cluster_splitter', 'catkin_cmake_args': None, 'catkin_skip_building_tests': False, 'cmake_args': None, 'cmake_clean_cache': False, 'cmake_clean_first': False, 'cmake_force_configure': False, 'cmake_target': None, 'cmake_target_skip_unavailable': False, 'install_base': '/home/aiv/ev_ws/perception/install/cluster_splitter', 'merge_install': False, 'path': '/home/aiv/ev_ws/perception/src/lidar/cluster_splitter', 'symlink_install': True, 'test_result_base': None}
[0.200s] Level 5:colcon.colcon_core.verb:set package 'dbscan_clustering' build argument 'cmake_args' from command line to 'None'
[0.200s] Level 5:colcon.colcon_core.verb:set package 'dbscan_clustering' build argument 'cmake_target' from command line to 'None'
[0.200s] Level 5:colcon.colcon_core.verb:set package 'dbscan_clustering' build argument 'cmake_target_skip_unavailable' from command line to 'False'
[0.200s] Level 5:colcon.colcon_core.verb:set package 'dbscan_clustering' build argument 'cmake_clean_cache' from command line to 'False'
[0.200s] Level 5:colcon.colcon_core.verb:set package 'dbscan_clustering' build argument 'cmake_clean_first' from command line to 'False'
[0.200s] Level 5:colcon.colcon_core.verb:set package 'dbscan_clustering' build argument 'cmake_force_configure' from command line to 'False'
[0.200s] Level 5:colcon.colcon_core.verb:set package 'dbscan_clustering' build argument 'ament_cmake_args' from command line to 'None'
[0.200s] Level 5:colcon.colcon_core.verb:set package 'dbscan_clustering' build argument 'catkin_cmake_args' from command line to 'None'
[0.200s] Level 5:colcon.colcon_core.verb:set package 'dbscan_clustering' build argument 'catkin_skip_building_tests' from command line to 'False'
[0.200s] DEBUG:colcon.colcon_core.verb:Building package 'dbscan_clustering' with the following arguments: {'ament_cmake_args': None, 'build_base': '/home/aiv/ev_ws/perception/build/dbscan_clustering', 'catkin_cmake_args': None, 'catkin_skip_building_tests': False, 'cmake_args': None, 'cmake_clean_cache': False, 'cmake_clean_first': False, 'cmake_force_configure': False, 'cmake_target': None, 'cmake_target_skip_unavailable': False, 'install_base': '/home/aiv/ev_ws/perception/install/dbscan_clustering', 'merge_install': False, 'path': '/home/aiv/ev_ws/perception/src/lidar/dbscan_clustering', 'symlink_install': True, 'test_result_base': None}
[0.200s] Level 5:colcon.colcon_core.verb:set package 'lidar_interfaces' build argument 'cmake_args' from command line to 'None'
[0.200s] Level 5:colcon.colcon_core.verb:set package 'lidar_interfaces' build argument 'cmake_target' from command line to 'None'
[0.200s] Level 5:colcon.colcon_core.verb:set package 'lidar_interfaces' build argument 'cmake_target_skip_unavailable' from command line to 'False'
[0.200s] Level 5:colcon.colcon_core.verb:set package 'lidar_interfaces' build argument 'cmake_clean_cache' from command line to 'False'
[0.200s] Level 5:colcon.colcon_core.verb:set package 'lidar_interfaces' build argument 'cmake_clean_first' from command line to 'False'
[0.200s] Level 5:colcon.colcon_core.verb:set package 'lidar_interfaces' build argument 'cmake_force_configure' from command line to 'False'
[0.200s] Level 5:colcon.colcon_core.verb:set package 'lidar_interfaces' build argument 'ament_cmake_args' from command line to 'None'
[0.200s] Level 5:colcon.colcon_core.verb:set package 'lidar_interfaces' build argument 'catkin_cmake_args' from command line to 'None'
[0.200s] Level 5:colcon.colcon_core.verb:set package 'lidar_interfaces' build argument 'catkin_skip_building_tests' from command line to 'False'
[0.200s] DEBUG:colcon.colcon_core.verb:Building package 'lidar_interfaces' with the following arguments: {'ament_cmake_args': None, 'build_base': '/home/aiv/ev_ws/perception/build/lidar_interfaces', 'catkin_cmake_args': None, 'catkin_skip_building_tests': False, 'cmake_args': None, 'cmake_clean_cache': False, 'cmake_clean_first': False, 'cmake_force_configure': False, 'cmake_target': None, 'cmake_target_skip_unavailable': False, 'install_base': '/home/aiv/ev_ws/perception/install/lidar_interfaces', 'merge_install': False, 'path': '/home/aiv/ev_ws/perception/src/lidar/lidar_interfaces', 'symlink_install': True, 'test_result_base': None}
[0.201s] Level 5:colcon.colcon_core.verb:set package 'lidar_voxel_grid' build argument 'cmake_args' from command line to 'None'
[0.201s] Level 5:colcon.colcon_core.verb:set package 'lidar_voxel_grid' build argument 'cmake_target' from command line to 'None'
[0.201s] Level 5:colcon.colcon_core.verb:set package 'lidar_voxel_grid' build argument 'cmake_target_skip_unavailable' from command line to 'False'
[0.201s] Level 5:colcon.colcon_core.verb:set package 'lidar_voxel_grid' build argument 'cmake_clean_cache' from command line to 'False'
[0.201s] Level 5:colcon.colcon_core.verb:set package 'lidar_voxel_grid' build argument 'cmake_clean_first' from command line to 'False'
[0.201s] Level 5:colcon.colcon_core.verb:set package 'lidar_voxel_grid' build argument 'cmake_force_configure' from command line to 'False'
[0.201s] Level 5:colcon.colcon_core.verb:set package 'lidar_voxel_grid' build argument 'ament_cmake_args' from command line to 'None'
[0.201s] Level 5:colcon.colcon_core.verb:set package 'lidar_voxel_grid' build argument 'catkin_cmake_args' from command line to 'None'
[0.201s] Level 5:colcon.colcon_core.verb:set package 'lidar_voxel_grid' build argument 'catkin_skip_building_tests' from command line to 'False'
[0.201s] DEBUG:colcon.colcon_core.verb:Building package 'lidar_voxel_grid' with the following arguments: {'ament_cmake_args': None, 'build_base': '/home/aiv/ev_ws/perception/build/lidar_voxel_grid', 'catkin_cmake_args': None, 'catkin_skip_building_tests': False, 'cmake_args': None, 'cmake_clean_cache': False, 'cmake_clean_first': False, 'cmake_force_configure': False, 'cmake_target': None, 'cmake_target_skip_unavailable': False, 'install_base': '/home/aiv/ev_ws/perception/install/lidar_voxel_grid', 'merge_install': False, 'path': '/home/aiv/ev_ws/perception/src/lidar/lidar_voxel_grid', 'symlink_install': True, 'test_result_base': None}
[0.201s] Level 5:colcon.colcon_core.verb:set package 'patchworkpp' build argument 'cmake_args' from command line to 'None'
[0.201s] Level 5:colcon.colcon_core.verb:set package 'patchworkpp' build argument 'cmake_target' from command line to 'None'
[0.201s] Level 5:colcon.colcon_core.verb:set package 'patchworkpp' build argument 'cmake_target_skip_unavailable' from command line to 'False'
[0.201s] Level 5:colcon.colcon_core.verb:set package 'patchworkpp' build argument 'cmake_clean_cache' from command line to 'False'
[0.201s] Level 5:colcon.colcon_core.verb:set package 'patchworkpp' build argument 'cmake_clean_first' from command line to 'False'
[0.201s] Level 5:colcon.colcon_core.verb:set package 'patchworkpp' build argument 'cmake_force_configure' from command line to 'False'
[0.201s] Level 5:colcon.colcon_core.verb:set package 'patchworkpp' build argument 'ament_cmake_args' from command line to 'None'
[0.201s] Level 5:colcon.colcon_core.verb:set package 'patchworkpp' build argument 'catkin_cmake_args' from command line to 'None'
[0.201s] Level 5:colcon.colcon_core.verb:set package 'patchworkpp' build argument 'catkin_skip_building_tests' from command line to 'False'
[0.201s] DEBUG:colcon.colcon_core.verb:Building package 'patchworkpp' with the following arguments: {'ament_cmake_args': None, 'build_base': '/home/aiv/ev_ws/perception/build/patchworkpp', 'catkin_cmake_args': None, 'catkin_skip_building_tests': False, 'cmake_args': None, 'cmake_clean_cache': False, 'cmake_clean_first': False, 'cmake_force_configure': False, 'cmake_target': None, 'cmake_target_skip_unavailable': False, 'install_base': '/home/aiv/ev_ws/perception/install/patchworkpp', 'merge_install': False, 'path': '/home/aiv/ev_ws/perception/src/lidar/patchwork-plusplus-master/patchwork-plusplus-master/ros', 'symlink_install': True, 'test_result_base': None}
[0.201s] Level 5:colcon.colcon_core.verb:set package 'velodyne_cropbox' build argument 'cmake_args' from command line to 'None'
[0.201s] Level 5:colcon.colcon_core.verb:set package 'velodyne_cropbox' build argument 'cmake_target' from command line to 'None'
[0.201s] Level 5:colcon.colcon_core.verb:set package 'velodyne_cropbox' build argument 'cmake_target_skip_unavailable' from command line to 'False'
[0.201s] Level 5:colcon.colcon_core.verb:set package 'velodyne_cropbox' build argument 'cmake_clean_cache' from command line to 'False'
[0.201s] Level 5:colcon.colcon_core.verb:set package 'velodyne_cropbox' build argument 'cmake_clean_first' from command line to 'False'
[0.201s] Level 5:colcon.colcon_core.verb:set package 'velodyne_cropbox' build argument 'cmake_force_configure' from command line to 'False'
[0.201s] Level 5:colcon.colcon_core.verb:set package 'velodyne_cropbox' build argument 'ament_cmake_args' from command line to 'None'
[0.201s] Level 5:colcon.colcon_core.verb:set package 'velodyne_cropbox' build argument 'catkin_cmake_args' from command line to 'None'
[0.201s] Level 5:colcon.colcon_core.verb:set package 'velodyne_cropbox' build argument 'catkin_skip_building_tests' from command line to 'False'
[0.201s] DEBUG:colcon.colcon_core.verb:Building package 'velodyne_cropbox' with the following arguments: {'ament_cmake_args': None, 'build_base': '/home/aiv/ev_ws/perception/build/velodyne_cropbox', 'catkin_cmake_args': None, 'catkin_skip_building_tests': False, 'cmake_args': None, 'cmake_clean_cache': False, 'cmake_clean_first': False, 'cmake_force_configure': False, 'cmake_target': None, 'cmake_target_skip_unavailable': False, 'install_base': '/home/aiv/ev_ws/perception/install/velodyne_cropbox', 'merge_install': False, 'path': '/home/aiv/ev_ws/perception/src/lidar/velodyne_cropbox', 'symlink_install': True, 'test_result_base': None}
[0.201s] Level 5:colcon.colcon_core.verb:set package 'velodyne_laserscan' build argument 'cmake_args' from command line to 'None'
[0.201s] Level 5:colcon.colcon_core.verb:set package 'velodyne_laserscan' build argument 'cmake_target' from command line to 'None'
[0.201s] Level 5:colcon.colcon_core.verb:set package 'velodyne_laserscan' build argument 'cmake_target_skip_unavailable' from command line to 'False'
[0.201s] Level 5:colcon.colcon_core.verb:set package 'velodyne_laserscan' build argument 'cmake_clean_cache' from command line to 'False'
[0.201s] Level 5:colcon.colcon_core.verb:set package 'velodyne_laserscan' build argument 'cmake_clean_first' from command line to 'False'
[0.201s] Level 5:colcon.colcon_core.verb:set package 'velodyne_laserscan' build argument 'cmake_force_configure' from command line to 'False'
[0.201s] Level 5:colcon.colcon_core.verb:set package 'velodyne_laserscan' build argument 'ament_cmake_args' from command line to 'None'
[0.201s] Level 5:colcon.colcon_core.verb:set package 'velodyne_laserscan' build argument 'catkin_cmake_args' from command line to 'None'
[0.201s] Level 5:colcon.colcon_core.verb:set package 'velodyne_laserscan' build argument 'catkin_skip_building_tests' from command line to 'False'
[0.201s] DEBUG:colcon.colcon_core.verb:Building package 'velodyne_laserscan' with the following arguments: {'ament_cmake_args': None, 'build_base': '/home/aiv/ev_ws/perception/build/velodyne_laserscan', 'catkin_cmake_args': None, 'catkin_skip_building_tests': False, 'cmake_args': None, 'cmake_clean_cache': False, 'cmake_clean_first': False, 'cmake_force_configure': False, 'cmake_target': None, 'cmake_target_skip_unavailable': False, 'install_base': '/home/aiv/ev_ws/perception/install/velodyne_laserscan', 'merge_install': False, 'path': '/home/aiv/ev_ws/perception/src/lidar/velodyne_laserscan', 'symlink_install': True, 'test_result_base': None}
[0.202s] Level 5:colcon.colcon_core.verb:set package 'velodyne_msgs' build argument 'cmake_args' from command line to 'None'
[0.202s] Level 5:colcon.colcon_core.verb:set package 'velodyne_msgs' build argument 'cmake_target' from command line to 'None'
[0.202s] Level 5:colcon.colcon_core.verb:set package 'velodyne_msgs' build argument 'cmake_target_skip_unavailable' from command line to 'False'
[0.202s] Level 5:colcon.colcon_core.verb:set package 'velodyne_msgs' build argument 'cmake_clean_cache' from command line to 'False'
[0.202s] Level 5:colcon.colcon_core.verb:set package 'velodyne_msgs' build argument 'cmake_clean_first' from command line to 'False'
[0.202s] Level 5:colcon.colcon_core.verb:set package 'velodyne_msgs' build argument 'cmake_force_configure' from command line to 'False'
[0.202s] Level 5:colcon.colcon_core.verb:set package 'velodyne_msgs' build argument 'ament_cmake_args' from command line to 'None'
[0.202s] Level 5:colcon.colcon_core.verb:set package 'velodyne_msgs' build argument 'catkin_cmake_args' from command line to 'None'
[0.202s] Level 5:colcon.colcon_core.verb:set package 'velodyne_msgs' build argument 'catkin_skip_building_tests' from command line to 'False'
[0.202s] DEBUG:colcon.colcon_core.verb:Building package 'velodyne_msgs' with the following arguments: {'ament_cmake_args': None, 'build_base': '/home/aiv/ev_ws/perception/build/velodyne_msgs', 'catkin_cmake_args': None, 'catkin_skip_building_tests': False, 'cmake_args': None, 'cmake_clean_cache': False, 'cmake_clean_first': False, 'cmake_force_configure': False, 'cmake_target': None, 'cmake_target_skip_unavailable': False, 'install_base': '/home/aiv/ev_ws/perception/install/velodyne_msgs', 'merge_install': False, 'path': '/home/aiv/ev_ws/perception/src/lidar/velodyne_msgs', 'symlink_install': True, 'test_result_base': None}
[0.202s] Level 5:colcon.colcon_core.verb:set package 'velodyne_driver' build argument 'cmake_args' from command line to 'None'
[0.202s] Level 5:colcon.colcon_core.verb:set package 'velodyne_driver' build argument 'cmake_target' from command line to 'None'
[0.202s] Level 5:colcon.colcon_core.verb:set package 'velodyne_driver' build argument 'cmake_target_skip_unavailable' from command line to 'False'
[0.202s] Level 5:colcon.colcon_core.verb:set package 'velodyne_driver' build argument 'cmake_clean_cache' from command line to 'False'
[0.202s] Level 5:colcon.colcon_core.verb:set package 'velodyne_driver' build argument 'cmake_clean_first' from command line to 'False'
[0.202s] Level 5:colcon.colcon_core.verb:set package 'velodyne_driver' build argument 'cmake_force_configure' from command line to 'False'
[0.202s] Level 5:colcon.colcon_core.verb:set package 'velodyne_driver' build argument 'ament_cmake_args' from command line to 'None'
[0.202s] Level 5:colcon.colcon_core.verb:set package 'velodyne_driver' build argument 'catkin_cmake_args' from command line to 'None'
[0.202s] Level 5:colcon.colcon_core.verb:set package 'velodyne_driver' build argument 'catkin_skip_building_tests' from command line to 'False'
[0.202s] DEBUG:colcon.colcon_core.verb:Building package 'velodyne_driver' with the following arguments: {'ament_cmake_args': None, 'build_base': '/home/aiv/ev_ws/perception/build/velodyne_driver', 'catkin_cmake_args': None, 'catkin_skip_building_tests': False, 'cmake_args': None, 'cmake_clean_cache': False, 'cmake_clean_first': False, 'cmake_force_configure': False, 'cmake_target': None, 'cmake_target_skip_unavailable': False, 'install_base': '/home/aiv/ev_ws/perception/install/velodyne_driver', 'merge_install': False, 'path': '/home/aiv/ev_ws/perception/src/lidar/velodyne_driver', 'symlink_install': True, 'test_result_base': None}
[0.202s] Level 5:colcon.colcon_core.verb:set package 'velodyne_pointcloud' build argument 'cmake_args' from command line to 'None'
[0.202s] Level 5:colcon.colcon_core.verb:set package 'velodyne_pointcloud' build argument 'cmake_target' from command line to 'None'
[0.202s] Level 5:colcon.colcon_core.verb:set package 'velodyne_pointcloud' build argument 'cmake_target_skip_unavailable' from command line to 'False'
[0.202s] Level 5:colcon.colcon_core.verb:set package 'velodyne_pointcloud' build argument 'cmake_clean_cache' from command line to 'False'
[0.202s] Level 5:colcon.colcon_core.verb:set package 'velodyne_pointcloud' build argument 'cmake_clean_first' from command line to 'False'
[0.202s] Level 5:colcon.colcon_core.verb:set package 'velodyne_pointcloud' build argument 'cmake_force_configure' from command line to 'False'
[0.202s] Level 5:colcon.colcon_core.verb:set package 'velodyne_pointcloud' build argument 'ament_cmake_args' from command line to 'None'
[0.202s] Level 5:colcon.colcon_core.verb:set package 'velodyne_pointcloud' build argument 'catkin_cmake_args' from command line to 'None'
[0.202s] Level 5:colcon.colcon_core.verb:set package 'velodyne_pointcloud' build argument 'catkin_skip_building_tests' from command line to 'False'
[0.202s] DEBUG:colcon.colcon_core.verb:Building package 'velodyne_pointcloud' with the following arguments: {'ament_cmake_args': None, 'build_base': '/home/aiv/ev_ws/perception/build/velodyne_pointcloud', 'catkin_cmake_args': None, 'catkin_skip_building_tests': False, 'cmake_args': None, 'cmake_clean_cache': False, 'cmake_clean_first': False, 'cmake_force_configure': False, 'cmake_target': None, 'cmake_target_skip_unavailable': False, 'install_base': '/home/aiv/ev_ws/perception/install/velodyne_pointcloud', 'merge_install': False, 'path': '/home/aiv/ev_ws/perception/src/lidar/velodyne_pointcloud', 'symlink_install': True, 'test_result_base': None}
[0.202s] Level 5:colcon.colcon_core.verb:set package 'lidar_launch' build argument 'cmake_args' from command line to 'None'
[0.202s] Level 5:colcon.colcon_core.verb:set package 'lidar_launch' build argument 'cmake_target' from command line to 'None'
[0.202s] Level 5:colcon.colcon_core.verb:set package 'lidar_launch' build argument 'cmake_target_skip_unavailable' from command line to 'False'
[0.202s] Level 5:colcon.colcon_core.verb:set package 'lidar_launch' build argument 'cmake_clean_cache' from command line to 'False'
[0.202s] Level 5:colcon.colcon_core.verb:set package 'lidar_launch' build argument 'cmake_clean_first' from command line to 'False'
[0.202s] Level 5:colcon.colcon_core.verb:set package 'lidar_launch' build argument 'cmake_force_configure' from command line to 'False'
[0.202s] Level 5:colcon.colcon_core.verb:set package 'lidar_launch' build argument 'ament_cmake_args' from command line to 'None'
[0.202s] Level 5:colcon.colcon_core.verb:set package 'lidar_launch' build argument 'catkin_cmake_args' from command line to 'None'
[0.202s] Level 5:colcon.colcon_core.verb:set package 'lidar_launch' build argument 'catkin_skip_building_tests' from command line to 'False'
[0.202s] DEBUG:colcon.colcon_core.verb:Building package 'lidar_launch' with the following arguments: {'ament_cmake_args': None, 'build_base': '/home/aiv/ev_ws/perception/build/lidar_launch', 'catkin_cmake_args': None, 'catkin_skip_building_tests': False, 'cmake_args': None, 'cmake_clean_cache': False, 'cmake_clean_first': False, 'cmake_force_configure': False, 'cmake_target': None, 'cmake_target_skip_unavailable': False, 'install_base': '/home/aiv/ev_ws/perception/install/lidar_launch', 'merge_install': False, 'path': '/home/aiv/ev_ws/perception/src/lidar_launch', 'symlink_install': True, 'test_result_base': None}
[0.203s] Level 5:colcon.colcon_core.verb:set package 'velodyne' build argument 'cmake_args' from command line to 'None'
[0.203s] Level 5:colcon.colcon_core.verb:set package 'velodyne' build argument 'cmake_target' from command line to 'None'
[0.203s] Level 5:colcon.colcon_core.verb:set package 'velodyne' build argument 'cmake_target_skip_unavailable' from command line to 'False'
[0.203s] Level 5:colcon.colcon_core.verb:set package 'velodyne' build argument 'cmake_clean_cache' from command line to 'False'
[0.203s] Level 5:colcon.colcon_core.verb:set package 'velodyne' build argument 'cmake_clean_first' from command line to 'False'
[0.203s] Level 5:colcon.colcon_core.verb:set package 'velodyne' build argument 'cmake_force_configure' from command line to 'False'
[0.203s] Level 5:colcon.colcon_core.verb:set package 'velodyne' build argument 'ament_cmake_args' from command line to 'None'
[0.203s] Level 5:colcon.colcon_core.verb:set package 'velodyne' build argument 'catkin_cmake_args' from command line to 'None'
[0.203s] Level 5:colcon.colcon_core.verb:set package 'velodyne' build argument 'catkin_skip_building_tests' from command line to 'False'
[0.203s] DEBUG:colcon.colcon_core.verb:Building package 'velodyne' with the following arguments: {'ament_cmake_args': None, 'build_base': '/home/aiv/ev_ws/perception/build/velodyne', 'catkin_cmake_args': None, 'catkin_skip_building_tests': False, 'cmake_args': None, 'cmake_clean_cache': False, 'cmake_clean_first': False, 'cmake_force_configure': False, 'cmake_target': None, 'cmake_target_skip_unavailable': False, 'install_base': '/home/aiv/ev_ws/perception/install/velodyne', 'merge_install': False, 'path': '/home/aiv/ev_ws/perception/src/lidar/velodyne', 'symlink_install': True, 'test_result_base': None}
[0.203s] INFO:colcon.colcon_core.executor:Executing jobs using 'parallel' executor
[0.203s] DEBUG:colcon.colcon_parallel_executor.executor.parallel:run_until_complete
[0.204s] INFO:colcon.colcon_ros.task.ament_cmake.build:Building ROS package in '/home/aiv/ev_ws/perception/src/lidar/velodyne_msgs' with build type 'ament_cmake'
[0.204s] INFO:colcon.colcon_cmake.task.cmake.build:Building CMake package in '/home/aiv/ev_ws/perception/src/lidar/velodyne_msgs'
[0.205s] INFO:colcon.colcon_core.plugin_system:Skipping extension 'colcon_core.shell.bat': Not used on non-Windows systems
[0.205s] INFO:colcon.colcon_core.shell:Skip shell extension 'powershell' for command environment: Not usable outside of PowerShell
[0.205s] DEBUG:colcon.colcon_core.shell:Skip shell extension 'dsv' for command environment
[0.207s] INFO:colcon.colcon_ros.task.ament_cmake.build:Building ROS package in '/home/aiv/ev_ws/perception/src/lidar/cluster_splitter' with build type 'ament_cmake'
[0.207s] INFO:colcon.colcon_cmake.task.cmake.build:Building CMake package in '/home/aiv/ev_ws/perception/src/lidar/cluster_splitter'
[0.207s] INFO:colcon.colcon_core.shell:Skip shell extension 'powershell' for command environment: Not usable outside of PowerShell
[0.207s] DEBUG:colcon.colcon_core.shell:Skip shell extension 'dsv' for command environment
[0.209s] INFO:colcon.colcon_ros.task.ament_cmake.build:Building ROS package in '/home/aiv/ev_ws/perception/src/lidar/dbscan_clustering' with build type 'ament_cmake'
[0.209s] INFO:colcon.colcon_cmake.task.cmake.build:Building CMake package in '/home/aiv/ev_ws/perception/src/lidar/dbscan_clustering'
[0.209s] INFO:colcon.colcon_core.shell:Skip shell extension 'powershell' for command environment: Not usable outside of PowerShell
[0.209s] DEBUG:colcon.colcon_core.shell:Skip shell extension 'dsv' for command environment
[0.211s] INFO:colcon.colcon_ros.task.ament_cmake.build:Building ROS package in '/home/aiv/ev_ws/perception/src/lidar/lidar_voxel_grid' with build type 'ament_cmake'
[0.211s] INFO:colcon.colcon_cmake.task.cmake.build:Building CMake package in '/home/aiv/ev_ws/perception/src/lidar/lidar_voxel_grid'
[0.211s] INFO:colcon.colcon_core.shell:Skip shell extension 'powershell' for command environment: Not usable outside of PowerShell
[0.211s] DEBUG:colcon.colcon_core.shell:Skip shell extension 'dsv' for command environment
[0.213s] INFO:colcon.colcon_ros.task.ament_cmake.build:Building ROS package in '/home/aiv/ev_ws/perception/src/lidar/patchwork-plusplus-master/patchwork-plusplus-master/ros' with build type 'ament_cmake'
[0.213s] INFO:colcon.colcon_cmake.task.cmake.build:Building CMake package in '/home/aiv/ev_ws/perception/src/lidar/patchwork-plusplus-master/patchwork-plusplus-master/ros'
[0.213s] INFO:colcon.colcon_core.shell:Skip shell extension 'powershell' for command environment: Not usable outside of PowerShell
[0.213s] DEBUG:colcon.colcon_core.shell:Skip shell extension 'dsv' for command environment
[0.215s] INFO:colcon.colcon_ros.task.ament_cmake.build:Building ROS package in '/home/aiv/ev_ws/perception/src/lidar/velodyne_laserscan' with build type 'ament_cmake'
[0.215s] INFO:colcon.colcon_cmake.task.cmake.build:Building CMake package in '/home/aiv/ev_ws/perception/src/lidar/velodyne_laserscan'
[0.215s] INFO:colcon.colcon_core.shell:Skip shell extension 'powershell' for command environment: Not usable outside of PowerShell
[0.215s] DEBUG:colcon.colcon_core.shell:Skip shell extension 'dsv' for command environment
[0.217s] INFO:colcon.colcon_ros.task.ament_cmake.build:Building ROS package in '/home/aiv/ev_ws/perception/src/lidar/lidar_interfaces' with build type 'ament_cmake'
[0.217s] INFO:colcon.colcon_cmake.task.cmake.build:Building CMake package in '/home/aiv/ev_ws/perception/src/lidar/lidar_interfaces'
[0.217s] INFO:colcon.colcon_core.shell:Skip shell extension 'powershell' for command environment: Not usable outside of PowerShell
[0.217s] DEBUG:colcon.colcon_core.shell:Skip shell extension 'dsv' for command environment
[0.219s] INFO:colcon.colcon_ros.task.ament_cmake.build:Building ROS package in '/home/aiv/ev_ws/perception/src/lidar/velodyne_cropbox' with build type 'ament_cmake'
[0.219s] INFO:colcon.colcon_cmake.task.cmake.build:Building CMake package in '/home/aiv/ev_ws/perception/src/lidar/velodyne_cropbox'
[0.219s] INFO:colcon.colcon_core.shell:Skip shell extension 'powershell' for command environment: Not usable outside of PowerShell
[0.219s] DEBUG:colcon.colcon_core.shell:Skip shell extension 'dsv' for command environment
[0.223s] DEBUG:colcon.colcon_core.event_handler.log_command:Invoking command in '/home/aiv/ev_ws/perception/build/velodyne_msgs': CMAKE_PREFIX_PATH=${CMAKE_PREFIX_PATH}:/opt/ros/humble /usr/bin/cmake /home/aiv/ev_ws/perception/src/lidar/velodyne_msgs -DAMENT_CMAKE_SYMLINK_INSTALL=1 -DCMAKE_INSTALL_PREFIX=/home/aiv/ev_ws/perception/install/velodyne_msgs
[0.224s] DEBUG:colcon.colcon_core.event_handler.log_command:Invoking command in '/home/aiv/ev_ws/perception/build/cluster_splitter': CMAKE_PREFIX_PATH=${CMAKE_PREFIX_PATH}:/opt/ros/humble /usr/bin/cmake /home/aiv/ev_ws/perception/src/lidar/cluster_splitter -DAMENT_CMAKE_SYMLINK_INSTALL=1 -DCMAKE_INSTALL_PREFIX=/home/aiv/ev_ws/perception/install/cluster_splitter
[0.225s] DEBUG:colcon.colcon_core.event_handler.log_command:Invoking command in '/home/aiv/ev_ws/perception/build/dbscan_clustering': CMAKE_PREFIX_PATH=${CMAKE_PREFIX_PATH}:/opt/ros/humble /usr/bin/cmake /home/aiv/ev_ws/perception/src/lidar/dbscan_clustering -DAMENT_CMAKE_SYMLINK_INSTALL=1 -DCMAKE_INSTALL_PREFIX=/home/aiv/ev_ws/perception/install/dbscan_clustering
[0.226s] DEBUG:colcon.colcon_core.event_handler.log_command:Invoking command in '/home/aiv/ev_ws/perception/build/lidar_voxel_grid': CMAKE_PREFIX_PATH=${CMAKE_PREFIX_PATH}:/opt/ros/humble /usr/bin/cmake /home/aiv/ev_ws/perception/src/lidar/lidar_voxel_grid -DAMENT_CMAKE_SYMLINK_INSTALL=1 -DCMAKE_INSTALL_PREFIX=/home/aiv/ev_ws/perception/install/lidar_voxel_grid
[0.226s] DEBUG:colcon.colcon_core.event_handler.log_command:Invoking command in '/home/aiv/ev_ws/perception/build/patchworkpp': CMAKE_PREFIX_PATH=${CMAKE_PREFIX_PATH}:/opt/ros/humble /usr/bin/cmake /home/aiv/ev_ws/perception/src/lidar/patchwork-plusplus-master/patchwork-plusplus-master/ros -DAMENT_CMAKE_SYMLINK_INSTALL=1 -DCMAKE_INSTALL_PREFIX=/home/aiv/ev_ws/perception/install/patchworkpp
[0.228s] DEBUG:colcon.colcon_core.event_handler.log_command:Invoking command in '/home/aiv/ev_ws/perception/build/velodyne_laserscan': CMAKE_PREFIX_PATH=${CMAKE_PREFIX_PATH}:/opt/ros/humble /usr/bin/cmake /home/aiv/ev_ws/perception/src/lidar/velodyne_laserscan -DAMENT_CMAKE_SYMLINK_INSTALL=1 -DCMAKE_INSTALL_PREFIX=/home/aiv/ev_ws/perception/install/velodyne_laserscan
[0.230s] DEBUG:colcon.colcon_core.event_handler.log_command:Invoking command in '/home/aiv/ev_ws/perception/build/lidar_interfaces': CMAKE_PREFIX_PATH=${CMAKE_PREFIX_PATH}:/opt/ros/humble /usr/bin/cmake /home/aiv/ev_ws/perception/src/lidar/lidar_interfaces -DAMENT_CMAKE_SYMLINK_INSTALL=1 -DCMAKE_INSTALL_PREFIX=/home/aiv/ev_ws/perception/install/lidar_interfaces
[0.233s] DEBUG:colcon.colcon_core.event_handler.log_command:Invoking command in '/home/aiv/ev_ws/perception/build/velodyne_cropbox': CMAKE_PREFIX_PATH=${CMAKE_PREFIX_PATH}:/opt/ros/humble /usr/bin/cmake /home/aiv/ev_ws/perception/src/lidar/velodyne_cropbox -DAMENT_CMAKE_SYMLINK_INSTALL=1 -DCMAKE_INSTALL_PREFIX=/home/aiv/ev_ws/perception/install/velodyne_cropbox
[1.014s] DEBUG:colcon.colcon_core.event_handler.log_command:Invoked command in '/home/aiv/ev_ws/perception/build/cluster_splitter' returned '0': CMAKE_PREFIX_PATH=${CMAKE_PREFIX_PATH}:/opt/ros/humble /usr/bin/cmake /home/aiv/ev_ws/perception/src/lidar/cluster_splitter -DAMENT_CMAKE_SYMLINK_INSTALL=1 -DCMAKE_INSTALL_PREFIX=/home/aiv/ev_ws/perception/install/cluster_splitter
[1.015s] DEBUG:colcon.colcon_core.event_handler.log_command:Invoking command in '/home/aiv/ev_ws/perception/build/cluster_splitter': CMAKE_PREFIX_PATH=${CMAKE_PREFIX_PATH}:/opt/ros/humble /usr/bin/cmake --build /home/aiv/ev_ws/perception/build/cluster_splitter -- -j28 -l28
[1.020s] DEBUG:colcon.colcon_core.event_handler.log_command:Invoked command in '/home/aiv/ev_ws/perception/build/velodyne_cropbox' returned '0': CMAKE_PREFIX_PATH=${CMAKE_PREFIX_PATH}:/opt/ros/humble /usr/bin/cmake /home/aiv/ev_ws/perception/src/lidar/velodyne_cropbox -DAMENT_CMAKE_SYMLINK_INSTALL=1 -DCMAKE_INSTALL_PREFIX=/home/aiv/ev_ws/perception/install/velodyne_cropbox
[1.021s] DEBUG:colcon.colcon_core.event_handler.log_command:Invoking command in '/home/aiv/ev_ws/perception/build/velodyne_cropbox': CMAKE_PREFIX_PATH=${CMAKE_PREFIX_PATH}:/opt/ros/humble /usr/bin/cmake --build /home/aiv/ev_ws/perception/build/velodyne_cropbox -- -j28 -l28
[1.067s] DEBUG:colcon.colcon_core.event_handler.log_command:Invoked command in '/home/aiv/ev_ws/perception/build/velodyne_laserscan' returned '0': CMAKE_PREFIX_PATH=${CMAKE_PREFIX_PATH}:/opt/ros/humble /usr/bin/cmake /home/aiv/ev_ws/perception/src/lidar/velodyne_laserscan -DAMENT_CMAKE_SYMLINK_INSTALL=1 -DCMAKE_INSTALL_PREFIX=/home/aiv/ev_ws/perception/install/velodyne_laserscan
[1.069s] DEBUG:colcon.colcon_core.event_handler.log_command:Invoking command in '/home/aiv/ev_ws/perception/build/velodyne_laserscan': CMAKE_PREFIX_PATH=${CMAKE_PREFIX_PATH}:/opt/ros/humble /usr/bin/cmake --build /home/aiv/ev_ws/perception/build/velodyne_laserscan -- -j28 -l28
[1.148s] DEBUG:colcon.colcon_core.event_handler.log_command:Invoked command in '/home/aiv/ev_ws/perception/build/patchworkpp' returned '0': CMAKE_PREFIX_PATH=${CMAKE_PREFIX_PATH}:/opt/ros/humble /usr/bin/cmake /home/aiv/ev_ws/perception/src/lidar/patchwork-plusplus-master/patchwork-plusplus-master/ros -DAMENT_CMAKE_SYMLINK_INSTALL=1 -DCMAKE_INSTALL_PREFIX=/home/aiv/ev_ws/perception/install/patchworkpp
[1.149s] DEBUG:colcon.colcon_core.event_handler.log_command:Invoking command in '/home/aiv/ev_ws/perception/build/patchworkpp': CMAKE_PREFIX_PATH=${CMAKE_PREFIX_PATH}:/opt/ros/humble /usr/bin/cmake --build /home/aiv/ev_ws/perception/build/patchworkpp -- -j28 -l28
[1.304s] DEBUG:colcon.colcon_core.event_handler.log_command:Invoked command in '/home/aiv/ev_ws/perception/build/velodyne_msgs' returned '0': CMAKE_PREFIX_PATH=${CMAKE_PREFIX_PATH}:/opt/ros/humble /usr/bin/cmake /home/aiv/ev_ws/perception/src/lidar/velodyne_msgs -DAMENT_CMAKE_SYMLINK_INSTALL=1 -DCMAKE_INSTALL_PREFIX=/home/aiv/ev_ws/perception/install/velodyne_msgs
[1.305s] DEBUG:colcon.colcon_core.event_handler.log_command:Invoking command in '/home/aiv/ev_ws/perception/build/velodyne_msgs': CMAKE_PREFIX_PATH=${CMAKE_PREFIX_PATH}:/opt/ros/humble /usr/bin/cmake --build /home/aiv/ev_ws/perception/build/velodyne_msgs -- -j28 -l28
[1.416s] DEBUG:colcon.colcon_core.event_handler.log_command:Invoked command in '/home/aiv/ev_ws/perception/build/lidar_interfaces' returned '0': CMAKE_PREFIX_PATH=${CMAKE_PREFIX_PATH}:/opt/ros/humble /usr/bin/cmake /home/aiv/ev_ws/perception/src/lidar/lidar_interfaces -DAMENT_CMAKE_SYMLINK_INSTALL=1 -DCMAKE_INSTALL_PREFIX=/home/aiv/ev_ws/perception/install/lidar_interfaces
[1.417s] DEBUG:colcon.colcon_core.event_handler.log_command:Invoking command in '/home/aiv/ev_ws/perception/build/lidar_interfaces': CMAKE_PREFIX_PATH=${CMAKE_PREFIX_PATH}:/opt/ros/humble /usr/bin/cmake --build /home/aiv/ev_ws/perception/build/lidar_interfaces -- -j28 -l28
[2.393s] DEBUG:colcon.colcon_core.event_handler.log_command:Invoked command in '/home/aiv/ev_ws/perception/build/dbscan_clustering' returned '0': CMAKE_PREFIX_PATH=${CMAKE_PREFIX_PATH}:/opt/ros/humble /usr/bin/cmake /home/aiv/ev_ws/perception/src/lidar/dbscan_clustering -DAMENT_CMAKE_SYMLINK_INSTALL=1 -DCMAKE_INSTALL_PREFIX=/home/aiv/ev_ws/perception/install/dbscan_clustering
[2.401s] DEBUG:colcon.colcon_core.event_handler.log_command:Invoking command in '/home/aiv/ev_ws/perception/build/dbscan_clustering': CMAKE_PREFIX_PATH=${CMAKE_PREFIX_PATH}:/opt/ros/humble /usr/bin/cmake --build /home/aiv/ev_ws/perception/build/dbscan_clustering -- -j28 -l28
[2.843s] DEBUG:colcon.colcon_core.event_handler.log_command:Invoked command in '/home/aiv/ev_ws/perception/build/lidar_voxel_grid' returned '0': CMAKE_PREFIX_PATH=${CMAKE_PREFIX_PATH}:/opt/ros/humble /usr/bin/cmake /home/aiv/ev_ws/perception/src/lidar/lidar_voxel_grid -DAMENT_CMAKE_SYMLINK_INSTALL=1 -DCMAKE_INSTALL_PREFIX=/home/aiv/ev_ws/perception/install/lidar_voxel_grid
[2.844s] DEBUG:colcon.colcon_core.event_handler.log_command:Invoking command in '/home/aiv/ev_ws/perception/build/lidar_voxel_grid': CMAKE_PREFIX_PATH=${CMAKE_PREFIX_PATH}:/opt/ros/humble /usr/bin/cmake --build /home/aiv/ev_ws/perception/build/lidar_voxel_grid -- -j28 -l28
[3.141s] DEBUG:colcon.colcon_core.event_handler.log_command:Invoked command in '/home/aiv/ev_ws/perception/build/velodyne_msgs' returned '0': CMAKE_PREFIX_PATH=${CMAKE_PREFIX_PATH}:/opt/ros/humble /usr/bin/cmake --build /home/aiv/ev_ws/perception/build/velodyne_msgs -- -j28 -l28
[3.152s] DEBUG:colcon.colcon_core.event_handler.log_command:Invoking command in '/home/aiv/ev_ws/perception/build/velodyne_msgs': CMAKE_PREFIX_PATH=${CMAKE_PREFIX_PATH}:/opt/ros/humble /usr/bin/cmake --install /home/aiv/ev_ws/perception/build/velodyne_msgs
[3.667s] DEBUG:colcon.colcon_core.event_handler.log_command:Invoked command in '/home/aiv/ev_ws/perception/build/lidar_interfaces' returned '0': CMAKE_PREFIX_PATH=${CMAKE_PREFIX_PATH}:/opt/ros/humble /usr/bin/cmake --build /home/aiv/ev_ws/perception/build/lidar_interfaces -- -j28 -l28
[3.668s] DEBUG:colcon.colcon_core.event_handler.log_command:Invoking command in '/home/aiv/ev_ws/perception/build/lidar_interfaces': CMAKE_PREFIX_PATH=${CMAKE_PREFIX_PATH}:/opt/ros/humble /usr/bin/cmake --install /home/aiv/ev_ws/perception/build/lidar_interfaces
[3.877s] Level 1:colcon.colcon_core.environment:create_environment_scripts_only(velodyne_msgs)
[3.878s] DEBUG:colcon.colcon_core.event_handler.log_command:Invoked command in '/home/aiv/ev_ws/perception/build/velodyne_msgs' returned '0': CMAKE_PREFIX_PATH=${CMAKE_PREFIX_PATH}:/opt/ros/humble /usr/bin/cmake --install /home/aiv/ev_ws/perception/build/velodyne_msgs
[3.880s] Level 1:colcon.colcon_core.environment:checking '/home/aiv/ev_ws/perception/install/velodyne_msgs' for CMake module files
[3.881s] Level 1:colcon.colcon_core.environment:checking '/home/aiv/ev_ws/perception/install/velodyne_msgs' for CMake config files
[3.881s] Level 1:colcon.colcon_core.shell:create_environment_hook('velodyne_msgs', 'cmake_prefix_path')
[3.881s] INFO:colcon.colcon_core.shell:Creating environment hook '/home/aiv/ev_ws/perception/install/velodyne_msgs/share/velodyne_msgs/hook/cmake_prefix_path.ps1'
[3.882s] INFO:colcon.colcon_core.shell:Creating environment descriptor '/home/aiv/ev_ws/perception/install/velodyne_msgs/share/velodyne_msgs/hook/cmake_prefix_path.dsv'
[3.882s] INFO:colcon.colcon_core.shell:Creating environment hook '/home/aiv/ev_ws/perception/install/velodyne_msgs/share/velodyne_msgs/hook/cmake_prefix_path.sh'
[3.883s] Level 1:colcon.colcon_core.environment:checking '/home/aiv/ev_ws/perception/install/velodyne_msgs/lib'
[3.883s] Level 1:colcon.colcon_core.shell:create_environment_hook('velodyne_msgs', 'ld_library_path_lib')
[3.883s] INFO:colcon.colcon_core.shell:Creating environment hook '/home/aiv/ev_ws/perception/install/velodyne_msgs/share/velodyne_msgs/hook/ld_library_path_lib.ps1'
[3.883s] INFO:colcon.colcon_core.shell:Creating environment descriptor '/home/aiv/ev_ws/perception/install/velodyne_msgs/share/velodyne_msgs/hook/ld_library_path_lib.dsv'
[3.884s] INFO:colcon.colcon_core.shell:Creating environment hook '/home/aiv/ev_ws/perception/install/velodyne_msgs/share/velodyne_msgs/hook/ld_library_path_lib.sh'
[3.884s] Level 1:colcon.colcon_core.environment:checking '/home/aiv/ev_ws/perception/install/velodyne_msgs/bin'
[3.884s] Level 1:colcon.colcon_core.environment:checking '/home/aiv/ev_ws/perception/install/velodyne_msgs/lib/pkgconfig/velodyne_msgs.pc'
[3.884s] Level 1:colcon.colcon_core.environment:checking '/home/aiv/ev_ws/perception/install/velodyne_msgs/lib/python3.10/site-packages'
[3.884s] Level 1:colcon.colcon_core.environment:checking '/home/aiv/ev_ws/perception/install/velodyne_msgs/bin'
[3.884s] INFO:colcon.colcon_core.shell:Creating package script '/home/aiv/ev_ws/perception/install/velodyne_msgs/share/velodyne_msgs/package.ps1'
[3.885s] INFO:colcon.colcon_core.shell:Creating package descriptor '/home/aiv/ev_ws/perception/install/velodyne_msgs/share/velodyne_msgs/package.dsv'
[3.885s] INFO:colcon.colcon_core.shell:Creating package script '/home/aiv/ev_ws/perception/install/velodyne_msgs/share/velodyne_msgs/package.sh'
[3.886s] INFO:colcon.colcon_core.shell:Creating package script '/home/aiv/ev_ws/perception/install/velodyne_msgs/share/velodyne_msgs/package.bash'
[3.886s] INFO:colcon.colcon_core.shell:Creating package script '/home/aiv/ev_ws/perception/install/velodyne_msgs/share/velodyne_msgs/package.zsh'
[3.886s] Level 1:colcon.colcon_core.environment:create_file_with_runtime_dependencies(/home/aiv/ev_ws/perception/install/velodyne_msgs/share/colcon-core/packages/velodyne_msgs)
[3.887s] Level 1:colcon.colcon_core.environment:create_environment_scripts_only(velodyne_msgs)
[3.887s] Level 1:colcon.colcon_core.environment:checking '/home/aiv/ev_ws/perception/install/velodyne_msgs' for CMake module files
[3.888s] Level 1:colcon.colcon_core.environment:checking '/home/aiv/ev_ws/perception/install/velodyne_msgs' for CMake config files
[3.888s] Level 1:colcon.colcon_core.shell:create_environment_hook('velodyne_msgs', 'cmake_prefix_path')
[3.888s] INFO:colcon.colcon_core.shell:Creating environment hook '/home/aiv/ev_ws/perception/install/velodyne_msgs/share/velodyne_msgs/hook/cmake_prefix_path.ps1'
[3.888s] INFO:colcon.colcon_core.shell:Creating environment descriptor '/home/aiv/ev_ws/perception/install/velodyne_msgs/share/velodyne_msgs/hook/cmake_prefix_path.dsv'
[3.888s] INFO:colcon.colcon_core.shell:Creating environment hook '/home/aiv/ev_ws/perception/install/velodyne_msgs/share/velodyne_msgs/hook/cmake_prefix_path.sh'
[3.889s] Level 1:colcon.colcon_core.environment:checking '/home/aiv/ev_ws/perception/install/velodyne_msgs/lib'
[3.889s] Level 1:colcon.colcon_core.shell:create_environment_hook('velodyne_msgs', 'ld_library_path_lib')
[3.889s] INFO:colcon.colcon_core.shell:Creating environment hook '/home/aiv/ev_ws/perception/install/velodyne_msgs/share/velodyne_msgs/hook/ld_library_path_lib.ps1'
[3.889s] INFO:colcon.colcon_core.shell:Creating environment descriptor '/home/aiv/ev_ws/perception/install/velodyne_msgs/share/velodyne_msgs/hook/ld_library_path_lib.dsv'
[3.889s] INFO:colcon.colcon_core.shell:Creating environment hook '/home/aiv/ev_ws/perception/install/velodyne_msgs/share/velodyne_msgs/hook/ld_library_path_lib.sh'
[3.890s] Level 1:colcon.colcon_core.environment:checking '/home/aiv/ev_ws/perception/install/velodyne_msgs/bin'
[3.890s] Level 1:colcon.colcon_core.environment:checking '/home/aiv/ev_ws/perception/install/velodyne_msgs/lib/pkgconfig/velodyne_msgs.pc'
[3.890s] Level 1:colcon.colcon_core.environment:checking '/home/aiv/ev_ws/perception/install/velodyne_msgs/lib/python3.10/site-packages'
[3.890s] Level 1:colcon.colcon_core.environment:checking '/home/aiv/ev_ws/perception/install/velodyne_msgs/bin'
[3.890s] INFO:colcon.colcon_core.shell:Creating package script '/home/aiv/ev_ws/perception/install/velodyne_msgs/share/velodyne_msgs/package.ps1'
[3.891s] INFO:colcon.colcon_core.shell:Creating package descriptor '/home/aiv/ev_ws/perception/install/velodyne_msgs/share/velodyne_msgs/package.dsv'
[3.891s] INFO:colcon.colcon_core.shell:Creating package script '/home/aiv/ev_ws/perception/install/velodyne_msgs/share/velodyne_msgs/package.sh'
[3.891s] INFO:colcon.colcon_core.shell:Creating package script '/home/aiv/ev_ws/perception/install/velodyne_msgs/share/velodyne_msgs/package.bash'
[3.892s] INFO:colcon.colcon_core.shell:Creating package script '/home/aiv/ev_ws/perception/install/velodyne_msgs/share/velodyne_msgs/package.zsh'
[3.892s] Level 1:colcon.colcon_core.environment:create_file_with_runtime_dependencies(/home/aiv/ev_ws/perception/install/velodyne_msgs/share/colcon-core/packages/velodyne_msgs)
[3.892s] INFO:colcon.colcon_ros.task.ament_cmake.build:Building ROS package in '/home/aiv/ev_ws/perception/src/lidar/velodyne_driver' with build type 'ament_cmake'
[3.892s] INFO:colcon.colcon_cmake.task.cmake.build:Building CMake package in '/home/aiv/ev_ws/perception/src/lidar/velodyne_driver'
[3.892s] INFO:colcon.colcon_core.shell:Skip shell extension 'powershell' for command environment: Not usable outside of PowerShell
[3.892s] DEBUG:colcon.colcon_core.shell:Skip shell extension 'dsv' for command environment
[3.896s] INFO:colcon.colcon_ros.task.ament_cmake.build:Building ROS package in '/home/aiv/ev_ws/perception/src/lidar/velodyne_pointcloud' with build type 'ament_cmake'
[3.896s] INFO:colcon.colcon_cmake.task.cmake.build:Building CMake package in '/home/aiv/ev_ws/perception/src/lidar/velodyne_pointcloud'
[3.896s] INFO:colcon.colcon_core.shell:Skip shell extension 'powershell' for command environment: Not usable outside of PowerShell
[3.896s] DEBUG:colcon.colcon_core.shell:Skip shell extension 'dsv' for command environment
[3.905s] DEBUG:colcon.colcon_core.event_handler.log_command:Invoking command in '/home/aiv/ev_ws/perception/build/velodyne_driver': CMAKE_PREFIX_PATH=/home/aiv/ev_ws/perception/install/velodyne_msgs:/home/aiv/ev_ws/perception/install/cluster_splitter:/home/aiv/ev_ws/perception/install/dbscan_clustering:/home/aiv/ev_ws/carsa_gazebo/install/carsa_gazebo:/home/aiv/ev_ws/erp42_ros/install/erp42_serial:/home/aiv/ev_ws/erp42_ros/install/erp42_rqt_plugin:/home/aiv/ev_ws/erp42_ros/install/erp42_gazebo:/home/aiv/ev_ws/erp42_ros/install/erp42_util:/home/aiv/ev_ws/erp42_ros/install/erp42_msgs:/home/aiv/ev_ws/erp42_ros/install/erp42_description:/home/aiv/ev_ws/erp42_ros/install/erp42_cmake:/home/aiv/ev_ws/perception/install/velodyne:/home/aiv/ev_ws/perception/install/lidar_launch:/home/aiv/ev_ws/perception/install/velodyne_pointcloud:/home/aiv/ev_ws/perception/install/velodyne_driver:/home/aiv/ev_ws/perception/install/velodyne_laserscan:/home/aiv/ev_ws/perception/install/velodyne_cropbox:/home/aiv/ev_ws/perception/install/patchworkpp:/home/aiv/ev_ws/perception/install/lidar_voxel_grid:/home/aiv/ev_ws/perception/install/lidar_tracking:/home/aiv/ev_ws/perception/install/cluster_filter:/home/aiv/ev_ws/perception/install/lidar_interfaces:/home/aiv/ev_ws/perception/install/lidar_clustering:/opt/ros/humble LD_LIBRARY_PATH=/home/aiv/ev_ws/perception/install/velodyne_msgs/lib:/home/aiv/ev_ws/perception/install/cluster_splitter/lib:/usr/local/cuda-12.6/lib64:/usr/local/cuda-12.6/lib64:/usr/local/cuda-12.6/lib64:/usr/local/cuda-12.6/lib64:/home/aiv/ev_ws/perception/install/dbscan_clustering/lib:/usr/local/cuda-12.6/lib64:/home/aiv/ev_ws/erp42_ros/install/erp42_serial/lib:/home/aiv/ev_ws/erp42_ros/install/erp42_rqt_plugin/lib:/home/aiv/ev_ws/erp42_ros/install/erp42_gazebo/lib:/home/aiv/ev_ws/erp42_ros/install/erp42_util/lib:/home/aiv/ev_ws/erp42_ros/install/erp42_msgs/lib:/home/aiv/ev_ws/perception/install/velodyne_pointcloud/lib:/home/aiv/ev_ws/perception/install/velodyne_driver/lib:/home/aiv/ev_ws/perception/install/velodyne_laserscan/lib:/home/aiv/ev_ws/perception/install/velodyne_cropbox/lib:/home/aiv/ev_ws/perception/install/patchworkpp/lib:/home/aiv/ev_ws/perception/install/lidar_voxel_grid/lib:/home/aiv/ev_ws/perception/install/lidar_tracking/lib:/home/aiv/ev_ws/perception/install/cluster_filter/lib:/home/aiv/ev_ws/perception/install/lidar_interfaces/lib:/home/aiv/ev_ws/perception/install/lidar_clustering/lib:/usr/lib/x86_64-linux-gnu/gazebo-11/plugins:/opt/ros/humble/opt/rviz_ogre_vendor/lib:/opt/ros/humble/lib/x86_64-linux-gnu:/opt/ros/humble/lib:/usr/local/cuda-12.6/lib64 /usr/bin/cmake /home/aiv/ev_ws/perception/src/lidar/velodyne_driver -DAMENT_CMAKE_SYMLINK_INSTALL=1 -DCMAKE_INSTALL_PREFIX=/home/aiv/ev_ws/perception/install/velodyne_driver
[3.910s] DEBUG:colcon.colcon_core.event_handler.log_command:Invoking command in '/home/aiv/ev_ws/perception/build/velodyne_pointcloud': CMAKE_PREFIX_PATH=/home/aiv/ev_ws/perception/install/velodyne_msgs:/home/aiv/ev_ws/perception/install/cluster_splitter:/home/aiv/ev_ws/perception/install/dbscan_clustering:/home/aiv/ev_ws/carsa_gazebo/install/carsa_gazebo:/home/aiv/ev_ws/erp42_ros/install/erp42_serial:/home/aiv/ev_ws/erp42_ros/install/erp42_rqt_plugin:/home/aiv/ev_ws/erp42_ros/install/erp42_gazebo:/home/aiv/ev_ws/erp42_ros/install/erp42_util:/home/aiv/ev_ws/erp42_ros/install/erp42_msgs:/home/aiv/ev_ws/erp42_ros/install/erp42_description:/home/aiv/ev_ws/erp42_ros/install/erp42_cmake:/home/aiv/ev_ws/perception/install/velodyne:/home/aiv/ev_ws/perception/install/lidar_launch:/home/aiv/ev_ws/perception/install/velodyne_pointcloud:/home/aiv/ev_ws/perception/install/velodyne_driver:/home/aiv/ev_ws/perception/install/velodyne_laserscan:/home/aiv/ev_ws/perception/install/velodyne_cropbox:/home/aiv/ev_ws/perception/install/patchworkpp:/home/aiv/ev_ws/perception/install/lidar_voxel_grid:/home/aiv/ev_ws/perception/install/lidar_tracking:/home/aiv/ev_ws/perception/install/cluster_filter:/home/aiv/ev_ws/perception/install/lidar_interfaces:/home/aiv/ev_ws/perception/install/lidar_clustering:/opt/ros/humble LD_LIBRARY_PATH=/home/aiv/ev_ws/perception/install/velodyne_msgs/lib:/home/aiv/ev_ws/perception/install/cluster_splitter/lib:/usr/local/cuda-12.6/lib64:/usr/local/cuda-12.6/lib64:/usr/local/cuda-12.6/lib64:/usr/local/cuda-12.6/lib64:/home/aiv/ev_ws/perception/install/dbscan_clustering/lib:/usr/local/cuda-12.6/lib64:/home/aiv/ev_ws/erp42_ros/install/erp42_serial/lib:/home/aiv/ev_ws/erp42_ros/install/erp42_rqt_plugin/lib:/home/aiv/ev_ws/erp42_ros/install/erp42_gazebo/lib:/home/aiv/ev_ws/erp42_ros/install/erp42_util/lib:/home/aiv/ev_ws/erp42_ros/install/erp42_msgs/lib:/home/aiv/ev_ws/perception/install/velodyne_pointcloud/lib:/home/aiv/ev_ws/perception/install/velodyne_driver/lib:/home/aiv/ev_ws/perception/install/velodyne_laserscan/lib:/home/aiv/ev_ws/perception/install/velodyne_cropbox/lib:/home/aiv/ev_ws/perception/install/patchworkpp/lib:/home/aiv/ev_ws/perception/install/lidar_voxel_grid/lib:/home/aiv/ev_ws/perception/install/lidar_tracking/lib:/home/aiv/ev_ws/perception/install/cluster_filter/lib:/home/aiv/ev_ws/perception/install/lidar_interfaces/lib:/home/aiv/ev_ws/perception/install/lidar_clustering/lib:/usr/lib/x86_64-linux-gnu/gazebo-11/plugins:/opt/ros/humble/opt/rviz_ogre_vendor/lib:/opt/ros/humble/lib/x86_64-linux-gnu:/opt/ros/humble/lib:/usr/local/cuda-12.6/lib64 /usr/bin/cmake /home/aiv/ev_ws/perception/src/lidar/velodyne_pointcloud -DAMENT_CMAKE_SYMLINK_INSTALL=1 -DCMAKE_INSTALL_PREFIX=/home/aiv/ev_ws/perception/install/velodyne_pointcloud
[4.687s] Level 1:colcon.colcon_core.environment:create_environment_scripts_only(lidar_interfaces)
[4.688s] Level 1:colcon.colcon_core.environment:checking '/home/aiv/ev_ws/perception/install/lidar_interfaces' for CMake module files
[4.688s] DEBUG:colcon.colcon_core.event_handler.log_command:Invoked command in '/home/aiv/ev_ws/perception/build/lidar_interfaces' returned '0': CMAKE_PREFIX_PATH=${CMAKE_PREFIX_PATH}:/opt/ros/humble /usr/bin/cmake --install /home/aiv/ev_ws/perception/build/lidar_interfaces
[4.689s] Level 1:colcon.colcon_core.environment:checking '/home/aiv/ev_ws/perception/install/lidar_interfaces' for CMake config files
[4.689s] Level 1:colcon.colcon_core.shell:create_environment_hook('lidar_interfaces', 'cmake_prefix_path')
[4.689s] INFO:colcon.colcon_core.shell:Creating environment hook '/home/aiv/ev_ws/perception/install/lidar_interfaces/share/lidar_interfaces/hook/cmake_prefix_path.ps1'
[4.690s] INFO:colcon.colcon_core.shell:Creating environment descriptor '/home/aiv/ev_ws/perception/install/lidar_interfaces/share/lidar_interfaces/hook/cmake_prefix_path.dsv'
[4.690s] INFO:colcon.colcon_core.shell:Creating environment hook '/home/aiv/ev_ws/perception/install/lidar_interfaces/share/lidar_interfaces/hook/cmake_prefix_path.sh'
[4.690s] Level 1:colcon.colcon_core.environment:checking '/home/aiv/ev_ws/perception/install/lidar_interfaces/lib'
[4.690s] Level 1:colcon.colcon_core.shell:create_environment_hook('lidar_interfaces', 'ld_library_path_lib')
[4.690s] INFO:colcon.colcon_core.shell:Creating environment hook '/home/aiv/ev_ws/perception/install/lidar_interfaces/share/lidar_interfaces/hook/ld_library_path_lib.ps1'
[4.691s] INFO:colcon.colcon_core.shell:Creating environment descriptor '/home/aiv/ev_ws/perception/install/lidar_interfaces/share/lidar_interfaces/hook/ld_library_path_lib.dsv'
[4.691s] INFO:colcon.colcon_core.shell:Creating environment hook '/home/aiv/ev_ws/perception/install/lidar_interfaces/share/lidar_interfaces/hook/ld_library_path_lib.sh'
[4.691s] Level 1:colcon.colcon_core.environment:checking '/home/aiv/ev_ws/perception/install/lidar_interfaces/bin'
[4.691s] Level 1:colcon.colcon_core.environment:checking '/home/aiv/ev_ws/perception/install/lidar_interfaces/lib/pkgconfig/lidar_interfaces.pc'
[4.691s] Level 1:colcon.colcon_core.environment:checking '/home/aiv/ev_ws/perception/install/lidar_interfaces/lib/python3.10/site-packages'
[4.691s] Level 1:colcon.colcon_core.environment:checking '/home/aiv/ev_ws/perception/install/lidar_interfaces/bin'
[4.692s] INFO:colcon.colcon_core.shell:Creating package script '/home/aiv/ev_ws/perception/install/lidar_interfaces/share/lidar_interfaces/package.ps1'
[4.692s] INFO:colcon.colcon_core.shell:Creating package descriptor '/home/aiv/ev_ws/perception/install/lidar_interfaces/share/lidar_interfaces/package.dsv'
[4.692s] INFO:colcon.colcon_core.shell:Creating package script '/home/aiv/ev_ws/perception/install/lidar_interfaces/share/lidar_interfaces/package.sh'
[4.692s] INFO:colcon.colcon_core.shell:Creating package script '/home/aiv/ev_ws/perception/install/lidar_interfaces/share/lidar_interfaces/package.bash'
[4.693s] INFO:colcon.colcon_core.shell:Creating package script '/home/aiv/ev_ws/perception/install/lidar_interfaces/share/lidar_interfaces/package.zsh'
[4.693s] Level 1:colcon.colcon_core.environment:create_file_with_runtime_dependencies(/home/aiv/ev_ws/perception/install/lidar_interfaces/share/colcon-core/packages/lidar_interfaces)
[4.693s] Level 1:colcon.colcon_core.environment:create_environment_scripts_only(lidar_interfaces)
[4.693s] Level 1:colcon.colcon_core.environment:checking '/home/aiv/ev_ws/perception/install/lidar_interfaces' for CMake module files
[4.694s] Level 1:colcon.colcon_core.environment:checking '/home/aiv/ev_ws/perception/install/lidar_interfaces' for CMake config files
[4.694s] Level 1:colcon.colcon_core.shell:create_environment_hook('lidar_interfaces', 'cmake_prefix_path')
[4.694s] INFO:colcon.colcon_core.shell:Creating environment hook '/home/aiv/ev_ws/perception/install/lidar_interfaces/share/lidar_interfaces/hook/cmake_prefix_path.ps1'
[4.695s] INFO:colcon.colcon_core.shell:Creating environment descriptor '/home/aiv/ev_ws/perception/install/lidar_interfaces/share/lidar_interfaces/hook/cmake_prefix_path.dsv'
[4.695s] INFO:colcon.colcon_core.shell:Creating environment hook '/home/aiv/ev_ws/perception/install/lidar_interfaces/share/lidar_interfaces/hook/cmake_prefix_path.sh'
[4.695s] Level 1:colcon.colcon_core.environment:checking '/home/aiv/ev_ws/perception/install/lidar_interfaces/lib'
[4.695s] Level 1:colcon.colcon_core.shell:create_environment_hook('lidar_interfaces', 'ld_library_path_lib')
[4.695s] INFO:colcon.colcon_core.shell:Creating environment hook '/home/aiv/ev_ws/perception/install/lidar_interfaces/share/lidar_interfaces/hook/ld_library_path_lib.ps1'
[4.696s] INFO:colcon.colcon_core.shell:Creating environment descriptor '/home/aiv/ev_ws/perception/install/lidar_interfaces/share/lidar_interfaces/hook/ld_library_path_lib.dsv'
[4.696s] INFO:colcon.colcon_core.shell:Creating environment hook '/home/aiv/ev_ws/perception/install/lidar_interfaces/share/lidar_interfaces/hook/ld_library_path_lib.sh'
[4.696s] Level 1:colcon.colcon_core.environment:checking '/home/aiv/ev_ws/perception/install/lidar_interfaces/bin'
[4.696s] Level 1:colcon.colcon_core.environment:checking '/home/aiv/ev_ws/perception/install/lidar_interfaces/lib/pkgconfig/lidar_interfaces.pc'
[4.696s] Level 1:colcon.colcon_core.environment:checking '/home/aiv/ev_ws/perception/install/lidar_interfaces/lib/python3.10/site-packages'
[4.696s] Level 1:colcon.colcon_core.environment:checking '/home/aiv/ev_ws/perception/install/lidar_interfaces/bin'
[4.697s] INFO:colcon.colcon_core.shell:Creating package script '/home/aiv/ev_ws/perception/install/lidar_interfaces/share/lidar_interfaces/package.ps1'
[4.697s] INFO:colcon.colcon_core.shell:Creating package descriptor '/home/aiv/ev_ws/perception/install/lidar_interfaces/share/lidar_interfaces/package.dsv'
[4.697s] INFO:colcon.colcon_core.shell:Creating package script '/home/aiv/ev_ws/perception/install/lidar_interfaces/share/lidar_interfaces/package.sh'
[4.698s] INFO:colcon.colcon_core.shell:Creating package script '/home/aiv/ev_ws/perception/install/lidar_interfaces/share/lidar_interfaces/package.bash'
[4.698s] INFO:colcon.colcon_core.shell:Creating package script '/home/aiv/ev_ws/perception/install/lidar_interfaces/share/lidar_interfaces/package.zsh'
[4.698s] Level 1:colcon.colcon_core.environment:create_file_with_runtime_dependencies(/home/aiv/ev_ws/perception/install/lidar_interfaces/share/colcon-core/packages/lidar_interfaces)
[5.057s] DEBUG:colcon.colcon_core.event_handler.log_command:Invoked command in '/home/aiv/ev_ws/perception/build/velodyne_driver' returned '0': CMAKE_PREFIX_PATH=/home/aiv/ev_ws/perception/install/velodyne_msgs:/home/aiv/ev_ws/perception/install/cluster_splitter:/home/aiv/ev_ws/perception/install/dbscan_clustering:/home/aiv/ev_ws/carsa_gazebo/install/carsa_gazebo:/home/aiv/ev_ws/erp42_ros/install/erp42_serial:/home/aiv/ev_ws/erp42_ros/install/erp42_rqt_plugin:/home/aiv/ev_ws/erp42_ros/install/erp42_gazebo:/home/aiv/ev_ws/erp42_ros/install/erp42_util:/home/aiv/ev_ws/erp42_ros/install/erp42_msgs:/home/aiv/ev_ws/erp42_ros/install/erp42_description:/home/aiv/ev_ws/erp42_ros/install/erp42_cmake:/home/aiv/ev_ws/perception/install/velodyne:/home/aiv/ev_ws/perception/install/lidar_launch:/home/aiv/ev_ws/perception/install/velodyne_pointcloud:/home/aiv/ev_ws/perception/install/velodyne_driver:/home/aiv/ev_ws/perception/install/velodyne_laserscan:/home/aiv/ev_ws/perception/install/velodyne_cropbox:/home/aiv/ev_ws/perception/install/patchworkpp:/home/aiv/ev_ws/perception/install/lidar_voxel_grid:/home/aiv/ev_ws/perception/install/lidar_tracking:/home/aiv/ev_ws/perception/install/cluster_filter:/home/aiv/ev_ws/perception/install/lidar_interfaces:/home/aiv/ev_ws/perception/install/lidar_clustering:/opt/ros/humble LD_LIBRARY_PATH=/home/aiv/ev_ws/perception/install/velodyne_msgs/lib:/home/aiv/ev_ws/perception/install/cluster_splitter/lib:/usr/local/cuda-12.6/lib64:/usr/local/cuda-12.6/lib64:/usr/local/cuda-12.6/lib64:/usr/local/cuda-12.6/lib64:/home/aiv/ev_ws/perception/install/dbscan_clustering/lib:/usr/local/cuda-12.6/lib64:/home/aiv/ev_ws/erp42_ros/install/erp42_serial/lib:/home/aiv/ev_ws/erp42_ros/install/erp42_rqt_plugin/lib:/home/aiv/ev_ws/erp42_ros/install/erp42_gazebo/lib:/home/aiv/ev_ws/erp42_ros/install/erp42_util/lib:/home/aiv/ev_ws/erp42_ros/install/erp42_msgs/lib:/home/aiv/ev_ws/perception/install/velodyne_pointcloud/lib:/home/aiv/ev_ws/perception/install/velodyne_driver/lib:/home/aiv/ev_ws/perception/install/velodyne_laserscan/lib:/home/aiv/ev_ws/perception/install/velodyne_cropbox/lib:/home/aiv/ev_ws/perception/install/patchworkpp/lib:/home/aiv/ev_ws/perception/install/lidar_voxel_grid/lib:/home/aiv/ev_ws/perception/install/lidar_tracking/lib:/home/aiv/ev_ws/perception/install/cluster_filter/lib:/home/aiv/ev_ws/perception/install/lidar_interfaces/lib:/home/aiv/ev_ws/perception/install/lidar_clustering/lib:/usr/lib/x86_64-linux-gnu/gazebo-11/plugins:/opt/ros/humble/opt/rviz_ogre_vendor/lib:/opt/ros/humble/lib/x86_64-linux-gnu:/opt/ros/humble/lib:/usr/local/cuda-12.6/lib64 /usr/bin/cmake /home/aiv/ev_ws/perception/src/lidar/velodyne_driver -DAMENT_CMAKE_SYMLINK_INSTALL=1 -DCMAKE_INSTALL_PREFIX=/home/aiv/ev_ws/perception/install/velodyne_driver
[5.058s] DEBUG:colcon.colcon_core.event_handler.log_command:Invoking command in '/home/aiv/ev_ws/perception/build/velodyne_driver': CMAKE_PREFIX_PATH=/home/aiv/ev_ws/perception/install/velodyne_msgs:/home/aiv/ev_ws/perception/install/cluster_splitter:/home/aiv/ev_ws/perception/install/dbscan_clustering:/home/aiv/ev_ws/carsa_gazebo/install/carsa_gazebo:/home/aiv/ev_ws/erp42_ros/install/erp42_serial:/home/aiv/ev_ws/erp42_ros/install/erp42_rqt_plugin:/home/aiv/ev_ws/erp42_ros/install/erp42_gazebo:/home/aiv/ev_ws/erp42_ros/install/erp42_util:/home/aiv/ev_ws/erp42_ros/install/erp42_msgs:/home/aiv/ev_ws/erp42_ros/install/erp42_description:/home/aiv/ev_ws/erp42_ros/install/erp42_cmake:/home/aiv/ev_ws/perception/install/velodyne:/home/aiv/ev_ws/perception/install/lidar_launch:/home/aiv/ev_ws/perception/install/velodyne_pointcloud:/home/aiv/ev_ws/perception/install/velodyne_driver:/home/aiv/ev_ws/perception/install/velodyne_laserscan:/home/aiv/ev_ws/perception/install/velodyne_cropbox:/home/aiv/ev_ws/perception/install/patchworkpp:/home/aiv/ev_ws/perception/install/lidar_voxel_grid:/home/aiv/ev_ws/perception/install/lidar_tracking:/home/aiv/ev_ws/perception/install/cluster_filter:/home/aiv/ev_ws/perception/install/lidar_interfaces:/home/aiv/ev_ws/perception/install/lidar_clustering:/opt/ros/humble LD_LIBRARY_PATH=/home/aiv/ev_ws/perception/install/velodyne_msgs/lib:/home/aiv/ev_ws/perception/install/cluster_splitter/lib:/usr/local/cuda-12.6/lib64:/usr/local/cuda-12.6/lib64:/usr/local/cuda-12.6/lib64:/usr/local/cuda-12.6/lib64:/home/aiv/ev_ws/perception/install/dbscan_clustering/lib:/usr/local/cuda-12.6/lib64:/home/aiv/ev_ws/erp42_ros/install/erp42_serial/lib:/home/aiv/ev_ws/erp42_ros/install/erp42_rqt_plugin/lib:/home/aiv/ev_ws/erp42_ros/install/erp42_gazebo/lib:/home/aiv/ev_ws/erp42_ros/install/erp42_util/lib:/home/aiv/ev_ws/erp42_ros/install/erp42_msgs/lib:/home/aiv/ev_ws/perception/install/velodyne_pointcloud/lib:/home/aiv/ev_ws/perception/install/velodyne_driver/lib:/home/aiv/ev_ws/perception/install/velodyne_laserscan/lib:/home/aiv/ev_ws/perception/install/velodyne_cropbox/lib:/home/aiv/ev_ws/perception/install/patchworkpp/lib:/home/aiv/ev_ws/perception/install/lidar_voxel_grid/lib:/home/aiv/ev_ws/perception/install/lidar_tracking/lib:/home/aiv/ev_ws/perception/install/cluster_filter/lib:/home/aiv/ev_ws/perception/install/lidar_interfaces/lib:/home/aiv/ev_ws/perception/install/lidar_clustering/lib:/usr/lib/x86_64-linux-gnu/gazebo-11/plugins:/opt/ros/humble/opt/rviz_ogre_vendor/lib:/opt/ros/humble/lib/x86_64-linux-gnu:/opt/ros/humble/lib:/usr/local/cuda-12.6/lib64 /usr/bin/cmake --build /home/aiv/ev_ws/perception/build/velodyne_driver -- -j28 -l28
[5.232s] DEBUG:colcon.colcon_core.event_handler.log_command:Invoked command in '/home/aiv/ev_ws/perception/build/velodyne_pointcloud' returned '0': CMAKE_PREFIX_PATH=/home/aiv/ev_ws/perception/install/velodyne_msgs:/home/aiv/ev_ws/perception/install/cluster_splitter:/home/aiv/ev_ws/perception/install/dbscan_clustering:/home/aiv/ev_ws/carsa_gazebo/install/carsa_gazebo:/home/aiv/ev_ws/erp42_ros/install/erp42_serial:/home/aiv/ev_ws/erp42_ros/install/erp42_rqt_plugin:/home/aiv/ev_ws/erp42_ros/install/erp42_gazebo:/home/aiv/ev_ws/erp42_ros/install/erp42_util:/home/aiv/ev_ws/erp42_ros/install/erp42_msgs:/home/aiv/ev_ws/erp42_ros/install/erp42_description:/home/aiv/ev_ws/erp42_ros/install/erp42_cmake:/home/aiv/ev_ws/perception/install/velodyne:/home/aiv/ev_ws/perception/install/lidar_launch:/home/aiv/ev_ws/perception/install/velodyne_pointcloud:/home/aiv/ev_ws/perception/install/velodyne_driver:/home/aiv/ev_ws/perception/install/velodyne_laserscan:/home/aiv/ev_ws/perception/install/velodyne_cropbox:/home/aiv/ev_ws/perception/install/patchworkpp:/home/aiv/ev_ws/perception/install/lidar_voxel_grid:/home/aiv/ev_ws/perception/install/lidar_tracking:/home/aiv/ev_ws/perception/install/cluster_filter:/home/aiv/ev_ws/perception/install/lidar_interfaces:/home/aiv/ev_ws/perception/install/lidar_clustering:/opt/ros/humble LD_LIBRARY_PATH=/home/aiv/ev_ws/perception/install/velodyne_msgs/lib:/home/aiv/ev_ws/perception/install/cluster_splitter/lib:/usr/local/cuda-12.6/lib64:/usr/local/cuda-12.6/lib64:/usr/local/cuda-12.6/lib64:/usr/local/cuda-12.6/lib64:/home/aiv/ev_ws/perception/install/dbscan_clustering/lib:/usr/local/cuda-12.6/lib64:/home/aiv/ev_ws/erp42_ros/install/erp42_serial/lib:/home/aiv/ev_ws/erp42_ros/install/erp42_rqt_plugin/lib:/home/aiv/ev_ws/erp42_ros/install/erp42_gazebo/lib:/home/aiv/ev_ws/erp42_ros/install/erp42_util/lib:/home/aiv/ev_ws/erp42_ros/install/erp42_msgs/lib:/home/aiv/ev_ws/perception/install/velodyne_pointcloud/lib:/home/aiv/ev_ws/perception/install/velodyne_driver/lib:/home/aiv/ev_ws/perception/install/velodyne_laserscan/lib:/home/aiv/ev_ws/perception/install/velodyne_cropbox/lib:/home/aiv/ev_ws/perception/install/patchworkpp/lib:/home/aiv/ev_ws/perception/install/lidar_voxel_grid/lib:/home/aiv/ev_ws/perception/install/lidar_tracking/lib:/home/aiv/ev_ws/perception/install/cluster_filter/lib:/home/aiv/ev_ws/perception/install/lidar_interfaces/lib:/home/aiv/ev_ws/perception/install/lidar_clustering/lib:/usr/lib/x86_64-linux-gnu/gazebo-11/plugins:/opt/ros/humble/opt/rviz_ogre_vendor/lib:/opt/ros/humble/lib/x86_64-linux-gnu:/opt/ros/humble/lib:/usr/local/cuda-12.6/lib64 /usr/bin/cmake /home/aiv/ev_ws/perception/src/lidar/velodyne_pointcloud -DAMENT_CMAKE_SYMLINK_INSTALL=1 -DCMAKE_INSTALL_PREFIX=/home/aiv/ev_ws/perception/install/velodyne_pointcloud
[5.234s] DEBUG:colcon.colcon_core.event_handler.log_command:Invoking command in '/home/aiv/ev_ws/perception/build/velodyne_pointcloud': CMAKE_PREFIX_PATH=/home/aiv/ev_ws/perception/install/velodyne_msgs:/home/aiv/ev_ws/perception/install/cluster_splitter:/home/aiv/ev_ws/perception/install/dbscan_clustering:/home/aiv/ev_ws/carsa_gazebo/install/carsa_gazebo:/home/aiv/ev_ws/erp42_ros/install/erp42_serial:/home/aiv/ev_ws/erp42_ros/install/erp42_rqt_plugin:/home/aiv/ev_ws/erp42_ros/install/erp42_gazebo:/home/aiv/ev_ws/erp42_ros/install/erp42_util:/home/aiv/ev_ws/erp42_ros/install/erp42_msgs:/home/aiv/ev_ws/erp42_ros/install/erp42_description:/home/aiv/ev_ws/erp42_ros/install/erp42_cmake:/home/aiv/ev_ws/perception/install/velodyne:/home/aiv/ev_ws/perception/install/lidar_launch:/home/aiv/ev_ws/perception/install/velodyne_pointcloud:/home/aiv/ev_ws/perception/install/velodyne_driver:/home/aiv/ev_ws/perception/install/velodyne_laserscan:/home/aiv/ev_ws/perception/install/velodyne_cropbox:/home/aiv/ev_ws/perception/install/patchworkpp:/home/aiv/ev_ws/perception/install/lidar_voxel_grid:/home/aiv/ev_ws/perception/install/lidar_tracking:/home/aiv/ev_ws/perception/install/cluster_filter:/home/aiv/ev_ws/perception/install/lidar_interfaces:/home/aiv/ev_ws/perception/install/lidar_clustering:/opt/ros/humble LD_LIBRARY_PATH=/home/aiv/ev_ws/perception/install/velodyne_msgs/lib:/home/aiv/ev_ws/perception/install/cluster_splitter/lib:/usr/local/cuda-12.6/lib64:/usr/local/cuda-12.6/lib64:/usr/local/cuda-12.6/lib64:/usr/local/cuda-12.6/lib64:/home/aiv/ev_ws/perception/install/dbscan_clustering/lib:/usr/local/cuda-12.6/lib64:/home/aiv/ev_ws/erp42_ros/install/erp42_serial/lib:/home/aiv/ev_ws/erp42_ros/install/erp42_rqt_plugin/lib:/home/aiv/ev_ws/erp42_ros/install/erp42_gazebo/lib:/home/aiv/ev_ws/erp42_ros/install/erp42_util/lib:/home/aiv/ev_ws/erp42_ros/install/erp42_msgs/lib:/home/aiv/ev_ws/perception/install/velodyne_pointcloud/lib:/home/aiv/ev_ws/perception/install/velodyne_driver/lib:/home/aiv/ev_ws/perception/install/velodyne_laserscan/lib:/home/aiv/ev_ws/perception/install/velodyne_cropbox/lib:/home/aiv/ev_ws/perception/install/patchworkpp/lib:/home/aiv/ev_ws/perception/install/lidar_voxel_grid/lib:/home/aiv/ev_ws/perception/install/lidar_tracking/lib:/home/aiv/ev_ws/perception/install/cluster_filter/lib:/home/aiv/ev_ws/perception/install/lidar_interfaces/lib:/home/aiv/ev_ws/perception/install/lidar_clustering/lib:/usr/lib/x86_64-linux-gnu/gazebo-11/plugins:/opt/ros/humble/opt/rviz_ogre_vendor/lib:/opt/ros/humble/lib/x86_64-linux-gnu:/opt/ros/humble/lib:/usr/local/cuda-12.6/lib64 /usr/bin/cmake --build /home/aiv/ev_ws/perception/build/velodyne_pointcloud -- -j28 -l28
[10.210s] DEBUG:colcon.colcon_core.event_handler.log_command:Invoked command in '/home/aiv/ev_ws/perception/build/cluster_splitter' returned '0': CMAKE_PREFIX_PATH=${CMAKE_PREFIX_PATH}:/opt/ros/humble /usr/bin/cmake --build /home/aiv/ev_ws/perception/build/cluster_splitter -- -j28 -l28
[10.211s] DEBUG:colcon.colcon_core.event_handler.log_command:Invoking command in '/home/aiv/ev_ws/perception/build/cluster_splitter': CMAKE_PREFIX_PATH=${CMAKE_PREFIX_PATH}:/opt/ros/humble /usr/bin/cmake --install /home/aiv/ev_ws/perception/build/cluster_splitter
[10.378s] Level 1:colcon.colcon_core.environment:create_environment_scripts_only(cluster_splitter)
[10.379s] Level 1:colcon.colcon_core.environment:checking '/home/aiv/ev_ws/perception/install/cluster_splitter' for CMake module files
[10.379s] DEBUG:colcon.colcon_core.event_handler.log_command:Invoked command in '/home/aiv/ev_ws/perception/build/cluster_splitter' returned '0': CMAKE_PREFIX_PATH=${CMAKE_PREFIX_PATH}:/opt/ros/humble /usr/bin/cmake --install /home/aiv/ev_ws/perception/build/cluster_splitter
[10.380s] Level 1:colcon.colcon_core.environment:checking '/home/aiv/ev_ws/perception/install/cluster_splitter' for CMake config files
[10.380s] Level 1:colcon.colcon_core.shell:create_environment_hook('cluster_splitter', 'cmake_prefix_path')
[10.380s] INFO:colcon.colcon_core.shell:Creating environment hook '/home/aiv/ev_ws/perception/install/cluster_splitter/share/cluster_splitter/hook/cmake_prefix_path.ps1'
[10.381s] INFO:colcon.colcon_core.shell:Creating environment descriptor '/home/aiv/ev_ws/perception/install/cluster_splitter/share/cluster_splitter/hook/cmake_prefix_path.dsv'
[10.381s] INFO:colcon.colcon_core.shell:Creating environment hook '/home/aiv/ev_ws/perception/install/cluster_splitter/share/cluster_splitter/hook/cmake_prefix_path.sh'
[10.381s] Level 1:colcon.colcon_core.environment:checking '/home/aiv/ev_ws/perception/install/cluster_splitter/lib'
[10.381s] Level 1:colcon.colcon_core.shell:create_environment_hook('cluster_splitter', 'ld_library_path_lib')
[10.382s] INFO:colcon.colcon_core.shell:Creating environment hook '/home/aiv/ev_ws/perception/install/cluster_splitter/share/cluster_splitter/hook/ld_library_path_lib.ps1'
[10.382s] INFO:colcon.colcon_core.shell:Creating environment descriptor '/home/aiv/ev_ws/perception/install/cluster_splitter/share/cluster_splitter/hook/ld_library_path_lib.dsv'
[10.382s] INFO:colcon.colcon_core.shell:Creating environment hook '/home/aiv/ev_ws/perception/install/cluster_splitter/share/cluster_splitter/hook/ld_library_path_lib.sh'
[10.383s] Level 1:colcon.colcon_core.environment:checking '/home/aiv/ev_ws/perception/install/cluster_splitter/bin'
[10.383s] Level 1:colcon.colcon_core.environment:checking '/home/aiv/ev_ws/perception/install/cluster_splitter/lib/pkgconfig/cluster_splitter.pc'
[10.383s] Level 1:colcon.colcon_core.environment:checking '/home/aiv/ev_ws/perception/install/cluster_splitter/lib/python3.10/site-packages'
[10.383s] Level 1:colcon.colcon_core.environment:checking '/home/aiv/ev_ws/perception/install/cluster_splitter/bin'
[10.384s] INFO:colcon.colcon_core.shell:Creating package script '/home/aiv/ev_ws/perception/install/cluster_splitter/share/cluster_splitter/package.ps1'
[10.384s] INFO:colcon.colcon_core.shell:Creating package descriptor '/home/aiv/ev_ws/perception/install/cluster_splitter/share/cluster_splitter/package.dsv'
[10.384s] INFO:colcon.colcon_core.shell:Creating package script '/home/aiv/ev_ws/perception/install/cluster_splitter/share/cluster_splitter/package.sh'
[10.385s] INFO:colcon.colcon_core.shell:Creating package script '/home/aiv/ev_ws/perception/install/cluster_splitter/share/cluster_splitter/package.bash'
[10.385s] INFO:colcon.colcon_core.shell:Creating package script '/home/aiv/ev_ws/perception/install/cluster_splitter/share/cluster_splitter/package.zsh'
[10.385s] Level 1:colcon.colcon_core.environment:create_file_with_runtime_dependencies(/home/aiv/ev_ws/perception/install/cluster_splitter/share/colcon-core/packages/cluster_splitter)
[10.385s] Level 1:colcon.colcon_core.environment:create_environment_scripts_only(cluster_splitter)
[10.385s] Level 1:colcon.colcon_core.environment:checking '/home/aiv/ev_ws/perception/install/cluster_splitter' for CMake module files
[10.386s] Level 1:colcon.colcon_core.environment:checking '/home/aiv/ev_ws/perception/install/cluster_splitter' for CMake config files
[10.386s] Level 1:colcon.colcon_core.shell:create_environment_hook('cluster_splitter', 'cmake_prefix_path')
[10.386s] INFO:colcon.colcon_core.shell:Creating environment hook '/home/aiv/ev_ws/perception/install/cluster_splitter/share/cluster_splitter/hook/cmake_prefix_path.ps1'
[10.386s] INFO:colcon.colcon_core.shell:Creating environment descriptor '/home/aiv/ev_ws/perception/install/cluster_splitter/share/cluster_splitter/hook/cmake_prefix_path.dsv'
[10.387s] INFO:colcon.colcon_core.shell:Creating environment hook '/home/aiv/ev_ws/perception/install/cluster_splitter/share/cluster_splitter/hook/cmake_prefix_path.sh'
[10.387s] Level 1:colcon.colcon_core.environment:checking '/home/aiv/ev_ws/perception/install/cluster_splitter/lib'
[10.387s] Level 1:colcon.colcon_core.shell:create_environment_hook('cluster_splitter', 'ld_library_path_lib')
[10.387s] INFO:colcon.colcon_core.shell:Creating environment hook '/home/aiv/ev_ws/perception/install/cluster_splitter/share/cluster_splitter/hook/ld_library_path_lib.ps1'
[10.387s] INFO:colcon.colcon_core.shell:Creating environment descriptor '/home/aiv/ev_ws/perception/install/cluster_splitter/share/cluster_splitter/hook/ld_library_path_lib.dsv'
[10.388s] INFO:colcon.colcon_core.shell:Creating environment hook '/home/aiv/ev_ws/perception/install/cluster_splitter/share/cluster_splitter/hook/ld_library_path_lib.sh'
[10.388s] Level 1:colcon.colcon_core.environment:checking '/home/aiv/ev_ws/perception/install/cluster_splitter/bin'
[10.388s] Level 1:colcon.colcon_core.environment:checking '/home/aiv/ev_ws/perception/install/cluster_splitter/lib/pkgconfig/cluster_splitter.pc'
[10.388s] Level 1:colcon.colcon_core.environment:checking '/home/aiv/ev_ws/perception/install/cluster_splitter/lib/python3.10/site-packages'
[10.388s] Level 1:colcon.colcon_core.environment:checking '/home/aiv/ev_ws/perception/install/cluster_splitter/bin'
[10.388s] INFO:colcon.colcon_core.shell:Creating package script '/home/aiv/ev_ws/perception/install/cluster_splitter/share/cluster_splitter/package.ps1'
[10.389s] INFO:colcon.colcon_core.shell:Creating package descriptor '/home/aiv/ev_ws/perception/install/cluster_splitter/share/cluster_splitter/package.dsv'
[10.389s] INFO:colcon.colcon_core.shell:Creating package script '/home/aiv/ev_ws/perception/install/cluster_splitter/share/cluster_splitter/package.sh'
[10.389s] INFO:colcon.colcon_core.shell:Creating package script '/home/aiv/ev_ws/perception/install/cluster_splitter/share/cluster_splitter/package.bash'
[10.389s] INFO:colcon.colcon_core.shell:Creating package script '/home/aiv/ev_ws/perception/install/cluster_splitter/share/cluster_splitter/package.zsh'
[10.390s] Level 1:colcon.colcon_core.environment:create_file_with_runtime_dependencies(/home/aiv/ev_ws/perception/install/cluster_splitter/share/colcon-core/packages/cluster_splitter)
[10.975s] DEBUG:colcon.colcon_core.event_handler.log_command:Invoked command in '/home/aiv/ev_ws/perception/build/velodyne_cropbox' returned '0': CMAKE_PREFIX_PATH=${CMAKE_PREFIX_PATH}:/opt/ros/humble /usr/bin/cmake --build /home/aiv/ev_ws/perception/build/velodyne_cropbox -- -j28 -l28
[10.977s] DEBUG:colcon.colcon_core.event_handler.log_command:Invoking command in '/home/aiv/ev_ws/perception/build/velodyne_cropbox': CMAKE_PREFIX_PATH=${CMAKE_PREFIX_PATH}:/opt/ros/humble /usr/bin/cmake --install /home/aiv/ev_ws/perception/build/velodyne_cropbox
[11.154s] DEBUG:colcon.colcon_core.event_handler.log_command:Invoked command in '/home/aiv/ev_ws/perception/build/velodyne_laserscan' returned '0': CMAKE_PREFIX_PATH=${CMAKE_PREFIX_PATH}:/opt/ros/humble /usr/bin/cmake --build /home/aiv/ev_ws/perception/build/velodyne_laserscan -- -j28 -l28
[11.156s] DEBUG:colcon.colcon_core.event_handler.log_command:Invoking command in '/home/aiv/ev_ws/perception/build/velodyne_laserscan': CMAKE_PREFIX_PATH=${CMAKE_PREFIX_PATH}:/opt/ros/humble /usr/bin/cmake --install /home/aiv/ev_ws/perception/build/velodyne_laserscan
[11.201s] Level 1:colcon.colcon_core.environment:create_environment_scripts_only(velodyne_cropbox)
[11.201s] Level 1:colcon.colcon_core.environment:checking '/home/aiv/ev_ws/perception/install/velodyne_cropbox' for CMake module files
[11.201s] DEBUG:colcon.colcon_core.event_handler.log_command:Invoked command in '/home/aiv/ev_ws/perception/build/velodyne_cropbox' returned '0': CMAKE_PREFIX_PATH=${CMAKE_PREFIX_PATH}:/opt/ros/humble /usr/bin/cmake --install /home/aiv/ev_ws/perception/build/velodyne_cropbox
[11.202s] Level 1:colcon.colcon_core.environment:checking '/home/aiv/ev_ws/perception/install/velodyne_cropbox' for CMake config files
[11.202s] Level 1:colcon.colcon_core.shell:create_environment_hook('velodyne_cropbox', 'cmake_prefix_path')
[11.202s] INFO:colcon.colcon_core.shell:Creating environment hook '/home/aiv/ev_ws/perception/install/velodyne_cropbox/share/velodyne_cropbox/hook/cmake_prefix_path.ps1'
[11.203s] INFO:colcon.colcon_core.shell:Creating environment descriptor '/home/aiv/ev_ws/perception/install/velodyne_cropbox/share/velodyne_cropbox/hook/cmake_prefix_path.dsv'
[11.203s] INFO:colcon.colcon_core.shell:Creating environment hook '/home/aiv/ev_ws/perception/install/velodyne_cropbox/share/velodyne_cropbox/hook/cmake_prefix_path.sh'
[11.204s] Level 1:colcon.colcon_core.environment:checking '/home/aiv/ev_ws/perception/install/velodyne_cropbox/lib'
[11.204s] Level 1:colcon.colcon_core.shell:create_environment_hook('velodyne_cropbox', 'ld_library_path_lib')
[11.204s] INFO:colcon.colcon_core.shell:Creating environment hook '/home/aiv/ev_ws/perception/install/velodyne_cropbox/share/velodyne_cropbox/hook/ld_library_path_lib.ps1'
[11.204s] INFO:colcon.colcon_core.shell:Creating environment descriptor '/home/aiv/ev_ws/perception/install/velodyne_cropbox/share/velodyne_cropbox/hook/ld_library_path_lib.dsv'
[11.204s] INFO:colcon.colcon_core.shell:Creating environment hook '/home/aiv/ev_ws/perception/install/velodyne_cropbox/share/velodyne_cropbox/hook/ld_library_path_lib.sh'
[11.205s] Level 1:colcon.colcon_core.environment:checking '/home/aiv/ev_ws/perception/install/velodyne_cropbox/bin'
[11.205s] Level 1:colcon.colcon_core.environment:checking '/home/aiv/ev_ws/perception/install/velodyne_cropbox/lib/pkgconfig/velodyne_cropbox.pc'
[11.205s] Level 1:colcon.colcon_core.environment:checking '/home/aiv/ev_ws/perception/install/velodyne_cropbox/lib/python3.10/site-packages'
[11.205s] Level 1:colcon.colcon_core.environment:checking '/home/aiv/ev_ws/perception/install/velodyne_cropbox/bin'
[11.205s] INFO:colcon.colcon_core.shell:Creating package script '/home/aiv/ev_ws/perception/install/velodyne_cropbox/share/velodyne_cropbox/package.ps1'
[11.206s] INFO:colcon.colcon_core.shell:Creating package descriptor '/home/aiv/ev_ws/perception/install/velodyne_cropbox/share/velodyne_cropbox/package.dsv'
[11.206s] INFO:colcon.colcon_core.shell:Creating package script '/home/aiv/ev_ws/perception/install/velodyne_cropbox/share/velodyne_cropbox/package.sh'
[11.206s] INFO:colcon.colcon_core.shell:Creating package script '/home/aiv/ev_ws/perception/install/velodyne_cropbox/share/velodyne_cropbox/package.bash'
[11.206s] INFO:colcon.colcon_core.shell:Creating package script '/home/aiv/ev_ws/perception/install/velodyne_cropbox/share/velodyne_cropbox/package.zsh'
[11.206s] Level 1:colcon.colcon_core.environment:create_file_with_runtime_dependencies(/home/aiv/ev_ws/perception/install/velodyne_cropbox/share/colcon-core/packages/velodyne_cropbox)
[11.207s] Level 1:colcon.colcon_core.environment:create_environment_scripts_only(velodyne_cropbox)
[11.207s] Level 1:colcon.colcon_core.environment:checking '/home/aiv/ev_ws/perception/install/velodyne_cropbox' for CMake module files
[11.207s] Level 1:colcon.colcon_core.environment:checking '/home/aiv/ev_ws/perception/install/velodyne_cropbox' for CMake config files
[11.207s] Level 1:colcon.colcon_core.shell:create_environment_hook('velodyne_cropbox', 'cmake_prefix_path')
[11.207s] INFO:colcon.colcon_core.shell:Creating environment hook '/home/aiv/ev_ws/perception/install/velodyne_cropbox/share/velodyne_cropbox/hook/cmake_prefix_path.ps1'
[11.208s] INFO:colcon.colcon_core.shell:Creating environment descriptor '/home/aiv/ev_ws/perception/install/velodyne_cropbox/share/velodyne_cropbox/hook/cmake_prefix_path.dsv'
[11.208s] INFO:colcon.colcon_core.shell:Creating environment hook '/home/aiv/ev_ws/perception/install/velodyne_cropbox/share/velodyne_cropbox/hook/cmake_prefix_path.sh'
[11.208s] Level 1:colcon.colcon_core.environment:checking '/home/aiv/ev_ws/perception/install/velodyne_cropbox/lib'
[11.208s] Level 1:colcon.colcon_core.shell:create_environment_hook('velodyne_cropbox', 'ld_library_path_lib')
[11.208s] INFO:colcon.colcon_core.shell:Creating environment hook '/home/aiv/ev_ws/perception/install/velodyne_cropbox/share/velodyne_cropbox/hook/ld_library_path_lib.ps1'
[11.208s] INFO:colcon.colcon_core.shell:Creating environment descriptor '/home/aiv/ev_ws/perception/install/velodyne_cropbox/share/velodyne_cropbox/hook/ld_library_path_lib.dsv'
[11.209s] INFO:colcon.colcon_core.shell:Creating environment hook '/home/aiv/ev_ws/perception/install/velodyne_cropbox/share/velodyne_cropbox/hook/ld_library_path_lib.sh'
[11.209s] Level 1:colcon.colcon_core.environment:checking '/home/aiv/ev_ws/perception/install/velodyne_cropbox/bin'
[11.209s] Level 1:colcon.colcon_core.environment:checking '/home/aiv/ev_ws/perception/install/velodyne_cropbox/lib/pkgconfig/velodyne_cropbox.pc'
[11.209s] Level 1:colcon.colcon_core.environment:checking '/home/aiv/ev_ws/perception/install/velodyne_cropbox/lib/python3.10/site-packages'
[11.209s] Level 1:colcon.colcon_core.environment:checking '/home/aiv/ev_ws/perception/install/velodyne_cropbox/bin'
[11.209s] INFO:colcon.colcon_core.shell:Creating package script '/home/aiv/ev_ws/perception/install/velodyne_cropbox/share/velodyne_cropbox/package.ps1'
[11.210s] INFO:colcon.colcon_core.shell:Creating package descriptor '/home/aiv/ev_ws/perception/install/velodyne_cropbox/share/velodyne_cropbox/package.dsv'
[11.210s] INFO:colcon.colcon_core.shell:Creating package script '/home/aiv/ev_ws/perception/install/velodyne_cropbox/share/velodyne_cropbox/package.sh'
[11.210s] INFO:colcon.colcon_core.shell:Creating package script '/home/aiv/ev_ws/perception/install/velodyne_cropbox/share/velodyne_cropbox/package.bash'
[11.210s] INFO:colcon.colcon_core.shell:Creating package script '/home/aiv/ev_ws/perception/install/velodyne_cropbox/share/velodyne_cropbox/package.zsh'
[11.211s] Level 1:colcon.colcon_core.environment:create_file_with_runtime_dependencies(/home/aiv/ev_ws/perception/install/velodyne_cropbox/share/colcon-core/packages/velodyne_cropbox)
[11.361s] Level 1:colcon.colcon_core.environment:create_environment_scripts_only(velodyne_laserscan)
[11.361s] Level 1:colcon.colcon_core.environment:checking '/home/aiv/ev_ws/perception/install/velodyne_laserscan' for CMake module files
[11.362s] DEBUG:colcon.colcon_core.event_handler.log_command:Invoked command in '/home/aiv/ev_ws/perception/build/velodyne_laserscan' returned '0': CMAKE_PREFIX_PATH=${CMAKE_PREFIX_PATH}:/opt/ros/humble /usr/bin/cmake --install /home/aiv/ev_ws/perception/build/velodyne_laserscan
[11.362s] Level 1:colcon.colcon_core.environment:checking '/home/aiv/ev_ws/perception/install/velodyne_laserscan' for CMake config files
[11.362s] Level 1:colcon.colcon_core.shell:create_environment_hook('velodyne_laserscan', 'cmake_prefix_path')
[11.362s] INFO:colcon.colcon_core.shell:Creating environment hook '/home/aiv/ev_ws/perception/install/velodyne_laserscan/share/velodyne_laserscan/hook/cmake_prefix_path.ps1'
[11.363s] INFO:colcon.colcon_core.shell:Creating environment descriptor '/home/aiv/ev_ws/perception/install/velodyne_laserscan/share/velodyne_laserscan/hook/cmake_prefix_path.dsv'
[11.363s] INFO:colcon.colcon_core.shell:Creating environment hook '/home/aiv/ev_ws/perception/install/velodyne_laserscan/share/velodyne_laserscan/hook/cmake_prefix_path.sh'
[11.363s] Level 1:colcon.colcon_core.environment:checking '/home/aiv/ev_ws/perception/install/velodyne_laserscan/lib'
[11.363s] Level 1:colcon.colcon_core.shell:create_environment_hook('velodyne_laserscan', 'ld_library_path_lib')
[11.363s] INFO:colcon.colcon_core.shell:Creating environment hook '/home/aiv/ev_ws/perception/install/velodyne_laserscan/share/velodyne_laserscan/hook/ld_library_path_lib.ps1'
[11.363s] INFO:colcon.colcon_core.shell:Creating environment descriptor '/home/aiv/ev_ws/perception/install/velodyne_laserscan/share/velodyne_laserscan/hook/ld_library_path_lib.dsv'
[11.364s] INFO:colcon.colcon_core.shell:Creating environment hook '/home/aiv/ev_ws/perception/install/velodyne_laserscan/share/velodyne_laserscan/hook/ld_library_path_lib.sh'
[11.364s] Level 1:colcon.colcon_core.environment:checking '/home/aiv/ev_ws/perception/install/velodyne_laserscan/bin'
[11.364s] Level 1:colcon.colcon_core.environment:checking '/home/aiv/ev_ws/perception/install/velodyne_laserscan/lib/pkgconfig/velodyne_laserscan.pc'
[11.364s] Level 1:colcon.colcon_core.environment:checking '/home/aiv/ev_ws/perception/install/velodyne_laserscan/lib/python3.10/site-packages'
[11.364s] Level 1:colcon.colcon_core.environment:checking '/home/aiv/ev_ws/perception/install/velodyne_laserscan/bin'
[11.364s] INFO:colcon.colcon_core.shell:Creating package script '/home/aiv/ev_ws/perception/install/velodyne_laserscan/share/velodyne_laserscan/package.ps1'
[11.365s] INFO:colcon.colcon_core.shell:Creating package descriptor '/home/aiv/ev_ws/perception/install/velodyne_laserscan/share/velodyne_laserscan/package.dsv'
[11.365s] INFO:colcon.colcon_core.shell:Creating package script '/home/aiv/ev_ws/perception/install/velodyne_laserscan/share/velodyne_laserscan/package.sh'
[11.365s] INFO:colcon.colcon_core.shell:Creating package script '/home/aiv/ev_ws/perception/install/velodyne_laserscan/share/velodyne_laserscan/package.bash'
[11.365s] INFO:colcon.colcon_core.shell:Creating package script '/home/aiv/ev_ws/perception/install/velodyne_laserscan/share/velodyne_laserscan/package.zsh'
[11.366s] Level 1:colcon.colcon_core.environment:create_file_with_runtime_dependencies(/home/aiv/ev_ws/perception/install/velodyne_laserscan/share/colcon-core/packages/velodyne_laserscan)
[11.366s] Level 1:colcon.colcon_core.environment:create_environment_scripts_only(velodyne_laserscan)
[11.366s] Level 1:colcon.colcon_core.environment:checking '/home/aiv/ev_ws/perception/install/velodyne_laserscan' for CMake module files
[11.366s] Level 1:colcon.colcon_core.environment:checking '/home/aiv/ev_ws/perception/install/velodyne_laserscan' for CMake config files
[11.367s] Level 1:colcon.colcon_core.shell:create_environment_hook('velodyne_laserscan', 'cmake_prefix_path')
[11.367s] INFO:colcon.colcon_core.shell:Creating environment hook '/home/aiv/ev_ws/perception/install/velodyne_laserscan/share/velodyne_laserscan/hook/cmake_prefix_path.ps1'
[11.367s] INFO:colcon.colcon_core.shell:Creating environment descriptor '/home/aiv/ev_ws/perception/install/velodyne_laserscan/share/velodyne_laserscan/hook/cmake_prefix_path.dsv'
[11.367s] INFO:colcon.colcon_core.shell:Creating environment hook '/home/aiv/ev_ws/perception/install/velodyne_laserscan/share/velodyne_laserscan/hook/cmake_prefix_path.sh'
[11.367s] Level 1:colcon.colcon_core.environment:checking '/home/aiv/ev_ws/perception/install/velodyne_laserscan/lib'
[11.367s] Level 1:colcon.colcon_core.shell:create_environment_hook('velodyne_laserscan', 'ld_library_path_lib')
[11.368s] INFO:colcon.colcon_core.shell:Creating environment hook '/home/aiv/ev_ws/perception/install/velodyne_laserscan/share/velodyne_laserscan/hook/ld_library_path_lib.ps1'
[11.368s] INFO:colcon.colcon_core.shell:Creating environment descriptor '/home/aiv/ev_ws/perception/install/velodyne_laserscan/share/velodyne_laserscan/hook/ld_library_path_lib.dsv'
[11.368s] INFO:colcon.colcon_core.shell:Creating environment hook '/home/aiv/ev_ws/perception/install/velodyne_laserscan/share/velodyne_laserscan/hook/ld_library_path_lib.sh'
[11.368s] Level 1:colcon.colcon_core.environment:checking '/home/aiv/ev_ws/perception/install/velodyne_laserscan/bin'
[11.368s] Level 1:colcon.colcon_core.environment:checking '/home/aiv/ev_ws/perception/install/velodyne_laserscan/lib/pkgconfig/velodyne_laserscan.pc'
[11.368s] Level 1:colcon.colcon_core.environment:checking '/home/aiv/ev_ws/perception/install/velodyne_laserscan/lib/python3.10/site-packages'
[11.369s] Level 1:colcon.colcon_core.environment:checking '/home/aiv/ev_ws/perception/install/velodyne_laserscan/bin'
[11.369s] INFO:colcon.colcon_core.shell:Creating package script '/home/aiv/ev_ws/perception/install/velodyne_laserscan/share/velodyne_laserscan/package.ps1'
[11.369s] INFO:colcon.colcon_core.shell:Creating package descriptor '/home/aiv/ev_ws/perception/install/velodyne_laserscan/share/velodyne_laserscan/package.dsv'
[11.369s] INFO:colcon.colcon_core.shell:Creating package script '/home/aiv/ev_ws/perception/install/velodyne_laserscan/share/velodyne_laserscan/package.sh'
[11.370s] INFO:colcon.colcon_core.shell:Creating package script '/home/aiv/ev_ws/perception/install/velodyne_laserscan/share/velodyne_laserscan/package.bash'
[11.370s] INFO:colcon.colcon_core.shell:Creating package script '/home/aiv/ev_ws/perception/install/velodyne_laserscan/share/velodyne_laserscan/package.zsh'
[11.370s] Level 1:colcon.colcon_core.environment:create_file_with_runtime_dependencies(/home/aiv/ev_ws/perception/install/velodyne_laserscan/share/colcon-core/packages/velodyne_laserscan)
[11.794s] DEBUG:colcon.colcon_core.event_handler.log_command:Invoked command in '/home/aiv/ev_ws/perception/build/dbscan_clustering' returned '0': CMAKE_PREFIX_PATH=${CMAKE_PREFIX_PATH}:/opt/ros/humble /usr/bin/cmake --build /home/aiv/ev_ws/perception/build/dbscan_clustering -- -j28 -l28
[11.795s] DEBUG:colcon.colcon_core.event_handler.log_command:Invoking command in '/home/aiv/ev_ws/perception/build/dbscan_clustering': CMAKE_PREFIX_PATH=${CMAKE_PREFIX_PATH}:/opt/ros/humble /usr/bin/cmake --install /home/aiv/ev_ws/perception/build/dbscan_clustering
[11.966s] Level 1:colcon.colcon_core.environment:create_environment_scripts_only(dbscan_clustering)
[11.967s] Level 1:colcon.colcon_core.environment:checking '/home/aiv/ev_ws/perception/install/dbscan_clustering' for CMake module files
[11.967s] DEBUG:colcon.colcon_core.event_handler.log_command:Invoked command in '/home/aiv/ev_ws/perception/build/dbscan_clustering' returned '0': CMAKE_PREFIX_PATH=${CMAKE_PREFIX_PATH}:/opt/ros/humble /usr/bin/cmake --install /home/aiv/ev_ws/perception/build/dbscan_clustering
[11.967s] Level 1:colcon.colcon_core.environment:checking '/home/aiv/ev_ws/perception/install/dbscan_clustering' for CMake config files
[11.967s] Level 1:colcon.colcon_core.shell:create_environment_hook('dbscan_clustering', 'cmake_prefix_path')
[11.967s] INFO:colcon.colcon_core.shell:Creating environment hook '/home/aiv/ev_ws/perception/install/dbscan_clustering/share/dbscan_clustering/hook/cmake_prefix_path.ps1'
[11.968s] INFO:colcon.colcon_core.shell:Creating environment descriptor '/home/aiv/ev_ws/perception/install/dbscan_clustering/share/dbscan_clustering/hook/cmake_prefix_path.dsv'
[11.968s] INFO:colcon.colcon_core.shell:Creating environment hook '/home/aiv/ev_ws/perception/install/dbscan_clustering/share/dbscan_clustering/hook/cmake_prefix_path.sh'
[11.968s] Level 1:colcon.colcon_core.environment:checking '/home/aiv/ev_ws/perception/install/dbscan_clustering/lib'
[11.968s] Level 1:colcon.colcon_core.shell:create_environment_hook('dbscan_clustering', 'ld_library_path_lib')
[11.968s] INFO:colcon.colcon_core.shell:Creating environment hook '/home/aiv/ev_ws/perception/install/dbscan_clustering/share/dbscan_clustering/hook/ld_library_path_lib.ps1'
[11.968s] INFO:colcon.colcon_core.shell:Creating environment descriptor '/home/aiv/ev_ws/perception/install/dbscan_clustering/share/dbscan_clustering/hook/ld_library_path_lib.dsv'
[11.969s] INFO:colcon.colcon_core.shell:Creating environment hook '/home/aiv/ev_ws/perception/install/dbscan_clustering/share/dbscan_clustering/hook/ld_library_path_lib.sh'
[11.969s] Level 1:colcon.colcon_core.environment:checking '/home/aiv/ev_ws/perception/install/dbscan_clustering/bin'
[11.969s] Level 1:colcon.colcon_core.environment:checking '/home/aiv/ev_ws/perception/install/dbscan_clustering/lib/pkgconfig/dbscan_clustering.pc'
[11.969s] Level 1:colcon.colcon_core.environment:checking '/home/aiv/ev_ws/perception/install/dbscan_clustering/lib/python3.10/site-packages'
[11.969s] Level 1:colcon.colcon_core.environment:checking '/home/aiv/ev_ws/perception/install/dbscan_clustering/bin'
[11.969s] INFO:colcon.colcon_core.shell:Creating package script '/home/aiv/ev_ws/perception/install/dbscan_clustering/share/dbscan_clustering/package.ps1'
[11.970s] INFO:colcon.colcon_core.shell:Creating package descriptor '/home/aiv/ev_ws/perception/install/dbscan_clustering/share/dbscan_clustering/package.dsv'
[11.970s] INFO:colcon.colcon_core.shell:Creating package script '/home/aiv/ev_ws/perception/install/dbscan_clustering/share/dbscan_clustering/package.sh'
[11.970s] INFO:colcon.colcon_core.shell:Creating package script '/home/aiv/ev_ws/perception/install/dbscan_clustering/share/dbscan_clustering/package.bash'
[11.970s] INFO:colcon.colcon_core.shell:Creating package script '/home/aiv/ev_ws/perception/install/dbscan_clustering/share/dbscan_clustering/package.zsh'
[11.971s] Level 1:colcon.colcon_core.environment:create_file_with_runtime_dependencies(/home/aiv/ev_ws/perception/install/dbscan_clustering/share/colcon-core/packages/dbscan_clustering)
[11.971s] Level 1:colcon.colcon_core.environment:create_environment_scripts_only(dbscan_clustering)
[11.972s] Level 1:colcon.colcon_core.environment:checking '/home/aiv/ev_ws/perception/install/dbscan_clustering' for CMake module files
[11.972s] Level 1:colcon.colcon_core.environment:checking '/home/aiv/ev_ws/perception/install/dbscan_clustering' for CMake config files
[11.972s] Level 1:colcon.colcon_core.shell:create_environment_hook('dbscan_clustering', 'cmake_prefix_path')
[11.972s] INFO:colcon.colcon_core.shell:Creating environment hook '/home/aiv/ev_ws/perception/install/dbscan_clustering/share/dbscan_clustering/hook/cmake_prefix_path.ps1'
[11.973s] INFO:colcon.colcon_core.shell:Creating environment descriptor '/home/aiv/ev_ws/perception/install/dbscan_clustering/share/dbscan_clustering/hook/cmake_prefix_path.dsv'
[11.973s] INFO:colcon.colcon_core.shell:Creating environment hook '/home/aiv/ev_ws/perception/install/dbscan_clustering/share/dbscan_clustering/hook/cmake_prefix_path.sh'
[11.973s] Level 1:colcon.colcon_core.environment:checking '/home/aiv/ev_ws/perception/install/dbscan_clustering/lib'
[11.973s] Level 1:colcon.colcon_core.shell:create_environment_hook('dbscan_clustering', 'ld_library_path_lib')
[11.973s] INFO:colcon.colcon_core.shell:Creating environment hook '/home/aiv/ev_ws/perception/install/dbscan_clustering/share/dbscan_clustering/hook/ld_library_path_lib.ps1'
[11.973s] INFO:colcon.colcon_core.shell:Creating environment descriptor '/home/aiv/ev_ws/perception/install/dbscan_clustering/share/dbscan_clustering/hook/ld_library_path_lib.dsv'
[11.974s] INFO:colcon.colcon_core.shell:Creating environment hook '/home/aiv/ev_ws/perception/install/dbscan_clustering/share/dbscan_clustering/hook/ld_library_path_lib.sh'
[11.974s] Level 1:colcon.colcon_core.environment:checking '/home/aiv/ev_ws/perception/install/dbscan_clustering/bin'
[11.974s] Level 1:colcon.colcon_core.environment:checking '/home/aiv/ev_ws/perception/install/dbscan_clustering/lib/pkgconfig/dbscan_clustering.pc'
[11.974s] Level 1:colcon.colcon_core.environment:checking '/home/aiv/ev_ws/perception/install/dbscan_clustering/lib/python3.10/site-packages'
[11.974s] Level 1:colcon.colcon_core.environment:checking '/home/aiv/ev_ws/perception/install/dbscan_clustering/bin'
[11.974s] INFO:colcon.colcon_core.shell:Creating package script '/home/aiv/ev_ws/perception/install/dbscan_clustering/share/dbscan_clustering/package.ps1'
[11.975s] INFO:colcon.colcon_core.shell:Creating package descriptor '/home/aiv/ev_ws/perception/install/dbscan_clustering/share/dbscan_clustering/package.dsv'
[11.975s] INFO:colcon.colcon_core.shell:Creating package script '/home/aiv/ev_ws/perception/install/dbscan_clustering/share/dbscan_clustering/package.sh'
[11.975s] INFO:colcon.colcon_core.shell:Creating package script '/home/aiv/ev_ws/perception/install/dbscan_clustering/share/dbscan_clustering/package.bash'
[11.975s] INFO:colcon.colcon_core.shell:Creating package script '/home/aiv/ev_ws/perception/install/dbscan_clustering/share/dbscan_clustering/package.zsh'
[11.976s] Level 1:colcon.colcon_core.environment:create_file_with_runtime_dependencies(/home/aiv/ev_ws/perception/install/dbscan_clustering/share/colcon-core/packages/dbscan_clustering)
[13.121s] DEBUG:colcon.colcon_core.event_handler.log_command:Invoked command in '/home/aiv/ev_ws/perception/build/lidar_voxel_grid' returned '0': CMAKE_PREFIX_PATH=${CMAKE_PREFIX_PATH}:/opt/ros/humble /usr/bin/cmake --build /home/aiv/ev_ws/perception/build/lidar_voxel_grid -- -j28 -l28
[13.123s] DEBUG:colcon.colcon_core.event_handler.log_command:Invoking command in '/home/aiv/ev_ws/perception/build/lidar_voxel_grid': CMAKE_PREFIX_PATH=${CMAKE_PREFIX_PATH}:/opt/ros/humble /usr/bin/cmake --install /home/aiv/ev_ws/perception/build/lidar_voxel_grid
[13.257s] Level 1:colcon.colcon_core.environment:create_environment_scripts_only(lidar_voxel_grid)
[13.257s] Level 1:colcon.colcon_core.environment:checking '/home/aiv/ev_ws/perception/install/lidar_voxel_grid' for CMake module files
[13.257s] DEBUG:colcon.colcon_core.event_handler.log_command:Invoked command in '/home/aiv/ev_ws/perception/build/lidar_voxel_grid' returned '0': CMAKE_PREFIX_PATH=${CMAKE_PREFIX_PATH}:/opt/ros/humble /usr/bin/cmake --install /home/aiv/ev_ws/perception/build/lidar_voxel_grid
[13.258s] Level 1:colcon.colcon_core.environment:checking '/home/aiv/ev_ws/perception/install/lidar_voxel_grid' for CMake config files
[13.258s] Level 1:colcon.colcon_core.shell:create_environment_hook('lidar_voxel_grid', 'cmake_prefix_path')
[13.258s] INFO:colcon.colcon_core.shell:Creating environment hook '/home/aiv/ev_ws/perception/install/lidar_voxel_grid/share/lidar_voxel_grid/hook/cmake_prefix_path.ps1'
[13.258s] INFO:colcon.colcon_core.shell:Creating environment descriptor '/home/aiv/ev_ws/perception/install/lidar_voxel_grid/share/lidar_voxel_grid/hook/cmake_prefix_path.dsv'
[13.258s] INFO:colcon.colcon_core.shell:Creating environment hook '/home/aiv/ev_ws/perception/install/lidar_voxel_grid/share/lidar_voxel_grid/hook/cmake_prefix_path.sh'
[13.259s] Level 1:colcon.colcon_core.environment:checking '/home/aiv/ev_ws/perception/install/lidar_voxel_grid/lib'
[13.259s] Level 1:colcon.colcon_core.shell:create_environment_hook('lidar_voxel_grid', 'ld_library_path_lib')
[13.259s] INFO:colcon.colcon_core.shell:Creating environment hook '/home/aiv/ev_ws/perception/install/lidar_voxel_grid/share/lidar_voxel_grid/hook/ld_library_path_lib.ps1'
[13.259s] INFO:colcon.colcon_core.shell:Creating environment descriptor '/home/aiv/ev_ws/perception/install/lidar_voxel_grid/share/lidar_voxel_grid/hook/ld_library_path_lib.dsv'
[13.259s] INFO:colcon.colcon_core.shell:Creating environment hook '/home/aiv/ev_ws/perception/install/lidar_voxel_grid/share/lidar_voxel_grid/hook/ld_library_path_lib.sh'
[13.259s] Level 1:colcon.colcon_core.environment:checking '/home/aiv/ev_ws/perception/install/lidar_voxel_grid/bin'
[13.259s] Level 1:colcon.colcon_core.environment:checking '/home/aiv/ev_ws/perception/install/lidar_voxel_grid/lib/pkgconfig/lidar_voxel_grid.pc'
[13.259s] Level 1:colcon.colcon_core.environment:checking '/home/aiv/ev_ws/perception/install/lidar_voxel_grid/lib/python3.10/site-packages'
[13.259s] Level 1:colcon.colcon_core.environment:checking '/home/aiv/ev_ws/perception/install/lidar_voxel_grid/bin'
[13.260s] INFO:colcon.colcon_core.shell:Creating package script '/home/aiv/ev_ws/perception/install/lidar_voxel_grid/share/lidar_voxel_grid/package.ps1'
[13.260s] INFO:colcon.colcon_core.shell:Creating package descriptor '/home/aiv/ev_ws/perception/install/lidar_voxel_grid/share/lidar_voxel_grid/package.dsv'
[13.260s] INFO:colcon.colcon_core.shell:Creating package script '/home/aiv/ev_ws/perception/install/lidar_voxel_grid/share/lidar_voxel_grid/package.sh'
[13.260s] INFO:colcon.colcon_core.shell:Creating package script '/home/aiv/ev_ws/perception/install/lidar_voxel_grid/share/lidar_voxel_grid/package.bash'
[13.260s] INFO:colcon.colcon_core.shell:Creating package script '/home/aiv/ev_ws/perception/install/lidar_voxel_grid/share/lidar_voxel_grid/package.zsh'
[13.261s] Level 1:colcon.colcon_core.environment:create_file_with_runtime_dependencies(/home/aiv/ev_ws/perception/install/lidar_voxel_grid/share/colcon-core/packages/lidar_voxel_grid)
[13.261s] Level 1:colcon.colcon_core.environment:create_environment_scripts_only(lidar_voxel_grid)
[13.261s] Level 1:colcon.colcon_core.environment:checking '/home/aiv/ev_ws/perception/install/lidar_voxel_grid' for CMake module files
[13.261s] Level 1:colcon.colcon_core.environment:checking '/home/aiv/ev_ws/perception/install/lidar_voxel_grid' for CMake config files
[13.261s] Level 1:colcon.colcon_core.shell:create_environment_hook('lidar_voxel_grid', 'cmake_prefix_path')
[13.261s] INFO:colcon.colcon_core.shell:Creating environment hook '/home/aiv/ev_ws/perception/install/lidar_voxel_grid/share/lidar_voxel_grid/hook/cmake_prefix_path.ps1'
[13.262s] INFO:colcon.colcon_core.shell:Creating environment descriptor '/home/aiv/ev_ws/perception/install/lidar_voxel_grid/share/lidar_voxel_grid/hook/cmake_prefix_path.dsv'
[13.262s] INFO:colcon.colcon_core.shell:Creating environment hook '/home/aiv/ev_ws/perception/install/lidar_voxel_grid/share/lidar_voxel_grid/hook/cmake_prefix_path.sh'
[13.262s] Level 1:colcon.colcon_core.environment:checking '/home/aiv/ev_ws/perception/install/lidar_voxel_grid/lib'
[13.262s] Level 1:colcon.colcon_core.shell:create_environment_hook('lidar_voxel_grid', 'ld_library_path_lib')
[13.262s] INFO:colcon.colcon_core.shell:Creating environment hook '/home/aiv/ev_ws/perception/install/lidar_voxel_grid/share/lidar_voxel_grid/hook/ld_library_path_lib.ps1'
[13.262s] INFO:colcon.colcon_core.shell:Creating environment descriptor '/home/aiv/ev_ws/perception/install/lidar_voxel_grid/share/lidar_voxel_grid/hook/ld_library_path_lib.dsv'
[13.262s] INFO:colcon.colcon_core.shell:Creating environment hook '/home/aiv/ev_ws/perception/install/lidar_voxel_grid/share/lidar_voxel_grid/hook/ld_library_path_lib.sh'
[13.263s] Level 1:colcon.colcon_core.environment:checking '/home/aiv/ev_ws/perception/install/lidar_voxel_grid/bin'
[13.263s] Level 1:colcon.colcon_core.environment:checking '/home/aiv/ev_ws/perception/install/lidar_voxel_grid/lib/pkgconfig/lidar_voxel_grid.pc'
[13.263s] Level 1:colcon.colcon_core.environment:checking '/home/aiv/ev_ws/perception/install/lidar_voxel_grid/lib/python3.10/site-packages'
[13.263s] Level 1:colcon.colcon_core.environment:checking '/home/aiv/ev_ws/perception/install/lidar_voxel_grid/bin'
[13.263s] INFO:colcon.colcon_core.shell:Creating package script '/home/aiv/ev_ws/perception/install/lidar_voxel_grid/share/lidar_voxel_grid/package.ps1'
[13.263s] INFO:colcon.colcon_core.shell:Creating package descriptor '/home/aiv/ev_ws/perception/install/lidar_voxel_grid/share/lidar_voxel_grid/package.dsv'
[13.264s] INFO:colcon.colcon_core.shell:Creating package script '/home/aiv/ev_ws/perception/install/lidar_voxel_grid/share/lidar_voxel_grid/package.sh'
[13.264s] INFO:colcon.colcon_core.shell:Creating package script '/home/aiv/ev_ws/perception/install/lidar_voxel_grid/share/lidar_voxel_grid/package.bash'
[13.264s] INFO:colcon.colcon_core.shell:Creating package script '/home/aiv/ev_ws/perception/install/lidar_voxel_grid/share/lidar_voxel_grid/package.zsh'
[13.264s] Level 1:colcon.colcon_core.environment:create_file_with_runtime_dependencies(/home/aiv/ev_ws/perception/install/lidar_voxel_grid/share/colcon-core/packages/lidar_voxel_grid)
[17.349s] DEBUG:colcon.colcon_core.event_handler.log_command:Invoked command in '/home/aiv/ev_ws/perception/build/velodyne_driver' returned '0': CMAKE_PREFIX_PATH=/home/aiv/ev_ws/perception/install/velodyne_msgs:/home/aiv/ev_ws/perception/install/cluster_splitter:/home/aiv/ev_ws/perception/install/dbscan_clustering:/home/aiv/ev_ws/carsa_gazebo/install/carsa_gazebo:/home/aiv/ev_ws/erp42_ros/install/erp42_serial:/home/aiv/ev_ws/erp42_ros/install/erp42_rqt_plugin:/home/aiv/ev_ws/erp42_ros/install/erp42_gazebo:/home/aiv/ev_ws/erp42_ros/install/erp42_util:/home/aiv/ev_ws/erp42_ros/install/erp42_msgs:/home/aiv/ev_ws/erp42_ros/install/erp42_description:/home/aiv/ev_ws/erp42_ros/install/erp42_cmake:/home/aiv/ev_ws/perception/install/velodyne:/home/aiv/ev_ws/perception/install/lidar_launch:/home/aiv/ev_ws/perception/install/velodyne_pointcloud:/home/aiv/ev_ws/perception/install/velodyne_driver:/home/aiv/ev_ws/perception/install/velodyne_laserscan:/home/aiv/ev_ws/perception/install/velodyne_cropbox:/home/aiv/ev_ws/perception/install/patchworkpp:/home/aiv/ev_ws/perception/install/lidar_voxel_grid:/home/aiv/ev_ws/perception/install/lidar_tracking:/home/aiv/ev_ws/perception/install/cluster_filter:/home/aiv/ev_ws/perception/install/lidar_interfaces:/home/aiv/ev_ws/perception/install/lidar_clustering:/opt/ros/humble LD_LIBRARY_PATH=/home/aiv/ev_ws/perception/install/velodyne_msgs/lib:/home/aiv/ev_ws/perception/install/cluster_splitter/lib:/usr/local/cuda-12.6/lib64:/usr/local/cuda-12.6/lib64:/usr/local/cuda-12.6/lib64:/usr/local/cuda-12.6/lib64:/home/aiv/ev_ws/perception/install/dbscan_clustering/lib:/usr/local/cuda-12.6/lib64:/home/aiv/ev_ws/erp42_ros/install/erp42_serial/lib:/home/aiv/ev_ws/erp42_ros/install/erp42_rqt_plugin/lib:/home/aiv/ev_ws/erp42_ros/install/erp42_gazebo/lib:/home/aiv/ev_ws/erp42_ros/install/erp42_util/lib:/home/aiv/ev_ws/erp42_ros/install/erp42_msgs/lib:/home/aiv/ev_ws/perception/install/velodyne_pointcloud/lib:/home/aiv/ev_ws/perception/install/velodyne_driver/lib:/home/aiv/ev_ws/perception/install/velodyne_laserscan/lib:/home/aiv/ev_ws/perception/install/velodyne_cropbox/lib:/home/aiv/ev_ws/perception/install/patchworkpp/lib:/home/aiv/ev_ws/perception/install/lidar_voxel_grid/lib:/home/aiv/ev_ws/perception/install/lidar_tracking/lib:/home/aiv/ev_ws/perception/install/cluster_filter/lib:/home/aiv/ev_ws/perception/install/lidar_interfaces/lib:/home/aiv/ev_ws/perception/install/lidar_clustering/lib:/usr/lib/x86_64-linux-gnu/gazebo-11/plugins:/opt/ros/humble/opt/rviz_ogre_vendor/lib:/opt/ros/humble/lib/x86_64-linux-gnu:/opt/ros/humble/lib:/usr/local/cuda-12.6/lib64 /usr/bin/cmake --build /home/aiv/ev_ws/perception/build/velodyne_driver -- -j28 -l28
[17.351s] DEBUG:colcon.colcon_core.event_handler.log_command:Invoking command in '/home/aiv/ev_ws/perception/build/velodyne_driver': CMAKE_PREFIX_PATH=/home/aiv/ev_ws/perception/install/velodyne_msgs:/home/aiv/ev_ws/perception/install/cluster_splitter:/home/aiv/ev_ws/perception/install/dbscan_clustering:/home/aiv/ev_ws/carsa_gazebo/install/carsa_gazebo:/home/aiv/ev_ws/erp42_ros/install/erp42_serial:/home/aiv/ev_ws/erp42_ros/install/erp42_rqt_plugin:/home/aiv/ev_ws/erp42_ros/install/erp42_gazebo:/home/aiv/ev_ws/erp42_ros/install/erp42_util:/home/aiv/ev_ws/erp42_ros/install/erp42_msgs:/home/aiv/ev_ws/erp42_ros/install/erp42_description:/home/aiv/ev_ws/erp42_ros/install/erp42_cmake:/home/aiv/ev_ws/perception/install/velodyne:/home/aiv/ev_ws/perception/install/lidar_launch:/home/aiv/ev_ws/perception/install/velodyne_pointcloud:/home/aiv/ev_ws/perception/install/velodyne_driver:/home/aiv/ev_ws/perception/install/velodyne_laserscan:/home/aiv/ev_ws/perception/install/velodyne_cropbox:/home/aiv/ev_ws/perception/install/patchworkpp:/home/aiv/ev_ws/perception/install/lidar_voxel_grid:/home/aiv/ev_ws/perception/install/lidar_tracking:/home/aiv/ev_ws/perception/install/cluster_filter:/home/aiv/ev_ws/perception/install/lidar_interfaces:/home/aiv/ev_ws/perception/install/lidar_clustering:/opt/ros/humble LD_LIBRARY_PATH=/home/aiv/ev_ws/perception/install/velodyne_msgs/lib:/home/aiv/ev_ws/perception/install/cluster_splitter/lib:/usr/local/cuda-12.6/lib64:/usr/local/cuda-12.6/lib64:/usr/local/cuda-12.6/lib64:/usr/local/cuda-12.6/lib64:/home/aiv/ev_ws/perception/install/dbscan_clustering/lib:/usr/local/cuda-12.6/lib64:/home/aiv/ev_ws/erp42_ros/install/erp42_serial/lib:/home/aiv/ev_ws/erp42_ros/install/erp42_rqt_plugin/lib:/home/aiv/ev_ws/erp42_ros/install/erp42_gazebo/lib:/home/aiv/ev_ws/erp42_ros/install/erp42_util/lib:/home/aiv/ev_ws/erp42_ros/install/erp42_msgs/lib:/home/aiv/ev_ws/perception/install/velodyne_pointcloud/lib:/home/aiv/ev_ws/perception/install/velodyne_driver/lib:/home/aiv/ev_ws/perception/install/velodyne_laserscan/lib:/home/aiv/ev_ws/perception/install/velodyne_cropbox/lib:/home/aiv/ev_ws/perception/install/patchworkpp/lib:/home/aiv/ev_ws/perception/install/lidar_voxel_grid/lib:/home/aiv/ev_ws/perception/install/lidar_tracking/lib:/home/aiv/ev_ws/perception/install/cluster_filter/lib:/home/aiv/ev_ws/perception/install/lidar_interfaces/lib:/home/aiv/ev_ws/perception/install/lidar_clustering/lib:/usr/lib/x86_64-linux-gnu/gazebo-11/plugins:/opt/ros/humble/opt/rviz_ogre_vendor/lib:/opt/ros/humble/lib/x86_64-linux-gnu:/opt/ros/humble/lib:/usr/local/cuda-12.6/lib64 /usr/bin/cmake --install /home/aiv/ev_ws/perception/build/velodyne_driver
[17.551s] Level 1:colcon.colcon_core.environment:create_environment_scripts_only(velodyne_driver)
[17.551s] Level 1:colcon.colcon_core.environment:checking '/home/aiv/ev_ws/perception/install/velodyne_driver' for CMake module files
[17.551s] DEBUG:colcon.colcon_core.event_handler.log_command:Invoked command in '/home/aiv/ev_ws/perception/build/velodyne_driver' returned '0': CMAKE_PREFIX_PATH=/home/aiv/ev_ws/perception/install/velodyne_msgs:/home/aiv/ev_ws/perception/install/cluster_splitter:/home/aiv/ev_ws/perception/install/dbscan_clustering:/home/aiv/ev_ws/carsa_gazebo/install/carsa_gazebo:/home/aiv/ev_ws/erp42_ros/install/erp42_serial:/home/aiv/ev_ws/erp42_ros/install/erp42_rqt_plugin:/home/aiv/ev_ws/erp42_ros/install/erp42_gazebo:/home/aiv/ev_ws/erp42_ros/install/erp42_util:/home/aiv/ev_ws/erp42_ros/install/erp42_msgs:/home/aiv/ev_ws/erp42_ros/install/erp42_description:/home/aiv/ev_ws/erp42_ros/install/erp42_cmake:/home/aiv/ev_ws/perception/install/velodyne:/home/aiv/ev_ws/perception/install/lidar_launch:/home/aiv/ev_ws/perception/install/velodyne_pointcloud:/home/aiv/ev_ws/perception/install/velodyne_driver:/home/aiv/ev_ws/perception/install/velodyne_laserscan:/home/aiv/ev_ws/perception/install/velodyne_cropbox:/home/aiv/ev_ws/perception/install/patchworkpp:/home/aiv/ev_ws/perception/install/lidar_voxel_grid:/home/aiv/ev_ws/perception/install/lidar_tracking:/home/aiv/ev_ws/perception/install/cluster_filter:/home/aiv/ev_ws/perception/install/lidar_interfaces:/home/aiv/ev_ws/perception/install/lidar_clustering:/opt/ros/humble LD_LIBRARY_PATH=/home/aiv/ev_ws/perception/install/velodyne_msgs/lib:/home/aiv/ev_ws/perception/install/cluster_splitter/lib:/usr/local/cuda-12.6/lib64:/usr/local/cuda-12.6/lib64:/usr/local/cuda-12.6/lib64:/usr/local/cuda-12.6/lib64:/home/aiv/ev_ws/perception/install/dbscan_clustering/lib:/usr/local/cuda-12.6/lib64:/home/aiv/ev_ws/erp42_ros/install/erp42_serial/lib:/home/aiv/ev_ws/erp42_ros/install/erp42_rqt_plugin/lib:/home/aiv/ev_ws/erp42_ros/install/erp42_gazebo/lib:/home/aiv/ev_ws/erp42_ros/install/erp42_util/lib:/home/aiv/ev_ws/erp42_ros/install/erp42_msgs/lib:/home/aiv/ev_ws/perception/install/velodyne_pointcloud/lib:/home/aiv/ev_ws/perception/install/velodyne_driver/lib:/home/aiv/ev_ws/perception/install/velodyne_laserscan/lib:/home/aiv/ev_ws/perception/install/velodyne_cropbox/lib:/home/aiv/ev_ws/perception/install/patchworkpp/lib:/home/aiv/ev_ws/perception/install/lidar_voxel_grid/lib:/home/aiv/ev_ws/perception/install/lidar_tracking/lib:/home/aiv/ev_ws/perception/install/cluster_filter/lib:/home/aiv/ev_ws/perception/install/lidar_interfaces/lib:/home/aiv/ev_ws/perception/install/lidar_clustering/lib:/usr/lib/x86_64-linux-gnu/gazebo-11/plugins:/opt/ros/humble/opt/rviz_ogre_vendor/lib:/opt/ros/humble/lib/x86_64-linux-gnu:/opt/ros/humble/lib:/usr/local/cuda-12.6/lib64 /usr/bin/cmake --install /home/aiv/ev_ws/perception/build/velodyne_driver
[17.552s] Level 1:colcon.colcon_core.environment:checking '/home/aiv/ev_ws/perception/install/velodyne_driver' for CMake config files
[17.552s] Level 1:colcon.colcon_core.shell:create_environment_hook('velodyne_driver', 'cmake_prefix_path')
[17.552s] INFO:colcon.colcon_core.shell:Creating environment hook '/home/aiv/ev_ws/perception/install/velodyne_driver/share/velodyne_driver/hook/cmake_prefix_path.ps1'
[17.553s] INFO:colcon.colcon_core.shell:Creating environment descriptor '/home/aiv/ev_ws/perception/install/velodyne_driver/share/velodyne_driver/hook/cmake_prefix_path.dsv'
[17.553s] INFO:colcon.colcon_core.shell:Creating environment hook '/home/aiv/ev_ws/perception/install/velodyne_driver/share/velodyne_driver/hook/cmake_prefix_path.sh'
[17.553s] Level 1:colcon.colcon_core.environment:checking '/home/aiv/ev_ws/perception/install/velodyne_driver/lib'
[17.553s] Level 1:colcon.colcon_core.shell:create_environment_hook('velodyne_driver', 'ld_library_path_lib')
[17.553s] INFO:colcon.colcon_core.shell:Creating environment hook '/home/aiv/ev_ws/perception/install/velodyne_driver/share/velodyne_driver/hook/ld_library_path_lib.ps1'
[17.553s] INFO:colcon.colcon_core.shell:Creating environment descriptor '/home/aiv/ev_ws/perception/install/velodyne_driver/share/velodyne_driver/hook/ld_library_path_lib.dsv'
[17.554s] INFO:colcon.colcon_core.shell:Creating environment hook '/home/aiv/ev_ws/perception/install/velodyne_driver/share/velodyne_driver/hook/ld_library_path_lib.sh'
[17.554s] Level 1:colcon.colcon_core.environment:checking '/home/aiv/ev_ws/perception/install/velodyne_driver/bin'
[17.554s] Level 1:colcon.colcon_core.environment:checking '/home/aiv/ev_ws/perception/install/velodyne_driver/lib/pkgconfig/velodyne_driver.pc'
[17.554s] Level 1:colcon.colcon_core.environment:checking '/home/aiv/ev_ws/perception/install/velodyne_driver/lib/python3.10/site-packages'
[17.554s] Level 1:colcon.colcon_core.environment:checking '/home/aiv/ev_ws/perception/install/velodyne_driver/bin'
[17.554s] INFO:colcon.colcon_core.shell:Creating package script '/home/aiv/ev_ws/perception/install/velodyne_driver/share/velodyne_driver/package.ps1'
[17.555s] INFO:colcon.colcon_core.shell:Creating package descriptor '/home/aiv/ev_ws/perception/install/velodyne_driver/share/velodyne_driver/package.dsv'
[17.555s] INFO:colcon.colcon_core.shell:Creating package script '/home/aiv/ev_ws/perception/install/velodyne_driver/share/velodyne_driver/package.sh'
[17.555s] INFO:colcon.colcon_core.shell:Creating package script '/home/aiv/ev_ws/perception/install/velodyne_driver/share/velodyne_driver/package.bash'
[17.555s] INFO:colcon.colcon_core.shell:Creating package script '/home/aiv/ev_ws/perception/install/velodyne_driver/share/velodyne_driver/package.zsh'
[17.555s] Level 1:colcon.colcon_core.environment:create_file_with_runtime_dependencies(/home/aiv/ev_ws/perception/install/velodyne_driver/share/colcon-core/packages/velodyne_driver)
[17.555s] Level 1:colcon.colcon_core.environment:create_environment_scripts_only(velodyne_driver)
[17.556s] Level 1:colcon.colcon_core.environment:checking '/home/aiv/ev_ws/perception/install/velodyne_driver' for CMake module files
[17.556s] Level 1:colcon.colcon_core.environment:checking '/home/aiv/ev_ws/perception/install/velodyne_driver' for CMake config files
[17.556s] Level 1:colcon.colcon_core.shell:create_environment_hook('velodyne_driver', 'cmake_prefix_path')
[17.556s] INFO:colcon.colcon_core.shell:Creating environment hook '/home/aiv/ev_ws/perception/install/velodyne_driver/share/velodyne_driver/hook/cmake_prefix_path.ps1'
[17.556s] INFO:colcon.colcon_core.shell:Creating environment descriptor '/home/aiv/ev_ws/perception/install/velodyne_driver/share/velodyne_driver/hook/cmake_prefix_path.dsv'
[17.556s] INFO:colcon.colcon_core.shell:Creating environment hook '/home/aiv/ev_ws/perception/install/velodyne_driver/share/velodyne_driver/hook/cmake_prefix_path.sh'
[17.557s] Level 1:colcon.colcon_core.environment:checking '/home/aiv/ev_ws/perception/install/velodyne_driver/lib'
[17.557s] Level 1:colcon.colcon_core.shell:create_environment_hook('velodyne_driver', 'ld_library_path_lib')
[17.557s] INFO:colcon.colcon_core.shell:Creating environment hook '/home/aiv/ev_ws/perception/install/velodyne_driver/share/velodyne_driver/hook/ld_library_path_lib.ps1'
[17.557s] INFO:colcon.colcon_core.shell:Creating environment descriptor '/home/aiv/ev_ws/perception/install/velodyne_driver/share/velodyne_driver/hook/ld_library_path_lib.dsv'
[17.557s] INFO:colcon.colcon_core.shell:Creating environment hook '/home/aiv/ev_ws/perception/install/velodyne_driver/share/velodyne_driver/hook/ld_library_path_lib.sh'
[17.557s] Level 1:colcon.colcon_core.environment:checking '/home/aiv/ev_ws/perception/install/velodyne_driver/bin'
[17.557s] Level 1:colcon.colcon_core.environment:checking '/home/aiv/ev_ws/perception/install/velodyne_driver/lib/pkgconfig/velodyne_driver.pc'
[17.557s] Level 1:colcon.colcon_core.environment:checking '/home/aiv/ev_ws/perception/install/velodyne_driver/lib/python3.10/site-packages'
[17.558s] Level 1:colcon.colcon_core.environment:checking '/home/aiv/ev_ws/perception/install/velodyne_driver/bin'
[17.558s] INFO:colcon.colcon_core.shell:Creating package script '/home/aiv/ev_ws/perception/install/velodyne_driver/share/velodyne_driver/package.ps1'
[17.558s] INFO:colcon.colcon_core.shell:Creating package descriptor '/home/aiv/ev_ws/perception/install/velodyne_driver/share/velodyne_driver/package.dsv'
[17.558s] INFO:colcon.colcon_core.shell:Creating package script '/home/aiv/ev_ws/perception/install/velodyne_driver/share/velodyne_driver/package.sh'
[17.558s] INFO:colcon.colcon_core.shell:Creating package script '/home/aiv/ev_ws/perception/install/velodyne_driver/share/velodyne_driver/package.bash'
[17.559s] INFO:colcon.colcon_core.shell:Creating package script '/home/aiv/ev_ws/perception/install/velodyne_driver/share/velodyne_driver/package.zsh'
[17.559s] Level 1:colcon.colcon_core.environment:create_file_with_runtime_dependencies(/home/aiv/ev_ws/perception/install/velodyne_driver/share/colcon-core/packages/velodyne_driver)
[20.430s] DEBUG:colcon.colcon_core.event_handler.log_command:Invoked command in '/home/aiv/ev_ws/perception/build/velodyne_pointcloud' returned '0': CMAKE_PREFIX_PATH=/home/aiv/ev_ws/perception/install/velodyne_msgs:/home/aiv/ev_ws/perception/install/cluster_splitter:/home/aiv/ev_ws/perception/install/dbscan_clustering:/home/aiv/ev_ws/carsa_gazebo/install/carsa_gazebo:/home/aiv/ev_ws/erp42_ros/install/erp42_serial:/home/aiv/ev_ws/erp42_ros/install/erp42_rqt_plugin:/home/aiv/ev_ws/erp42_ros/install/erp42_gazebo:/home/aiv/ev_ws/erp42_ros/install/erp42_util:/home/aiv/ev_ws/erp42_ros/install/erp42_msgs:/home/aiv/ev_ws/erp42_ros/install/erp42_description:/home/aiv/ev_ws/erp42_ros/install/erp42_cmake:/home/aiv/ev_ws/perception/install/velodyne:/home/aiv/ev_ws/perception/install/lidar_launch:/home/aiv/ev_ws/perception/install/velodyne_pointcloud:/home/aiv/ev_ws/perception/install/velodyne_driver:/home/aiv/ev_ws/perception/install/velodyne_laserscan:/home/aiv/ev_ws/perception/install/velodyne_cropbox:/home/aiv/ev_ws/perception/install/patchworkpp:/home/aiv/ev_ws/perception/install/lidar_voxel_grid:/home/aiv/ev_ws/perception/install/lidar_tracking:/home/aiv/ev_ws/perception/install/cluster_filter:/home/aiv/ev_ws/perception/install/lidar_interfaces:/home/aiv/ev_ws/perception/install/lidar_clustering:/opt/ros/humble LD_LIBRARY_PATH=/home/aiv/ev_ws/perception/install/velodyne_msgs/lib:/home/aiv/ev_ws/perception/install/cluster_splitter/lib:/usr/local/cuda-12.6/lib64:/usr/local/cuda-12.6/lib64:/usr/local/cuda-12.6/lib64:/usr/local/cuda-12.6/lib64:/home/aiv/ev_ws/perception/install/dbscan_clustering/lib:/usr/local/cuda-12.6/lib64:/home/aiv/ev_ws/erp42_ros/install/erp42_serial/lib:/home/aiv/ev_ws/erp42_ros/install/erp42_rqt_plugin/lib:/home/aiv/ev_ws/erp42_ros/install/erp42_gazebo/lib:/home/aiv/ev_ws/erp42_ros/install/erp42_util/lib:/home/aiv/ev_ws/erp42_ros/install/erp42_msgs/lib:/home/aiv/ev_ws/perception/install/velodyne_pointcloud/lib:/home/aiv/ev_ws/perception/install/velodyne_driver/lib:/home/aiv/ev_ws/perception/install/velodyne_laserscan/lib:/home/aiv/ev_ws/perception/install/velodyne_cropbox/lib:/home/aiv/ev_ws/perception/install/patchworkpp/lib:/home/aiv/ev_ws/perception/install/lidar_voxel_grid/lib:/home/aiv/ev_ws/perception/install/lidar_tracking/lib:/home/aiv/ev_ws/perception/install/cluster_filter/lib:/home/aiv/ev_ws/perception/install/lidar_interfaces/lib:/home/aiv/ev_ws/perception/install/lidar_clustering/lib:/usr/lib/x86_64-linux-gnu/gazebo-11/plugins:/opt/ros/humble/opt/rviz_ogre_vendor/lib:/opt/ros/humble/lib/x86_64-linux-gnu:/opt/ros/humble/lib:/usr/local/cuda-12.6/lib64 /usr/bin/cmake --build /home/aiv/ev_ws/perception/build/velodyne_pointcloud -- -j28 -l28
[20.431s] DEBUG:colcon.colcon_core.event_handler.log_command:Invoking command in '/home/aiv/ev_ws/perception/build/velodyne_pointcloud': CMAKE_PREFIX_PATH=/home/aiv/ev_ws/perception/install/velodyne_msgs:/home/aiv/ev_ws/perception/install/cluster_splitter:/home/aiv/ev_ws/perception/install/dbscan_clustering:/home/aiv/ev_ws/carsa_gazebo/install/carsa_gazebo:/home/aiv/ev_ws/erp42_ros/install/erp42_serial:/home/aiv/ev_ws/erp42_ros/install/erp42_rqt_plugin:/home/aiv/ev_ws/erp42_ros/install/erp42_gazebo:/home/aiv/ev_ws/erp42_ros/install/erp42_util:/home/aiv/ev_ws/erp42_ros/install/erp42_msgs:/home/aiv/ev_ws/erp42_ros/install/erp42_description:/home/aiv/ev_ws/erp42_ros/install/erp42_cmake:/home/aiv/ev_ws/perception/install/velodyne:/home/aiv/ev_ws/perception/install/lidar_launch:/home/aiv/ev_ws/perception/install/velodyne_pointcloud:/home/aiv/ev_ws/perception/install/velodyne_driver:/home/aiv/ev_ws/perception/install/velodyne_laserscan:/home/aiv/ev_ws/perception/install/velodyne_cropbox:/home/aiv/ev_ws/perception/install/patchworkpp:/home/aiv/ev_ws/perception/install/lidar_voxel_grid:/home/aiv/ev_ws/perception/install/lidar_tracking:/home/aiv/ev_ws/perception/install/cluster_filter:/home/aiv/ev_ws/perception/install/lidar_interfaces:/home/aiv/ev_ws/perception/install/lidar_clustering:/opt/ros/humble LD_LIBRARY_PATH=/home/aiv/ev_ws/perception/install/velodyne_msgs/lib:/home/aiv/ev_ws/perception/install/cluster_splitter/lib:/usr/local/cuda-12.6/lib64:/usr/local/cuda-12.6/lib64:/usr/local/cuda-12.6/lib64:/usr/local/cuda-12.6/lib64:/home/aiv/ev_ws/perception/install/dbscan_clustering/lib:/usr/local/cuda-12.6/lib64:/home/aiv/ev_ws/erp42_ros/install/erp42_serial/lib:/home/aiv/ev_ws/erp42_ros/install/erp42_rqt_plugin/lib:/home/aiv/ev_ws/erp42_ros/install/erp42_gazebo/lib:/home/aiv/ev_ws/erp42_ros/install/erp42_util/lib:/home/aiv/ev_ws/erp42_ros/install/erp42_msgs/lib:/home/aiv/ev_ws/perception/install/velodyne_pointcloud/lib:/home/aiv/ev_ws/perception/install/velodyne_driver/lib:/home/aiv/ev_ws/perception/install/velodyne_laserscan/lib:/home/aiv/ev_ws/perception/install/velodyne_cropbox/lib:/home/aiv/ev_ws/perception/install/patchworkpp/lib:/home/aiv/ev_ws/perception/install/lidar_voxel_grid/lib:/home/aiv/ev_ws/perception/install/lidar_tracking/lib:/home/aiv/ev_ws/perception/install/cluster_filter/lib:/home/aiv/ev_ws/perception/install/lidar_interfaces/lib:/home/aiv/ev_ws/perception/install/lidar_clustering/lib:/usr/lib/x86_64-linux-gnu/gazebo-11/plugins:/opt/ros/humble/opt/rviz_ogre_vendor/lib:/opt/ros/humble/lib/x86_64-linux-gnu:/opt/ros/humble/lib:/usr/local/cuda-12.6/lib64 /usr/bin/cmake --install /home/aiv/ev_ws/perception/build/velodyne_pointcloud
[20.695s] Level 1:colcon.colcon_core.environment:create_environment_scripts_only(velodyne_pointcloud)
[20.695s] DEBUG:colcon.colcon_core.event_handler.log_command:Invoked command in '/home/aiv/ev_ws/perception/build/velodyne_pointcloud' returned '0': CMAKE_PREFIX_PATH=/home/aiv/ev_ws/perception/install/velodyne_msgs:/home/aiv/ev_ws/perception/install/cluster_splitter:/home/aiv/ev_ws/perception/install/dbscan_clustering:/home/aiv/ev_ws/carsa_gazebo/install/carsa_gazebo:/home/aiv/ev_ws/erp42_ros/install/erp42_serial:/home/aiv/ev_ws/erp42_ros/install/erp42_rqt_plugin:/home/aiv/ev_ws/erp42_ros/install/erp42_gazebo:/home/aiv/ev_ws/erp42_ros/install/erp42_util:/home/aiv/ev_ws/erp42_ros/install/erp42_msgs:/home/aiv/ev_ws/erp42_ros/install/erp42_description:/home/aiv/ev_ws/erp42_ros/install/erp42_cmake:/home/aiv/ev_ws/perception/install/velodyne:/home/aiv/ev_ws/perception/install/lidar_launch:/home/aiv/ev_ws/perception/install/velodyne_pointcloud:/home/aiv/ev_ws/perception/install/velodyne_driver:/home/aiv/ev_ws/perception/install/velodyne_laserscan:/home/aiv/ev_ws/perception/install/velodyne_cropbox:/home/aiv/ev_ws/perception/install/patchworkpp:/home/aiv/ev_ws/perception/install/lidar_voxel_grid:/home/aiv/ev_ws/perception/install/lidar_tracking:/home/aiv/ev_ws/perception/install/cluster_filter:/home/aiv/ev_ws/perception/install/lidar_interfaces:/home/aiv/ev_ws/perception/install/lidar_clustering:/opt/ros/humble LD_LIBRARY_PATH=/home/aiv/ev_ws/perception/install/velodyne_msgs/lib:/home/aiv/ev_ws/perception/install/cluster_splitter/lib:/usr/local/cuda-12.6/lib64:/usr/local/cuda-12.6/lib64:/usr/local/cuda-12.6/lib64:/usr/local/cuda-12.6/lib64:/home/aiv/ev_ws/perception/install/dbscan_clustering/lib:/usr/local/cuda-12.6/lib64:/home/aiv/ev_ws/erp42_ros/install/erp42_serial/lib:/home/aiv/ev_ws/erp42_ros/install/erp42_rqt_plugin/lib:/home/aiv/ev_ws/erp42_ros/install/erp42_gazebo/lib:/home/aiv/ev_ws/erp42_ros/install/erp42_util/lib:/home/aiv/ev_ws/erp42_ros/install/erp42_msgs/lib:/home/aiv/ev_ws/perception/install/velodyne_pointcloud/lib:/home/aiv/ev_ws/perception/install/velodyne_driver/lib:/home/aiv/ev_ws/perception/install/velodyne_laserscan/lib:/home/aiv/ev_ws/perception/install/velodyne_cropbox/lib:/home/aiv/ev_ws/perception/install/patchworkpp/lib:/home/aiv/ev_ws/perception/install/lidar_voxel_grid/lib:/home/aiv/ev_ws/perception/install/lidar_tracking/lib:/home/aiv/ev_ws/perception/install/cluster_filter/lib:/home/aiv/ev_ws/perception/install/lidar_interfaces/lib:/home/aiv/ev_ws/perception/install/lidar_clustering/lib:/usr/lib/x86_64-linux-gnu/gazebo-11/plugins:/opt/ros/humble/opt/rviz_ogre_vendor/lib:/opt/ros/humble/lib/x86_64-linux-gnu:/opt/ros/humble/lib:/usr/local/cuda-12.6/lib64 /usr/bin/cmake --install /home/aiv/ev_ws/perception/build/velodyne_pointcloud
[20.695s] Level 1:colcon.colcon_core.environment:checking '/home/aiv/ev_ws/perception/install/velodyne_pointcloud' for CMake module files
[20.696s] Level 1:colcon.colcon_core.environment:checking '/home/aiv/ev_ws/perception/install/velodyne_pointcloud' for CMake config files
[20.696s] Level 1:colcon.colcon_core.shell:create_environment_hook('velodyne_pointcloud', 'cmake_prefix_path')
[20.696s] INFO:colcon.colcon_core.shell:Creating environment hook '/home/aiv/ev_ws/perception/install/velodyne_pointcloud/share/velodyne_pointcloud/hook/cmake_prefix_path.ps1'
[20.697s] INFO:colcon.colcon_core.shell:Creating environment descriptor '/home/aiv/ev_ws/perception/install/velodyne_pointcloud/share/velodyne_pointcloud/hook/cmake_prefix_path.dsv'
[20.697s] INFO:colcon.colcon_core.shell:Creating environment hook '/home/aiv/ev_ws/perception/install/velodyne_pointcloud/share/velodyne_pointcloud/hook/cmake_prefix_path.sh'
[20.697s] Level 1:colcon.colcon_core.environment:checking '/home/aiv/ev_ws/perception/install/velodyne_pointcloud/lib'
[20.698s] Level 1:colcon.colcon_core.shell:create_environment_hook('velodyne_pointcloud', 'ld_library_path_lib')
[20.698s] INFO:colcon.colcon_core.shell:Creating environment hook '/home/aiv/ev_ws/perception/install/velodyne_pointcloud/share/velodyne_pointcloud/hook/ld_library_path_lib.ps1'
[20.698s] INFO:colcon.colcon_core.shell:Creating environment descriptor '/home/aiv/ev_ws/perception/install/velodyne_pointcloud/share/velodyne_pointcloud/hook/ld_library_path_lib.dsv'
[20.698s] INFO:colcon.colcon_core.shell:Creating environment hook '/home/aiv/ev_ws/perception/install/velodyne_pointcloud/share/velodyne_pointcloud/hook/ld_library_path_lib.sh'
[20.698s] Level 1:colcon.colcon_core.environment:checking '/home/aiv/ev_ws/perception/install/velodyne_pointcloud/bin'
[20.698s] Level 1:colcon.colcon_core.environment:checking '/home/aiv/ev_ws/perception/install/velodyne_pointcloud/lib/pkgconfig/velodyne_pointcloud.pc'
[20.699s] Level 1:colcon.colcon_core.environment:checking '/home/aiv/ev_ws/perception/install/velodyne_pointcloud/lib/python3.10/site-packages'
[20.699s] Level 1:colcon.colcon_core.environment:checking '/home/aiv/ev_ws/perception/install/velodyne_pointcloud/bin'
[20.699s] INFO:colcon.colcon_core.shell:Creating package script '/home/aiv/ev_ws/perception/install/velodyne_pointcloud/share/velodyne_pointcloud/package.ps1'
[20.700s] INFO:colcon.colcon_core.shell:Creating package descriptor '/home/aiv/ev_ws/perception/install/velodyne_pointcloud/share/velodyne_pointcloud/package.dsv'
[20.700s] INFO:colcon.colcon_core.shell:Creating package script '/home/aiv/ev_ws/perception/install/velodyne_pointcloud/share/velodyne_pointcloud/package.sh'
[20.700s] INFO:colcon.colcon_core.shell:Creating package script '/home/aiv/ev_ws/perception/install/velodyne_pointcloud/share/velodyne_pointcloud/package.bash'
[20.700s] INFO:colcon.colcon_core.shell:Creating package script '/home/aiv/ev_ws/perception/install/velodyne_pointcloud/share/velodyne_pointcloud/package.zsh'
[20.700s] Level 1:colcon.colcon_core.environment:create_file_with_runtime_dependencies(/home/aiv/ev_ws/perception/install/velodyne_pointcloud/share/colcon-core/packages/velodyne_pointcloud)
[20.700s] Level 1:colcon.colcon_core.environment:create_environment_scripts_only(velodyne_pointcloud)
[20.701s] Level 1:colcon.colcon_core.environment:checking '/home/aiv/ev_ws/perception/install/velodyne_pointcloud' for CMake module files
[20.701s] Level 1:colcon.colcon_core.environment:checking '/home/aiv/ev_ws/perception/install/velodyne_pointcloud' for CMake config files
[20.701s] Level 1:colcon.colcon_core.shell:create_environment_hook('velodyne_pointcloud', 'cmake_prefix_path')
[20.701s] INFO:colcon.colcon_core.shell:Creating environment hook '/home/aiv/ev_ws/perception/install/velodyne_pointcloud/share/velodyne_pointcloud/hook/cmake_prefix_path.ps1'
[20.701s] INFO:colcon.colcon_core.shell:Creating environment descriptor '/home/aiv/ev_ws/perception/install/velodyne_pointcloud/share/velodyne_pointcloud/hook/cmake_prefix_path.dsv'
[20.701s] INFO:colcon.colcon_core.shell:Creating environment hook '/home/aiv/ev_ws/perception/install/velodyne_pointcloud/share/velodyne_pointcloud/hook/cmake_prefix_path.sh'
[20.702s] Level 1:colcon.colcon_core.environment:checking '/home/aiv/ev_ws/perception/install/velodyne_pointcloud/lib'
[20.702s] Level 1:colcon.colcon_core.shell:create_environment_hook('velodyne_pointcloud', 'ld_library_path_lib')
[20.702s] INFO:colcon.colcon_core.shell:Creating environment hook '/home/aiv/ev_ws/perception/install/velodyne_pointcloud/share/velodyne_pointcloud/hook/ld_library_path_lib.ps1'
[20.702s] INFO:colcon.colcon_core.shell:Creating environment descriptor '/home/aiv/ev_ws/perception/install/velodyne_pointcloud/share/velodyne_pointcloud/hook/ld_library_path_lib.dsv'
[20.702s] INFO:colcon.colcon_core.shell:Creating environment hook '/home/aiv/ev_ws/perception/install/velodyne_pointcloud/share/velodyne_pointcloud/hook/ld_library_path_lib.sh'
[20.702s] Level 1:colcon.colcon_core.environment:checking '/home/aiv/ev_ws/perception/install/velodyne_pointcloud/bin'
[20.702s] Level 1:colcon.colcon_core.environment:checking '/home/aiv/ev_ws/perception/install/velodyne_pointcloud/lib/pkgconfig/velodyne_pointcloud.pc'
[20.702s] Level 1:colcon.colcon_core.environment:checking '/home/aiv/ev_ws/perception/install/velodyne_pointcloud/lib/python3.10/site-packages'
[20.703s] Level 1:colcon.colcon_core.environment:checking '/home/aiv/ev_ws/perception/install/velodyne_pointcloud/bin'
[20.703s] INFO:colcon.colcon_core.shell:Creating package script '/home/aiv/ev_ws/perception/install/velodyne_pointcloud/share/velodyne_pointcloud/package.ps1'
[20.703s] INFO:colcon.colcon_core.shell:Creating package descriptor '/home/aiv/ev_ws/perception/install/velodyne_pointcloud/share/velodyne_pointcloud/package.dsv'
[20.703s] INFO:colcon.colcon_core.shell:Creating package script '/home/aiv/ev_ws/perception/install/velodyne_pointcloud/share/velodyne_pointcloud/package.sh'
[20.703s] INFO:colcon.colcon_core.shell:Creating package script '/home/aiv/ev_ws/perception/install/velodyne_pointcloud/share/velodyne_pointcloud/package.bash'
[20.704s] INFO:colcon.colcon_core.shell:Creating package script '/home/aiv/ev_ws/perception/install/velodyne_pointcloud/share/velodyne_pointcloud/package.zsh'
[20.704s] Level 1:colcon.colcon_core.environment:create_file_with_runtime_dependencies(/home/aiv/ev_ws/perception/install/velodyne_pointcloud/share/colcon-core/packages/velodyne_pointcloud)
[20.704s] INFO:colcon.colcon_ros.task.ament_cmake.build:Building ROS package in '/home/aiv/ev_ws/perception/src/lidar/velodyne' with build type 'ament_cmake'
[20.704s] INFO:colcon.colcon_cmake.task.cmake.build:Building CMake package in '/home/aiv/ev_ws/perception/src/lidar/velodyne'
[20.704s] INFO:colcon.colcon_core.shell:Skip shell extension 'powershell' for command environment: Not usable outside of PowerShell
[20.704s] DEBUG:colcon.colcon_core.shell:Skip shell extension 'dsv' for command environment
[20.715s] DEBUG:colcon.colcon_core.event_handler.log_command:Invoking command in '/home/aiv/ev_ws/perception/build/velodyne': CMAKE_PREFIX_PATH=/home/aiv/ev_ws/perception/install/velodyne_pointcloud:/home/aiv/ev_ws/perception/install/velodyne_driver:/home/aiv/ev_ws/perception/install/velodyne_msgs:/home/aiv/ev_ws/perception/install/velodyne_laserscan:/home/aiv/ev_ws/perception/install/cluster_splitter:/home/aiv/ev_ws/perception/install/dbscan_clustering:/home/aiv/ev_ws/carsa_gazebo/install/carsa_gazebo:/home/aiv/ev_ws/erp42_ros/install/erp42_serial:/home/aiv/ev_ws/erp42_ros/install/erp42_rqt_plugin:/home/aiv/ev_ws/erp42_ros/install/erp42_gazebo:/home/aiv/ev_ws/erp42_ros/install/erp42_util:/home/aiv/ev_ws/erp42_ros/install/erp42_msgs:/home/aiv/ev_ws/erp42_ros/install/erp42_description:/home/aiv/ev_ws/erp42_ros/install/erp42_cmake:/home/aiv/ev_ws/perception/install/velodyne:/home/aiv/ev_ws/perception/install/lidar_launch:/home/aiv/ev_ws/perception/install/velodyne_cropbox:/home/aiv/ev_ws/perception/install/patchworkpp:/home/aiv/ev_ws/perception/install/lidar_voxel_grid:/home/aiv/ev_ws/perception/install/lidar_tracking:/home/aiv/ev_ws/perception/install/cluster_filter:/home/aiv/ev_ws/perception/install/lidar_interfaces:/home/aiv/ev_ws/perception/install/lidar_clustering:/opt/ros/humble LD_LIBRARY_PATH=/home/aiv/ev_ws/perception/install/velodyne_pointcloud/lib:/home/aiv/ev_ws/perception/install/velodyne_driver/lib:/home/aiv/ev_ws/perception/install/velodyne_msgs/lib:/home/aiv/ev_ws/perception/install/velodyne_laserscan/lib:/home/aiv/ev_ws/perception/install/cluster_splitter/lib:/usr/local/cuda-12.6/lib64:/usr/local/cuda-12.6/lib64:/usr/local/cuda-12.6/lib64:/usr/local/cuda-12.6/lib64:/home/aiv/ev_ws/perception/install/dbscan_clustering/lib:/usr/local/cuda-12.6/lib64:/home/aiv/ev_ws/erp42_ros/install/erp42_serial/lib:/home/aiv/ev_ws/erp42_ros/install/erp42_rqt_plugin/lib:/home/aiv/ev_ws/erp42_ros/install/erp42_gazebo/lib:/home/aiv/ev_ws/erp42_ros/install/erp42_util/lib:/home/aiv/ev_ws/erp42_ros/install/erp42_msgs/lib:/home/aiv/ev_ws/perception/install/velodyne_cropbox/lib:/home/aiv/ev_ws/perception/install/patchworkpp/lib:/home/aiv/ev_ws/perception/install/lidar_voxel_grid/lib:/home/aiv/ev_ws/perception/install/lidar_tracking/lib:/home/aiv/ev_ws/perception/install/cluster_filter/lib:/home/aiv/ev_ws/perception/install/lidar_interfaces/lib:/home/aiv/ev_ws/perception/install/lidar_clustering/lib:/usr/lib/x86_64-linux-gnu/gazebo-11/plugins:/opt/ros/humble/opt/rviz_ogre_vendor/lib:/opt/ros/humble/lib/x86_64-linux-gnu:/opt/ros/humble/lib:/usr/local/cuda-12.6/lib64 /usr/bin/cmake /home/aiv/ev_ws/perception/src/lidar/velodyne -DAMENT_CMAKE_SYMLINK_INSTALL=1 -DCMAKE_INSTALL_PREFIX=/home/aiv/ev_ws/perception/install/velodyne
[21.106s] DEBUG:colcon.colcon_core.event_handler.log_command:Invoked command in '/home/aiv/ev_ws/perception/build/velodyne' returned '0': CMAKE_PREFIX_PATH=/home/aiv/ev_ws/perception/install/velodyne_pointcloud:/home/aiv/ev_ws/perception/install/velodyne_driver:/home/aiv/ev_ws/perception/install/velodyne_msgs:/home/aiv/ev_ws/perception/install/velodyne_laserscan:/home/aiv/ev_ws/perception/install/cluster_splitter:/home/aiv/ev_ws/perception/install/dbscan_clustering:/home/aiv/ev_ws/carsa_gazebo/install/carsa_gazebo:/home/aiv/ev_ws/erp42_ros/install/erp42_serial:/home/aiv/ev_ws/erp42_ros/install/erp42_rqt_plugin:/home/aiv/ev_ws/erp42_ros/install/erp42_gazebo:/home/aiv/ev_ws/erp42_ros/install/erp42_util:/home/aiv/ev_ws/erp42_ros/install/erp42_msgs:/home/aiv/ev_ws/erp42_ros/install/erp42_description:/home/aiv/ev_ws/erp42_ros/install/erp42_cmake:/home/aiv/ev_ws/perception/install/velodyne:/home/aiv/ev_ws/perception/install/lidar_launch:/home/aiv/ev_ws/perception/install/velodyne_cropbox:/home/aiv/ev_ws/perception/install/patchworkpp:/home/aiv/ev_ws/perception/install/lidar_voxel_grid:/home/aiv/ev_ws/perception/install/lidar_tracking:/home/aiv/ev_ws/perception/install/cluster_filter:/home/aiv/ev_ws/perception/install/lidar_interfaces:/home/aiv/ev_ws/perception/install/lidar_clustering:/opt/ros/humble LD_LIBRARY_PATH=/home/aiv/ev_ws/perception/install/velodyne_pointcloud/lib:/home/aiv/ev_ws/perception/install/velodyne_driver/lib:/home/aiv/ev_ws/perception/install/velodyne_msgs/lib:/home/aiv/ev_ws/perception/install/velodyne_laserscan/lib:/home/aiv/ev_ws/perception/install/cluster_splitter/lib:/usr/local/cuda-12.6/lib64:/usr/local/cuda-12.6/lib64:/usr/local/cuda-12.6/lib64:/usr/local/cuda-12.6/lib64:/home/aiv/ev_ws/perception/install/dbscan_clustering/lib:/usr/local/cuda-12.6/lib64:/home/aiv/ev_ws/erp42_ros/install/erp42_serial/lib:/home/aiv/ev_ws/erp42_ros/install/erp42_rqt_plugin/lib:/home/aiv/ev_ws/erp42_ros/install/erp42_gazebo/lib:/home/aiv/ev_ws/erp42_ros/install/erp42_util/lib:/home/aiv/ev_ws/erp42_ros/install/erp42_msgs/lib:/home/aiv/ev_ws/perception/install/velodyne_cropbox/lib:/home/aiv/ev_ws/perception/install/patchworkpp/lib:/home/aiv/ev_ws/perception/install/lidar_voxel_grid/lib:/home/aiv/ev_ws/perception/install/lidar_tracking/lib:/home/aiv/ev_ws/perception/install/cluster_filter/lib:/home/aiv/ev_ws/perception/install/lidar_interfaces/lib:/home/aiv/ev_ws/perception/install/lidar_clustering/lib:/usr/lib/x86_64-linux-gnu/gazebo-11/plugins:/opt/ros/humble/opt/rviz_ogre_vendor/lib:/opt/ros/humble/lib/x86_64-linux-gnu:/opt/ros/humble/lib:/usr/local/cuda-12.6/lib64 /usr/bin/cmake /home/aiv/ev_ws/perception/src/lidar/velodyne -DAMENT_CMAKE_SYMLINK_INSTALL=1 -DCMAKE_INSTALL_PREFIX=/home/aiv/ev_ws/perception/install/velodyne
[21.107s] DEBUG:colcon.colcon_core.event_handler.log_command:Invoking command in '/home/aiv/ev_ws/perception/build/velodyne': CMAKE_PREFIX_PATH=/home/aiv/ev_ws/perception/install/velodyne_pointcloud:/home/aiv/ev_ws/perception/install/velodyne_driver:/home/aiv/ev_ws/perception/install/velodyne_msgs:/home/aiv/ev_ws/perception/install/velodyne_laserscan:/home/aiv/ev_ws/perception/install/cluster_splitter:/home/aiv/ev_ws/perception/install/dbscan_clustering:/home/aiv/ev_ws/carsa_gazebo/install/carsa_gazebo:/home/aiv/ev_ws/erp42_ros/install/erp42_serial:/home/aiv/ev_ws/erp42_ros/install/erp42_rqt_plugin:/home/aiv/ev_ws/erp42_ros/install/erp42_gazebo:/home/aiv/ev_ws/erp42_ros/install/erp42_util:/home/aiv/ev_ws/erp42_ros/install/erp42_msgs:/home/aiv/ev_ws/erp42_ros/install/erp42_description:/home/aiv/ev_ws/erp42_ros/install/erp42_cmake:/home/aiv/ev_ws/perception/install/velodyne:/home/aiv/ev_ws/perception/install/lidar_launch:/home/aiv/ev_ws/perception/install/velodyne_cropbox:/home/aiv/ev_ws/perception/install/patchworkpp:/home/aiv/ev_ws/perception/install/lidar_voxel_grid:/home/aiv/ev_ws/perception/install/lidar_tracking:/home/aiv/ev_ws/perception/install/cluster_filter:/home/aiv/ev_ws/perception/install/lidar_interfaces:/home/aiv/ev_ws/perception/install/lidar_clustering:/opt/ros/humble LD_LIBRARY_PATH=/home/aiv/ev_ws/perception/install/velodyne_pointcloud/lib:/home/aiv/ev_ws/perception/install/velodyne_driver/lib:/home/aiv/ev_ws/perception/install/velodyne_msgs/lib:/home/aiv/ev_ws/perception/install/velodyne_laserscan/lib:/home/aiv/ev_ws/perception/install/cluster_splitter/lib:/usr/local/cuda-12.6/lib64:/usr/local/cuda-12.6/lib64:/usr/local/cuda-12.6/lib64:/usr/local/cuda-12.6/lib64:/home/aiv/ev_ws/perception/install/dbscan_clustering/lib:/usr/local/cuda-12.6/lib64:/home/aiv/ev_ws/erp42_ros/install/erp42_serial/lib:/home/aiv/ev_ws/erp42_ros/install/erp42_rqt_plugin/lib:/home/aiv/ev_ws/erp42_ros/install/erp42_gazebo/lib:/home/aiv/ev_ws/erp42_ros/install/erp42_util/lib:/home/aiv/ev_ws/erp42_ros/install/erp42_msgs/lib:/home/aiv/ev_ws/perception/install/velodyne_cropbox/lib:/home/aiv/ev_ws/perception/install/patchworkpp/lib:/home/aiv/ev_ws/perception/install/lidar_voxel_grid/lib:/home/aiv/ev_ws/perception/install/lidar_tracking/lib:/home/aiv/ev_ws/perception/install/cluster_filter/lib:/home/aiv/ev_ws/perception/install/lidar_interfaces/lib:/home/aiv/ev_ws/perception/install/lidar_clustering/lib:/usr/lib/x86_64-linux-gnu/gazebo-11/plugins:/opt/ros/humble/opt/rviz_ogre_vendor/lib:/opt/ros/humble/lib/x86_64-linux-gnu:/opt/ros/humble/lib:/usr/local/cuda-12.6/lib64 /usr/bin/cmake --build /home/aiv/ev_ws/perception/build/velodyne -- -j28 -l28
[21.130s] DEBUG:colcon.colcon_core.event_handler.log_command:Invoked command in '/home/aiv/ev_ws/perception/build/velodyne' returned '0': CMAKE_PREFIX_PATH=/home/aiv/ev_ws/perception/install/velodyne_pointcloud:/home/aiv/ev_ws/perception/install/velodyne_driver:/home/aiv/ev_ws/perception/install/velodyne_msgs:/home/aiv/ev_ws/perception/install/velodyne_laserscan:/home/aiv/ev_ws/perception/install/cluster_splitter:/home/aiv/ev_ws/perception/install/dbscan_clustering:/home/aiv/ev_ws/carsa_gazebo/install/carsa_gazebo:/home/aiv/ev_ws/erp42_ros/install/erp42_serial:/home/aiv/ev_ws/erp42_ros/install/erp42_rqt_plugin:/home/aiv/ev_ws/erp42_ros/install/erp42_gazebo:/home/aiv/ev_ws/erp42_ros/install/erp42_util:/home/aiv/ev_ws/erp42_ros/install/erp42_msgs:/home/aiv/ev_ws/erp42_ros/install/erp42_description:/home/aiv/ev_ws/erp42_ros/install/erp42_cmake:/home/aiv/ev_ws/perception/install/velodyne:/home/aiv/ev_ws/perception/install/lidar_launch:/home/aiv/ev_ws/perception/install/velodyne_cropbox:/home/aiv/ev_ws/perception/install/patchworkpp:/home/aiv/ev_ws/perception/install/lidar_voxel_grid:/home/aiv/ev_ws/perception/install/lidar_tracking:/home/aiv/ev_ws/perception/install/cluster_filter:/home/aiv/ev_ws/perception/install/lidar_interfaces:/home/aiv/ev_ws/perception/install/lidar_clustering:/opt/ros/humble LD_LIBRARY_PATH=/home/aiv/ev_ws/perception/install/velodyne_pointcloud/lib:/home/aiv/ev_ws/perception/install/velodyne_driver/lib:/home/aiv/ev_ws/perception/install/velodyne_msgs/lib:/home/aiv/ev_ws/perception/install/velodyne_laserscan/lib:/home/aiv/ev_ws/perception/install/cluster_splitter/lib:/usr/local/cuda-12.6/lib64:/usr/local/cuda-12.6/lib64:/usr/local/cuda-12.6/lib64:/usr/local/cuda-12.6/lib64:/home/aiv/ev_ws/perception/install/dbscan_clustering/lib:/usr/local/cuda-12.6/lib64:/home/aiv/ev_ws/erp42_ros/install/erp42_serial/lib:/home/aiv/ev_ws/erp42_ros/install/erp42_rqt_plugin/lib:/home/aiv/ev_ws/erp42_ros/install/erp42_gazebo/lib:/home/aiv/ev_ws/erp42_ros/install/erp42_util/lib:/home/aiv/ev_ws/erp42_ros/install/erp42_msgs/lib:/home/aiv/ev_ws/perception/install/velodyne_cropbox/lib:/home/aiv/ev_ws/perception/install/patchworkpp/lib:/home/aiv/ev_ws/perception/install/lidar_voxel_grid/lib:/home/aiv/ev_ws/perception/install/lidar_tracking/lib:/home/aiv/ev_ws/perception/install/cluster_filter/lib:/home/aiv/ev_ws/perception/install/lidar_interfaces/lib:/home/aiv/ev_ws/perception/install/lidar_clustering/lib:/usr/lib/x86_64-linux-gnu/gazebo-11/plugins:/opt/ros/humble/opt/rviz_ogre_vendor/lib:/opt/ros/humble/lib/x86_64-linux-gnu:/opt/ros/humble/lib:/usr/local/cuda-12.6/lib64 /usr/bin/cmake --build /home/aiv/ev_ws/perception/build/velodyne -- -j28 -l28
[21.131s] DEBUG:colcon.colcon_core.event_handler.log_command:Invoking command in '/home/aiv/ev_ws/perception/build/velodyne': CMAKE_PREFIX_PATH=/home/aiv/ev_ws/perception/install/velodyne_pointcloud:/home/aiv/ev_ws/perception/install/velodyne_driver:/home/aiv/ev_ws/perception/install/velodyne_msgs:/home/aiv/ev_ws/perception/install/velodyne_laserscan:/home/aiv/ev_ws/perception/install/cluster_splitter:/home/aiv/ev_ws/perception/install/dbscan_clustering:/home/aiv/ev_ws/carsa_gazebo/install/carsa_gazebo:/home/aiv/ev_ws/erp42_ros/install/erp42_serial:/home/aiv/ev_ws/erp42_ros/install/erp42_rqt_plugin:/home/aiv/ev_ws/erp42_ros/install/erp42_gazebo:/home/aiv/ev_ws/erp42_ros/install/erp42_util:/home/aiv/ev_ws/erp42_ros/install/erp42_msgs:/home/aiv/ev_ws/erp42_ros/install/erp42_description:/home/aiv/ev_ws/erp42_ros/install/erp42_cmake:/home/aiv/ev_ws/perception/install/velodyne:/home/aiv/ev_ws/perception/install/lidar_launch:/home/aiv/ev_ws/perception/install/velodyne_cropbox:/home/aiv/ev_ws/perception/install/patchworkpp:/home/aiv/ev_ws/perception/install/lidar_voxel_grid:/home/aiv/ev_ws/perception/install/lidar_tracking:/home/aiv/ev_ws/perception/install/cluster_filter:/home/aiv/ev_ws/perception/install/lidar_interfaces:/home/aiv/ev_ws/perception/install/lidar_clustering:/opt/ros/humble LD_LIBRARY_PATH=/home/aiv/ev_ws/perception/install/velodyne_pointcloud/lib:/home/aiv/ev_ws/perception/install/velodyne_driver/lib:/home/aiv/ev_ws/perception/install/velodyne_msgs/lib:/home/aiv/ev_ws/perception/install/velodyne_laserscan/lib:/home/aiv/ev_ws/perception/install/cluster_splitter/lib:/usr/local/cuda-12.6/lib64:/usr/local/cuda-12.6/lib64:/usr/local/cuda-12.6/lib64:/usr/local/cuda-12.6/lib64:/home/aiv/ev_ws/perception/install/dbscan_clustering/lib:/usr/local/cuda-12.6/lib64:/home/aiv/ev_ws/erp42_ros/install/erp42_serial/lib:/home/aiv/ev_ws/erp42_ros/install/erp42_rqt_plugin/lib:/home/aiv/ev_ws/erp42_ros/install/erp42_gazebo/lib:/home/aiv/ev_ws/erp42_ros/install/erp42_util/lib:/home/aiv/ev_ws/erp42_ros/install/erp42_msgs/lib:/home/aiv/ev_ws/perception/install/velodyne_cropbox/lib:/home/aiv/ev_ws/perception/install/patchworkpp/lib:/home/aiv/ev_ws/perception/install/lidar_voxel_grid/lib:/home/aiv/ev_ws/perception/install/lidar_tracking/lib:/home/aiv/ev_ws/perception/install/cluster_filter/lib:/home/aiv/ev_ws/perception/install/lidar_interfaces/lib:/home/aiv/ev_ws/perception/install/lidar_clustering/lib:/usr/lib/x86_64-linux-gnu/gazebo-11/plugins:/opt/ros/humble/opt/rviz_ogre_vendor/lib:/opt/ros/humble/lib/x86_64-linux-gnu:/opt/ros/humble/lib:/usr/local/cuda-12.6/lib64 /usr/bin/cmake --install /home/aiv/ev_ws/perception/build/velodyne
[21.252s] Level 1:colcon.colcon_core.environment:create_environment_scripts_only(velodyne)
[21.252s] Level 1:colcon.colcon_core.environment:checking '/home/aiv/ev_ws/perception/install/velodyne' for CMake module files
[21.253s] DEBUG:colcon.colcon_core.event_handler.log_command:Invoked command in '/home/aiv/ev_ws/perception/build/velodyne' returned '0': CMAKE_PREFIX_PATH=/home/aiv/ev_ws/perception/install/velodyne_pointcloud:/home/aiv/ev_ws/perception/install/velodyne_driver:/home/aiv/ev_ws/perception/install/velodyne_msgs:/home/aiv/ev_ws/perception/install/velodyne_laserscan:/home/aiv/ev_ws/perception/install/cluster_splitter:/home/aiv/ev_ws/perception/install/dbscan_clustering:/home/aiv/ev_ws/carsa_gazebo/install/carsa_gazebo:/home/aiv/ev_ws/erp42_ros/install/erp42_serial:/home/aiv/ev_ws/erp42_ros/install/erp42_rqt_plugin:/home/aiv/ev_ws/erp42_ros/install/erp42_gazebo:/home/aiv/ev_ws/erp42_ros/install/erp42_util:/home/aiv/ev_ws/erp42_ros/install/erp42_msgs:/home/aiv/ev_ws/erp42_ros/install/erp42_description:/home/aiv/ev_ws/erp42_ros/install/erp42_cmake:/home/aiv/ev_ws/perception/install/velodyne:/home/aiv/ev_ws/perception/install/lidar_launch:/home/aiv/ev_ws/perception/install/velodyne_cropbox:/home/aiv/ev_ws/perception/install/patchworkpp:/home/aiv/ev_ws/perception/install/lidar_voxel_grid:/home/aiv/ev_ws/perception/install/lidar_tracking:/home/aiv/ev_ws/perception/install/cluster_filter:/home/aiv/ev_ws/perception/install/lidar_interfaces:/home/aiv/ev_ws/perception/install/lidar_clustering:/opt/ros/humble LD_LIBRARY_PATH=/home/aiv/ev_ws/perception/install/velodyne_pointcloud/lib:/home/aiv/ev_ws/perception/install/velodyne_driver/lib:/home/aiv/ev_ws/perception/install/velodyne_msgs/lib:/home/aiv/ev_ws/perception/install/velodyne_laserscan/lib:/home/aiv/ev_ws/perception/install/cluster_splitter/lib:/usr/local/cuda-12.6/lib64:/usr/local/cuda-12.6/lib64:/usr/local/cuda-12.6/lib64:/usr/local/cuda-12.6/lib64:/home/aiv/ev_ws/perception/install/dbscan_clustering/lib:/usr/local/cuda-12.6/lib64:/home/aiv/ev_ws/erp42_ros/install/erp42_serial/lib:/home/aiv/ev_ws/erp42_ros/install/erp42_rqt_plugin/lib:/home/aiv/ev_ws/erp42_ros/install/erp42_gazebo/lib:/home/aiv/ev_ws/erp42_ros/install/erp42_util/lib:/home/aiv/ev_ws/erp42_ros/install/erp42_msgs/lib:/home/aiv/ev_ws/perception/install/velodyne_cropbox/lib:/home/aiv/ev_ws/perception/install/patchworkpp/lib:/home/aiv/ev_ws/perception/install/lidar_voxel_grid/lib:/home/aiv/ev_ws/perception/install/lidar_tracking/lib:/home/aiv/ev_ws/perception/install/cluster_filter/lib:/home/aiv/ev_ws/perception/install/lidar_interfaces/lib:/home/aiv/ev_ws/perception/install/lidar_clustering/lib:/usr/lib/x86_64-linux-gnu/gazebo-11/plugins:/opt/ros/humble/opt/rviz_ogre_vendor/lib:/opt/ros/humble/lib/x86_64-linux-gnu:/opt/ros/humble/lib:/usr/local/cuda-12.6/lib64 /usr/bin/cmake --install /home/aiv/ev_ws/perception/build/velodyne
[21.253s] Level 1:colcon.colcon_core.environment:checking '/home/aiv/ev_ws/perception/install/velodyne' for CMake config files
[21.253s] Level 1:colcon.colcon_core.shell:create_environment_hook('velodyne', 'cmake_prefix_path')
[21.253s] INFO:colcon.colcon_core.shell:Creating environment hook '/home/aiv/ev_ws/perception/install/velodyne/share/velodyne/hook/cmake_prefix_path.ps1'
[21.254s] INFO:colcon.colcon_core.shell:Creating environment descriptor '/home/aiv/ev_ws/perception/install/velodyne/share/velodyne/hook/cmake_prefix_path.dsv'
[21.254s] INFO:colcon.colcon_core.shell:Creating environment hook '/home/aiv/ev_ws/perception/install/velodyne/share/velodyne/hook/cmake_prefix_path.sh'
[21.254s] Level 1:colcon.colcon_core.environment:checking '/home/aiv/ev_ws/perception/install/velodyne/bin'
[21.254s] Level 1:colcon.colcon_core.environment:checking '/home/aiv/ev_ws/perception/install/velodyne/lib/pkgconfig/velodyne.pc'
[21.255s] Level 1:colcon.colcon_core.environment:checking '/home/aiv/ev_ws/perception/install/velodyne/lib/python3.10/site-packages'
[21.255s] Level 1:colcon.colcon_core.environment:checking '/home/aiv/ev_ws/perception/install/velodyne/bin'
[21.255s] INFO:colcon.colcon_core.shell:Creating package script '/home/aiv/ev_ws/perception/install/velodyne/share/velodyne/package.ps1'
[21.255s] INFO:colcon.colcon_core.shell:Creating package descriptor '/home/aiv/ev_ws/perception/install/velodyne/share/velodyne/package.dsv'
[21.256s] INFO:colcon.colcon_core.shell:Creating package script '/home/aiv/ev_ws/perception/install/velodyne/share/velodyne/package.sh'
[21.256s] INFO:colcon.colcon_core.shell:Creating package script '/home/aiv/ev_ws/perception/install/velodyne/share/velodyne/package.bash'
[21.256s] INFO:colcon.colcon_core.shell:Creating package script '/home/aiv/ev_ws/perception/install/velodyne/share/velodyne/package.zsh'
[21.256s] Level 1:colcon.colcon_core.environment:create_file_with_runtime_dependencies(/home/aiv/ev_ws/perception/install/velodyne/share/colcon-core/packages/velodyne)
[21.257s] Level 1:colcon.colcon_core.environment:create_environment_scripts_only(velodyne)
[21.257s] Level 1:colcon.colcon_core.environment:checking '/home/aiv/ev_ws/perception/install/velodyne' for CMake module files
[21.257s] Level 1:colcon.colcon_core.environment:checking '/home/aiv/ev_ws/perception/install/velodyne' for CMake config files
[21.257s] Level 1:colcon.colcon_core.shell:create_environment_hook('velodyne', 'cmake_prefix_path')
[21.257s] INFO:colcon.colcon_core.shell:Creating environment hook '/home/aiv/ev_ws/perception/install/velodyne/share/velodyne/hook/cmake_prefix_path.ps1'
[21.257s] INFO:colcon.colcon_core.shell:Creating environment descriptor '/home/aiv/ev_ws/perception/install/velodyne/share/velodyne/hook/cmake_prefix_path.dsv'
[21.258s] INFO:colcon.colcon_core.shell:Creating environment hook '/home/aiv/ev_ws/perception/install/velodyne/share/velodyne/hook/cmake_prefix_path.sh'
[21.258s] Level 1:colcon.colcon_core.environment:checking '/home/aiv/ev_ws/perception/install/velodyne/bin'
[21.258s] Level 1:colcon.colcon_core.environment:checking '/home/aiv/ev_ws/perception/install/velodyne/lib/pkgconfig/velodyne.pc'
[21.258s] Level 1:colcon.colcon_core.environment:checking '/home/aiv/ev_ws/perception/install/velodyne/lib/python3.10/site-packages'
[21.258s] Level 1:colcon.colcon_core.environment:checking '/home/aiv/ev_ws/perception/install/velodyne/bin'
[21.258s] INFO:colcon.colcon_core.shell:Creating package script '/home/aiv/ev_ws/perception/install/velodyne/share/velodyne/package.ps1'
[21.259s] INFO:colcon.colcon_core.shell:Creating package descriptor '/home/aiv/ev_ws/perception/install/velodyne/share/velodyne/package.dsv'
[21.259s] INFO:colcon.colcon_core.shell:Creating package script '/home/aiv/ev_ws/perception/install/velodyne/share/velodyne/package.sh'
[21.259s] INFO:colcon.colcon_core.shell:Creating package script '/home/aiv/ev_ws/perception/install/velodyne/share/velodyne/package.bash'
[21.259s] INFO:colcon.colcon_core.shell:Creating package script '/home/aiv/ev_ws/perception/install/velodyne/share/velodyne/package.zsh'
[21.259s] Level 1:colcon.colcon_core.environment:create_file_with_runtime_dependencies(/home/aiv/ev_ws/perception/install/velodyne/share/colcon-core/packages/velodyne)
[21.695s] DEBUG:colcon.colcon_core.event_handler.log_command:Invoked command in '/home/aiv/ev_ws/perception/build/patchworkpp' returned '0': CMAKE_PREFIX_PATH=${CMAKE_PREFIX_PATH}:/opt/ros/humble /usr/bin/cmake --build /home/aiv/ev_ws/perception/build/patchworkpp -- -j28 -l28
[21.696s] DEBUG:colcon.colcon_core.event_handler.log_command:Invoking command in '/home/aiv/ev_ws/perception/build/patchworkpp': CMAKE_PREFIX_PATH=${CMAKE_PREFIX_PATH}:/opt/ros/humble /usr/bin/cmake --install /home/aiv/ev_ws/perception/build/patchworkpp
[21.809s] Level 1:colcon.colcon_core.environment:create_environment_scripts_only(patchworkpp)
[21.809s] Level 1:colcon.colcon_core.environment:checking '/home/aiv/ev_ws/perception/install/patchworkpp' for CMake module files
[21.809s] DEBUG:colcon.colcon_core.event_handler.log_command:Invoked command in '/home/aiv/ev_ws/perception/build/patchworkpp' returned '0': CMAKE_PREFIX_PATH=${CMAKE_PREFIX_PATH}:/opt/ros/humble /usr/bin/cmake --install /home/aiv/ev_ws/perception/build/patchworkpp
[21.810s] Level 1:colcon.colcon_core.environment:checking '/home/aiv/ev_ws/perception/install/patchworkpp' for CMake config files
[21.810s] Level 1:colcon.colcon_core.shell:create_environment_hook('patchworkpp', 'cmake_prefix_path')
[21.810s] INFO:colcon.colcon_core.shell:Creating environment hook '/home/aiv/ev_ws/perception/install/patchworkpp/share/patchworkpp/hook/cmake_prefix_path.ps1'
[21.811s] INFO:colcon.colcon_core.shell:Creating environment descriptor '/home/aiv/ev_ws/perception/install/patchworkpp/share/patchworkpp/hook/cmake_prefix_path.dsv'
[21.811s] INFO:colcon.colcon_core.shell:Creating environment hook '/home/aiv/ev_ws/perception/install/patchworkpp/share/patchworkpp/hook/cmake_prefix_path.sh'
[21.811s] Level 1:colcon.colcon_core.environment:checking '/home/aiv/ev_ws/perception/install/patchworkpp/lib'
[21.811s] Level 1:colcon.colcon_core.shell:create_environment_hook('patchworkpp', 'ld_library_path_lib')
[21.811s] INFO:colcon.colcon_core.shell:Creating environment hook '/home/aiv/ev_ws/perception/install/patchworkpp/share/patchworkpp/hook/ld_library_path_lib.ps1'
[21.811s] INFO:colcon.colcon_core.shell:Creating environment descriptor '/home/aiv/ev_ws/perception/install/patchworkpp/share/patchworkpp/hook/ld_library_path_lib.dsv'
[21.812s] INFO:colcon.colcon_core.shell:Creating environment hook '/home/aiv/ev_ws/perception/install/patchworkpp/share/patchworkpp/hook/ld_library_path_lib.sh'
[21.812s] Level 1:colcon.colcon_core.environment:checking '/home/aiv/ev_ws/perception/install/patchworkpp/bin'
[21.812s] Level 1:colcon.colcon_core.environment:checking '/home/aiv/ev_ws/perception/install/patchworkpp/lib/pkgconfig/patchworkpp.pc'
[21.812s] Level 1:colcon.colcon_core.environment:checking '/home/aiv/ev_ws/perception/install/patchworkpp/lib/python3.10/site-packages'
[21.812s] Level 1:colcon.colcon_core.environment:checking '/home/aiv/ev_ws/perception/install/patchworkpp/bin'
[21.812s] INFO:colcon.colcon_core.shell:Creating package script '/home/aiv/ev_ws/perception/install/patchworkpp/share/patchworkpp/package.ps1'
[21.812s] INFO:colcon.colcon_core.shell:Creating package descriptor '/home/aiv/ev_ws/perception/install/patchworkpp/share/patchworkpp/package.dsv'
[21.813s] INFO:colcon.colcon_core.shell:Creating package script '/home/aiv/ev_ws/perception/install/patchworkpp/share/patchworkpp/package.sh'
[21.813s] INFO:colcon.colcon_core.shell:Creating package script '/home/aiv/ev_ws/perception/install/patchworkpp/share/patchworkpp/package.bash'
[21.813s] INFO:colcon.colcon_core.shell:Creating package script '/home/aiv/ev_ws/perception/install/patchworkpp/share/patchworkpp/package.zsh'
[21.813s] Level 1:colcon.colcon_core.environment:create_file_with_runtime_dependencies(/home/aiv/ev_ws/perception/install/patchworkpp/share/colcon-core/packages/patchworkpp)
[21.813s] Level 1:colcon.colcon_core.environment:create_environment_scripts_only(patchworkpp)
[21.813s] Level 1:colcon.colcon_core.environment:checking '/home/aiv/ev_ws/perception/install/patchworkpp' for CMake module files
[21.813s] Level 1:colcon.colcon_core.environment:checking '/home/aiv/ev_ws/perception/install/patchworkpp' for CMake config files
[21.814s] Level 1:colcon.colcon_core.shell:create_environment_hook('patchworkpp', 'cmake_prefix_path')
[21.814s] INFO:colcon.colcon_core.shell:Creating environment hook '/home/aiv/ev_ws/perception/install/patchworkpp/share/patchworkpp/hook/cmake_prefix_path.ps1'
[21.814s] INFO:colcon.colcon_core.shell:Creating environment descriptor '/home/aiv/ev_ws/perception/install/patchworkpp/share/patchworkpp/hook/cmake_prefix_path.dsv'
[21.814s] INFO:colcon.colcon_core.shell:Creating environment hook '/home/aiv/ev_ws/perception/install/patchworkpp/share/patchworkpp/hook/cmake_prefix_path.sh'
[21.814s] Level 1:colcon.colcon_core.environment:checking '/home/aiv/ev_ws/perception/install/patchworkpp/lib'
[21.814s] Level 1:colcon.colcon_core.shell:create_environment_hook('patchworkpp', 'ld_library_path_lib')
[21.814s] INFO:colcon.colcon_core.shell:Creating environment hook '/home/aiv/ev_ws/perception/install/patchworkpp/share/patchworkpp/hook/ld_library_path_lib.ps1'
[21.814s] INFO:colcon.colcon_core.shell:Creating environment descriptor '/home/aiv/ev_ws/perception/install/patchworkpp/share/patchworkpp/hook/ld_library_path_lib.dsv'
[21.815s] INFO:colcon.colcon_core.shell:Creating environment hook '/home/aiv/ev_ws/perception/install/patchworkpp/share/patchworkpp/hook/ld_library_path_lib.sh'
[21.815s] Level 1:colcon.colcon_core.environment:checking '/home/aiv/ev_ws/perception/install/patchworkpp/bin'
[21.815s] Level 1:colcon.colcon_core.environment:checking '/home/aiv/ev_ws/perception/install/patchworkpp/lib/pkgconfig/patchworkpp.pc'
[21.815s] Level 1:colcon.colcon_core.environment:checking '/home/aiv/ev_ws/perception/install/patchworkpp/lib/python3.10/site-packages'
[21.815s] Level 1:colcon.colcon_core.environment:checking '/home/aiv/ev_ws/perception/install/patchworkpp/bin'
[21.815s] INFO:colcon.colcon_core.shell:Creating package script '/home/aiv/ev_ws/perception/install/patchworkpp/share/patchworkpp/package.ps1'
[21.815s] INFO:colcon.colcon_core.shell:Creating package descriptor '/home/aiv/ev_ws/perception/install/patchworkpp/share/patchworkpp/package.dsv'
[21.816s] INFO:colcon.colcon_core.shell:Creating package script '/home/aiv/ev_ws/perception/install/patchworkpp/share/patchworkpp/package.sh'
[21.816s] INFO:colcon.colcon_core.shell:Creating package script '/home/aiv/ev_ws/perception/install/patchworkpp/share/patchworkpp/package.bash'
[21.816s] INFO:colcon.colcon_core.shell:Creating package script '/home/aiv/ev_ws/perception/install/patchworkpp/share/patchworkpp/package.zsh'
[21.816s] Level 1:colcon.colcon_core.environment:create_file_with_runtime_dependencies(/home/aiv/ev_ws/perception/install/patchworkpp/share/colcon-core/packages/patchworkpp)
[21.816s] INFO:colcon.colcon_ros.task.ament_cmake.build:Building ROS package in '/home/aiv/ev_ws/perception/src/lidar_launch' with build type 'ament_cmake'
[21.816s] INFO:colcon.colcon_cmake.task.cmake.build:Building CMake package in '/home/aiv/ev_ws/perception/src/lidar_launch'
[21.816s] INFO:colcon.colcon_core.shell:Skip shell extension 'powershell' for command environment: Not usable outside of PowerShell
[21.816s] DEBUG:colcon.colcon_core.shell:Skip shell extension 'dsv' for command environment
[21.830s] DEBUG:colcon.colcon_core.event_handler.log_command:Invoking command in '/home/aiv/ev_ws/perception/build/lidar_launch': CMAKE_PREFIX_PATH=/home/aiv/ev_ws/perception/install/velodyne_pointcloud:/home/aiv/ev_ws/perception/install/velodyne_driver:/home/aiv/ev_ws/perception/install/velodyne_msgs:/home/aiv/ev_ws/perception/install/patchworkpp:/home/aiv/ev_ws/perception/install/lidar_voxel_grid:/home/aiv/ev_ws/perception/install/dbscan_clustering:/home/aiv/ev_ws/perception/install/cluster_splitter:/home/aiv/ev_ws/carsa_gazebo/install/carsa_gazebo:/home/aiv/ev_ws/erp42_ros/install/erp42_serial:/home/aiv/ev_ws/erp42_ros/install/erp42_rqt_plugin:/home/aiv/ev_ws/erp42_ros/install/erp42_gazebo:/home/aiv/ev_ws/erp42_ros/install/erp42_util:/home/aiv/ev_ws/erp42_ros/install/erp42_msgs:/home/aiv/ev_ws/erp42_ros/install/erp42_description:/home/aiv/ev_ws/erp42_ros/install/erp42_cmake:/home/aiv/ev_ws/perception/install/velodyne:/home/aiv/ev_ws/perception/install/lidar_launch:/home/aiv/ev_ws/perception/install/velodyne_laserscan:/home/aiv/ev_ws/perception/install/velodyne_cropbox:/home/aiv/ev_ws/perception/install/lidar_tracking:/home/aiv/ev_ws/perception/install/cluster_filter:/home/aiv/ev_ws/perception/install/lidar_interfaces:/home/aiv/ev_ws/perception/install/lidar_clustering:/opt/ros/humble LD_LIBRARY_PATH=/home/aiv/ev_ws/perception/install/velodyne_pointcloud/lib:/home/aiv/ev_ws/perception/install/velodyne_driver/lib:/home/aiv/ev_ws/perception/install/velodyne_msgs/lib:/home/aiv/ev_ws/perception/install/patchworkpp/lib:/home/aiv/ev_ws/perception/install/lidar_voxel_grid/lib:/home/aiv/ev_ws/perception/install/dbscan_clustering/lib:/home/aiv/ev_ws/perception/install/cluster_splitter/lib:/usr/local/cuda-12.6/lib64:/usr/local/cuda-12.6/lib64:/usr/local/cuda-12.6/lib64:/usr/local/cuda-12.6/lib64:/usr/local/cuda-12.6/lib64:/home/aiv/ev_ws/erp42_ros/install/erp42_serial/lib:/home/aiv/ev_ws/erp42_ros/install/erp42_rqt_plugin/lib:/home/aiv/ev_ws/erp42_ros/install/erp42_gazebo/lib:/home/aiv/ev_ws/erp42_ros/install/erp42_util/lib:/home/aiv/ev_ws/erp42_ros/install/erp42_msgs/lib:/home/aiv/ev_ws/perception/install/velodyne_laserscan/lib:/home/aiv/ev_ws/perception/install/velodyne_cropbox/lib:/home/aiv/ev_ws/perception/install/lidar_tracking/lib:/home/aiv/ev_ws/perception/install/cluster_filter/lib:/home/aiv/ev_ws/perception/install/lidar_interfaces/lib:/home/aiv/ev_ws/perception/install/lidar_clustering/lib:/usr/lib/x86_64-linux-gnu/gazebo-11/plugins:/opt/ros/humble/opt/rviz_ogre_vendor/lib:/opt/ros/humble/lib/x86_64-linux-gnu:/opt/ros/humble/lib:/usr/local/cuda-12.6/lib64 /usr/bin/cmake /home/aiv/ev_ws/perception/src/lidar_launch -DAMENT_CMAKE_SYMLINK_INSTALL=1 -DCMAKE_INSTALL_PREFIX=/home/aiv/ev_ws/perception/install/lidar_launch
[22.186s] DEBUG:colcon.colcon_core.event_handler.log_command:Invoked command in '/home/aiv/ev_ws/perception/build/lidar_launch' returned '0': CMAKE_PREFIX_PATH=/home/aiv/ev_ws/perception/install/velodyne_pointcloud:/home/aiv/ev_ws/perception/install/velodyne_driver:/home/aiv/ev_ws/perception/install/velodyne_msgs:/home/aiv/ev_ws/perception/install/patchworkpp:/home/aiv/ev_ws/perception/install/lidar_voxel_grid:/home/aiv/ev_ws/perception/install/dbscan_clustering:/home/aiv/ev_ws/perception/install/cluster_splitter:/home/aiv/ev_ws/carsa_gazebo/install/carsa_gazebo:/home/aiv/ev_ws/erp42_ros/install/erp42_serial:/home/aiv/ev_ws/erp42_ros/install/erp42_rqt_plugin:/home/aiv/ev_ws/erp42_ros/install/erp42_gazebo:/home/aiv/ev_ws/erp42_ros/install/erp42_util:/home/aiv/ev_ws/erp42_ros/install/erp42_msgs:/home/aiv/ev_ws/erp42_ros/install/erp42_description:/home/aiv/ev_ws/erp42_ros/install/erp42_cmake:/home/aiv/ev_ws/perception/install/velodyne:/home/aiv/ev_ws/perception/install/lidar_launch:/home/aiv/ev_ws/perception/install/velodyne_laserscan:/home/aiv/ev_ws/perception/install/velodyne_cropbox:/home/aiv/ev_ws/perception/install/lidar_tracking:/home/aiv/ev_ws/perception/install/cluster_filter:/home/aiv/ev_ws/perception/install/lidar_interfaces:/home/aiv/ev_ws/perception/install/lidar_clustering:/opt/ros/humble LD_LIBRARY_PATH=/home/aiv/ev_ws/perception/install/velodyne_pointcloud/lib:/home/aiv/ev_ws/perception/install/velodyne_driver/lib:/home/aiv/ev_ws/perception/install/velodyne_msgs/lib:/home/aiv/ev_ws/perception/install/patchworkpp/lib:/home/aiv/ev_ws/perception/install/lidar_voxel_grid/lib:/home/aiv/ev_ws/perception/install/dbscan_clustering/lib:/home/aiv/ev_ws/perception/install/cluster_splitter/lib:/usr/local/cuda-12.6/lib64:/usr/local/cuda-12.6/lib64:/usr/local/cuda-12.6/lib64:/usr/local/cuda-12.6/lib64:/usr/local/cuda-12.6/lib64:/home/aiv/ev_ws/erp42_ros/install/erp42_serial/lib:/home/aiv/ev_ws/erp42_ros/install/erp42_rqt_plugin/lib:/home/aiv/ev_ws/erp42_ros/install/erp42_gazebo/lib:/home/aiv/ev_ws/erp42_ros/install/erp42_util/lib:/home/aiv/ev_ws/erp42_ros/install/erp42_msgs/lib:/home/aiv/ev_ws/perception/install/velodyne_laserscan/lib:/home/aiv/ev_ws/perception/install/velodyne_cropbox/lib:/home/aiv/ev_ws/perception/install/lidar_tracking/lib:/home/aiv/ev_ws/perception/install/cluster_filter/lib:/home/aiv/ev_ws/perception/install/lidar_interfaces/lib:/home/aiv/ev_ws/perception/install/lidar_clustering/lib:/usr/lib/x86_64-linux-gnu/gazebo-11/plugins:/opt/ros/humble/opt/rviz_ogre_vendor/lib:/opt/ros/humble/lib/x86_64-linux-gnu:/opt/ros/humble/lib:/usr/local/cuda-12.6/lib64 /usr/bin/cmake /home/aiv/ev_ws/perception/src/lidar_launch -DAMENT_CMAKE_SYMLINK_INSTALL=1 -DCMAKE_INSTALL_PREFIX=/home/aiv/ev_ws/perception/install/lidar_launch
[22.186s] DEBUG:colcon.colcon_core.event_handler.log_command:Invoking command in '/home/aiv/ev_ws/perception/build/lidar_launch': CMAKE_PREFIX_PATH=/home/aiv/ev_ws/perception/install/velodyne_pointcloud:/home/aiv/ev_ws/perception/install/velodyne_driver:/home/aiv/ev_ws/perception/install/velodyne_msgs:/home/aiv/ev_ws/perception/install/patchworkpp:/home/aiv/ev_ws/perception/install/lidar_voxel_grid:/home/aiv/ev_ws/perception/install/dbscan_clustering:/home/aiv/ev_ws/perception/install/cluster_splitter:/home/aiv/ev_ws/carsa_gazebo/install/carsa_gazebo:/home/aiv/ev_ws/erp42_ros/install/erp42_serial:/home/aiv/ev_ws/erp42_ros/install/erp42_rqt_plugin:/home/aiv/ev_ws/erp42_ros/install/erp42_gazebo:/home/aiv/ev_ws/erp42_ros/install/erp42_util:/home/aiv/ev_ws/erp42_ros/install/erp42_msgs:/home/aiv/ev_ws/erp42_ros/install/erp42_description:/home/aiv/ev_ws/erp42_ros/install/erp42_cmake:/home/aiv/ev_ws/perception/install/velodyne:/home/aiv/ev_ws/perception/install/lidar_launch:/home/aiv/ev_ws/perception/install/velodyne_laserscan:/home/aiv/ev_ws/perception/install/velodyne_cropbox:/home/aiv/ev_ws/perception/install/lidar_tracking:/home/aiv/ev_ws/perception/install/cluster_filter:/home/aiv/ev_ws/perception/install/lidar_interfaces:/home/aiv/ev_ws/perception/install/lidar_clustering:/opt/ros/humble LD_LIBRARY_PATH=/home/aiv/ev_ws/perception/install/velodyne_pointcloud/lib:/home/aiv/ev_ws/perception/install/velodyne_driver/lib:/home/aiv/ev_ws/perception/install/velodyne_msgs/lib:/home/aiv/ev_ws/perception/install/patchworkpp/lib:/home/aiv/ev_ws/perception/install/lidar_voxel_grid/lib:/home/aiv/ev_ws/perception/install/dbscan_clustering/lib:/home/aiv/ev_ws/perception/install/cluster_splitter/lib:/usr/local/cuda-12.6/lib64:/usr/local/cuda-12.6/lib64:/usr/local/cuda-12.6/lib64:/usr/local/cuda-12.6/lib64:/usr/local/cuda-12.6/lib64:/home/aiv/ev_ws/erp42_ros/install/erp42_serial/lib:/home/aiv/ev_ws/erp42_ros/install/erp42_rqt_plugin/lib:/home/aiv/ev_ws/erp42_ros/install/erp42_gazebo/lib:/home/aiv/ev_ws/erp42_ros/install/erp42_util/lib:/home/aiv/ev_ws/erp42_ros/install/erp42_msgs/lib:/home/aiv/ev_ws/perception/install/velodyne_laserscan/lib:/home/aiv/ev_ws/perception/install/velodyne_cropbox/lib:/home/aiv/ev_ws/perception/install/lidar_tracking/lib:/home/aiv/ev_ws/perception/install/cluster_filter/lib:/home/aiv/ev_ws/perception/install/lidar_interfaces/lib:/home/aiv/ev_ws/perception/install/lidar_clustering/lib:/usr/lib/x86_64-linux-gnu/gazebo-11/plugins:/opt/ros/humble/opt/rviz_ogre_vendor/lib:/opt/ros/humble/lib/x86_64-linux-gnu:/opt/ros/humble/lib:/usr/local/cuda-12.6/lib64 /usr/bin/cmake --build /home/aiv/ev_ws/perception/build/lidar_launch -- -j28 -l28
[22.211s] DEBUG:colcon.colcon_core.event_handler.log_command:Invoked command in '/home/aiv/ev_ws/perception/build/lidar_launch' returned '0': CMAKE_PREFIX_PATH=/home/aiv/ev_ws/perception/install/velodyne_pointcloud:/home/aiv/ev_ws/perception/install/velodyne_driver:/home/aiv/ev_ws/perception/install/velodyne_msgs:/home/aiv/ev_ws/perception/install/patchworkpp:/home/aiv/ev_ws/perception/install/lidar_voxel_grid:/home/aiv/ev_ws/perception/install/dbscan_clustering:/home/aiv/ev_ws/perception/install/cluster_splitter:/home/aiv/ev_ws/carsa_gazebo/install/carsa_gazebo:/home/aiv/ev_ws/erp42_ros/install/erp42_serial:/home/aiv/ev_ws/erp42_ros/install/erp42_rqt_plugin:/home/aiv/ev_ws/erp42_ros/install/erp42_gazebo:/home/aiv/ev_ws/erp42_ros/install/erp42_util:/home/aiv/ev_ws/erp42_ros/install/erp42_msgs:/home/aiv/ev_ws/erp42_ros/install/erp42_description:/home/aiv/ev_ws/erp42_ros/install/erp42_cmake:/home/aiv/ev_ws/perception/install/velodyne:/home/aiv/ev_ws/perception/install/lidar_launch:/home/aiv/ev_ws/perception/install/velodyne_laserscan:/home/aiv/ev_ws/perception/install/velodyne_cropbox:/home/aiv/ev_ws/perception/install/lidar_tracking:/home/aiv/ev_ws/perception/install/cluster_filter:/home/aiv/ev_ws/perception/install/lidar_interfaces:/home/aiv/ev_ws/perception/install/lidar_clustering:/opt/ros/humble LD_LIBRARY_PATH=/home/aiv/ev_ws/perception/install/velodyne_pointcloud/lib:/home/aiv/ev_ws/perception/install/velodyne_driver/lib:/home/aiv/ev_ws/perception/install/velodyne_msgs/lib:/home/aiv/ev_ws/perception/install/patchworkpp/lib:/home/aiv/ev_ws/perception/install/lidar_voxel_grid/lib:/home/aiv/ev_ws/perception/install/dbscan_clustering/lib:/home/aiv/ev_ws/perception/install/cluster_splitter/lib:/usr/local/cuda-12.6/lib64:/usr/local/cuda-12.6/lib64:/usr/local/cuda-12.6/lib64:/usr/local/cuda-12.6/lib64:/usr/local/cuda-12.6/lib64:/home/aiv/ev_ws/erp42_ros/install/erp42_serial/lib:/home/aiv/ev_ws/erp42_ros/install/erp42_rqt_plugin/lib:/home/aiv/ev_ws/erp42_ros/install/erp42_gazebo/lib:/home/aiv/ev_ws/erp42_ros/install/erp42_util/lib:/home/aiv/ev_ws/erp42_ros/install/erp42_msgs/lib:/home/aiv/ev_ws/perception/install/velodyne_laserscan/lib:/home/aiv/ev_ws/perception/install/velodyne_cropbox/lib:/home/aiv/ev_ws/perception/install/lidar_tracking/lib:/home/aiv/ev_ws/perception/install/cluster_filter/lib:/home/aiv/ev_ws/perception/install/lidar_interfaces/lib:/home/aiv/ev_ws/perception/install/lidar_clustering/lib:/usr/lib/x86_64-linux-gnu/gazebo-11/plugins:/opt/ros/humble/opt/rviz_ogre_vendor/lib:/opt/ros/humble/lib/x86_64-linux-gnu:/opt/ros/humble/lib:/usr/local/cuda-12.6/lib64 /usr/bin/cmake --build /home/aiv/ev_ws/perception/build/lidar_launch -- -j28 -l28
[22.212s] DEBUG:colcon.colcon_core.event_handler.log_command:Invoking command in '/home/aiv/ev_ws/perception/build/lidar_launch': CMAKE_PREFIX_PATH=/home/aiv/ev_ws/perception/install/velodyne_pointcloud:/home/aiv/ev_ws/perception/install/velodyne_driver:/home/aiv/ev_ws/perception/install/velodyne_msgs:/home/aiv/ev_ws/perception/install/patchworkpp:/home/aiv/ev_ws/perception/install/lidar_voxel_grid:/home/aiv/ev_ws/perception/install/dbscan_clustering:/home/aiv/ev_ws/perception/install/cluster_splitter:/home/aiv/ev_ws/carsa_gazebo/install/carsa_gazebo:/home/aiv/ev_ws/erp42_ros/install/erp42_serial:/home/aiv/ev_ws/erp42_ros/install/erp42_rqt_plugin:/home/aiv/ev_ws/erp42_ros/install/erp42_gazebo:/home/aiv/ev_ws/erp42_ros/install/erp42_util:/home/aiv/ev_ws/erp42_ros/install/erp42_msgs:/home/aiv/ev_ws/erp42_ros/install/erp42_description:/home/aiv/ev_ws/erp42_ros/install/erp42_cmake:/home/aiv/ev_ws/perception/install/velodyne:/home/aiv/ev_ws/perception/install/lidar_launch:/home/aiv/ev_ws/perception/install/velodyne_laserscan:/home/aiv/ev_ws/perception/install/velodyne_cropbox:/home/aiv/ev_ws/perception/install/lidar_tracking:/home/aiv/ev_ws/perception/install/cluster_filter:/home/aiv/ev_ws/perception/install/lidar_interfaces:/home/aiv/ev_ws/perception/install/lidar_clustering:/opt/ros/humble LD_LIBRARY_PATH=/home/aiv/ev_ws/perception/install/velodyne_pointcloud/lib:/home/aiv/ev_ws/perception/install/velodyne_driver/lib:/home/aiv/ev_ws/perception/install/velodyne_msgs/lib:/home/aiv/ev_ws/perception/install/patchworkpp/lib:/home/aiv/ev_ws/perception/install/lidar_voxel_grid/lib:/home/aiv/ev_ws/perception/install/dbscan_clustering/lib:/home/aiv/ev_ws/perception/install/cluster_splitter/lib:/usr/local/cuda-12.6/lib64:/usr/local/cuda-12.6/lib64:/usr/local/cuda-12.6/lib64:/usr/local/cuda-12.6/lib64:/usr/local/cuda-12.6/lib64:/home/aiv/ev_ws/erp42_ros/install/erp42_serial/lib:/home/aiv/ev_ws/erp42_ros/install/erp42_rqt_plugin/lib:/home/aiv/ev_ws/erp42_ros/install/erp42_gazebo/lib:/home/aiv/ev_ws/erp42_ros/install/erp42_util/lib:/home/aiv/ev_ws/erp42_ros/install/erp42_msgs/lib:/home/aiv/ev_ws/perception/install/velodyne_laserscan/lib:/home/aiv/ev_ws/perception/install/velodyne_cropbox/lib:/home/aiv/ev_ws/perception/install/lidar_tracking/lib:/home/aiv/ev_ws/perception/install/cluster_filter/lib:/home/aiv/ev_ws/perception/install/lidar_interfaces/lib:/home/aiv/ev_ws/perception/install/lidar_clustering/lib:/usr/lib/x86_64-linux-gnu/gazebo-11/plugins:/opt/ros/humble/opt/rviz_ogre_vendor/lib:/opt/ros/humble/lib/x86_64-linux-gnu:/opt/ros/humble/lib:/usr/local/cuda-12.6/lib64 /usr/bin/cmake --install /home/aiv/ev_ws/perception/build/lidar_launch
[22.403s] Level 1:colcon.colcon_core.environment:create_environment_scripts_only(lidar_launch)
[22.403s] DEBUG:colcon.colcon_core.event_handler.log_command:Invoked command in '/home/aiv/ev_ws/perception/build/lidar_launch' returned '0': CMAKE_PREFIX_PATH=/home/aiv/ev_ws/perception/install/velodyne_pointcloud:/home/aiv/ev_ws/perception/install/velodyne_driver:/home/aiv/ev_ws/perception/install/velodyne_msgs:/home/aiv/ev_ws/perception/install/patchworkpp:/home/aiv/ev_ws/perception/install/lidar_voxel_grid:/home/aiv/ev_ws/perception/install/dbscan_clustering:/home/aiv/ev_ws/perception/install/cluster_splitter:/home/aiv/ev_ws/carsa_gazebo/install/carsa_gazebo:/home/aiv/ev_ws/erp42_ros/install/erp42_serial:/home/aiv/ev_ws/erp42_ros/install/erp42_rqt_plugin:/home/aiv/ev_ws/erp42_ros/install/erp42_gazebo:/home/aiv/ev_ws/erp42_ros/install/erp42_util:/home/aiv/ev_ws/erp42_ros/install/erp42_msgs:/home/aiv/ev_ws/erp42_ros/install/erp42_description:/home/aiv/ev_ws/erp42_ros/install/erp42_cmake:/home/aiv/ev_ws/perception/install/velodyne:/home/aiv/ev_ws/perception/install/lidar_launch:/home/aiv/ev_ws/perception/install/velodyne_laserscan:/home/aiv/ev_ws/perception/install/velodyne_cropbox:/home/aiv/ev_ws/perception/install/lidar_tracking:/home/aiv/ev_ws/perception/install/cluster_filter:/home/aiv/ev_ws/perception/install/lidar_interfaces:/home/aiv/ev_ws/perception/install/lidar_clustering:/opt/ros/humble LD_LIBRARY_PATH=/home/aiv/ev_ws/perception/install/velodyne_pointcloud/lib:/home/aiv/ev_ws/perception/install/velodyne_driver/lib:/home/aiv/ev_ws/perception/install/velodyne_msgs/lib:/home/aiv/ev_ws/perception/install/patchworkpp/lib:/home/aiv/ev_ws/perception/install/lidar_voxel_grid/lib:/home/aiv/ev_ws/perception/install/dbscan_clustering/lib:/home/aiv/ev_ws/perception/install/cluster_splitter/lib:/usr/local/cuda-12.6/lib64:/usr/local/cuda-12.6/lib64:/usr/local/cuda-12.6/lib64:/usr/local/cuda-12.6/lib64:/usr/local/cuda-12.6/lib64:/home/aiv/ev_ws/erp42_ros/install/erp42_serial/lib:/home/aiv/ev_ws/erp42_ros/install/erp42_rqt_plugin/lib:/home/aiv/ev_ws/erp42_ros/install/erp42_gazebo/lib:/home/aiv/ev_ws/erp42_ros/install/erp42_util/lib:/home/aiv/ev_ws/erp42_ros/install/erp42_msgs/lib:/home/aiv/ev_ws/perception/install/velodyne_laserscan/lib:/home/aiv/ev_ws/perception/install/velodyne_cropbox/lib:/home/aiv/ev_ws/perception/install/lidar_tracking/lib:/home/aiv/ev_ws/perception/install/cluster_filter/lib:/home/aiv/ev_ws/perception/install/lidar_interfaces/lib:/home/aiv/ev_ws/perception/install/lidar_clustering/lib:/usr/lib/x86_64-linux-gnu/gazebo-11/plugins:/opt/ros/humble/opt/rviz_ogre_vendor/lib:/opt/ros/humble/lib/x86_64-linux-gnu:/opt/ros/humble/lib:/usr/local/cuda-12.6/lib64 /usr/bin/cmake --install /home/aiv/ev_ws/perception/build/lidar_launch
[22.403s] Level 1:colcon.colcon_core.environment:checking '/home/aiv/ev_ws/perception/install/lidar_launch' for CMake module files
[22.404s] Level 1:colcon.colcon_core.environment:checking '/home/aiv/ev_ws/perception/install/lidar_launch' for CMake config files
[22.404s] Level 1:colcon.colcon_core.shell:create_environment_hook('lidar_launch', 'cmake_prefix_path')
[22.404s] INFO:colcon.colcon_core.shell:Creating environment hook '/home/aiv/ev_ws/perception/install/lidar_launch/share/lidar_launch/hook/cmake_prefix_path.ps1'
[22.404s] INFO:colcon.colcon_core.shell:Creating environment descriptor '/home/aiv/ev_ws/perception/install/lidar_launch/share/lidar_launch/hook/cmake_prefix_path.dsv'
[22.404s] INFO:colcon.colcon_core.shell:Creating environment hook '/home/aiv/ev_ws/perception/install/lidar_launch/share/lidar_launch/hook/cmake_prefix_path.sh'
[22.405s] Level 1:colcon.colcon_core.environment:checking '/home/aiv/ev_ws/perception/install/lidar_launch/bin'
[22.405s] Level 1:colcon.colcon_core.environment:checking '/home/aiv/ev_ws/perception/install/lidar_launch/lib/pkgconfig/lidar_launch.pc'
[22.405s] Level 1:colcon.colcon_core.environment:checking '/home/aiv/ev_ws/perception/install/lidar_launch/lib/python3.10/site-packages'
[22.405s] Level 1:colcon.colcon_core.environment:checking '/home/aiv/ev_ws/perception/install/lidar_launch/bin'
[22.405s] INFO:colcon.colcon_core.shell:Creating package script '/home/aiv/ev_ws/perception/install/lidar_launch/share/lidar_launch/package.ps1'
[22.405s] INFO:colcon.colcon_core.shell:Creating package descriptor '/home/aiv/ev_ws/perception/install/lidar_launch/share/lidar_launch/package.dsv'
[22.406s] INFO:colcon.colcon_core.shell:Creating package script '/home/aiv/ev_ws/perception/install/lidar_launch/share/lidar_launch/package.sh'
[22.406s] INFO:colcon.colcon_core.shell:Creating package script '/home/aiv/ev_ws/perception/install/lidar_launch/share/lidar_launch/package.bash'
[22.406s] INFO:colcon.colcon_core.shell:Creating package script '/home/aiv/ev_ws/perception/install/lidar_launch/share/lidar_launch/package.zsh'
[22.406s] Level 1:colcon.colcon_core.environment:create_file_with_runtime_dependencies(/home/aiv/ev_ws/perception/install/lidar_launch/share/colcon-core/packages/lidar_launch)
[22.406s] Level 1:colcon.colcon_core.environment:create_environment_scripts_only(lidar_launch)
[22.406s] Level 1:colcon.colcon_core.environment:checking '/home/aiv/ev_ws/perception/install/lidar_launch' for CMake module files
[22.406s] Level 1:colcon.colcon_core.environment:checking '/home/aiv/ev_ws/perception/install/lidar_launch' for CMake config files
[22.407s] Level 1:colcon.colcon_core.shell:create_environment_hook('lidar_launch', 'cmake_prefix_path')
[22.407s] INFO:colcon.colcon_core.shell:Creating environment hook '/home/aiv/ev_ws/perception/install/lidar_launch/share/lidar_launch/hook/cmake_prefix_path.ps1'
[22.407s] INFO:colcon.colcon_core.shell:Creating environment descriptor '/home/aiv/ev_ws/perception/install/lidar_launch/share/lidar_launch/hook/cmake_prefix_path.dsv'
[22.407s] INFO:colcon.colcon_core.shell:Creating environment hook '/home/aiv/ev_ws/perception/install/lidar_launch/share/lidar_launch/hook/cmake_prefix_path.sh'
[22.407s] Level 1:colcon.colcon_core.environment:checking '/home/aiv/ev_ws/perception/install/lidar_launch/bin'
[22.407s] Level 1:colcon.colcon_core.environment:checking '/home/aiv/ev_ws/perception/install/lidar_launch/lib/pkgconfig/lidar_launch.pc'
[22.407s] Level 1:colcon.colcon_core.environment:checking '/home/aiv/ev_ws/perception/install/lidar_launch/lib/python3.10/site-packages'
[22.408s] Level 1:colcon.colcon_core.environment:checking '/home/aiv/ev_ws/perception/install/lidar_launch/bin'
[22.408s] INFO:colcon.colcon_core.shell:Creating package script '/home/aiv/ev_ws/perception/install/lidar_launch/share/lidar_launch/package.ps1'
[22.408s] INFO:colcon.colcon_core.shell:Creating package descriptor '/home/aiv/ev_ws/perception/install/lidar_launch/share/lidar_launch/package.dsv'
[22.408s] INFO:colcon.colcon_core.shell:Creating package script '/home/aiv/ev_ws/perception/install/lidar_launch/share/lidar_launch/package.sh'
[22.408s] INFO:colcon.colcon_core.shell:Creating package script '/home/aiv/ev_ws/perception/install/lidar_launch/share/lidar_launch/package.bash'
[22.409s] INFO:colcon.colcon_core.shell:Creating package script '/home/aiv/ev_ws/perception/install/lidar_launch/share/lidar_launch/package.zsh'
[22.409s] Level 1:colcon.colcon_core.environment:create_file_with_runtime_dependencies(/home/aiv/ev_ws/perception/install/lidar_launch/share/colcon-core/packages/lidar_launch)
[22.409s] DEBUG:colcon.colcon_parallel_executor.executor.parallel:closing loop
[22.409s] DEBUG:colcon.colcon_parallel_executor.executor.parallel:loop closed
[22.409s] DEBUG:colcon.colcon_parallel_executor.executor.parallel:run_until_complete finished with '0'
[22.409s] DEBUG:colcon.colcon_core.event_reactor:joining thread
[22.412s] INFO:colcon.colcon_core.plugin_system:Skipping extension 'colcon_notification.desktop_notification.terminal_notifier': Not used on non-Darwin systems
[22.412s] INFO:colcon.colcon_core.plugin_system:Skipping extension 'colcon_notification.desktop_notification.win32': Not used on non-Windows systems
[22.412s] INFO:colcon.colcon_notification.desktop_notification:Sending desktop notification using 'notify2'
[22.418s] DEBUG:colcon.colcon_core.event_reactor:joined thread
[22.418s] INFO:colcon.colcon_core.shell:Creating prefix script '/home/aiv/ev_ws/perception/install/local_setup.ps1'
[22.419s] INFO:colcon.colcon_core.shell:Creating prefix util module '/home/aiv/ev_ws/perception/install/_local_setup_util_ps1.py'
[22.419s] INFO:colcon.colcon_core.shell:Creating prefix chain script '/home/aiv/ev_ws/perception/install/setup.ps1'
[22.420s] INFO:colcon.colcon_core.shell:Creating prefix script '/home/aiv/ev_ws/perception/install/local_setup.sh'
[22.420s] INFO:colcon.colcon_core.shell:Creating prefix util module '/home/aiv/ev_ws/perception/install/_local_setup_util_sh.py'
[22.420s] INFO:colcon.colcon_core.shell:Creating prefix chain script '/home/aiv/ev_ws/perception/install/setup.sh'
[22.421s] INFO:colcon.colcon_core.shell:Creating prefix script '/home/aiv/ev_ws/perception/install/local_setup.bash'
[22.421s] INFO:colcon.colcon_core.shell:Creating prefix chain script '/home/aiv/ev_ws/perception/install/setup.bash'
[22.422s] INFO:colcon.colcon_core.shell:Creating prefix script '/home/aiv/ev_ws/perception/install/local_setup.zsh'
[22.422s] INFO:colcon.colcon_core.shell:Creating prefix chain script '/home/aiv/ev_ws/perception/install/setup.zsh'
