[0.000000] (-) TimerEvent: {}
[0.000311] (track_msgs) JobQueued: {'identifier': 'track_msgs', 'dependencies': OrderedDict()}
[0.000343] (planning_mr_ver) JobQueued: {'identifier': 'planning_mr_ver', 'dependencies': OrderedDict([('track_msgs', '/home/aiv/ev_ws/planning/install/track_msgs')])}
[0.000383] (track_msgs) JobStarted: {'identifier': 'track_msgs'}
[0.005732] (track_msgs) JobProgress: {'identifier': 'track_msgs', 'progress': 'cmake'}
[0.006101] (track_msgs) Command: {'cmd': ['/usr/bin/cmake', '/home/aiv/ev_ws/planning/src/track_msgs', '-DAMENT_CMAKE_SYMLINK_INSTALL=1', '-DCMAKE_INSTALL_PREFIX=/home/aiv/ev_ws/planning/install/track_msgs'], 'cwd': '/home/aiv/ev_ws/planning/build/track_msgs', 'env': OrderedDict([('GJS_DEBUG_TOPICS', 'JS ERROR;JS LOG'), ('PYTHON_BASIC_REPL', '1'), ('USER', 'aiv'), ('LC_TIME', 'ko_KR.UTF-8'), ('XDG_SESSION_TYPE', 'x11'), ('GIT_ASKPASS', '/usr/share/code/resources/app/extensions/git/dist/askpass.sh'), ('SHLVL', '1'), ('LD_LIBRARY_PATH', '/usr/local/cuda-12.6/lib64:/usr/local/cuda-12.6/lib64:/home/aiv/ev_ws/erp42_ros/install/erp42_serial/lib:/home/aiv/ev_ws/erp42_ros/install/erp42_rqt_plugin/lib:/home/aiv/ev_ws/erp42_ros/install/erp42_gazebo/lib:/home/aiv/ev_ws/erp42_ros/install/erp42_util/lib:/home/aiv/ev_ws/erp42_ros/install/erp42_msgs/lib:/home/aiv/ev_ws/perception/install/velodyne_pointcloud/lib:/home/aiv/ev_ws/perception/install/velodyne_driver/lib:/home/aiv/ev_ws/perception/install/velodyne_msgs/lib:/home/aiv/ev_ws/perception/install/velodyne_laserscan/lib:/home/aiv/ev_ws/perception/install/velodyne_cropbox/lib:/home/aiv/ev_ws/perception/install/patchworkpp/lib:/home/aiv/ev_ws/perception/install/lidar_voxel_grid/lib:/home/aiv/ev_ws/perception/install/lidar_interfaces/lib:/home/aiv/ev_ws/perception/install/dbscan_clustering/lib:/home/aiv/ev_ws/perception/install/cluster_splitter/lib:/usr/lib/x86_64-linux-gnu/gazebo-11/plugins:/opt/ros/humble/opt/rviz_ogre_vendor/lib:/opt/ros/humble/lib/x86_64-linux-gnu:/opt/ros/humble/lib:/usr/local/cuda-12.6/lib64'), ('HOME', '/home/aiv'), ('CHROME_DESKTOP', 'code.desktop'), ('OLDPWD', '/home/aiv/ev_ws'), ('TERM_PROGRAM_VERSION', '1.109.2'), ('DESKTOP_SESSION', 'ubuntu'), ('NVM_BIN', '/home/aiv/.nvm/versions/node/v24.13.1/bin'), ('NVM_INC', '/home/aiv/.nvm/versions/node/v24.13.1/include/node'), ('GIO_LAUNCHED_DESKTOP_FILE', '/usr/share/applications/code.desktop'), ('ROS_PYTHON_VERSION', '3'), ('GNOME_SHELL_SESSION_MODE', 'ubuntu'), ('GTK_MODULES', 'gail:atk-bridge'), ('VSCODE_GIT_ASKPASS_MAIN', '/usr/share/code/resources/app/extensions/git/dist/askpass-main.js'), ('LC_MONETARY', 'ko_KR.UTF-8'), ('VSCODE_GIT_ASKPASS_NODE', '/usr/share/code/code'), ('MANAGERPID', '1839'), ('PYDEVD_DISABLE_FILE_VALIDATION', '1'), ('SYSTEMD_EXEC_PID', '2596'), ('BUNDLED_DEBUGPY_PATH', '/home/aiv/.vscode/extensions/ms-python.debugpy-2025.18.0-linux-x64/bundled/libs/debugpy'), ('VSCODE_PYTHON_AUTOACTIVATE_GUARD', '1'), ('DBUS_SESSION_BUS_ADDRESS', 'unix:path=/run/user/1000/bus'), ('COLORTERM', 'truecolor'), ('GIO_LAUNCHED_DESKTOP_FILE_PID', '6578'), ('NVM_DIR', '/home/aiv/.nvm'), ('COLCON_PREFIX_PATH', '/home/aiv/ev_ws/perception/install:/home/aiv/ev_ws/carsa_gazebo/install:/home/aiv/ev_ws/erp42_ros/install'), ('ROS_DISTRO', 'humble'), ('GTK_IM_MODULE', 'ibus'), ('LOGNAME', 'aiv'), ('JOURNAL_STREAM', '8:14626'), ('_', '/usr/bin/colcon'), ('ROS_VERSION', '2'), ('CLAUDE_CODE_SSE_PORT', '64650'), ('XDG_SESSION_CLASS', 'user'), ('USERNAME', 'aiv'), ('TERM', 'xterm-256color'), ('GNOME_DESKTOP_SESSION_ID', 'this-is-deprecated'), ('FC_FONTATIONS', '1'), ('ROS_LOCALHOST_ONLY', '0'), ('WINDOWPATH', '2'), ('PATH', '/usr/local/cuda-12.6/bin:/home/aiv/.local/bin:/usr/local/cuda-12.6/bin:/home/aiv/.local/bin:/opt/ros/humble/bin:/home/aiv/.nvm/versions/node/v24.13.1/bin:/usr/local/cuda-12.6/bin:/usr/local/sbin:/usr/local/bin:/usr/sbin:/usr/bin:/sbin:/bin:/usr/games:/usr/local/games:/snap/bin:/snap/bin:/home/aiv/.vscode/extensions/ms-python.debugpy-2025.18.0-linux-x64/bundled/scripts/noConfigScripts'), ('SESSION_MANAGER', 'local/aiv:@/tmp/.ICE-unix/2567,unix/aiv:/tmp/.ICE-unix/2567'), ('INVOCATION_ID', '0568b3f95aa24871a61c02a9dcac9b80'), ('XDG_MENU_PREFIX', 'gnome-'), ('LC_ADDRESS', 'ko_KR.UTF-8'), ('XDG_RUNTIME_DIR', '/run/user/1000'), ('GDK_BACKEND', 'x11'), ('DISPLAY', ':1'), ('VSCODE_DEBUGPY_ADAPTER_ENDPOINTS', '/home/aiv/.vscode/extensions/ms-python.debugpy-2025.18.0-linux-x64/.noConfigDebugAdapterEndpoints/endpoint-46563bbf624c3cef.txt'), ('LANG', 'en_US.UTF-8'), ('XDG_CURRENT_DESKTOP', 'ubuntu:GNOME'), ('PYTHONSTARTUP', '/home/aiv/.config/Code/User/workspaceStorage/9d75279b595d34a0fd4ce4d24c8f3c60/ms-python.python/pythonrc.py'), ('LC_TELEPHONE', 'ko_KR.UTF-8'), ('XMODIFIERS', '@im=ibus'), ('XDG_SESSION_DESKTOP', 'ubuntu'), ('XAUTHORITY', '/run/user/1000/gdm/Xauthority'), ('VSCODE_GIT_IPC_HANDLE', '/run/user/1000/vscode-git-84c9dd9eb3.sock'), ('TERM_PROGRAM', 'vscode'), ('SSH_AGENT_LAUNCHER', 'gnome-keyring'), ('SSH_AUTH_SOCK', '/run/user/1000/keyring/ssh'), ('AMENT_PREFIX_PATH', '/home/aiv/ev_ws/carsa_gazebo/install/carsa_gazebo:/home/aiv/ev_ws/erp42_ros/install/erp42_serial:/home/aiv/ev_ws/erp42_ros/install/erp42_rqt_plugin:/home/aiv/ev_ws/erp42_ros/install/erp42_gazebo:/home/aiv/ev_ws/erp42_ros/install/erp42_util:/home/aiv/ev_ws/erp42_ros/install/erp42_msgs:/home/aiv/ev_ws/erp42_ros/install/erp42_description:/home/aiv/ev_ws/erp42_ros/install/erp42_cmake:/home/aiv/ev_ws/perception/install/velodyne:/home/aiv/ev_ws/perception/install/lidar_launch:/home/aiv/ev_ws/perception/install/velodyne_pointcloud:/home/aiv/ev_ws/perception/install/velodyne_driver:/home/aiv/ev_ws/perception/install/velodyne_msgs:/home/aiv/ev_ws/perception/install/velodyne_laserscan:/home/aiv/ev_ws/perception/install/velodyne_cropbox:/home/aiv/ev_ws/perception/install/patchworkpp:/home/aiv/ev_ws/perception/install/lidar_voxel_grid:/home/aiv/ev_ws/perception/install/lidar_interfaces:/home/aiv/ev_ws/perception/install/dbscan_clustering:/home/aiv/ev_ws/perception/install/cluster_splitter:/opt/ros/humble'), ('SHELL', '/bin/bash'), ('LC_NAME', 'ko_KR.UTF-8'), ('QT_ACCESSIBILITY', '1'), ('GDMSESSION', 'ubuntu'), ('LC_MEASUREMENT', 'ko_KR.UTF-8'), ('GPG_AGENT_INFO', '/run/user/1000/gnupg/S.gpg-agent:0:1'), ('GJS_DEBUG_OUTPUT', 'stderr'), ('LC_IDENTIFICATION', 'ko_KR.UTF-8'), ('VSCODE_GIT_ASKPASS_EXTRA_ARGS', ''), ('QT_IM_MODULE', 'ibus'), ('PWD', '/home/aiv/ev_ws/planning/build/track_msgs'), ('LC_ALL', 'en_US.UTF-8'), ('XDG_CONFIG_DIRS', '/etc/xdg/xdg-ubuntu:/etc/xdg'), ('NVM_CD_FLAGS', ''), ('XDG_DATA_DIRS', '/usr/share/ubuntu:/usr/share/gnome:/usr/local/share/:/usr/share/:/var/lib/snapd/desktop'), ('PYTHONPATH', '/home/aiv/ev_ws/erp42_ros/install/erp42_msgs/local/lib/python3.10/dist-packages:/home/aiv/ev_ws/perception/install/velodyne_msgs/local/lib/python3.10/dist-packages:/home/aiv/ev_ws/perception/install/lidar_interfaces/local/lib/python3.10/dist-packages:/opt/ros/humble/lib/python3.10/site-packages:/opt/ros/humble/local/lib/python3.10/dist-packages'), ('LC_NUMERIC', 'ko_KR.UTF-8'), ('LC_PAPER', 'ko_KR.UTF-8'), ('COLCON', '1'), ('EDITOR', 'code --wait'), ('CMAKE_PREFIX_PATH', '/home/aiv/ev_ws/carsa_gazebo/install/carsa_gazebo:/home/aiv/ev_ws/erp42_ros/install/erp42_serial:/home/aiv/ev_ws/erp42_ros/install/erp42_rqt_plugin:/home/aiv/ev_ws/erp42_ros/install/erp42_gazebo:/home/aiv/ev_ws/erp42_ros/install/erp42_util:/home/aiv/ev_ws/erp42_ros/install/erp42_msgs:/home/aiv/ev_ws/erp42_ros/install/erp42_description:/home/aiv/ev_ws/erp42_ros/install/erp42_cmake:/home/aiv/ev_ws/perception/install/velodyne:/home/aiv/ev_ws/perception/install/lidar_launch:/home/aiv/ev_ws/perception/install/velodyne_pointcloud:/home/aiv/ev_ws/perception/install/velodyne_driver:/home/aiv/ev_ws/perception/install/velodyne_msgs:/home/aiv/ev_ws/perception/install/velodyne_laserscan:/home/aiv/ev_ws/perception/install/velodyne_cropbox:/home/aiv/ev_ws/perception/install/patchworkpp:/home/aiv/ev_ws/perception/install/lidar_voxel_grid:/home/aiv/ev_ws/perception/install/lidar_interfaces:/home/aiv/ev_ws/perception/install/dbscan_clustering:/home/aiv/ev_ws/perception/install/cluster_splitter:/opt/ros/humble')]), 'shell': False}
[0.047761] (track_msgs) StdoutLine: {'line': b'-- The C compiler identification is GNU 11.4.0\n'}
[0.080920] (track_msgs) StdoutLine: {'line': b'-- The CXX compiler identification is GNU 11.4.0\n'}
[0.085257] (track_msgs) StdoutLine: {'line': b'-- Detecting C compiler ABI info\n'}
[0.099785] (-) TimerEvent: {}
[0.128598] (track_msgs) StdoutLine: {'line': b'-- Detecting C compiler ABI info - done\n'}
[0.133499] (track_msgs) StdoutLine: {'line': b'-- Check for working C compiler: /usr/bin/cc - skipped\n'}
[0.133626] (track_msgs) StdoutLine: {'line': b'-- Detecting C compile features\n'}
[0.133775] (track_msgs) StdoutLine: {'line': b'-- Detecting C compile features - done\n'}
[0.135424] (track_msgs) StdoutLine: {'line': b'-- Detecting CXX compiler ABI info\n'}
[0.189850] (track_msgs) StdoutLine: {'line': b'-- Detecting CXX compiler ABI info - done\n'}
[0.193994] (track_msgs) StdoutLine: {'line': b'-- Check for working CXX compiler: /usr/bin/c++ - skipped\n'}
[0.194101] (track_msgs) StdoutLine: {'line': b'-- Detecting CXX compile features\n'}
[0.194360] (track_msgs) StdoutLine: {'line': b'-- Detecting CXX compile features - done\n'}
[0.196086] (track_msgs) StdoutLine: {'line': b'-- Found ament_cmake: 1.3.12 (/opt/ros/humble/share/ament_cmake/cmake)\n'}
[0.199841] (-) TimerEvent: {}
[0.292838] (track_msgs) StdoutLine: {'line': b'-- Found Python3: /usr/bin/python3 (found version "3.10.12") found components: Interpreter \n'}
[0.299929] (-) TimerEvent: {}
[0.334767] (track_msgs) StdoutLine: {'line': b'-- Override CMake install command with custom implementation using symlinks instead of copying resources\n'}
[0.358754] (track_msgs) StdoutLine: {'line': b'-- Found rosidl_default_generators: 1.2.0 (/opt/ros/humble/share/rosidl_default_generators/cmake)\n'}
[0.361870] (track_msgs) StdoutLine: {'line': b'-- Using all available rosidl_typesupport_c: rosidl_typesupport_fastrtps_c;rosidl_typesupport_introspection_c\n'}
[0.366671] (track_msgs) StdoutLine: {'line': b'-- Found rosidl_adapter: 3.1.8 (/opt/ros/humble/share/rosidl_adapter/cmake)\n'}
[0.392622] (track_msgs) StdoutLine: {'line': b'-- Using all available rosidl_typesupport_cpp: rosidl_typesupport_fastrtps_cpp;rosidl_typesupport_introspection_cpp\n'}
[0.400119] (-) TimerEvent: {}
[0.412396] (track_msgs) StdoutLine: {'line': b'-- Found geometry_msgs: 4.9.0 (/opt/ros/humble/share/geometry_msgs/cmake)\n'}
[0.500269] (-) TimerEvent: {}
[0.600489] (-) TimerEvent: {}
[0.609917] (track_msgs) StdoutLine: {'line': b'-- Found ament_cmake_ros: 0.10.0 (/opt/ros/humble/share/ament_cmake_ros/cmake)\n'}
[0.700575] (-) TimerEvent: {}
[0.754004] (track_msgs) StdoutLine: {'line': b'-- Using all available rosidl_typesupport_c: rosidl_typesupport_fastrtps_c;rosidl_typesupport_introspection_c\n'}
[0.800662] (-) TimerEvent: {}
[0.901041] (-) TimerEvent: {}
[0.938524] (track_msgs) StdoutLine: {'line': b'-- Using all available rosidl_typesupport_cpp: rosidl_typesupport_fastrtps_cpp;rosidl_typesupport_introspection_cpp\n'}
[0.951610] (track_msgs) StdoutLine: {'line': b'-- Found PythonInterp: /usr/bin/python3 (found suitable version "3.10.12", minimum required is "3.6") \n'}
[0.953026] (track_msgs) StdoutLine: {'line': b'-- Found python_cmake_module: 0.10.0 (/opt/ros/humble/share/python_cmake_module/cmake)\n'}
[0.972134] (track_msgs) StdoutLine: {'line': b'-- Found PythonLibs: /usr/lib/x86_64-linux-gnu/libpython3.10.so (found suitable version "3.10.12", minimum required is "3.5") \n'}
[0.972210] (track_msgs) StdoutLine: {'line': b'-- Using PYTHON_EXECUTABLE: /usr/bin/python3\n'}
[0.972261] (track_msgs) StdoutLine: {'line': b'-- Using PYTHON_INCLUDE_DIRS: /usr/include/python3.10\n'}
[0.972311] (track_msgs) StdoutLine: {'line': b'-- Using PYTHON_LIBRARIES: /usr/lib/x86_64-linux-gnu/libpython3.10.so\n'}
[0.984061] (track_msgs) StdoutLine: {'line': b'-- Found PythonExtra: .so  \n'}
[1.001104] (-) TimerEvent: {}
[1.022921] (track_msgs) StdoutLine: {'line': b'-- Found ament_lint_auto: 0.12.14 (/opt/ros/humble/share/ament_lint_auto/cmake)\n'}
[1.036380] (track_msgs) StdoutLine: {'line': b"-- Added test 'lint_cmake' to check CMake code style\n"}
[1.036868] (track_msgs) StdoutLine: {'line': b"-- Added test 'xmllint' to check XML markup files\n"}
[1.038566] (track_msgs) StdoutLine: {'line': b'-- Configuring done\n'}
[1.058653] (track_msgs) StdoutLine: {'line': b'-- Generating done\n'}
[1.064601] (track_msgs) StdoutLine: {'line': b'-- Build files have been written to: /home/aiv/ev_ws/planning/build/track_msgs\n'}
[1.069637] (track_msgs) CommandEnded: {'returncode': 0}
[1.070018] (track_msgs) JobProgress: {'identifier': 'track_msgs', 'progress': 'build'}
[1.070602] (track_msgs) Command: {'cmd': ['/usr/bin/cmake', '--build', '/home/aiv/ev_ws/planning/build/track_msgs', '--', '-j28', '-l28'], 'cwd': '/home/aiv/ev_ws/planning/build/track_msgs', 'env': OrderedDict([('GJS_DEBUG_TOPICS', 'JS ERROR;JS LOG'), ('PYTHON_BASIC_REPL', '1'), ('USER', 'aiv'), ('LC_TIME', 'ko_KR.UTF-8'), ('XDG_SESSION_TYPE', 'x11'), ('GIT_ASKPASS', '/usr/share/code/resources/app/extensions/git/dist/askpass.sh'), ('SHLVL', '1'), ('LD_LIBRARY_PATH', '/usr/local/cuda-12.6/lib64:/usr/local/cuda-12.6/lib64:/home/aiv/ev_ws/erp42_ros/install/erp42_serial/lib:/home/aiv/ev_ws/erp42_ros/install/erp42_rqt_plugin/lib:/home/aiv/ev_ws/erp42_ros/install/erp42_gazebo/lib:/home/aiv/ev_ws/erp42_ros/install/erp42_util/lib:/home/aiv/ev_ws/erp42_ros/install/erp42_msgs/lib:/home/aiv/ev_ws/perception/install/velodyne_pointcloud/lib:/home/aiv/ev_ws/perception/install/velodyne_driver/lib:/home/aiv/ev_ws/perception/install/velodyne_msgs/lib:/home/aiv/ev_ws/perception/install/velodyne_laserscan/lib:/home/aiv/ev_ws/perception/install/velodyne_cropbox/lib:/home/aiv/ev_ws/perception/install/patchworkpp/lib:/home/aiv/ev_ws/perception/install/lidar_voxel_grid/lib:/home/aiv/ev_ws/perception/install/lidar_interfaces/lib:/home/aiv/ev_ws/perception/install/dbscan_clustering/lib:/home/aiv/ev_ws/perception/install/cluster_splitter/lib:/usr/lib/x86_64-linux-gnu/gazebo-11/plugins:/opt/ros/humble/opt/rviz_ogre_vendor/lib:/opt/ros/humble/lib/x86_64-linux-gnu:/opt/ros/humble/lib:/usr/local/cuda-12.6/lib64'), ('HOME', '/home/aiv'), ('CHROME_DESKTOP', 'code.desktop'), ('OLDPWD', '/home/aiv/ev_ws'), ('TERM_PROGRAM_VERSION', '1.109.2'), ('DESKTOP_SESSION', 'ubuntu'), ('NVM_BIN', '/home/aiv/.nvm/versions/node/v24.13.1/bin'), ('NVM_INC', '/home/aiv/.nvm/versions/node/v24.13.1/include/node'), ('GIO_LAUNCHED_DESKTOP_FILE', '/usr/share/applications/code.desktop'), ('ROS_PYTHON_VERSION', '3'), ('GNOME_SHELL_SESSION_MODE', 'ubuntu'), ('GTK_MODULES', 'gail:atk-bridge'), ('VSCODE_GIT_ASKPASS_MAIN', '/usr/share/code/resources/app/extensions/git/dist/askpass-main.js'), ('LC_MONETARY', 'ko_KR.UTF-8'), ('VSCODE_GIT_ASKPASS_NODE', '/usr/share/code/code'), ('MANAGERPID', '1839'), ('PYDEVD_DISABLE_FILE_VALIDATION', '1'), ('SYSTEMD_EXEC_PID', '2596'), ('BUNDLED_DEBUGPY_PATH', '/home/aiv/.vscode/extensions/ms-python.debugpy-2025.18.0-linux-x64/bundled/libs/debugpy'), ('VSCODE_PYTHON_AUTOACTIVATE_GUARD', '1'), ('DBUS_SESSION_BUS_ADDRESS', 'unix:path=/run/user/1000/bus'), ('COLORTERM', 'truecolor'), ('GIO_LAUNCHED_DESKTOP_FILE_PID', '6578'), ('NVM_DIR', '/home/aiv/.nvm'), ('COLCON_PREFIX_PATH', '/home/aiv/ev_ws/perception/install:/home/aiv/ev_ws/carsa_gazebo/install:/home/aiv/ev_ws/erp42_ros/install'), ('ROS_DISTRO', 'humble'), ('GTK_IM_MODULE', 'ibus'), ('LOGNAME', 'aiv'), ('JOURNAL_STREAM', '8:14626'), ('_', '/usr/bin/colcon'), ('ROS_VERSION', '2'), ('CLAUDE_CODE_SSE_PORT', '64650'), ('XDG_SESSION_CLASS', 'user'), ('USERNAME', 'aiv'), ('TERM', 'xterm-256color'), ('GNOME_DESKTOP_SESSION_ID', 'this-is-deprecated'), ('FC_FONTATIONS', '1'), ('ROS_LOCALHOST_ONLY', '0'), ('WINDOWPATH', '2'), ('PATH', '/usr/local/cuda-12.6/bin:/home/aiv/.local/bin:/usr/local/cuda-12.6/bin:/home/aiv/.local/bin:/opt/ros/humble/bin:/home/aiv/.nvm/versions/node/v24.13.1/bin:/usr/local/cuda-12.6/bin:/usr/local/sbin:/usr/local/bin:/usr/sbin:/usr/bin:/sbin:/bin:/usr/games:/usr/local/games:/snap/bin:/snap/bin:/home/aiv/.vscode/extensions/ms-python.debugpy-2025.18.0-linux-x64/bundled/scripts/noConfigScripts'), ('SESSION_MANAGER', 'local/aiv:@/tmp/.ICE-unix/2567,unix/aiv:/tmp/.ICE-unix/2567'), ('INVOCATION_ID', '0568b3f95aa24871a61c02a9dcac9b80'), ('XDG_MENU_PREFIX', 'gnome-'), ('LC_ADDRESS', 'ko_KR.UTF-8'), ('XDG_RUNTIME_DIR', '/run/user/1000'), ('GDK_BACKEND', 'x11'), ('DISPLAY', ':1'), ('VSCODE_DEBUGPY_ADAPTER_ENDPOINTS', '/home/aiv/.vscode/extensions/ms-python.debugpy-2025.18.0-linux-x64/.noConfigDebugAdapterEndpoints/endpoint-46563bbf624c3cef.txt'), ('LANG', 'en_US.UTF-8'), ('XDG_CURRENT_DESKTOP', 'ubuntu:GNOME'), ('PYTHONSTARTUP', '/home/aiv/.config/Code/User/workspaceStorage/9d75279b595d34a0fd4ce4d24c8f3c60/ms-python.python/pythonrc.py'), ('LC_TELEPHONE', 'ko_KR.UTF-8'), ('XMODIFIERS', '@im=ibus'), ('XDG_SESSION_DESKTOP', 'ubuntu'), ('XAUTHORITY', '/run/user/1000/gdm/Xauthority'), ('VSCODE_GIT_IPC_HANDLE', '/run/user/1000/vscode-git-84c9dd9eb3.sock'), ('TERM_PROGRAM', 'vscode'), ('SSH_AGENT_LAUNCHER', 'gnome-keyring'), ('SSH_AUTH_SOCK', '/run/user/1000/keyring/ssh'), ('AMENT_PREFIX_PATH', '/home/aiv/ev_ws/carsa_gazebo/install/carsa_gazebo:/home/aiv/ev_ws/erp42_ros/install/erp42_serial:/home/aiv/ev_ws/erp42_ros/install/erp42_rqt_plugin:/home/aiv/ev_ws/erp42_ros/install/erp42_gazebo:/home/aiv/ev_ws/erp42_ros/install/erp42_util:/home/aiv/ev_ws/erp42_ros/install/erp42_msgs:/home/aiv/ev_ws/erp42_ros/install/erp42_description:/home/aiv/ev_ws/erp42_ros/install/erp42_cmake:/home/aiv/ev_ws/perception/install/velodyne:/home/aiv/ev_ws/perception/install/lidar_launch:/home/aiv/ev_ws/perception/install/velodyne_pointcloud:/home/aiv/ev_ws/perception/install/velodyne_driver:/home/aiv/ev_ws/perception/install/velodyne_msgs:/home/aiv/ev_ws/perception/install/velodyne_laserscan:/home/aiv/ev_ws/perception/install/velodyne_cropbox:/home/aiv/ev_ws/perception/install/patchworkpp:/home/aiv/ev_ws/perception/install/lidar_voxel_grid:/home/aiv/ev_ws/perception/install/lidar_interfaces:/home/aiv/ev_ws/perception/install/dbscan_clustering:/home/aiv/ev_ws/perception/install/cluster_splitter:/opt/ros/humble'), ('SHELL', '/bin/bash'), ('LC_NAME', 'ko_KR.UTF-8'), ('QT_ACCESSIBILITY', '1'), ('GDMSESSION', 'ubuntu'), ('LC_MEASUREMENT', 'ko_KR.UTF-8'), ('GPG_AGENT_INFO', '/run/user/1000/gnupg/S.gpg-agent:0:1'), ('GJS_DEBUG_OUTPUT', 'stderr'), ('LC_IDENTIFICATION', 'ko_KR.UTF-8'), ('VSCODE_GIT_ASKPASS_EXTRA_ARGS', ''), ('QT_IM_MODULE', 'ibus'), ('PWD', '/home/aiv/ev_ws/planning/build/track_msgs'), ('LC_ALL', 'en_US.UTF-8'), ('XDG_CONFIG_DIRS', '/etc/xdg/xdg-ubuntu:/etc/xdg'), ('NVM_CD_FLAGS', ''), ('XDG_DATA_DIRS', '/usr/share/ubuntu:/usr/share/gnome:/usr/local/share/:/usr/share/:/var/lib/snapd/desktop'), ('PYTHONPATH', '/home/aiv/ev_ws/erp42_ros/install/erp42_msgs/local/lib/python3.10/dist-packages:/home/aiv/ev_ws/perception/install/velodyne_msgs/local/lib/python3.10/dist-packages:/home/aiv/ev_ws/perception/install/lidar_interfaces/local/lib/python3.10/dist-packages:/opt/ros/humble/lib/python3.10/site-packages:/opt/ros/humble/local/lib/python3.10/dist-packages'), ('LC_NUMERIC', 'ko_KR.UTF-8'), ('LC_PAPER', 'ko_KR.UTF-8'), ('COLCON', '1'), ('EDITOR', 'code --wait'), ('CMAKE_PREFIX_PATH', '/home/aiv/ev_ws/carsa_gazebo/install/carsa_gazebo:/home/aiv/ev_ws/erp42_ros/install/erp42_serial:/home/aiv/ev_ws/erp42_ros/install/erp42_rqt_plugin:/home/aiv/ev_ws/erp42_ros/install/erp42_gazebo:/home/aiv/ev_ws/erp42_ros/install/erp42_util:/home/aiv/ev_ws/erp42_ros/install/erp42_msgs:/home/aiv/ev_ws/erp42_ros/install/erp42_description:/home/aiv/ev_ws/erp42_ros/install/erp42_cmake:/home/aiv/ev_ws/perception/install/velodyne:/home/aiv/ev_ws/perception/install/lidar_launch:/home/aiv/ev_ws/perception/install/velodyne_pointcloud:/home/aiv/ev_ws/perception/install/velodyne_driver:/home/aiv/ev_ws/perception/install/velodyne_msgs:/home/aiv/ev_ws/perception/install/velodyne_laserscan:/home/aiv/ev_ws/perception/install/velodyne_cropbox:/home/aiv/ev_ws/perception/install/patchworkpp:/home/aiv/ev_ws/perception/install/lidar_voxel_grid:/home/aiv/ev_ws/perception/install/lidar_interfaces:/home/aiv/ev_ws/perception/install/dbscan_clustering:/home/aiv/ev_ws/perception/install/cluster_splitter:/opt/ros/humble')]), 'shell': False}
[1.098923] (track_msgs) StdoutLine: {'line': b'[  1%] \x1b[34m\x1b[1mGenerating C code for ROS interfaces\x1b[0m\n'}
[1.101178] (-) TimerEvent: {}
[1.107183] (track_msgs) StdoutLine: {'line': b'[  2%] \x1b[34m\x1b[1mGenerating C++ code for ROS interfaces\x1b[0m\n'}
[1.108786] (track_msgs) StdoutLine: {'line': b'[  2%] Built target ament_cmake_python_symlink_track_msgs\n'}
[1.201257] (-) TimerEvent: {}
[1.237968] (track_msgs) StdoutLine: {'line': b'running egg_info\n'}
[1.238250] (track_msgs) StdoutLine: {'line': b'creating track_msgs.egg-info\n'}
[1.238336] (track_msgs) StdoutLine: {'line': b'writing track_msgs.egg-info/PKG-INFO\n'}
[1.238415] (track_msgs) StdoutLine: {'line': b'writing dependency_links to track_msgs.egg-info/dependency_links.txt\n'}
[1.238475] (track_msgs) StdoutLine: {'line': b'writing top-level names to track_msgs.egg-info/top_level.txt\n'}
[1.238573] (track_msgs) StdoutLine: {'line': b"writing manifest file 'track_msgs.egg-info/SOURCES.txt'\n"}
[1.239959] (track_msgs) StdoutLine: {'line': b"reading manifest file 'track_msgs.egg-info/SOURCES.txt'\n"}
[1.240210] (track_msgs) StdoutLine: {'line': b"writing manifest file 'track_msgs.egg-info/SOURCES.txt'\n"}
[1.257363] (track_msgs) StdoutLine: {'line': b'[  2%] Built target ament_cmake_python_build_track_msgs_egg\n'}
[1.301346] (-) TimerEvent: {}
[1.401525] (-) TimerEvent: {}
[1.501704] (-) TimerEvent: {}
[1.601903] (-) TimerEvent: {}
[1.702135] (-) TimerEvent: {}
[1.716352] (track_msgs) StdoutLine: {'line': b'[  3%] \x1b[32mBuilding C object CMakeFiles/track_msgs__rosidl_generator_c.dir/rosidl_generator_c/track_msgs/msg/detail/lane_boundary__functions.c.o\x1b[0m\n'}
[1.716570] (track_msgs) StdoutLine: {'line': b'[  4%] \x1b[32mBuilding C object CMakeFiles/track_msgs__rosidl_generator_c.dir/rosidl_generator_c/track_msgs/msg/detail/cone_array__functions.c.o\x1b[0m\n'}
[1.716753] (track_msgs) StdoutLine: {'line': b'[  5%] \x1b[32mBuilding C object CMakeFiles/track_msgs__rosidl_generator_c.dir/rosidl_generator_c/track_msgs/msg/detail/cone__functions.c.o\x1b[0m\n'}
[1.717127] (track_msgs) StdoutLine: {'line': b'[  6%] \x1b[32mBuilding C object CMakeFiles/track_msgs__rosidl_generator_c.dir/rosidl_generator_c/track_msgs/msg/detail/system_state__functions.c.o\x1b[0m\n'}
[1.717298] (track_msgs) StdoutLine: {'line': b'[  8%] \x1b[32mBuilding C object CMakeFiles/track_msgs__rosidl_generator_c.dir/rosidl_generator_c/track_msgs/msg/detail/lane_boundary_array__functions.c.o\x1b[0m\n'}
[1.717926] (track_msgs) StdoutLine: {'line': b'[  9%] \x1b[32mBuilding C object CMakeFiles/track_msgs__rosidl_generator_c.dir/rosidl_generator_c/track_msgs/msg/detail/obstacle_array__functions.c.o\x1b[0m\n'}
[1.718037] (track_msgs) StdoutLine: {'line': b'[ 10%] \x1b[32mBuilding C object CMakeFiles/track_msgs__rosidl_generator_c.dir/rosidl_generator_c/track_msgs/msg/detail/obstacle__functions.c.o\x1b[0m\n'}
[1.718316] (track_msgs) StdoutLine: {'line': b'[ 11%] \x1b[32mBuilding C object CMakeFiles/track_msgs__rosidl_generator_c.dir/rosidl_generator_c/track_msgs/msg/detail/planner_status__functions.c.o\x1b[0m\n'}
[1.718439] (track_msgs) StdoutLine: {'line': b'[ 11%] Built target track_msgs__cpp\n'}
[1.725157] (track_msgs) StdoutLine: {'line': b'[ 13%] \x1b[34m\x1b[1mGenerating C++ type support for eProsima Fast-RTPS\x1b[0m\n'}
[1.725370] (track_msgs) StdoutLine: {'line': b'[ 13%] \x1b[34m\x1b[1mGenerating C++ introspection for ROS interfaces\x1b[0m\n'}
[1.725438] (track_msgs) StdoutLine: {'line': b'[ 14%] \x1b[34m\x1b[1mGenerating C++ type support dispatch for ROS interfaces\x1b[0m\n'}
[1.756476] (track_msgs) StdoutLine: {'line': b'[ 16%] \x1b[32m\x1b[1mLinking C shared library libtrack_msgs__rosidl_generator_c.so\x1b[0m\n'}
[1.782666] (track_msgs) StdoutLine: {'line': b'[ 16%] Built target track_msgs__rosidl_generator_c\n'}
[1.789756] (track_msgs) StdoutLine: {'line': b'[ 17%] \x1b[34m\x1b[1mGenerating C introspection for ROS interfaces\x1b[0m\n'}
[1.789915] (track_msgs) StdoutLine: {'line': b'[ 18%] \x1b[34m\x1b[1mGenerating C type support for eProsima Fast-RTPS\x1b[0m\n'}
[1.790898] (track_msgs) StdoutLine: {'line': b'[ 19%] \x1b[34m\x1b[1mGenerating C type support dispatch for ROS interfaces\x1b[0m\n'}
[1.802210] (-) TimerEvent: {}
[1.902470] (-) TimerEvent: {}
[2.002687] (-) TimerEvent: {}
[2.102944] (-) TimerEvent: {}
[2.203165] (-) TimerEvent: {}
[2.234679] (track_msgs) StdoutLine: {'line': b'[ 20%] \x1b[32mBuilding CXX object CMakeFiles/track_msgs__rosidl_typesupport_cpp.dir/rosidl_typesupport_cpp/track_msgs/msg/cone__type_support.cpp.o\x1b[0m\n'}
[2.235077] (track_msgs) StdoutLine: {'line': b'[ 21%] \x1b[32mBuilding CXX object CMakeFiles/track_msgs__rosidl_typesupport_cpp.dir/rosidl_typesupport_cpp/track_msgs/msg/obstacle_array__type_support.cpp.o\x1b[0m\n'}
[2.236117] (track_msgs) StdoutLine: {'line': b'[ 22%] \x1b[32mBuilding CXX object CMakeFiles/track_msgs__rosidl_typesupport_cpp.dir/rosidl_typesupport_cpp/track_msgs/msg/lane_boundary__type_support.cpp.o\x1b[0m\n'}
[2.236242] (track_msgs) StdoutLine: {'line': b'[ 24%] \x1b[32mBuilding CXX object CMakeFiles/track_msgs__rosidl_typesupport_cpp.dir/rosidl_typesupport_cpp/track_msgs/msg/lane_boundary_array__type_support.cpp.o\x1b[0m\n'}
[2.236569] (track_msgs) StdoutLine: {'line': b'[ 25%] \x1b[32mBuilding CXX object CMakeFiles/track_msgs__rosidl_typesupport_cpp.dir/rosidl_typesupport_cpp/track_msgs/msg/cone_array__type_support.cpp.o\x1b[0m\n'}
[2.236999] (track_msgs) StdoutLine: {'line': b'[ 26%] \x1b[32mBuilding CXX object CMakeFiles/track_msgs__rosidl_typesupport_cpp.dir/rosidl_typesupport_cpp/track_msgs/msg/obstacle__type_support.cpp.o\x1b[0m\n'}
[2.237104] (track_msgs) StdoutLine: {'line': b'[ 27%] \x1b[32mBuilding CXX object CMakeFiles/track_msgs__rosidl_typesupport_cpp.dir/rosidl_typesupport_cpp/track_msgs/msg/planner_status__type_support.cpp.o\x1b[0m\n'}
[2.237186] (track_msgs) StdoutLine: {'line': b'[ 28%] \x1b[32mBuilding CXX object CMakeFiles/track_msgs__rosidl_typesupport_cpp.dir/rosidl_typesupport_cpp/track_msgs/msg/system_state__type_support.cpp.o\x1b[0m\n'}
[2.282223] (track_msgs) StdoutLine: {'line': b'[ 31%] \x1b[32mBuilding CXX object CMakeFiles/track_msgs__rosidl_typesupport_introspection_cpp.dir/rosidl_typesupport_introspection_cpp/track_msgs/msg/detail/planner_status__type_support.cpp.o\x1b[0m\n'}
[2.282483] (track_msgs) StdoutLine: {'line': b'[ 31%] \x1b[32mBuilding CXX object CMakeFiles/track_msgs__rosidl_typesupport_introspection_cpp.dir/rosidl_typesupport_introspection_cpp/track_msgs/msg/detail/obstacle_array__type_support.cpp.o\x1b[0m\n'}
[2.282597] (track_msgs) StdoutLine: {'line': b'[ 32%] \x1b[32mBuilding CXX object CMakeFiles/track_msgs__rosidl_typesupport_introspection_cpp.dir/rosidl_typesupport_introspection_cpp/track_msgs/msg/detail/cone_array__type_support.cpp.o\x1b[0m\n'}
[2.282661] (track_msgs) StdoutLine: {'line': b'[ 34%] \x1b[32mBuilding CXX object CMakeFiles/track_msgs__rosidl_typesupport_introspection_cpp.dir/rosidl_typesupport_introspection_cpp/track_msgs/msg/detail/lane_boundary__type_support.cpp.o\x1b[0m\n'}
[2.282755] (track_msgs) StdoutLine: {'line': b'[ 34%] \x1b[32mBuilding CXX object CMakeFiles/track_msgs__rosidl_typesupport_introspection_cpp.dir/rosidl_typesupport_introspection_cpp/track_msgs/msg/detail/cone__type_support.cpp.o\x1b[0m\n'}
[2.282818] (track_msgs) StdoutLine: {'line': b'[ 35%] \x1b[32mBuilding CXX object CMakeFiles/track_msgs__rosidl_typesupport_introspection_cpp.dir/rosidl_typesupport_introspection_cpp/track_msgs/msg/detail/obstacle__type_support.cpp.o\x1b[0m\n'}
[2.282876] (track_msgs) StdoutLine: {'line': b'[ 36%] \x1b[32mBuilding CXX object CMakeFiles/track_msgs__rosidl_typesupport_introspection_cpp.dir/rosidl_typesupport_introspection_cpp/track_msgs/msg/detail/lane_boundary_array__type_support.cpp.o\x1b[0m\n'}
[2.283533] (track_msgs) StdoutLine: {'line': b'[ 37%] \x1b[32mBuilding CXX object CMakeFiles/track_msgs__rosidl_typesupport_introspection_cpp.dir/rosidl_typesupport_introspection_cpp/track_msgs/msg/detail/system_state__type_support.cpp.o\x1b[0m\n'}
[2.304610] (-) TimerEvent: {}
[2.335164] (track_msgs) StdoutLine: {'line': b'[ 42%] \x1b[32mBuilding CXX object CMakeFiles/track_msgs__rosidl_typesupport_fastrtps_cpp.dir/rosidl_typesupport_fastrtps_cpp/track_msgs/msg/detail/dds_fastrtps/obstacle__type_support.cpp.o\x1b[0m\n'}
[2.335327] (track_msgs) StdoutLine: {'line': b'[ 42%] \x1b[32mBuilding CXX object CMakeFiles/track_msgs__rosidl_typesupport_fastrtps_cpp.dir/rosidl_typesupport_fastrtps_cpp/track_msgs/msg/detail/dds_fastrtps/lane_boundary__type_support.cpp.o\x1b[0m\n'}
[2.335377] (track_msgs) StdoutLine: {'line': b'[ 42%] \x1b[32mBuilding CXX object CMakeFiles/track_msgs__rosidl_typesupport_fastrtps_cpp.dir/rosidl_typesupport_fastrtps_cpp/track_msgs/msg/detail/dds_fastrtps/cone_array__type_support.cpp.o\x1b[0m\n'}
[2.336364] (track_msgs) StdoutLine: {'line': b'[ 42%] \x1b[32mBuilding CXX object CMakeFiles/track_msgs__rosidl_typesupport_c.dir/rosidl_typesupport_c/track_msgs/msg/lane_boundary_array__type_support.cpp.o\x1b[0m\n'}
[2.336631] (track_msgs) StdoutLine: {'line': b'[ 44%] \x1b[32mBuilding CXX object CMakeFiles/track_msgs__rosidl_typesupport_c.dir/rosidl_typesupport_c/track_msgs/msg/cone__type_support.cpp.o\x1b[0m\n'}
[2.336707] (track_msgs) StdoutLine: {'line': b'[ 44%] \x1b[32mBuilding CXX object CMakeFiles/track_msgs__rosidl_typesupport_c.dir/rosidl_typesupport_c/track_msgs/msg/lane_boundary__type_support.cpp.o\x1b[0m\n'}
[2.336770] (track_msgs) StdoutLine: {'line': b'[ 47%] \x1b[32mBuilding CXX object CMakeFiles/track_msgs__rosidl_typesupport_fastrtps_cpp.dir/rosidl_typesupport_fastrtps_cpp/track_msgs/msg/detail/dds_fastrtps/cone__type_support.cpp.o\x1b[0m\n'}
[2.336881] (track_msgs) StdoutLine: {'line': b'[ 47%] \x1b[32mBuilding CXX object CMakeFiles/track_msgs__rosidl_typesupport_fastrtps_cpp.dir/rosidl_typesupport_fastrtps_cpp/track_msgs/msg/detail/dds_fastrtps/lane_boundary_array__type_support.cpp.o\x1b[0m\n'}
[2.345515] (track_msgs) StdoutLine: {'line': b'[ 48%] \x1b[32mBuilding CXX object CMakeFiles/track_msgs__rosidl_typesupport_fastrtps_cpp.dir/rosidl_typesupport_fastrtps_cpp/track_msgs/msg/detail/dds_fastrtps/planner_status__type_support.cpp.o\x1b[0m\n'}
[2.345701] (track_msgs) StdoutLine: {'line': b'[ 49%] \x1b[32mBuilding CXX object CMakeFiles/track_msgs__rosidl_typesupport_fastrtps_cpp.dir/rosidl_typesupport_fastrtps_cpp/track_msgs/msg/detail/dds_fastrtps/obstacle_array__type_support.cpp.o\x1b[0m\n'}
[2.365596] (track_msgs) StdoutLine: {'line': b'[ 50%] \x1b[32mBuilding CXX object CMakeFiles/track_msgs__rosidl_typesupport_c.dir/rosidl_typesupport_c/track_msgs/msg/cone_array__type_support.cpp.o\x1b[0m\n'}
[2.367818] (track_msgs) StdoutLine: {'line': b'[ 51%] \x1b[32mBuilding CXX object CMakeFiles/track_msgs__rosidl_typesupport_fastrtps_cpp.dir/rosidl_typesupport_fastrtps_cpp/track_msgs/msg/detail/dds_fastrtps/system_state__type_support.cpp.o\x1b[0m\n'}
[2.374265] (track_msgs) StdoutLine: {'line': b'[ 52%] \x1b[32mBuilding CXX object CMakeFiles/track_msgs__rosidl_typesupport_c.dir/rosidl_typesupport_c/track_msgs/msg/obstacle__type_support.cpp.o\x1b[0m\n'}
[2.399015] (track_msgs) StdoutLine: {'line': b'[ 54%] \x1b[32mBuilding CXX object CMakeFiles/track_msgs__rosidl_typesupport_c.dir/rosidl_typesupport_c/track_msgs/msg/obstacle_array__type_support.cpp.o\x1b[0m\n'}
[2.404734] (-) TimerEvent: {}
[2.410404] (track_msgs) StdoutLine: {'line': b'[ 55%] \x1b[32mBuilding CXX object CMakeFiles/track_msgs__rosidl_typesupport_c.dir/rosidl_typesupport_c/track_msgs/msg/planner_status__type_support.cpp.o\x1b[0m\n'}
[2.437530] (track_msgs) StdoutLine: {'line': b'[ 56%] \x1b[32mBuilding CXX object CMakeFiles/track_msgs__rosidl_typesupport_c.dir/rosidl_typesupport_c/track_msgs/msg/system_state__type_support.cpp.o\x1b[0m\n'}
[2.471402] (track_msgs) StdoutLine: {'line': b'[ 57%] \x1b[32m\x1b[1mLinking CXX shared library libtrack_msgs__rosidl_typesupport_c.so\x1b[0m\n'}
[2.489881] (track_msgs) StdoutLine: {'line': b'[ 65%] \x1b[32mBuilding CXX object CMakeFiles/track_msgs__rosidl_typesupport_fastrtps_c.dir/rosidl_typesupport_fastrtps_c/track_msgs/msg/detail/obstacle__type_support_c.cpp.o\x1b[0m\n'}
[2.490118] (track_msgs) StdoutLine: {'line': b'[ 65%] \x1b[32mBuilding CXX object CMakeFiles/track_msgs__rosidl_typesupport_fastrtps_c.dir/rosidl_typesupport_fastrtps_c/track_msgs/msg/detail/obstacle_array__type_support_c.cpp.o\x1b[0m\n'}
[2.490200] (track_msgs) StdoutLine: {'line': b'[ 65%] \x1b[32mBuilding CXX object CMakeFiles/track_msgs__rosidl_typesupport_fastrtps_c.dir/rosidl_typesupport_fastrtps_c/track_msgs/msg/detail/cone_array__type_support_c.cpp.o\x1b[0m\n'}
[2.490261] (track_msgs) StdoutLine: {'line': b'[ 65%] \x1b[32mBuilding CXX object CMakeFiles/track_msgs__rosidl_typesupport_fastrtps_c.dir/rosidl_typesupport_fastrtps_c/track_msgs/msg/detail/planner_status__type_support_c.cpp.o\x1b[0m\n'}
[2.490320] (track_msgs) StdoutLine: {'line': b'[ 65%] \x1b[32mBuilding CXX object CMakeFiles/track_msgs__rosidl_typesupport_fastrtps_c.dir/rosidl_typesupport_fastrtps_c/track_msgs/msg/detail/lane_boundary__type_support_c.cpp.o\x1b[0m\n'}
[2.490411] (track_msgs) StdoutLine: {'line': b'[ 65%] \x1b[32mBuilding CXX object CMakeFiles/track_msgs__rosidl_typesupport_fastrtps_c.dir/rosidl_typesupport_fastrtps_c/track_msgs/msg/detail/lane_boundary_array__type_support_c.cpp.o\x1b[0m\n'}
[2.490468] (track_msgs) StdoutLine: {'line': b'[ 65%] \x1b[32mBuilding CXX object CMakeFiles/track_msgs__rosidl_typesupport_fastrtps_c.dir/rosidl_typesupport_fastrtps_c/track_msgs/msg/detail/cone__type_support_c.cpp.o\x1b[0m\n'}
[2.490524] (track_msgs) StdoutLine: {'line': b'[ 66%] \x1b[32m\x1b[1mLinking CXX shared library libtrack_msgs__rosidl_typesupport_cpp.so\x1b[0m\n'}
[2.490645] (track_msgs) StdoutLine: {'line': b'[ 67%] \x1b[32mBuilding CXX object CMakeFiles/track_msgs__rosidl_typesupport_fastrtps_c.dir/rosidl_typesupport_fastrtps_c/track_msgs/msg/detail/system_state__type_support_c.cpp.o\x1b[0m\n'}
[2.505407] (-) TimerEvent: {}
[2.527489] (track_msgs) StdoutLine: {'line': b'[ 67%] Built target track_msgs__rosidl_typesupport_c\n'}
[2.540400] (track_msgs) StdoutLine: {'line': b'[ 67%] Built target track_msgs__rosidl_typesupport_cpp\n'}
[2.584868] (track_msgs) StdoutLine: {'line': b'[ 71%] \x1b[32mBuilding C object CMakeFiles/track_msgs__rosidl_typesupport_introspection_c.dir/rosidl_typesupport_introspection_c/track_msgs/msg/detail/lane_boundary_array__type_support.c.o\x1b[0m\n'}
[2.585104] (track_msgs) StdoutLine: {'line': b'[ 71%] \x1b[32mBuilding C object CMakeFiles/track_msgs__rosidl_typesupport_introspection_c.dir/rosidl_typesupport_introspection_c/track_msgs/msg/detail/lane_boundary__type_support.c.o\x1b[0m\n'}
[2.587750] (track_msgs) StdoutLine: {'line': b'[ 71%] \x1b[32mBuilding C object CMakeFiles/track_msgs__rosidl_typesupport_introspection_c.dir/rosidl_typesupport_introspection_c/track_msgs/msg/detail/cone_array__type_support.c.o\x1b[0m\n'}
[2.588234] (track_msgs) StdoutLine: {'line': b'[ 72%] \x1b[32mBuilding C object CMakeFiles/track_msgs__rosidl_typesupport_introspection_c.dir/rosidl_typesupport_introspection_c/track_msgs/msg/detail/cone__type_support.c.o\x1b[0m\n'}
[2.597742] (track_msgs) StdoutLine: {'line': b'[ 73%] \x1b[32mBuilding C object CMakeFiles/track_msgs__rosidl_typesupport_introspection_c.dir/rosidl_typesupport_introspection_c/track_msgs/msg/detail/obstacle__type_support.c.o\x1b[0m\n'}
[2.605541] (-) TimerEvent: {}
[2.623102] (track_msgs) StdoutLine: {'line': b'[ 74%] \x1b[32mBuilding C object CMakeFiles/track_msgs__rosidl_typesupport_introspection_c.dir/rosidl_typesupport_introspection_c/track_msgs/msg/detail/obstacle_array__type_support.c.o\x1b[0m\n'}
[2.624190] (track_msgs) StdoutLine: {'line': b'[ 75%] \x1b[32mBuilding C object CMakeFiles/track_msgs__rosidl_typesupport_introspection_c.dir/rosidl_typesupport_introspection_c/track_msgs/msg/detail/planner_status__type_support.c.o\x1b[0m\n'}
[2.634702] (track_msgs) StdoutLine: {'line': b'[ 77%] \x1b[32mBuilding C object CMakeFiles/track_msgs__rosidl_typesupport_introspection_c.dir/rosidl_typesupport_introspection_c/track_msgs/msg/detail/system_state__type_support.c.o\x1b[0m\n'}
[2.667350] (track_msgs) StdoutLine: {'line': b'[ 78%] \x1b[32m\x1b[1mLinking C shared library libtrack_msgs__rosidl_typesupport_introspection_c.so\x1b[0m\n'}
[2.697743] (track_msgs) StdoutLine: {'line': b'[ 78%] Built target track_msgs__rosidl_typesupport_introspection_c\n'}
[2.705631] (-) TimerEvent: {}
[2.728441] (track_msgs) StdoutLine: {'line': b'[ 79%] \x1b[32m\x1b[1mLinking CXX shared library libtrack_msgs__rosidl_typesupport_introspection_cpp.so\x1b[0m\n'}
[2.734693] (track_msgs) StdoutLine: {'line': b'[ 80%] \x1b[32m\x1b[1mLinking CXX shared library libtrack_msgs__rosidl_typesupport_fastrtps_cpp.so\x1b[0m\n'}
[2.788222] (track_msgs) StdoutLine: {'line': b'[ 80%] Built target track_msgs__rosidl_typesupport_fastrtps_cpp\n'}
[2.789215] (track_msgs) StdoutLine: {'line': b'[ 81%] Built target track_msgs__rosidl_typesupport_introspection_cpp\n'}
[2.789465] (track_msgs) StdoutLine: {'line': b'[ 81%] \x1b[32m\x1b[1mLinking CXX shared library libtrack_msgs__rosidl_typesupport_fastrtps_c.so\x1b[0m\n'}
[2.805702] (-) TimerEvent: {}
[2.835333] (track_msgs) StdoutLine: {'line': b'[ 81%] Built target track_msgs__rosidl_typesupport_fastrtps_c\n'}
[2.850070] (track_msgs) StdoutLine: {'line': b'[ 81%] Built target track_msgs\n'}
[2.865361] (track_msgs) StdoutLine: {'line': b'[ 82%] \x1b[34m\x1b[1mGenerating Python code for ROS interfaces\x1b[0m\n'}
[2.905785] (-) TimerEvent: {}
[3.006118] (-) TimerEvent: {}
[3.106348] (-) TimerEvent: {}
[3.206606] (-) TimerEvent: {}
[3.306950] (-) TimerEvent: {}
[3.407165] (-) TimerEvent: {}
[3.507373] (-) TimerEvent: {}
[3.607706] (-) TimerEvent: {}
[3.707972] (-) TimerEvent: {}
[3.808201] (-) TimerEvent: {}
[3.908514] (-) TimerEvent: {}
[3.930986] (track_msgs) StdoutLine: {'line': b'[ 82%] Built target track_msgs__py\n'}
[3.944937] (track_msgs) StdoutLine: {'line': b'[ 83%] \x1b[32mBuilding C object CMakeFiles/track_msgs__rosidl_generator_py.dir/rosidl_generator_py/track_msgs/msg/_obstacle_array_s.c.o\x1b[0m\n'}
[3.945113] (track_msgs) StdoutLine: {'line': b'[ 85%] \x1b[32mBuilding C object CMakeFiles/track_msgs__rosidl_generator_py.dir/rosidl_generator_py/track_msgs/msg/_planner_status_s.c.o\x1b[0m\n'}
[3.945539] (track_msgs) StdoutLine: {'line': b'[ 86%] \x1b[32mBuilding C object CMakeFiles/track_msgs__rosidl_generator_py.dir/rosidl_generator_py/track_msgs/msg/_obstacle_s.c.o\x1b[0m\n'}
[3.945614] (track_msgs) StdoutLine: {'line': b'[ 87%] \x1b[32mBuilding C object CMakeFiles/track_msgs__rosidl_generator_py.dir/rosidl_generator_py/track_msgs/msg/_lane_boundary_s.c.o\x1b[0m\n'}
[3.945859] (track_msgs) StdoutLine: {'line': b'[ 89%] \x1b[32mBuilding C object CMakeFiles/track_msgs__rosidl_generator_py.dir/rosidl_generator_py/track_msgs/msg/_lane_boundary_array_s.c.o\x1b[0m\n'}
[3.945969] (track_msgs) StdoutLine: {'line': b'[ 89%] \x1b[32mBuilding C object CMakeFiles/track_msgs__rosidl_generator_py.dir/rosidl_generator_py/track_msgs/msg/_cone_s.c.o\x1b[0m\n'}
[3.946356] (track_msgs) StdoutLine: {'line': b'[ 90%] \x1b[32mBuilding C object CMakeFiles/track_msgs__rosidl_generator_py.dir/rosidl_generator_py/track_msgs/msg/_cone_array_s.c.o\x1b[0m\n'}
[3.947055] (track_msgs) StdoutLine: {'line': b'[ 91%] \x1b[32mBuilding C object CMakeFiles/track_msgs__rosidl_generator_py.dir/rosidl_generator_py/track_msgs/msg/_system_state_s.c.o\x1b[0m\n'}
[4.008614] (-) TimerEvent: {}
[4.027683] (track_msgs) StdoutLine: {'line': b'[ 93%] \x1b[32m\x1b[1mLinking C shared library rosidl_generator_py/track_msgs/libtrack_msgs__rosidl_generator_py.so\x1b[0m\n'}
[4.054679] (track_msgs) StdoutLine: {'line': b'[ 93%] Built target track_msgs__rosidl_generator_py\n'}
[4.070496] (track_msgs) StdoutLine: {'line': b'[ 95%] \x1b[32mBuilding C object CMakeFiles/track_msgs__rosidl_typesupport_introspection_c__pyext.dir/rosidl_generator_py/track_msgs/_track_msgs_s.ep.rosidl_typesupport_introspection_c.c.o\x1b[0m\n'}
[4.070638] (track_msgs) StdoutLine: {'line': b'[ 95%] \x1b[32mBuilding C object CMakeFiles/track_msgs__rosidl_typesupport_fastrtps_c__pyext.dir/rosidl_generator_py/track_msgs/_track_msgs_s.ep.rosidl_typesupport_fastrtps_c.c.o\x1b[0m\n'}
[4.070952] (track_msgs) StdoutLine: {'line': b'[ 96%] \x1b[32mBuilding C object CMakeFiles/track_msgs__rosidl_typesupport_c__pyext.dir/rosidl_generator_py/track_msgs/_track_msgs_s.ep.rosidl_typesupport_c.c.o\x1b[0m\n'}
[4.108710] (-) TimerEvent: {}
[4.135469] (track_msgs) StdoutLine: {'line': b'[ 97%] \x1b[32m\x1b[1mLinking C shared library rosidl_generator_py/track_msgs/track_msgs_s__rosidl_typesupport_fastrtps_c.cpython-310-x86_64-linux-gnu.so\x1b[0m\n'}
[4.136543] (track_msgs) StdoutLine: {'line': b'[ 98%] \x1b[32m\x1b[1mLinking C shared library rosidl_generator_py/track_msgs/track_msgs_s__rosidl_typesupport_c.cpython-310-x86_64-linux-gnu.so\x1b[0m\n'}
[4.136855] (track_msgs) StdoutLine: {'line': b'[100%] \x1b[32m\x1b[1mLinking C shared library rosidl_generator_py/track_msgs/track_msgs_s__rosidl_typesupport_introspection_c.cpython-310-x86_64-linux-gnu.so\x1b[0m\n'}
[4.162797] (track_msgs) StdoutLine: {'line': b'[100%] Built target track_msgs__rosidl_typesupport_fastrtps_c__pyext\n'}
[4.164108] (track_msgs) StdoutLine: {'line': b'[100%] Built target track_msgs__rosidl_typesupport_c__pyext\n'}
[4.168945] (track_msgs) StdoutLine: {'line': b'[100%] Built target track_msgs__rosidl_typesupport_introspection_c__pyext\n'}
[4.178974] (track_msgs) CommandEnded: {'returncode': 0}
[4.179633] (track_msgs) JobProgress: {'identifier': 'track_msgs', 'progress': 'install'}
[4.187382] (track_msgs) Command: {'cmd': ['/usr/bin/cmake', '--install', '/home/aiv/ev_ws/planning/build/track_msgs'], 'cwd': '/home/aiv/ev_ws/planning/build/track_msgs', 'env': OrderedDict([('GJS_DEBUG_TOPICS', 'JS ERROR;JS LOG'), ('PYTHON_BASIC_REPL', '1'), ('USER', 'aiv'), ('LC_TIME', 'ko_KR.UTF-8'), ('XDG_SESSION_TYPE', 'x11'), ('GIT_ASKPASS', '/usr/share/code/resources/app/extensions/git/dist/askpass.sh'), ('SHLVL', '1'), ('LD_LIBRARY_PATH', '/usr/local/cuda-12.6/lib64:/usr/local/cuda-12.6/lib64:/home/aiv/ev_ws/erp42_ros/install/erp42_serial/lib:/home/aiv/ev_ws/erp42_ros/install/erp42_rqt_plugin/lib:/home/aiv/ev_ws/erp42_ros/install/erp42_gazebo/lib:/home/aiv/ev_ws/erp42_ros/install/erp42_util/lib:/home/aiv/ev_ws/erp42_ros/install/erp42_msgs/lib:/home/aiv/ev_ws/perception/install/velodyne_pointcloud/lib:/home/aiv/ev_ws/perception/install/velodyne_driver/lib:/home/aiv/ev_ws/perception/install/velodyne_msgs/lib:/home/aiv/ev_ws/perception/install/velodyne_laserscan/lib:/home/aiv/ev_ws/perception/install/velodyne_cropbox/lib:/home/aiv/ev_ws/perception/install/patchworkpp/lib:/home/aiv/ev_ws/perception/install/lidar_voxel_grid/lib:/home/aiv/ev_ws/perception/install/lidar_interfaces/lib:/home/aiv/ev_ws/perception/install/dbscan_clustering/lib:/home/aiv/ev_ws/perception/install/cluster_splitter/lib:/usr/lib/x86_64-linux-gnu/gazebo-11/plugins:/opt/ros/humble/opt/rviz_ogre_vendor/lib:/opt/ros/humble/lib/x86_64-linux-gnu:/opt/ros/humble/lib:/usr/local/cuda-12.6/lib64'), ('HOME', '/home/aiv'), ('CHROME_DESKTOP', 'code.desktop'), ('OLDPWD', '/home/aiv/ev_ws'), ('TERM_PROGRAM_VERSION', '1.109.2'), ('DESKTOP_SESSION', 'ubuntu'), ('NVM_BIN', '/home/aiv/.nvm/versions/node/v24.13.1/bin'), ('NVM_INC', '/home/aiv/.nvm/versions/node/v24.13.1/include/node'), ('GIO_LAUNCHED_DESKTOP_FILE', '/usr/share/applications/code.desktop'), ('ROS_PYTHON_VERSION', '3'), ('GNOME_SHELL_SESSION_MODE', 'ubuntu'), ('GTK_MODULES', 'gail:atk-bridge'), ('VSCODE_GIT_ASKPASS_MAIN', '/usr/share/code/resources/app/extensions/git/dist/askpass-main.js'), ('LC_MONETARY', 'ko_KR.UTF-8'), ('VSCODE_GIT_ASKPASS_NODE', '/usr/share/code/code'), ('MANAGERPID', '1839'), ('PYDEVD_DISABLE_FILE_VALIDATION', '1'), ('SYSTEMD_EXEC_PID', '2596'), ('BUNDLED_DEBUGPY_PATH', '/home/aiv/.vscode/extensions/ms-python.debugpy-2025.18.0-linux-x64/bundled/libs/debugpy'), ('VSCODE_PYTHON_AUTOACTIVATE_GUARD', '1'), ('DBUS_SESSION_BUS_ADDRESS', 'unix:path=/run/user/1000/bus'), ('COLORTERM', 'truecolor'), ('GIO_LAUNCHED_DESKTOP_FILE_PID', '6578'), ('NVM_DIR', '/home/aiv/.nvm'), ('COLCON_PREFIX_PATH', '/home/aiv/ev_ws/perception/install:/home/aiv/ev_ws/carsa_gazebo/install:/home/aiv/ev_ws/erp42_ros/install'), ('ROS_DISTRO', 'humble'), ('GTK_IM_MODULE', 'ibus'), ('LOGNAME', 'aiv'), ('JOURNAL_STREAM', '8:14626'), ('_', '/usr/bin/colcon'), ('ROS_VERSION', '2'), ('CLAUDE_CODE_SSE_PORT', '64650'), ('XDG_SESSION_CLASS', 'user'), ('USERNAME', 'aiv'), ('TERM', 'xterm-256color'), ('GNOME_DESKTOP_SESSION_ID', 'this-is-deprecated'), ('FC_FONTATIONS', '1'), ('ROS_LOCALHOST_ONLY', '0'), ('WINDOWPATH', '2'), ('PATH', '/usr/local/cuda-12.6/bin:/home/aiv/.local/bin:/usr/local/cuda-12.6/bin:/home/aiv/.local/bin:/opt/ros/humble/bin:/home/aiv/.nvm/versions/node/v24.13.1/bin:/usr/local/cuda-12.6/bin:/usr/local/sbin:/usr/local/bin:/usr/sbin:/usr/bin:/sbin:/bin:/usr/games:/usr/local/games:/snap/bin:/snap/bin:/home/aiv/.vscode/extensions/ms-python.debugpy-2025.18.0-linux-x64/bundled/scripts/noConfigScripts'), ('SESSION_MANAGER', 'local/aiv:@/tmp/.ICE-unix/2567,unix/aiv:/tmp/.ICE-unix/2567'), ('INVOCATION_ID', '0568b3f95aa24871a61c02a9dcac9b80'), ('XDG_MENU_PREFIX', 'gnome-'), ('LC_ADDRESS', 'ko_KR.UTF-8'), ('XDG_RUNTIME_DIR', '/run/user/1000'), ('GDK_BACKEND', 'x11'), ('DISPLAY', ':1'), ('VSCODE_DEBUGPY_ADAPTER_ENDPOINTS', '/home/aiv/.vscode/extensions/ms-python.debugpy-2025.18.0-linux-x64/.noConfigDebugAdapterEndpoints/endpoint-46563bbf624c3cef.txt'), ('LANG', 'en_US.UTF-8'), ('XDG_CURRENT_DESKTOP', 'ubuntu:GNOME'), ('PYTHONSTARTUP', '/home/aiv/.config/Code/User/workspaceStorage/9d75279b595d34a0fd4ce4d24c8f3c60/ms-python.python/pythonrc.py'), ('LC_TELEPHONE', 'ko_KR.UTF-8'), ('XMODIFIERS', '@im=ibus'), ('XDG_SESSION_DESKTOP', 'ubuntu'), ('XAUTHORITY', '/run/user/1000/gdm/Xauthority'), ('VSCODE_GIT_IPC_HANDLE', '/run/user/1000/vscode-git-84c9dd9eb3.sock'), ('TERM_PROGRAM', 'vscode'), ('SSH_AGENT_LAUNCHER', 'gnome-keyring'), ('SSH_AUTH_SOCK', '/run/user/1000/keyring/ssh'), ('AMENT_PREFIX_PATH', '/home/aiv/ev_ws/carsa_gazebo/install/carsa_gazebo:/home/aiv/ev_ws/erp42_ros/install/erp42_serial:/home/aiv/ev_ws/erp42_ros/install/erp42_rqt_plugin:/home/aiv/ev_ws/erp42_ros/install/erp42_gazebo:/home/aiv/ev_ws/erp42_ros/install/erp42_util:/home/aiv/ev_ws/erp42_ros/install/erp42_msgs:/home/aiv/ev_ws/erp42_ros/install/erp42_description:/home/aiv/ev_ws/erp42_ros/install/erp42_cmake:/home/aiv/ev_ws/perception/install/velodyne:/home/aiv/ev_ws/perception/install/lidar_launch:/home/aiv/ev_ws/perception/install/velodyne_pointcloud:/home/aiv/ev_ws/perception/install/velodyne_driver:/home/aiv/ev_ws/perception/install/velodyne_msgs:/home/aiv/ev_ws/perception/install/velodyne_laserscan:/home/aiv/ev_ws/perception/install/velodyne_cropbox:/home/aiv/ev_ws/perception/install/patchworkpp:/home/aiv/ev_ws/perception/install/lidar_voxel_grid:/home/aiv/ev_ws/perception/install/lidar_interfaces:/home/aiv/ev_ws/perception/install/dbscan_clustering:/home/aiv/ev_ws/perception/install/cluster_splitter:/opt/ros/humble'), ('SHELL', '/bin/bash'), ('LC_NAME', 'ko_KR.UTF-8'), ('QT_ACCESSIBILITY', '1'), ('GDMSESSION', 'ubuntu'), ('LC_MEASUREMENT', 'ko_KR.UTF-8'), ('GPG_AGENT_INFO', '/run/user/1000/gnupg/S.gpg-agent:0:1'), ('GJS_DEBUG_OUTPUT', 'stderr'), ('LC_IDENTIFICATION', 'ko_KR.UTF-8'), ('VSCODE_GIT_ASKPASS_EXTRA_ARGS', ''), ('QT_IM_MODULE', 'ibus'), ('PWD', '/home/aiv/ev_ws/planning/build/track_msgs'), ('LC_ALL', 'en_US.UTF-8'), ('XDG_CONFIG_DIRS', '/etc/xdg/xdg-ubuntu:/etc/xdg'), ('NVM_CD_FLAGS', ''), ('XDG_DATA_DIRS', '/usr/share/ubuntu:/usr/share/gnome:/usr/local/share/:/usr/share/:/var/lib/snapd/desktop'), ('PYTHONPATH', '/home/aiv/ev_ws/erp42_ros/install/erp42_msgs/local/lib/python3.10/dist-packages:/home/aiv/ev_ws/perception/install/velodyne_msgs/local/lib/python3.10/dist-packages:/home/aiv/ev_ws/perception/install/lidar_interfaces/local/lib/python3.10/dist-packages:/opt/ros/humble/lib/python3.10/site-packages:/opt/ros/humble/local/lib/python3.10/dist-packages'), ('LC_NUMERIC', 'ko_KR.UTF-8'), ('LC_PAPER', 'ko_KR.UTF-8'), ('COLCON', '1'), ('EDITOR', 'code --wait'), ('CMAKE_PREFIX_PATH', '/home/aiv/ev_ws/carsa_gazebo/install/carsa_gazebo:/home/aiv/ev_ws/erp42_ros/install/erp42_serial:/home/aiv/ev_ws/erp42_ros/install/erp42_rqt_plugin:/home/aiv/ev_ws/erp42_ros/install/erp42_gazebo:/home/aiv/ev_ws/erp42_ros/install/erp42_util:/home/aiv/ev_ws/erp42_ros/install/erp42_msgs:/home/aiv/ev_ws/erp42_ros/install/erp42_description:/home/aiv/ev_ws/erp42_ros/install/erp42_cmake:/home/aiv/ev_ws/perception/install/velodyne:/home/aiv/ev_ws/perception/install/lidar_launch:/home/aiv/ev_ws/perception/install/velodyne_pointcloud:/home/aiv/ev_ws/perception/install/velodyne_driver:/home/aiv/ev_ws/perception/install/velodyne_msgs:/home/aiv/ev_ws/perception/install/velodyne_laserscan:/home/aiv/ev_ws/perception/install/velodyne_cropbox:/home/aiv/ev_ws/perception/install/patchworkpp:/home/aiv/ev_ws/perception/install/lidar_voxel_grid:/home/aiv/ev_ws/perception/install/lidar_interfaces:/home/aiv/ev_ws/perception/install/dbscan_clustering:/home/aiv/ev_ws/perception/install/cluster_splitter:/opt/ros/humble')]), 'shell': False}
[4.194273] (track_msgs) StdoutLine: {'line': b'-- Install configuration: ""\n'}
[4.194744] (track_msgs) StdoutLine: {'line': b'-- Execute custom install script\n'}
[4.194990] (track_msgs) StdoutLine: {'line': b'-- Symlinking: /home/aiv/ev_ws/planning/install/track_msgs/share/ament_index/resource_index/rosidl_interfaces/track_msgs\n'}
[4.202343] (track_msgs) StdoutLine: {'line': b'-- Symlinking: /home/aiv/ev_ws/planning/install/track_msgs/include/track_msgs/track_msgs/msg/cone.h\n'}
[4.207222] (track_msgs) StdoutLine: {'line': b'-- Symlinking: /home/aiv/ev_ws/planning/install/track_msgs/include/track_msgs/track_msgs/msg/cone_array.h\n'}
[4.208764] (-) TimerEvent: {}
[4.213785] (track_msgs) StdoutLine: {'line': b'-- Symlinking: /home/aiv/ev_ws/planning/install/track_msgs/include/track_msgs/track_msgs/msg/detail/cone__functions.h\n'}
[4.219231] (track_msgs) StdoutLine: {'line': b'-- Symlinking: /home/aiv/ev_ws/planning/install/track_msgs/include/track_msgs/track_msgs/msg/detail/cone__struct.h\n'}
[4.224126] (track_msgs) StdoutLine: {'line': b'-- Symlinking: /home/aiv/ev_ws/planning/install/track_msgs/include/track_msgs/track_msgs/msg/detail/cone__type_support.h\n'}
[4.230361] (track_msgs) StdoutLine: {'line': b'-- Symlinking: /home/aiv/ev_ws/planning/install/track_msgs/include/track_msgs/track_msgs/msg/detail/cone_array__functions.h\n'}
[4.236708] (track_msgs) StdoutLine: {'line': b'-- Symlinking: /home/aiv/ev_ws/planning/install/track_msgs/include/track_msgs/track_msgs/msg/detail/cone_array__struct.h\n'}
[4.241226] (track_msgs) StdoutLine: {'line': b'-- Symlinking: /home/aiv/ev_ws/planning/install/track_msgs/include/track_msgs/track_msgs/msg/detail/cone_array__type_support.h\n'}
[4.246297] (track_msgs) StdoutLine: {'line': b'-- Symlinking: /home/aiv/ev_ws/planning/install/track_msgs/include/track_msgs/track_msgs/msg/detail/lane_boundary__functions.h\n'}
[4.251924] (track_msgs) StdoutLine: {'line': b'-- Symlinking: /home/aiv/ev_ws/planning/install/track_msgs/include/track_msgs/track_msgs/msg/detail/lane_boundary__struct.h\n'}
[4.257492] (track_msgs) StdoutLine: {'line': b'-- Symlinking: /home/aiv/ev_ws/planning/install/track_msgs/include/track_msgs/track_msgs/msg/detail/lane_boundary__type_support.h\n'}
[4.264059] (track_msgs) StdoutLine: {'line': b'-- Symlinking: /home/aiv/ev_ws/planning/install/track_msgs/include/track_msgs/track_msgs/msg/detail/lane_boundary_array__functions.h\n'}
[4.270653] (track_msgs) StdoutLine: {'line': b'-- Symlinking: /home/aiv/ev_ws/planning/install/track_msgs/include/track_msgs/track_msgs/msg/detail/lane_boundary_array__struct.h\n'}
[4.277106] (track_msgs) StdoutLine: {'line': b'-- Symlinking: /home/aiv/ev_ws/planning/install/track_msgs/include/track_msgs/track_msgs/msg/detail/lane_boundary_array__type_support.h\n'}
[4.281451] (track_msgs) StdoutLine: {'line': b'-- Symlinking: /home/aiv/ev_ws/planning/install/track_msgs/include/track_msgs/track_msgs/msg/detail/obstacle__functions.h\n'}
[4.286618] (track_msgs) StdoutLine: {'line': b'-- Symlinking: /home/aiv/ev_ws/planning/install/track_msgs/include/track_msgs/track_msgs/msg/detail/obstacle__struct.h\n'}
[4.294283] (track_msgs) StdoutLine: {'line': b'-- Symlinking: /home/aiv/ev_ws/planning/install/track_msgs/include/track_msgs/track_msgs/msg/detail/obstacle__type_support.h\n'}
[4.300202] (track_msgs) StdoutLine: {'line': b'-- Symlinking: /home/aiv/ev_ws/planning/install/track_msgs/include/track_msgs/track_msgs/msg/detail/obstacle_array__functions.h\n'}
[4.305188] (track_msgs) StdoutLine: {'line': b'-- Symlinking: /home/aiv/ev_ws/planning/install/track_msgs/include/track_msgs/track_msgs/msg/detail/obstacle_array__struct.h\n'}
[4.308902] (-) TimerEvent: {}
[4.310104] (track_msgs) StdoutLine: {'line': b'-- Symlinking: /home/aiv/ev_ws/planning/install/track_msgs/include/track_msgs/track_msgs/msg/detail/obstacle_array__type_support.h\n'}
[4.315124] (track_msgs) StdoutLine: {'line': b'-- Symlinking: /home/aiv/ev_ws/planning/install/track_msgs/include/track_msgs/track_msgs/msg/detail/planner_status__functions.h\n'}
[4.321531] (track_msgs) StdoutLine: {'line': b'-- Symlinking: /home/aiv/ev_ws/planning/install/track_msgs/include/track_msgs/track_msgs/msg/detail/planner_status__struct.h\n'}
[4.326437] (track_msgs) StdoutLine: {'line': b'-- Symlinking: /home/aiv/ev_ws/planning/install/track_msgs/include/track_msgs/track_msgs/msg/detail/planner_status__type_support.h\n'}
[4.332562] (track_msgs) StdoutLine: {'line': b'-- Symlinking: /home/aiv/ev_ws/planning/install/track_msgs/include/track_msgs/track_msgs/msg/detail/system_state__functions.h\n'}
[4.337605] (track_msgs) StdoutLine: {'line': b'-- Symlinking: /home/aiv/ev_ws/planning/install/track_msgs/include/track_msgs/track_msgs/msg/detail/system_state__struct.h\n'}
[4.342182] (track_msgs) StdoutLine: {'line': b'-- Symlinking: /home/aiv/ev_ws/planning/install/track_msgs/include/track_msgs/track_msgs/msg/detail/system_state__type_support.h\n'}
[4.347641] (track_msgs) StdoutLine: {'line': b'-- Symlinking: /home/aiv/ev_ws/planning/install/track_msgs/include/track_msgs/track_msgs/msg/lane_boundary.h\n'}
[4.353363] (track_msgs) StdoutLine: {'line': b'-- Symlinking: /home/aiv/ev_ws/planning/install/track_msgs/include/track_msgs/track_msgs/msg/lane_boundary_array.h\n'}
[4.358723] (track_msgs) StdoutLine: {'line': b'-- Symlinking: /home/aiv/ev_ws/planning/install/track_msgs/include/track_msgs/track_msgs/msg/obstacle.h\n'}
[4.363720] (track_msgs) StdoutLine: {'line': b'-- Symlinking: /home/aiv/ev_ws/planning/install/track_msgs/include/track_msgs/track_msgs/msg/obstacle_array.h\n'}
[4.368558] (track_msgs) StdoutLine: {'line': b'-- Symlinking: /home/aiv/ev_ws/planning/install/track_msgs/include/track_msgs/track_msgs/msg/planner_status.h\n'}
[4.373364] (track_msgs) StdoutLine: {'line': b'-- Symlinking: /home/aiv/ev_ws/planning/install/track_msgs/include/track_msgs/track_msgs/msg/rosidl_generator_c__visibility_control.h\n'}
[4.378669] (track_msgs) StdoutLine: {'line': b'-- Symlinking: /home/aiv/ev_ws/planning/install/track_msgs/include/track_msgs/track_msgs/msg/system_state.h\n'}
[4.383535] (track_msgs) StdoutLine: {'line': b'-- Symlinking: /home/aiv/ev_ws/planning/install/track_msgs/share/track_msgs/environment/library_path.sh\n'}
[4.389457] (track_msgs) StdoutLine: {'line': b'-- Symlinking: /home/aiv/ev_ws/planning/install/track_msgs/share/track_msgs/environment/library_path.dsv\n'}
[4.394156] (track_msgs) StdoutLine: {'line': b'-- Symlinking: /home/aiv/ev_ws/planning/install/track_msgs/include/track_msgs/track_msgs/msg/detail/cone__rosidl_typesupport_fastrtps_c.h\n'}
[4.398988] (track_msgs) StdoutLine: {'line': b'-- Symlinking: /home/aiv/ev_ws/planning/install/track_msgs/include/track_msgs/track_msgs/msg/detail/cone_array__rosidl_typesupport_fastrtps_c.h\n'}
[4.403157] (track_msgs) StdoutLine: {'line': b'-- Symlinking: /home/aiv/ev_ws/planning/install/track_msgs/include/track_msgs/track_msgs/msg/detail/lane_boundary__rosidl_typesupport_fastrtps_c.h\n'}
[4.408983] (-) TimerEvent: {}
[4.409221] (track_msgs) StdoutLine: {'line': b'-- Symlinking: /home/aiv/ev_ws/planning/install/track_msgs/include/track_msgs/track_msgs/msg/detail/lane_boundary_array__rosidl_typesupport_fastrtps_c.h\n'}
[4.414284] (track_msgs) StdoutLine: {'line': b'-- Symlinking: /home/aiv/ev_ws/planning/install/track_msgs/include/track_msgs/track_msgs/msg/detail/obstacle__rosidl_typesupport_fastrtps_c.h\n'}
[4.418792] (track_msgs) StdoutLine: {'line': b'-- Symlinking: /home/aiv/ev_ws/planning/install/track_msgs/include/track_msgs/track_msgs/msg/detail/obstacle_array__rosidl_typesupport_fastrtps_c.h\n'}
[4.423593] (track_msgs) StdoutLine: {'line': b'-- Symlinking: /home/aiv/ev_ws/planning/install/track_msgs/include/track_msgs/track_msgs/msg/detail/planner_status__rosidl_typesupport_fastrtps_c.h\n'}
[4.428487] (track_msgs) StdoutLine: {'line': b'-- Symlinking: /home/aiv/ev_ws/planning/install/track_msgs/include/track_msgs/track_msgs/msg/detail/system_state__rosidl_typesupport_fastrtps_c.h\n'}
[4.433262] (track_msgs) StdoutLine: {'line': b'-- Symlinking: /home/aiv/ev_ws/planning/install/track_msgs/include/track_msgs/track_msgs/msg/rosidl_typesupport_fastrtps_c__visibility_control.h\n'}
[4.439197] (track_msgs) StdoutLine: {'line': b'-- Symlinking: /home/aiv/ev_ws/planning/install/track_msgs/include/track_msgs/track_msgs/msg/detail/cone__rosidl_typesupport_introspection_c.h\n'}
[4.444181] (track_msgs) StdoutLine: {'line': b'-- Symlinking: /home/aiv/ev_ws/planning/install/track_msgs/include/track_msgs/track_msgs/msg/detail/cone_array__rosidl_typesupport_introspection_c.h\n'}
[4.450118] (track_msgs) StdoutLine: {'line': b'-- Symlinking: /home/aiv/ev_ws/planning/install/track_msgs/include/track_msgs/track_msgs/msg/detail/lane_boundary__rosidl_typesupport_introspection_c.h\n'}
[4.454856] (track_msgs) StdoutLine: {'line': b'-- Symlinking: /home/aiv/ev_ws/planning/install/track_msgs/include/track_msgs/track_msgs/msg/detail/lane_boundary_array__rosidl_typesupport_introspection_c.h\n'}
[4.460252] (track_msgs) StdoutLine: {'line': b'-- Symlinking: /home/aiv/ev_ws/planning/install/track_msgs/include/track_msgs/track_msgs/msg/detail/obstacle__rosidl_typesupport_introspection_c.h\n'}
[4.466535] (track_msgs) StdoutLine: {'line': b'-- Symlinking: /home/aiv/ev_ws/planning/install/track_msgs/include/track_msgs/track_msgs/msg/detail/obstacle_array__rosidl_typesupport_introspection_c.h\n'}
[4.471108] (track_msgs) StdoutLine: {'line': b'-- Symlinking: /home/aiv/ev_ws/planning/install/track_msgs/include/track_msgs/track_msgs/msg/detail/planner_status__rosidl_typesupport_introspection_c.h\n'}
[4.475420] (track_msgs) StdoutLine: {'line': b'-- Symlinking: /home/aiv/ev_ws/planning/install/track_msgs/include/track_msgs/track_msgs/msg/detail/system_state__rosidl_typesupport_introspection_c.h\n'}
[4.480473] (track_msgs) StdoutLine: {'line': b'-- Symlinking: /home/aiv/ev_ws/planning/install/track_msgs/include/track_msgs/track_msgs/msg/rosidl_typesupport_introspection_c__visibility_control.h\n'}
[4.486934] (track_msgs) StdoutLine: {'line': b'-- Symlinking: /home/aiv/ev_ws/planning/install/track_msgs/include/track_msgs/track_msgs/msg/cone.hpp\n'}
[4.492907] (track_msgs) StdoutLine: {'line': b'-- Symlinking: /home/aiv/ev_ws/planning/install/track_msgs/include/track_msgs/track_msgs/msg/cone_array.hpp\n'}
[4.497454] (track_msgs) StdoutLine: {'line': b'-- Symlinking: /home/aiv/ev_ws/planning/install/track_msgs/include/track_msgs/track_msgs/msg/detail/cone__builder.hpp\n'}
[4.503465] (track_msgs) StdoutLine: {'line': b'-- Symlinking: /home/aiv/ev_ws/planning/install/track_msgs/include/track_msgs/track_msgs/msg/detail/cone__struct.hpp\n'}
[4.508859] (track_msgs) StdoutLine: {'line': b'-- Symlinking: /home/aiv/ev_ws/planning/install/track_msgs/include/track_msgs/track_msgs/msg/detail/cone__traits.hpp\n'}
[4.509038] (-) TimerEvent: {}
[4.514588] (track_msgs) StdoutLine: {'line': b'-- Symlinking: /home/aiv/ev_ws/planning/install/track_msgs/include/track_msgs/track_msgs/msg/detail/cone__type_support.hpp\n'}
[4.519334] (track_msgs) StdoutLine: {'line': b'-- Symlinking: /home/aiv/ev_ws/planning/install/track_msgs/include/track_msgs/track_msgs/msg/detail/cone_array__builder.hpp\n'}
[4.524868] (track_msgs) StdoutLine: {'line': b'-- Symlinking: /home/aiv/ev_ws/planning/install/track_msgs/include/track_msgs/track_msgs/msg/detail/cone_array__struct.hpp\n'}
[4.531131] (track_msgs) StdoutLine: {'line': b'-- Symlinking: /home/aiv/ev_ws/planning/install/track_msgs/include/track_msgs/track_msgs/msg/detail/cone_array__traits.hpp\n'}
[4.536939] (track_msgs) StdoutLine: {'line': b'-- Symlinking: /home/aiv/ev_ws/planning/install/track_msgs/include/track_msgs/track_msgs/msg/detail/cone_array__type_support.hpp\n'}
[4.543035] (track_msgs) StdoutLine: {'line': b'-- Symlinking: /home/aiv/ev_ws/planning/install/track_msgs/include/track_msgs/track_msgs/msg/detail/lane_boundary__builder.hpp\n'}
[4.549439] (track_msgs) StdoutLine: {'line': b'-- Symlinking: /home/aiv/ev_ws/planning/install/track_msgs/include/track_msgs/track_msgs/msg/detail/lane_boundary__struct.hpp\n'}
[4.554363] (track_msgs) StdoutLine: {'line': b'-- Symlinking: /home/aiv/ev_ws/planning/install/track_msgs/include/track_msgs/track_msgs/msg/detail/lane_boundary__traits.hpp\n'}
[4.560562] (track_msgs) StdoutLine: {'line': b'-- Symlinking: /home/aiv/ev_ws/planning/install/track_msgs/include/track_msgs/track_msgs/msg/detail/lane_boundary__type_support.hpp\n'}
[4.565859] (track_msgs) StdoutLine: {'line': b'-- Symlinking: /home/aiv/ev_ws/planning/install/track_msgs/include/track_msgs/track_msgs/msg/detail/lane_boundary_array__builder.hpp\n'}
[4.571930] (track_msgs) StdoutLine: {'line': b'-- Symlinking: /home/aiv/ev_ws/planning/install/track_msgs/include/track_msgs/track_msgs/msg/detail/lane_boundary_array__struct.hpp\n'}
[4.576741] (track_msgs) StdoutLine: {'line': b'-- Symlinking: /home/aiv/ev_ws/planning/install/track_msgs/include/track_msgs/track_msgs/msg/detail/lane_boundary_array__traits.hpp\n'}
[4.582033] (track_msgs) StdoutLine: {'line': b'-- Symlinking: /home/aiv/ev_ws/planning/install/track_msgs/include/track_msgs/track_msgs/msg/detail/lane_boundary_array__type_support.hpp\n'}
[4.587335] (track_msgs) StdoutLine: {'line': b'-- Symlinking: /home/aiv/ev_ws/planning/install/track_msgs/include/track_msgs/track_msgs/msg/detail/obstacle__builder.hpp\n'}
[4.593098] (track_msgs) StdoutLine: {'line': b'-- Symlinking: /home/aiv/ev_ws/planning/install/track_msgs/include/track_msgs/track_msgs/msg/detail/obstacle__struct.hpp\n'}
[4.597732] (track_msgs) StdoutLine: {'line': b'-- Symlinking: /home/aiv/ev_ws/planning/install/track_msgs/include/track_msgs/track_msgs/msg/detail/obstacle__traits.hpp\n'}
[4.602552] (track_msgs) StdoutLine: {'line': b'-- Symlinking: /home/aiv/ev_ws/planning/install/track_msgs/include/track_msgs/track_msgs/msg/detail/obstacle__type_support.hpp\n'}
[4.608723] (track_msgs) StdoutLine: {'line': b'-- Symlinking: /home/aiv/ev_ws/planning/install/track_msgs/include/track_msgs/track_msgs/msg/detail/obstacle_array__builder.hpp\n'}
[4.609101] (-) TimerEvent: {}
[4.613123] (track_msgs) StdoutLine: {'line': b'-- Symlinking: /home/aiv/ev_ws/planning/install/track_msgs/include/track_msgs/track_msgs/msg/detail/obstacle_array__struct.hpp\n'}
[4.619575] (track_msgs) StdoutLine: {'line': b'-- Symlinking: /home/aiv/ev_ws/planning/install/track_msgs/include/track_msgs/track_msgs/msg/detail/obstacle_array__traits.hpp\n'}
[4.624241] (track_msgs) StdoutLine: {'line': b'-- Symlinking: /home/aiv/ev_ws/planning/install/track_msgs/include/track_msgs/track_msgs/msg/detail/obstacle_array__type_support.hpp\n'}
[4.629701] (track_msgs) StdoutLine: {'line': b'-- Symlinking: /home/aiv/ev_ws/planning/install/track_msgs/include/track_msgs/track_msgs/msg/detail/planner_status__builder.hpp\n'}
[4.633885] (track_msgs) StdoutLine: {'line': b'-- Symlinking: /home/aiv/ev_ws/planning/install/track_msgs/include/track_msgs/track_msgs/msg/detail/planner_status__struct.hpp\n'}
[4.639543] (track_msgs) StdoutLine: {'line': b'-- Symlinking: /home/aiv/ev_ws/planning/install/track_msgs/include/track_msgs/track_msgs/msg/detail/planner_status__traits.hpp\n'}
[4.644461] (track_msgs) StdoutLine: {'line': b'-- Symlinking: /home/aiv/ev_ws/planning/install/track_msgs/include/track_msgs/track_msgs/msg/detail/planner_status__type_support.hpp\n'}
[4.649189] (track_msgs) StdoutLine: {'line': b'-- Symlinking: /home/aiv/ev_ws/planning/install/track_msgs/include/track_msgs/track_msgs/msg/detail/system_state__builder.hpp\n'}
[4.653813] (track_msgs) StdoutLine: {'line': b'-- Symlinking: /home/aiv/ev_ws/planning/install/track_msgs/include/track_msgs/track_msgs/msg/detail/system_state__struct.hpp\n'}
[4.658973] (track_msgs) StdoutLine: {'line': b'-- Symlinking: /home/aiv/ev_ws/planning/install/track_msgs/include/track_msgs/track_msgs/msg/detail/system_state__traits.hpp\n'}
[4.665023] (track_msgs) StdoutLine: {'line': b'-- Symlinking: /home/aiv/ev_ws/planning/install/track_msgs/include/track_msgs/track_msgs/msg/detail/system_state__type_support.hpp\n'}
[4.669373] (track_msgs) StdoutLine: {'line': b'-- Symlinking: /home/aiv/ev_ws/planning/install/track_msgs/include/track_msgs/track_msgs/msg/lane_boundary.hpp\n'}
[4.674764] (track_msgs) StdoutLine: {'line': b'-- Symlinking: /home/aiv/ev_ws/planning/install/track_msgs/include/track_msgs/track_msgs/msg/lane_boundary_array.hpp\n'}
[4.679583] (track_msgs) StdoutLine: {'line': b'-- Symlinking: /home/aiv/ev_ws/planning/install/track_msgs/include/track_msgs/track_msgs/msg/obstacle.hpp\n'}
[4.684403] (track_msgs) StdoutLine: {'line': b'-- Symlinking: /home/aiv/ev_ws/planning/install/track_msgs/include/track_msgs/track_msgs/msg/obstacle_array.hpp\n'}
[4.689060] (track_msgs) StdoutLine: {'line': b'-- Symlinking: /home/aiv/ev_ws/planning/install/track_msgs/include/track_msgs/track_msgs/msg/planner_status.hpp\n'}
[4.693154] (track_msgs) StdoutLine: {'line': b'-- Symlinking: /home/aiv/ev_ws/planning/install/track_msgs/include/track_msgs/track_msgs/msg/rosidl_generator_cpp__visibility_control.hpp\n'}
[4.697788] (track_msgs) StdoutLine: {'line': b'-- Symlinking: /home/aiv/ev_ws/planning/install/track_msgs/include/track_msgs/track_msgs/msg/system_state.hpp\n'}
[4.704230] (track_msgs) StdoutLine: {'line': b'-- Symlinking: /home/aiv/ev_ws/planning/install/track_msgs/include/track_msgs/track_msgs/msg/detail/cone__rosidl_typesupport_fastrtps_cpp.hpp\n'}
[4.709045] (track_msgs) StdoutLine: {'line': b'-- Symlinking: /home/aiv/ev_ws/planning/install/track_msgs/include/track_msgs/track_msgs/msg/detail/cone_array__rosidl_typesupport_fastrtps_cpp.hpp\n'}
[4.709153] (-) TimerEvent: {}
[4.715746] (track_msgs) StdoutLine: {'line': b'-- Symlinking: /home/aiv/ev_ws/planning/install/track_msgs/include/track_msgs/track_msgs/msg/detail/lane_boundary__rosidl_typesupport_fastrtps_cpp.hpp\n'}
[4.722516] (track_msgs) StdoutLine: {'line': b'-- Symlinking: /home/aiv/ev_ws/planning/install/track_msgs/include/track_msgs/track_msgs/msg/detail/lane_boundary_array__rosidl_typesupport_fastrtps_cpp.hpp\n'}
[4.728510] (track_msgs) StdoutLine: {'line': b'-- Symlinking: /home/aiv/ev_ws/planning/install/track_msgs/include/track_msgs/track_msgs/msg/detail/obstacle__rosidl_typesupport_fastrtps_cpp.hpp\n'}
[4.733766] (track_msgs) StdoutLine: {'line': b'-- Symlinking: /home/aiv/ev_ws/planning/install/track_msgs/include/track_msgs/track_msgs/msg/detail/obstacle_array__rosidl_typesupport_fastrtps_cpp.hpp\n'}
[4.738342] (track_msgs) StdoutLine: {'line': b'-- Symlinking: /home/aiv/ev_ws/planning/install/track_msgs/include/track_msgs/track_msgs/msg/detail/planner_status__rosidl_typesupport_fastrtps_cpp.hpp\n'}
[4.742562] (track_msgs) StdoutLine: {'line': b'-- Symlinking: /home/aiv/ev_ws/planning/install/track_msgs/include/track_msgs/track_msgs/msg/detail/system_state__rosidl_typesupport_fastrtps_cpp.hpp\n'}
[4.746872] (track_msgs) StdoutLine: {'line': b'-- Symlinking: /home/aiv/ev_ws/planning/install/track_msgs/include/track_msgs/track_msgs/msg/rosidl_typesupport_fastrtps_cpp__visibility_control.h\n'}
[4.753047] (track_msgs) StdoutLine: {'line': b'-- Symlinking: /home/aiv/ev_ws/planning/install/track_msgs/include/track_msgs/track_msgs/msg/detail/cone__rosidl_typesupport_introspection_cpp.hpp\n'}
[4.758639] (track_msgs) StdoutLine: {'line': b'-- Symlinking: /home/aiv/ev_ws/planning/install/track_msgs/include/track_msgs/track_msgs/msg/detail/cone_array__rosidl_typesupport_introspection_cpp.hpp\n'}
[4.763041] (track_msgs) StdoutLine: {'line': b'-- Symlinking: /home/aiv/ev_ws/planning/install/track_msgs/include/track_msgs/track_msgs/msg/detail/lane_boundary__rosidl_typesupport_introspection_cpp.hpp\n'}
[4.768730] (track_msgs) StdoutLine: {'line': b'-- Symlinking: /home/aiv/ev_ws/planning/install/track_msgs/include/track_msgs/track_msgs/msg/detail/lane_boundary_array__rosidl_typesupport_introspection_cpp.hpp\n'}
[4.774458] (track_msgs) StdoutLine: {'line': b'-- Symlinking: /home/aiv/ev_ws/planning/install/track_msgs/include/track_msgs/track_msgs/msg/detail/obstacle__rosidl_typesupport_introspection_cpp.hpp\n'}
[4.779035] (track_msgs) StdoutLine: {'line': b'-- Symlinking: /home/aiv/ev_ws/planning/install/track_msgs/include/track_msgs/track_msgs/msg/detail/obstacle_array__rosidl_typesupport_introspection_cpp.hpp\n'}
[4.783465] (track_msgs) StdoutLine: {'line': b'-- Symlinking: /home/aiv/ev_ws/planning/install/track_msgs/include/track_msgs/track_msgs/msg/detail/planner_status__rosidl_typesupport_introspection_cpp.hpp\n'}
[4.788782] (track_msgs) StdoutLine: {'line': b'-- Symlinking: /home/aiv/ev_ws/planning/install/track_msgs/include/track_msgs/track_msgs/msg/detail/system_state__rosidl_typesupport_introspection_cpp.hpp\n'}
[4.793660] (track_msgs) StdoutLine: {'line': b'-- Symlinking: /home/aiv/ev_ws/planning/install/track_msgs/share/track_msgs/environment/pythonpath.sh\n'}
[4.799858] (track_msgs) StdoutLine: {'line': b'-- Symlinking: /home/aiv/ev_ws/planning/install/track_msgs/share/track_msgs/environment/pythonpath.dsv\n'}
[4.805008] (track_msgs) StdoutLine: {'line': b'-- Symlinking: /home/aiv/ev_ws/planning/install/track_msgs/local/lib/python3.10/dist-packages/track_msgs-0.1.0-py3.10.egg-info/PKG-INFO\n'}
[4.809215] (-) TimerEvent: {}
[4.810435] (track_msgs) StdoutLine: {'line': b'-- Symlinking: /home/aiv/ev_ws/planning/install/track_msgs/local/lib/python3.10/dist-packages/track_msgs-0.1.0-py3.10.egg-info/SOURCES.txt\n'}
[4.816813] (track_msgs) StdoutLine: {'line': b'-- Symlinking: /home/aiv/ev_ws/planning/install/track_msgs/local/lib/python3.10/dist-packages/track_msgs-0.1.0-py3.10.egg-info/dependency_links.txt\n'}
[4.821814] (track_msgs) StdoutLine: {'line': b'-- Symlinking: /home/aiv/ev_ws/planning/install/track_msgs/local/lib/python3.10/dist-packages/track_msgs-0.1.0-py3.10.egg-info/top_level.txt\n'}
[4.828190] (track_msgs) StdoutLine: {'line': b'-- Symlinking: /home/aiv/ev_ws/planning/install/track_msgs/local/lib/python3.10/dist-packages/track_msgs/__init__.py\n'}
[4.832986] (track_msgs) StdoutLine: {'line': b'-- Symlinking: /home/aiv/ev_ws/planning/install/track_msgs/local/lib/python3.10/dist-packages/track_msgs/_track_msgs_s.ep.rosidl_typesupport_c.c\n'}
[4.838090] (track_msgs) StdoutLine: {'line': b'-- Symlinking: /home/aiv/ev_ws/planning/install/track_msgs/local/lib/python3.10/dist-packages/track_msgs/_track_msgs_s.ep.rosidl_typesupport_fastrtps_c.c\n'}
[4.843039] (track_msgs) StdoutLine: {'line': b'-- Symlinking: /home/aiv/ev_ws/planning/install/track_msgs/local/lib/python3.10/dist-packages/track_msgs/_track_msgs_s.ep.rosidl_typesupport_introspection_c.c\n'}
[4.847767] (track_msgs) StdoutLine: {'line': b'-- Symlinking: /home/aiv/ev_ws/planning/install/track_msgs/local/lib/python3.10/dist-packages/track_msgs/libtrack_msgs__rosidl_generator_py.so\n'}
[4.852987] (track_msgs) StdoutLine: {'line': b'-- Symlinking: /home/aiv/ev_ws/planning/install/track_msgs/local/lib/python3.10/dist-packages/track_msgs/msg/__init__.py\n'}
[4.859029] (track_msgs) StdoutLine: {'line': b'-- Symlinking: /home/aiv/ev_ws/planning/install/track_msgs/local/lib/python3.10/dist-packages/track_msgs/msg/_cone.py\n'}
[4.865131] (track_msgs) StdoutLine: {'line': b'-- Symlinking: /home/aiv/ev_ws/planning/install/track_msgs/local/lib/python3.10/dist-packages/track_msgs/msg/_cone_array.py\n'}
[4.871221] (track_msgs) StdoutLine: {'line': b'-- Symlinking: /home/aiv/ev_ws/planning/install/track_msgs/local/lib/python3.10/dist-packages/track_msgs/msg/_cone_array_s.c\n'}
[4.877688] (track_msgs) StdoutLine: {'line': b'-- Symlinking: /home/aiv/ev_ws/planning/install/track_msgs/local/lib/python3.10/dist-packages/track_msgs/msg/_cone_s.c\n'}
[4.882141] (track_msgs) StdoutLine: {'line': b'-- Symlinking: /home/aiv/ev_ws/planning/install/track_msgs/local/lib/python3.10/dist-packages/track_msgs/msg/_lane_boundary.py\n'}
[4.887571] (track_msgs) StdoutLine: {'line': b'-- Symlinking: /home/aiv/ev_ws/planning/install/track_msgs/local/lib/python3.10/dist-packages/track_msgs/msg/_lane_boundary_array.py\n'}
[4.892960] (track_msgs) StdoutLine: {'line': b'-- Symlinking: /home/aiv/ev_ws/planning/install/track_msgs/local/lib/python3.10/dist-packages/track_msgs/msg/_lane_boundary_array_s.c\n'}
[4.898925] (track_msgs) StdoutLine: {'line': b'-- Symlinking: /home/aiv/ev_ws/planning/install/track_msgs/local/lib/python3.10/dist-packages/track_msgs/msg/_lane_boundary_s.c\n'}
[4.904730] (track_msgs) StdoutLine: {'line': b'-- Symlinking: /home/aiv/ev_ws/planning/install/track_msgs/local/lib/python3.10/dist-packages/track_msgs/msg/_obstacle.py\n'}
[4.909399] (-) TimerEvent: {}
[4.909935] (track_msgs) StdoutLine: {'line': b'-- Symlinking: /home/aiv/ev_ws/planning/install/track_msgs/local/lib/python3.10/dist-packages/track_msgs/msg/_obstacle_array.py\n'}
[4.915256] (track_msgs) StdoutLine: {'line': b'-- Symlinking: /home/aiv/ev_ws/planning/install/track_msgs/local/lib/python3.10/dist-packages/track_msgs/msg/_obstacle_array_s.c\n'}
[4.921171] (track_msgs) StdoutLine: {'line': b'-- Symlinking: /home/aiv/ev_ws/planning/install/track_msgs/local/lib/python3.10/dist-packages/track_msgs/msg/_obstacle_s.c\n'}
[4.927878] (track_msgs) StdoutLine: {'line': b'-- Symlinking: /home/aiv/ev_ws/planning/install/track_msgs/local/lib/python3.10/dist-packages/track_msgs/msg/_planner_status.py\n'}
[4.933839] (track_msgs) StdoutLine: {'line': b'-- Symlinking: /home/aiv/ev_ws/planning/install/track_msgs/local/lib/python3.10/dist-packages/track_msgs/msg/_planner_status_s.c\n'}
[4.939109] (track_msgs) StdoutLine: {'line': b'-- Symlinking: /home/aiv/ev_ws/planning/install/track_msgs/local/lib/python3.10/dist-packages/track_msgs/msg/_system_state.py\n'}
[4.943784] (track_msgs) StdoutLine: {'line': b'-- Symlinking: /home/aiv/ev_ws/planning/install/track_msgs/local/lib/python3.10/dist-packages/track_msgs/msg/_system_state_s.c\n'}
[4.949227] (track_msgs) StdoutLine: {'line': b'-- Symlinking: /home/aiv/ev_ws/planning/install/track_msgs/local/lib/python3.10/dist-packages/track_msgs/track_msgs_s__rosidl_typesupport_c.cpython-310-x86_64-linux-gnu.so\n'}
[4.955472] (track_msgs) StdoutLine: {'line': b'-- Symlinking: /home/aiv/ev_ws/planning/install/track_msgs/local/lib/python3.10/dist-packages/track_msgs/track_msgs_s__rosidl_typesupport_fastrtps_c.cpython-310-x86_64-linux-gnu.so\n'}
[4.961105] (track_msgs) StdoutLine: {'line': b'-- Symlinking: /home/aiv/ev_ws/planning/install/track_msgs/local/lib/python3.10/dist-packages/track_msgs/track_msgs_s__rosidl_typesupport_introspection_c.cpython-310-x86_64-linux-gnu.so\n'}
[4.965479] (track_msgs) StdoutLine: {'line': b'-- Up-to-date symlink: /home/aiv/ev_ws/planning/install/track_msgs/local/lib/python3.10/dist-packages/track_msgs/track_msgs_s__rosidl_typesupport_fastrtps_c.cpython-310-x86_64-linux-gnu.so\n'}
[4.965816] (track_msgs) StdoutLine: {'line': b'-- Up-to-date symlink: /home/aiv/ev_ws/planning/install/track_msgs/local/lib/python3.10/dist-packages/track_msgs/track_msgs_s__rosidl_typesupport_introspection_c.cpython-310-x86_64-linux-gnu.so\n'}
[4.965874] (track_msgs) StdoutLine: {'line': b'-- Up-to-date symlink: /home/aiv/ev_ws/planning/install/track_msgs/local/lib/python3.10/dist-packages/track_msgs/track_msgs_s__rosidl_typesupport_c.cpython-310-x86_64-linux-gnu.so\n'}
[4.966136] (track_msgs) StdoutLine: {'line': b'-- Symlinking: /home/aiv/ev_ws/planning/install/track_msgs/share/track_msgs/msg/LaneBoundary.idl\n'}
[4.971330] (track_msgs) StdoutLine: {'line': b'-- Symlinking: /home/aiv/ev_ws/planning/install/track_msgs/share/track_msgs/msg/LaneBoundaryArray.idl\n'}
[4.976174] (track_msgs) StdoutLine: {'line': b'-- Symlinking: /home/aiv/ev_ws/planning/install/track_msgs/share/track_msgs/msg/Cone.idl\n'}
[4.980491] (track_msgs) StdoutLine: {'line': b'-- Symlinking: /home/aiv/ev_ws/planning/install/track_msgs/share/track_msgs/msg/ConeArray.idl\n'}
[4.986701] (track_msgs) StdoutLine: {'line': b'-- Symlinking: /home/aiv/ev_ws/planning/install/track_msgs/share/track_msgs/msg/Obstacle.idl\n'}
[4.991739] (track_msgs) StdoutLine: {'line': b'-- Symlinking: /home/aiv/ev_ws/planning/install/track_msgs/share/track_msgs/msg/ObstacleArray.idl\n'}
[4.997797] (track_msgs) StdoutLine: {'line': b'-- Symlinking: /home/aiv/ev_ws/planning/install/track_msgs/share/track_msgs/msg/PlannerStatus.idl\n'}
[5.003881] (track_msgs) StdoutLine: {'line': b'-- Symlinking: /home/aiv/ev_ws/planning/install/track_msgs/share/track_msgs/msg/SystemState.idl\n'}
[5.008513] (track_msgs) StdoutLine: {'line': b'-- Symlinking: /home/aiv/ev_ws/planning/install/track_msgs/share/track_msgs/msg/LaneBoundary.msg\n'}
[5.009460] (-) TimerEvent: {}
[5.013146] (track_msgs) StdoutLine: {'line': b'-- Symlinking: /home/aiv/ev_ws/planning/install/track_msgs/share/track_msgs/msg/LaneBoundaryArray.msg\n'}
[5.018547] (track_msgs) StdoutLine: {'line': b'-- Symlinking: /home/aiv/ev_ws/planning/install/track_msgs/share/track_msgs/msg/Cone.msg\n'}
[5.024307] (track_msgs) StdoutLine: {'line': b'-- Symlinking: /home/aiv/ev_ws/planning/install/track_msgs/share/track_msgs/msg/ConeArray.msg\n'}
[5.030524] (track_msgs) StdoutLine: {'line': b'-- Symlinking: /home/aiv/ev_ws/planning/install/track_msgs/share/track_msgs/msg/Obstacle.msg\n'}
[5.035519] (track_msgs) StdoutLine: {'line': b'-- Symlinking: /home/aiv/ev_ws/planning/install/track_msgs/share/track_msgs/msg/ObstacleArray.msg\n'}
[5.041684] (track_msgs) StdoutLine: {'line': b'-- Symlinking: /home/aiv/ev_ws/planning/install/track_msgs/share/track_msgs/msg/PlannerStatus.msg\n'}
[5.046590] (track_msgs) StdoutLine: {'line': b'-- Symlinking: /home/aiv/ev_ws/planning/install/track_msgs/share/track_msgs/msg/SystemState.msg\n'}
[5.052489] (track_msgs) StdoutLine: {'line': b'-- Symlinking: /home/aiv/ev_ws/planning/install/track_msgs/share/ament_index/resource_index/package_run_dependencies/track_msgs\n'}
[5.057081] (track_msgs) StdoutLine: {'line': b'-- Symlinking: /home/aiv/ev_ws/planning/install/track_msgs/share/ament_index/resource_index/parent_prefix_path/track_msgs\n'}
[5.061348] (track_msgs) StdoutLine: {'line': b'-- Symlinking: /home/aiv/ev_ws/planning/install/track_msgs/share/track_msgs/environment/ament_prefix_path.sh\n'}
[5.065838] (track_msgs) StdoutLine: {'line': b'-- Symlinking: /home/aiv/ev_ws/planning/install/track_msgs/share/track_msgs/environment/ament_prefix_path.dsv\n'}
[5.071845] (track_msgs) StdoutLine: {'line': b'-- Symlinking: /home/aiv/ev_ws/planning/install/track_msgs/share/track_msgs/environment/path.sh\n'}
[5.078354] (track_msgs) StdoutLine: {'line': b'-- Symlinking: /home/aiv/ev_ws/planning/install/track_msgs/share/track_msgs/environment/path.dsv\n'}
[5.083260] (track_msgs) StdoutLine: {'line': b'-- Symlinking: /home/aiv/ev_ws/planning/install/track_msgs/share/track_msgs/local_setup.bash\n'}
[5.088698] (track_msgs) StdoutLine: {'line': b'-- Symlinking: /home/aiv/ev_ws/planning/install/track_msgs/share/track_msgs/local_setup.sh\n'}
[5.093565] (track_msgs) StdoutLine: {'line': b'-- Symlinking: /home/aiv/ev_ws/planning/install/track_msgs/share/track_msgs/local_setup.zsh\n'}
[5.099702] (track_msgs) StdoutLine: {'line': b'-- Symlinking: /home/aiv/ev_ws/planning/install/track_msgs/share/track_msgs/local_setup.dsv\n'}
[5.104533] (track_msgs) StdoutLine: {'line': b'-- Symlinking: /home/aiv/ev_ws/planning/install/track_msgs/share/track_msgs/package.dsv\n'}
[5.109531] (-) TimerEvent: {}
[5.109791] (track_msgs) StdoutLine: {'line': b'-- Symlinking: /home/aiv/ev_ws/planning/install/track_msgs/share/ament_index/resource_index/packages/track_msgs\n'}
[5.115560] (track_msgs) StdoutLine: {'line': b'-- Symlinking: /home/aiv/ev_ws/planning/install/track_msgs/share/track_msgs/cmake/rosidl_cmake-extras.cmake\n'}
[5.121973] (track_msgs) StdoutLine: {'line': b'-- Symlinking: /home/aiv/ev_ws/planning/install/track_msgs/share/track_msgs/cmake/ament_cmake_export_dependencies-extras.cmake\n'}
[5.128636] (track_msgs) StdoutLine: {'line': b'-- Symlinking: /home/aiv/ev_ws/planning/install/track_msgs/share/track_msgs/cmake/ament_cmake_export_include_directories-extras.cmake\n'}
[5.133340] (track_msgs) StdoutLine: {'line': b'-- Symlinking: /home/aiv/ev_ws/planning/install/track_msgs/share/track_msgs/cmake/ament_cmake_export_libraries-extras.cmake\n'}
[5.138961] (track_msgs) StdoutLine: {'line': b'-- Symlinking: /home/aiv/ev_ws/planning/install/track_msgs/share/track_msgs/cmake/ament_cmake_export_targets-extras.cmake\n'}
[5.143997] (track_msgs) StdoutLine: {'line': b'-- Symlinking: /home/aiv/ev_ws/planning/install/track_msgs/share/track_msgs/cmake/rosidl_cmake_export_typesupport_targets-extras.cmake\n'}
[5.149185] (track_msgs) StdoutLine: {'line': b'-- Symlinking: /home/aiv/ev_ws/planning/install/track_msgs/share/track_msgs/cmake/rosidl_cmake_export_typesupport_libraries-extras.cmake\n'}
[5.153810] (track_msgs) StdoutLine: {'line': b'-- Symlinking: /home/aiv/ev_ws/planning/install/track_msgs/share/track_msgs/cmake/track_msgsConfig.cmake\n'}
[5.158300] (track_msgs) StdoutLine: {'line': b'-- Symlinking: /home/aiv/ev_ws/planning/install/track_msgs/share/track_msgs/cmake/track_msgsConfig-version.cmake\n'}
[5.164714] (track_msgs) StdoutLine: {'line': b'-- Symlinking: /home/aiv/ev_ws/planning/install/track_msgs/share/track_msgs/package.xml\n'}
[5.170026] (track_msgs) StdoutLine: {'line': b'-- Installing: /home/aiv/ev_ws/planning/install/track_msgs/lib/libtrack_msgs__rosidl_generator_c.so\n'}
[5.170124] (track_msgs) StdoutLine: {'line': b'-- Set runtime path of "/home/aiv/ev_ws/planning/install/track_msgs/lib/libtrack_msgs__rosidl_generator_c.so" to ""\n'}
[5.170180] (track_msgs) StdoutLine: {'line': b'-- Installing: /home/aiv/ev_ws/planning/install/track_msgs/lib/libtrack_msgs__rosidl_typesupport_fastrtps_c.so\n'}
[5.170434] (track_msgs) StdoutLine: {'line': b'-- Set runtime path of "/home/aiv/ev_ws/planning/install/track_msgs/lib/libtrack_msgs__rosidl_typesupport_fastrtps_c.so" to ""\n'}
[5.170510] (track_msgs) StdoutLine: {'line': b'-- Installing: /home/aiv/ev_ws/planning/install/track_msgs/lib/libtrack_msgs__rosidl_typesupport_introspection_c.so\n'}
[5.170561] (track_msgs) StdoutLine: {'line': b'-- Set runtime path of "/home/aiv/ev_ws/planning/install/track_msgs/lib/libtrack_msgs__rosidl_typesupport_introspection_c.so" to ""\n'}
[5.170615] (track_msgs) StdoutLine: {'line': b'-- Installing: /home/aiv/ev_ws/planning/install/track_msgs/lib/libtrack_msgs__rosidl_typesupport_c.so\n'}
[5.170964] (track_msgs) StdoutLine: {'line': b'-- Set runtime path of "/home/aiv/ev_ws/planning/install/track_msgs/lib/libtrack_msgs__rosidl_typesupport_c.so" to ""\n'}
[5.171042] (track_msgs) StdoutLine: {'line': b'-- Installing: /home/aiv/ev_ws/planning/install/track_msgs/lib/libtrack_msgs__rosidl_typesupport_fastrtps_cpp.so\n'}
[5.171093] (track_msgs) StdoutLine: {'line': b'-- Set runtime path of "/home/aiv/ev_ws/planning/install/track_msgs/lib/libtrack_msgs__rosidl_typesupport_fastrtps_cpp.so" to ""\n'}
[5.171142] (track_msgs) StdoutLine: {'line': b'-- Installing: /home/aiv/ev_ws/planning/install/track_msgs/lib/libtrack_msgs__rosidl_typesupport_introspection_cpp.so\n'}
[5.171188] (track_msgs) StdoutLine: {'line': b'-- Set runtime path of "/home/aiv/ev_ws/planning/install/track_msgs/lib/libtrack_msgs__rosidl_typesupport_introspection_cpp.so" to ""\n'}
[5.171233] (track_msgs) StdoutLine: {'line': b'-- Installing: /home/aiv/ev_ws/planning/install/track_msgs/lib/libtrack_msgs__rosidl_typesupport_cpp.so\n'}
[5.171277] (track_msgs) StdoutLine: {'line': b'-- Set runtime path of "/home/aiv/ev_ws/planning/install/track_msgs/lib/libtrack_msgs__rosidl_typesupport_cpp.so" to ""\n'}
[5.193662] (track_msgs) StdoutLine: {'line': b"Listing '/home/aiv/ev_ws/planning/install/track_msgs/local/lib/python3.10/dist-packages/track_msgs'...\n"}
[5.193739] (track_msgs) StdoutLine: {'line': b"Compiling '/home/aiv/ev_ws/planning/install/track_msgs/local/lib/python3.10/dist-packages/track_msgs/__init__.py'...\n"}
[5.193790] (track_msgs) StdoutLine: {'line': b"Listing '/home/aiv/ev_ws/planning/install/track_msgs/local/lib/python3.10/dist-packages/track_msgs/msg'...\n"}
[5.193837] (track_msgs) StdoutLine: {'line': b"Compiling '/home/aiv/ev_ws/planning/install/track_msgs/local/lib/python3.10/dist-packages/track_msgs/msg/__init__.py'...\n"}
[5.193886] (track_msgs) StdoutLine: {'line': b"Compiling '/home/aiv/ev_ws/planning/install/track_msgs/local/lib/python3.10/dist-packages/track_msgs/msg/_cone.py'...\n"}
[5.193935] (track_msgs) StdoutLine: {'line': b"Compiling '/home/aiv/ev_ws/planning/install/track_msgs/local/lib/python3.10/dist-packages/track_msgs/msg/_cone_array.py'...\n"}
[5.193978] (track_msgs) StdoutLine: {'line': b"Compiling '/home/aiv/ev_ws/planning/install/track_msgs/local/lib/python3.10/dist-packages/track_msgs/msg/_lane_boundary.py'...\n"}
[5.194021] (track_msgs) StdoutLine: {'line': b"Compiling '/home/aiv/ev_ws/planning/install/track_msgs/local/lib/python3.10/dist-packages/track_msgs/msg/_lane_boundary_array.py'...\n"}
[5.194063] (track_msgs) StdoutLine: {'line': b"Compiling '/home/aiv/ev_ws/planning/install/track_msgs/local/lib/python3.10/dist-packages/track_msgs/msg/_obstacle.py'...\n"}
[5.194106] (track_msgs) StdoutLine: {'line': b"Compiling '/home/aiv/ev_ws/planning/install/track_msgs/local/lib/python3.10/dist-packages/track_msgs/msg/_obstacle_array.py'...\n"}
[5.194149] (track_msgs) StdoutLine: {'line': b"Compiling '/home/aiv/ev_ws/planning/install/track_msgs/local/lib/python3.10/dist-packages/track_msgs/msg/_planner_status.py'...\n"}
[5.194191] (track_msgs) StdoutLine: {'line': b"Compiling '/home/aiv/ev_ws/planning/install/track_msgs/local/lib/python3.10/dist-packages/track_msgs/msg/_system_state.py'...\n"}
[5.195909] (track_msgs) StdoutLine: {'line': b'-- Installing: /home/aiv/ev_ws/planning/install/track_msgs/lib/libtrack_msgs__rosidl_generator_py.so\n'}
[5.196179] (track_msgs) StdoutLine: {'line': b'-- Set runtime path of "/home/aiv/ev_ws/planning/install/track_msgs/lib/libtrack_msgs__rosidl_generator_py.so" to ""\n'}
[5.196250] (track_msgs) StdoutLine: {'line': b'-- Installing: /home/aiv/ev_ws/planning/install/track_msgs/share/track_msgs/cmake/export_track_msgs__rosidl_generator_cExport.cmake\n'}
[5.196305] (track_msgs) StdoutLine: {'line': b'-- Installing: /home/aiv/ev_ws/planning/install/track_msgs/share/track_msgs/cmake/export_track_msgs__rosidl_generator_cExport-noconfig.cmake\n'}
[5.196422] (track_msgs) StdoutLine: {'line': b'-- Installing: /home/aiv/ev_ws/planning/install/track_msgs/share/track_msgs/cmake/export_track_msgs__rosidl_typesupport_fastrtps_cExport.cmake\n'}
[5.196460] (track_msgs) StdoutLine: {'line': b'-- Installing: /home/aiv/ev_ws/planning/install/track_msgs/share/track_msgs/cmake/export_track_msgs__rosidl_typesupport_fastrtps_cExport-noconfig.cmake\n'}
[5.196490] (track_msgs) StdoutLine: {'line': b'-- Installing: /home/aiv/ev_ws/planning/install/track_msgs/share/track_msgs/cmake/track_msgs__rosidl_typesupport_introspection_cExport.cmake\n'}
[5.196514] (track_msgs) StdoutLine: {'line': b'-- Installing: /home/aiv/ev_ws/planning/install/track_msgs/share/track_msgs/cmake/track_msgs__rosidl_typesupport_introspection_cExport-noconfig.cmake\n'}
[5.196537] (track_msgs) StdoutLine: {'line': b'-- Installing: /home/aiv/ev_ws/planning/install/track_msgs/share/track_msgs/cmake/track_msgs__rosidl_typesupport_cExport.cmake\n'}
[5.196585] (track_msgs) StdoutLine: {'line': b'-- Installing: /home/aiv/ev_ws/planning/install/track_msgs/share/track_msgs/cmake/track_msgs__rosidl_typesupport_cExport-noconfig.cmake\n'}
[5.196627] (track_msgs) StdoutLine: {'line': b'-- Installing: /home/aiv/ev_ws/planning/install/track_msgs/share/track_msgs/cmake/export_track_msgs__rosidl_generator_cppExport.cmake\n'}
[5.196664] (track_msgs) StdoutLine: {'line': b'-- Installing: /home/aiv/ev_ws/planning/install/track_msgs/share/track_msgs/cmake/export_track_msgs__rosidl_typesupport_fastrtps_cppExport.cmake\n'}
[5.196687] (track_msgs) StdoutLine: {'line': b'-- Installing: /home/aiv/ev_ws/planning/install/track_msgs/share/track_msgs/cmake/export_track_msgs__rosidl_typesupport_fastrtps_cppExport-noconfig.cmake\n'}
[5.196707] (track_msgs) StdoutLine: {'line': b'-- Installing: /home/aiv/ev_ws/planning/install/track_msgs/share/track_msgs/cmake/track_msgs__rosidl_typesupport_introspection_cppExport.cmake\n'}
[5.196731] (track_msgs) StdoutLine: {'line': b'-- Installing: /home/aiv/ev_ws/planning/install/track_msgs/share/track_msgs/cmake/track_msgs__rosidl_typesupport_introspection_cppExport-noconfig.cmake\n'}
[5.196752] (track_msgs) StdoutLine: {'line': b'-- Installing: /home/aiv/ev_ws/planning/install/track_msgs/share/track_msgs/cmake/track_msgs__rosidl_typesupport_cppExport.cmake\n'}
[5.196771] (track_msgs) StdoutLine: {'line': b'-- Installing: /home/aiv/ev_ws/planning/install/track_msgs/share/track_msgs/cmake/track_msgs__rosidl_typesupport_cppExport-noconfig.cmake\n'}
[5.196789] (track_msgs) StdoutLine: {'line': b'-- Installing: /home/aiv/ev_ws/planning/install/track_msgs/share/track_msgs/cmake/export_track_msgs__rosidl_generator_pyExport.cmake\n'}
[5.196808] (track_msgs) StdoutLine: {'line': b'-- Installing: /home/aiv/ev_ws/planning/install/track_msgs/share/track_msgs/cmake/export_track_msgs__rosidl_generator_pyExport-noconfig.cmake\n'}
[5.197922] (track_msgs) CommandEnded: {'returncode': 0}
[5.208106] (track_msgs) JobEnded: {'identifier': 'track_msgs', 'rc': 0}
[5.208380] (planning_mr_ver) JobStarted: {'identifier': 'planning_mr_ver'}
[5.209591] (-) TimerEvent: {}
[5.214408] (planning_mr_ver) JobProgress: {'identifier': 'planning_mr_ver', 'progress': 'cmake'}
[5.214851] (planning_mr_ver) Command: {'cmd': ['/usr/bin/cmake', '/home/aiv/ev_ws/planning/src/planning_mr_ver', '-DAMENT_CMAKE_SYMLINK_INSTALL=1', '-DCMAKE_INSTALL_PREFIX=/home/aiv/ev_ws/planning/install/planning_mr_ver'], 'cwd': '/home/aiv/ev_ws/planning/build/planning_mr_ver', 'env': OrderedDict([('GJS_DEBUG_TOPICS', 'JS ERROR;JS LOG'), ('PYTHON_BASIC_REPL', '1'), ('USER', 'aiv'), ('LC_TIME', 'ko_KR.UTF-8'), ('XDG_SESSION_TYPE', 'x11'), ('GIT_ASKPASS', '/usr/share/code/resources/app/extensions/git/dist/askpass.sh'), ('SHLVL', '1'), ('LD_LIBRARY_PATH', '/home/aiv/ev_ws/planning/install/track_msgs/lib:/usr/local/cuda-12.6/lib64:/usr/local/cuda-12.6/lib64:/home/aiv/ev_ws/erp42_ros/install/erp42_serial/lib:/home/aiv/ev_ws/erp42_ros/install/erp42_rqt_plugin/lib:/home/aiv/ev_ws/erp42_ros/install/erp42_gazebo/lib:/home/aiv/ev_ws/erp42_ros/install/erp42_util/lib:/home/aiv/ev_ws/erp42_ros/install/erp42_msgs/lib:/home/aiv/ev_ws/perception/install/velodyne_pointcloud/lib:/home/aiv/ev_ws/perception/install/velodyne_driver/lib:/home/aiv/ev_ws/perception/install/velodyne_msgs/lib:/home/aiv/ev_ws/perception/install/velodyne_laserscan/lib:/home/aiv/ev_ws/perception/install/velodyne_cropbox/lib:/home/aiv/ev_ws/perception/install/patchworkpp/lib:/home/aiv/ev_ws/perception/install/lidar_voxel_grid/lib:/home/aiv/ev_ws/perception/install/lidar_interfaces/lib:/home/aiv/ev_ws/perception/install/dbscan_clustering/lib:/home/aiv/ev_ws/perception/install/cluster_splitter/lib:/usr/lib/x86_64-linux-gnu/gazebo-11/plugins:/opt/ros/humble/opt/rviz_ogre_vendor/lib:/opt/ros/humble/lib/x86_64-linux-gnu:/opt/ros/humble/lib:/usr/local/cuda-12.6/lib64'), ('HOME', '/home/aiv'), ('CHROME_DESKTOP', 'code.desktop'), ('OLDPWD', '/home/aiv/ev_ws'), ('TERM_PROGRAM_VERSION', '1.109.2'), ('DESKTOP_SESSION', 'ubuntu'), ('NVM_BIN', '/home/aiv/.nvm/versions/node/v24.13.1/bin'), ('NVM_INC', '/home/aiv/.nvm/versions/node/v24.13.1/include/node'), ('GIO_LAUNCHED_DESKTOP_FILE', '/usr/share/applications/code.desktop'), ('ROS_PYTHON_VERSION', '3'), ('GNOME_SHELL_SESSION_MODE', 'ubuntu'), ('GTK_MODULES', 'gail:atk-bridge'), ('VSCODE_GIT_ASKPASS_MAIN', '/usr/share/code/resources/app/extensions/git/dist/askpass-main.js'), ('LC_MONETARY', 'ko_KR.UTF-8'), ('VSCODE_GIT_ASKPASS_NODE', '/usr/share/code/code'), ('MANAGERPID', '1839'), ('PYDEVD_DISABLE_FILE_VALIDATION', '1'), ('SYSTEMD_EXEC_PID', '2596'), ('BUNDLED_DEBUGPY_PATH', '/home/aiv/.vscode/extensions/ms-python.debugpy-2025.18.0-linux-x64/bundled/libs/debugpy'), ('VSCODE_PYTHON_AUTOACTIVATE_GUARD', '1'), ('DBUS_SESSION_BUS_ADDRESS', 'unix:path=/run/user/1000/bus'), ('COLORTERM', 'truecolor'), ('GIO_LAUNCHED_DESKTOP_FILE_PID', '6578'), ('NVM_DIR', '/home/aiv/.nvm'), ('COLCON_PREFIX_PATH', '/home/aiv/ev_ws/perception/install:/home/aiv/ev_ws/carsa_gazebo/install:/home/aiv/ev_ws/erp42_ros/install'), ('ROS_DISTRO', 'humble'), ('GTK_IM_MODULE', 'ibus'), ('LOGNAME', 'aiv'), ('JOURNAL_STREAM', '8:14626'), ('_', '/usr/bin/colcon'), ('ROS_VERSION', '2'), ('CLAUDE_CODE_SSE_PORT', '64650'), ('XDG_SESSION_CLASS', 'user'), ('USERNAME', 'aiv'), ('TERM', 'xterm-256color'), ('GNOME_DESKTOP_SESSION_ID', 'this-is-deprecated'), ('FC_FONTATIONS', '1'), ('ROS_LOCALHOST_ONLY', '0'), ('WINDOWPATH', '2'), ('PATH', '/usr/local/cuda-12.6/bin:/home/aiv/.local/bin:/usr/local/cuda-12.6/bin:/home/aiv/.local/bin:/opt/ros/humble/bin:/home/aiv/.nvm/versions/node/v24.13.1/bin:/usr/local/cuda-12.6/bin:/usr/local/sbin:/usr/local/bin:/usr/sbin:/usr/bin:/sbin:/bin:/usr/games:/usr/local/games:/snap/bin:/snap/bin:/home/aiv/.vscode/extensions/ms-python.debugpy-2025.18.0-linux-x64/bundled/scripts/noConfigScripts'), ('SESSION_MANAGER', 'local/aiv:@/tmp/.ICE-unix/2567,unix/aiv:/tmp/.ICE-unix/2567'), ('INVOCATION_ID', '0568b3f95aa24871a61c02a9dcac9b80'), ('XDG_MENU_PREFIX', 'gnome-'), ('LC_ADDRESS', 'ko_KR.UTF-8'), ('XDG_RUNTIME_DIR', '/run/user/1000'), ('GDK_BACKEND', 'x11'), ('DISPLAY', ':1'), ('VSCODE_DEBUGPY_ADAPTER_ENDPOINTS', '/home/aiv/.vscode/extensions/ms-python.debugpy-2025.18.0-linux-x64/.noConfigDebugAdapterEndpoints/endpoint-46563bbf624c3cef.txt'), ('LANG', 'en_US.UTF-8'), ('XDG_CURRENT_DESKTOP', 'ubuntu:GNOME'), ('PYTHONSTARTUP', '/home/aiv/.config/Code/User/workspaceStorage/9d75279b595d34a0fd4ce4d24c8f3c60/ms-python.python/pythonrc.py'), ('LC_TELEPHONE', 'ko_KR.UTF-8'), ('XMODIFIERS', '@im=ibus'), ('XDG_SESSION_DESKTOP', 'ubuntu'), ('XAUTHORITY', '/run/user/1000/gdm/Xauthority'), ('VSCODE_GIT_IPC_HANDLE', '/run/user/1000/vscode-git-84c9dd9eb3.sock'), ('TERM_PROGRAM', 'vscode'), ('SSH_AGENT_LAUNCHER', 'gnome-keyring'), ('SSH_AUTH_SOCK', '/run/user/1000/keyring/ssh'), ('AMENT_PREFIX_PATH', '/home/aiv/ev_ws/planning/install/track_msgs:/home/aiv/ev_ws/carsa_gazebo/install/carsa_gazebo:/home/aiv/ev_ws/erp42_ros/install/erp42_serial:/home/aiv/ev_ws/erp42_ros/install/erp42_rqt_plugin:/home/aiv/ev_ws/erp42_ros/install/erp42_gazebo:/home/aiv/ev_ws/erp42_ros/install/erp42_util:/home/aiv/ev_ws/erp42_ros/install/erp42_msgs:/home/aiv/ev_ws/erp42_ros/install/erp42_description:/home/aiv/ev_ws/erp42_ros/install/erp42_cmake:/home/aiv/ev_ws/perception/install/velodyne:/home/aiv/ev_ws/perception/install/lidar_launch:/home/aiv/ev_ws/perception/install/velodyne_pointcloud:/home/aiv/ev_ws/perception/install/velodyne_driver:/home/aiv/ev_ws/perception/install/velodyne_msgs:/home/aiv/ev_ws/perception/install/velodyne_laserscan:/home/aiv/ev_ws/perception/install/velodyne_cropbox:/home/aiv/ev_ws/perception/install/patchworkpp:/home/aiv/ev_ws/perception/install/lidar_voxel_grid:/home/aiv/ev_ws/perception/install/lidar_interfaces:/home/aiv/ev_ws/perception/install/dbscan_clustering:/home/aiv/ev_ws/perception/install/cluster_splitter:/opt/ros/humble'), ('SHELL', '/bin/bash'), ('LC_NAME', 'ko_KR.UTF-8'), ('QT_ACCESSIBILITY', '1'), ('GDMSESSION', 'ubuntu'), ('LC_MEASUREMENT', 'ko_KR.UTF-8'), ('GPG_AGENT_INFO', '/run/user/1000/gnupg/S.gpg-agent:0:1'), ('GJS_DEBUG_OUTPUT', 'stderr'), ('LC_IDENTIFICATION', 'ko_KR.UTF-8'), ('VSCODE_GIT_ASKPASS_EXTRA_ARGS', ''), ('QT_IM_MODULE', 'ibus'), ('PWD', '/home/aiv/ev_ws/planning/build/planning_mr_ver'), ('LC_ALL', 'en_US.UTF-8'), ('XDG_CONFIG_DIRS', '/etc/xdg/xdg-ubuntu:/etc/xdg'), ('NVM_CD_FLAGS', ''), ('XDG_DATA_DIRS', '/usr/share/ubuntu:/usr/share/gnome:/usr/local/share/:/usr/share/:/var/lib/snapd/desktop'), ('PYTHONPATH', '/home/aiv/ev_ws/planning/install/track_msgs/local/lib/python3.10/dist-packages:/home/aiv/ev_ws/erp42_ros/install/erp42_msgs/local/lib/python3.10/dist-packages:/home/aiv/ev_ws/perception/install/velodyne_msgs/local/lib/python3.10/dist-packages:/home/aiv/ev_ws/perception/install/lidar_interfaces/local/lib/python3.10/dist-packages:/opt/ros/humble/lib/python3.10/site-packages:/opt/ros/humble/local/lib/python3.10/dist-packages'), ('LC_NUMERIC', 'ko_KR.UTF-8'), ('LC_PAPER', 'ko_KR.UTF-8'), ('COLCON', '1'), ('EDITOR', 'code --wait'), ('CMAKE_PREFIX_PATH', '/home/aiv/ev_ws/planning/install/track_msgs:/home/aiv/ev_ws/carsa_gazebo/install/carsa_gazebo:/home/aiv/ev_ws/erp42_ros/install/erp42_serial:/home/aiv/ev_ws/erp42_ros/install/erp42_rqt_plugin:/home/aiv/ev_ws/erp42_ros/install/erp42_gazebo:/home/aiv/ev_ws/erp42_ros/install/erp42_util:/home/aiv/ev_ws/erp42_ros/install/erp42_msgs:/home/aiv/ev_ws/erp42_ros/install/erp42_description:/home/aiv/ev_ws/erp42_ros/install/erp42_cmake:/home/aiv/ev_ws/perception/install/velodyne:/home/aiv/ev_ws/perception/install/lidar_launch:/home/aiv/ev_ws/perception/install/velodyne_pointcloud:/home/aiv/ev_ws/perception/install/velodyne_driver:/home/aiv/ev_ws/perception/install/velodyne_msgs:/home/aiv/ev_ws/perception/install/velodyne_laserscan:/home/aiv/ev_ws/perception/install/velodyne_cropbox:/home/aiv/ev_ws/perception/install/patchworkpp:/home/aiv/ev_ws/perception/install/lidar_voxel_grid:/home/aiv/ev_ws/perception/install/lidar_interfaces:/home/aiv/ev_ws/perception/install/dbscan_clustering:/home/aiv/ev_ws/perception/install/cluster_splitter:/opt/ros/humble')]), 'shell': False}
[5.252554] (planning_mr_ver) StdoutLine: {'line': b'-- The C compiler identification is GNU 11.4.0\n'}
[5.285172] (planning_mr_ver) StdoutLine: {'line': b'-- The CXX compiler identification is GNU 11.4.0\n'}
[5.289572] (planning_mr_ver) StdoutLine: {'line': b'-- Detecting C compiler ABI info\n'}
[5.309670] (-) TimerEvent: {}
[5.334954] (planning_mr_ver) StdoutLine: {'line': b'-- Detecting C compiler ABI info - done\n'}
[5.338825] (planning_mr_ver) StdoutLine: {'line': b'-- Check for working C compiler: /usr/bin/cc - skipped\n'}
[5.338984] (planning_mr_ver) StdoutLine: {'line': b'-- Detecting C compile features\n'}
[5.339149] (planning_mr_ver) StdoutLine: {'line': b'-- Detecting C compile features - done\n'}
[5.340713] (planning_mr_ver) StdoutLine: {'line': b'-- Detecting CXX compiler ABI info\n'}
[5.388112] (planning_mr_ver) StdoutLine: {'line': b'-- Detecting CXX compiler ABI info - done\n'}
[5.393979] (planning_mr_ver) StdoutLine: {'line': b'-- Check for working CXX compiler: /usr/bin/c++ - skipped\n'}
[5.394247] (planning_mr_ver) StdoutLine: {'line': b'-- Detecting CXX compile features\n'}
[5.394529] (planning_mr_ver) StdoutLine: {'line': b'-- Detecting CXX compile features - done\n'}
[5.396750] (planning_mr_ver) StdoutLine: {'line': b'-- Found ament_cmake: 1.3.12 (/opt/ros/humble/share/ament_cmake/cmake)\n'}
[5.409777] (-) TimerEvent: {}
[5.490510] (planning_mr_ver) StdoutLine: {'line': b'-- Found Python3: /usr/bin/python3 (found version "3.10.12") found components: Interpreter \n'}
[5.509851] (-) TimerEvent: {}
[5.527690] (planning_mr_ver) StdoutLine: {'line': b'-- Override CMake install command with custom implementation using symlinks instead of copying resources\n'}
[5.552882] (planning_mr_ver) StdoutLine: {'line': b'-- Found rclcpp: 16.0.17 (/opt/ros/humble/share/rclcpp/cmake)\n'}
[5.583350] (planning_mr_ver) StdoutLine: {'line': b'-- Found rosidl_generator_c: 3.1.8 (/opt/ros/humble/share/rosidl_generator_c/cmake)\n'}
[5.587295] (planning_mr_ver) StdoutLine: {'line': b'-- Found rosidl_adapter: 3.1.8 (/opt/ros/humble/share/rosidl_adapter/cmake)\n'}
[5.592789] (planning_mr_ver) StdoutLine: {'line': b'-- Found rosidl_generator_cpp: 3.1.8 (/opt/ros/humble/share/rosidl_generator_cpp/cmake)\n'}
[5.599850] (planning_mr_ver) StdoutLine: {'line': b'-- Using all available rosidl_typesupport_c: rosidl_typesupport_fastrtps_c;rosidl_typesupport_introspection_c\n'}
[5.609578] (planning_mr_ver) StdoutLine: {'line': b'-- Using all available rosidl_typesupport_cpp: rosidl_typesupport_fastrtps_cpp;rosidl_typesupport_introspection_cpp\n'}
[5.609908] (-) TimerEvent: {}
[5.636655] (planning_mr_ver) StdoutLine: {'line': b'-- Found rmw_implementation_cmake: 6.1.2 (/opt/ros/humble/share/rmw_implementation_cmake/cmake)\n'}
[5.638748] (planning_mr_ver) StdoutLine: {'line': b'-- Found rmw_fastrtps_cpp: 6.2.9 (/opt/ros/humble/share/rmw_fastrtps_cpp/cmake)\n'}
[5.698767] (planning_mr_ver) StdoutLine: {'line': b'-- Found OpenSSL: /usr/lib/x86_64-linux-gnu/libcrypto.so (found version "3.0.2")  \n'}
[5.710038] (-) TimerEvent: {}
[5.718713] (planning_mr_ver) StdoutLine: {'line': b'-- Found FastRTPS: /opt/ros/humble/include  \n'}
[5.746907] (planning_mr_ver) StdoutLine: {'line': b"-- Using RMW implementation 'rmw_fastrtps_cpp' as default\n"}
[5.752562] (planning_mr_ver) StdoutLine: {'line': b'-- Looking for pthread.h\n'}
[5.799815] (planning_mr_ver) StdoutLine: {'line': b'-- Looking for pthread.h - found\n'}
[5.799998] (planning_mr_ver) StdoutLine: {'line': b'-- Performing Test CMAKE_HAVE_LIBC_PTHREAD\n'}
[5.810099] (-) TimerEvent: {}
[5.845564] (planning_mr_ver) StdoutLine: {'line': b'-- Performing Test CMAKE_HAVE_LIBC_PTHREAD - Success\n'}
[5.846501] (planning_mr_ver) StdoutLine: {'line': b'-- Found Threads: TRUE  \n'}
[5.876545] (planning_mr_ver) StdoutLine: {'line': b'-- Found rclcpp_components: 16.0.17 (/opt/ros/humble/share/rclcpp_components/cmake)\n'}
[5.892536] (planning_mr_ver) StdoutLine: {'line': b'-- Found nav_msgs: 4.9.0 (/opt/ros/humble/share/nav_msgs/cmake)\n'}
[5.908298] (planning_mr_ver) StdoutLine: {'line': b'-- Found track_msgs: 0.1.0 (/home/aiv/ev_ws/planning/install/track_msgs/share/track_msgs/cmake)\n'}
[5.910239] (-) TimerEvent: {}
[5.924271] (planning_mr_ver) StdoutLine: {'line': b'-- Found ament_lint_auto: 0.12.14 (/opt/ros/humble/share/ament_lint_auto/cmake)\n'}
[5.969679] (planning_mr_ver) StdoutLine: {'line': b"-- Added test 'cppcheck' to perform static code analysis on C / C++ code\n"}
[5.969874] (planning_mr_ver) StdoutLine: {'line': b'-- Configured cppcheck include dirs: /home/aiv/ev_ws/planning/src/planning_mr_ver/include\n'}
[5.969905] (planning_mr_ver) StdoutLine: {'line': b'-- Configured cppcheck exclude dirs and/or files: \n'}
[5.970242] (planning_mr_ver) StdoutLine: {'line': b"-- Added test 'flake8' to check Python code syntax and style conventions\n"}
[5.970725] (planning_mr_ver) StdoutLine: {'line': b"-- Added test 'lint_cmake' to check CMake code style\n"}
[5.971123] (planning_mr_ver) StdoutLine: {'line': b"-- Added test 'pep257' to check Python code against some of the docstring style conventions in PEP 257\n"}
[5.972074] (planning_mr_ver) StdoutLine: {'line': b"-- Added test 'uncrustify' to check C / C++ code style\n"}
[5.972101] (planning_mr_ver) StdoutLine: {'line': b'-- Configured uncrustify additional arguments: \n'}
[5.972512] (planning_mr_ver) StdoutLine: {'line': b"-- Added test 'xmllint' to check XML markup files\n"}
[5.973693] (planning_mr_ver) StdoutLine: {'line': b'-- Configuring done\n'}
[5.984734] (planning_mr_ver) StdoutLine: {'line': b'-- Generating done\n'}
[5.988949] (planning_mr_ver) StdoutLine: {'line': b'-- Build files have been written to: /home/aiv/ev_ws/planning/build/planning_mr_ver\n'}
[5.994128] (planning_mr_ver) CommandEnded: {'returncode': 0}
[5.994733] (planning_mr_ver) JobProgress: {'identifier': 'planning_mr_ver', 'progress': 'build'}
[5.995038] (planning_mr_ver) Command: {'cmd': ['/usr/bin/cmake', '--build', '/home/aiv/ev_ws/planning/build/planning_mr_ver', '--', '-j28', '-l28'], 'cwd': '/home/aiv/ev_ws/planning/build/planning_mr_ver', 'env': OrderedDict([('GJS_DEBUG_TOPICS', 'JS ERROR;JS LOG'), ('PYTHON_BASIC_REPL', '1'), ('USER', 'aiv'), ('LC_TIME', 'ko_KR.UTF-8'), ('XDG_SESSION_TYPE', 'x11'), ('GIT_ASKPASS', '/usr/share/code/resources/app/extensions/git/dist/askpass.sh'), ('SHLVL', '1'), ('LD_LIBRARY_PATH', '/home/aiv/ev_ws/planning/install/track_msgs/lib:/usr/local/cuda-12.6/lib64:/usr/local/cuda-12.6/lib64:/home/aiv/ev_ws/erp42_ros/install/erp42_serial/lib:/home/aiv/ev_ws/erp42_ros/install/erp42_rqt_plugin/lib:/home/aiv/ev_ws/erp42_ros/install/erp42_gazebo/lib:/home/aiv/ev_ws/erp42_ros/install/erp42_util/lib:/home/aiv/ev_ws/erp42_ros/install/erp42_msgs/lib:/home/aiv/ev_ws/perception/install/velodyne_pointcloud/lib:/home/aiv/ev_ws/perception/install/velodyne_driver/lib:/home/aiv/ev_ws/perception/install/velodyne_msgs/lib:/home/aiv/ev_ws/perception/install/velodyne_laserscan/lib:/home/aiv/ev_ws/perception/install/velodyne_cropbox/lib:/home/aiv/ev_ws/perception/install/patchworkpp/lib:/home/aiv/ev_ws/perception/install/lidar_voxel_grid/lib:/home/aiv/ev_ws/perception/install/lidar_interfaces/lib:/home/aiv/ev_ws/perception/install/dbscan_clustering/lib:/home/aiv/ev_ws/perception/install/cluster_splitter/lib:/usr/lib/x86_64-linux-gnu/gazebo-11/plugins:/opt/ros/humble/opt/rviz_ogre_vendor/lib:/opt/ros/humble/lib/x86_64-linux-gnu:/opt/ros/humble/lib:/usr/local/cuda-12.6/lib64'), ('HOME', '/home/aiv'), ('CHROME_DESKTOP', 'code.desktop'), ('OLDPWD', '/home/aiv/ev_ws'), ('TERM_PROGRAM_VERSION', '1.109.2'), ('DESKTOP_SESSION', 'ubuntu'), ('NVM_BIN', '/home/aiv/.nvm/versions/node/v24.13.1/bin'), ('NVM_INC', '/home/aiv/.nvm/versions/node/v24.13.1/include/node'), ('GIO_LAUNCHED_DESKTOP_FILE', '/usr/share/applications/code.desktop'), ('ROS_PYTHON_VERSION', '3'), ('GNOME_SHELL_SESSION_MODE', 'ubuntu'), ('GTK_MODULES', 'gail:atk-bridge'), ('VSCODE_GIT_ASKPASS_MAIN', '/usr/share/code/resources/app/extensions/git/dist/askpass-main.js'), ('LC_MONETARY', 'ko_KR.UTF-8'), ('VSCODE_GIT_ASKPASS_NODE', '/usr/share/code/code'), ('MANAGERPID', '1839'), ('PYDEVD_DISABLE_FILE_VALIDATION', '1'), ('SYSTEMD_EXEC_PID', '2596'), ('BUNDLED_DEBUGPY_PATH', '/home/aiv/.vscode/extensions/ms-python.debugpy-2025.18.0-linux-x64/bundled/libs/debugpy'), ('VSCODE_PYTHON_AUTOACTIVATE_GUARD', '1'), ('DBUS_SESSION_BUS_ADDRESS', 'unix:path=/run/user/1000/bus'), ('COLORTERM', 'truecolor'), ('GIO_LAUNCHED_DESKTOP_FILE_PID', '6578'), ('NVM_DIR', '/home/aiv/.nvm'), ('COLCON_PREFIX_PATH', '/home/aiv/ev_ws/perception/install:/home/aiv/ev_ws/carsa_gazebo/install:/home/aiv/ev_ws/erp42_ros/install'), ('ROS_DISTRO', 'humble'), ('GTK_IM_MODULE', 'ibus'), ('LOGNAME', 'aiv'), ('JOURNAL_STREAM', '8:14626'), ('_', '/usr/bin/colcon'), ('ROS_VERSION', '2'), ('CLAUDE_CODE_SSE_PORT', '64650'), ('XDG_SESSION_CLASS', 'user'), ('USERNAME', 'aiv'), ('TERM', 'xterm-256color'), ('GNOME_DESKTOP_SESSION_ID', 'this-is-deprecated'), ('FC_FONTATIONS', '1'), ('ROS_LOCALHOST_ONLY', '0'), ('WINDOWPATH', '2'), ('PATH', '/usr/local/cuda-12.6/bin:/home/aiv/.local/bin:/usr/local/cuda-12.6/bin:/home/aiv/.local/bin:/opt/ros/humble/bin:/home/aiv/.nvm/versions/node/v24.13.1/bin:/usr/local/cuda-12.6/bin:/usr/local/sbin:/usr/local/bin:/usr/sbin:/usr/bin:/sbin:/bin:/usr/games:/usr/local/games:/snap/bin:/snap/bin:/home/aiv/.vscode/extensions/ms-python.debugpy-2025.18.0-linux-x64/bundled/scripts/noConfigScripts'), ('SESSION_MANAGER', 'local/aiv:@/tmp/.ICE-unix/2567,unix/aiv:/tmp/.ICE-unix/2567'), ('INVOCATION_ID', '0568b3f95aa24871a61c02a9dcac9b80'), ('XDG_MENU_PREFIX', 'gnome-'), ('LC_ADDRESS', 'ko_KR.UTF-8'), ('XDG_RUNTIME_DIR', '/run/user/1000'), ('GDK_BACKEND', 'x11'), ('DISPLAY', ':1'), ('VSCODE_DEBUGPY_ADAPTER_ENDPOINTS', '/home/aiv/.vscode/extensions/ms-python.debugpy-2025.18.0-linux-x64/.noConfigDebugAdapterEndpoints/endpoint-46563bbf624c3cef.txt'), ('LANG', 'en_US.UTF-8'), ('XDG_CURRENT_DESKTOP', 'ubuntu:GNOME'), ('PYTHONSTARTUP', '/home/aiv/.config/Code/User/workspaceStorage/9d75279b595d34a0fd4ce4d24c8f3c60/ms-python.python/pythonrc.py'), ('LC_TELEPHONE', 'ko_KR.UTF-8'), ('XMODIFIERS', '@im=ibus'), ('XDG_SESSION_DESKTOP', 'ubuntu'), ('XAUTHORITY', '/run/user/1000/gdm/Xauthority'), ('VSCODE_GIT_IPC_HANDLE', '/run/user/1000/vscode-git-84c9dd9eb3.sock'), ('TERM_PROGRAM', 'vscode'), ('SSH_AGENT_LAUNCHER', 'gnome-keyring'), ('SSH_AUTH_SOCK', '/run/user/1000/keyring/ssh'), ('AMENT_PREFIX_PATH', '/home/aiv/ev_ws/planning/install/track_msgs:/home/aiv/ev_ws/carsa_gazebo/install/carsa_gazebo:/home/aiv/ev_ws/erp42_ros/install/erp42_serial:/home/aiv/ev_ws/erp42_ros/install/erp42_rqt_plugin:/home/aiv/ev_ws/erp42_ros/install/erp42_gazebo:/home/aiv/ev_ws/erp42_ros/install/erp42_util:/home/aiv/ev_ws/erp42_ros/install/erp42_msgs:/home/aiv/ev_ws/erp42_ros/install/erp42_description:/home/aiv/ev_ws/erp42_ros/install/erp42_cmake:/home/aiv/ev_ws/perception/install/velodyne:/home/aiv/ev_ws/perception/install/lidar_launch:/home/aiv/ev_ws/perception/install/velodyne_pointcloud:/home/aiv/ev_ws/perception/install/velodyne_driver:/home/aiv/ev_ws/perception/install/velodyne_msgs:/home/aiv/ev_ws/perception/install/velodyne_laserscan:/home/aiv/ev_ws/perception/install/velodyne_cropbox:/home/aiv/ev_ws/perception/install/patchworkpp:/home/aiv/ev_ws/perception/install/lidar_voxel_grid:/home/aiv/ev_ws/perception/install/lidar_interfaces:/home/aiv/ev_ws/perception/install/dbscan_clustering:/home/aiv/ev_ws/perception/install/cluster_splitter:/opt/ros/humble'), ('SHELL', '/bin/bash'), ('LC_NAME', 'ko_KR.UTF-8'), ('QT_ACCESSIBILITY', '1'), ('GDMSESSION', 'ubuntu'), ('LC_MEASUREMENT', 'ko_KR.UTF-8'), ('GPG_AGENT_INFO', '/run/user/1000/gnupg/S.gpg-agent:0:1'), ('GJS_DEBUG_OUTPUT', 'stderr'), ('LC_IDENTIFICATION', 'ko_KR.UTF-8'), ('VSCODE_GIT_ASKPASS_EXTRA_ARGS', ''), ('QT_IM_MODULE', 'ibus'), ('PWD', '/home/aiv/ev_ws/planning/build/planning_mr_ver'), ('LC_ALL', 'en_US.UTF-8'), ('XDG_CONFIG_DIRS', '/etc/xdg/xdg-ubuntu:/etc/xdg'), ('NVM_CD_FLAGS', ''), ('XDG_DATA_DIRS', '/usr/share/ubuntu:/usr/share/gnome:/usr/local/share/:/usr/share/:/var/lib/snapd/desktop'), ('PYTHONPATH', '/home/aiv/ev_ws/planning/install/track_msgs/local/lib/python3.10/dist-packages:/home/aiv/ev_ws/erp42_ros/install/erp42_msgs/local/lib/python3.10/dist-packages:/home/aiv/ev_ws/perception/install/velodyne_msgs/local/lib/python3.10/dist-packages:/home/aiv/ev_ws/perception/install/lidar_interfaces/local/lib/python3.10/dist-packages:/opt/ros/humble/lib/python3.10/site-packages:/opt/ros/humble/local/lib/python3.10/dist-packages'), ('LC_NUMERIC', 'ko_KR.UTF-8'), ('LC_PAPER', 'ko_KR.UTF-8'), ('COLCON', '1'), ('EDITOR', 'code --wait'), ('CMAKE_PREFIX_PATH', '/home/aiv/ev_ws/planning/install/track_msgs:/home/aiv/ev_ws/carsa_gazebo/install/carsa_gazebo:/home/aiv/ev_ws/erp42_ros/install/erp42_serial:/home/aiv/ev_ws/erp42_ros/install/erp42_rqt_plugin:/home/aiv/ev_ws/erp42_ros/install/erp42_gazebo:/home/aiv/ev_ws/erp42_ros/install/erp42_util:/home/aiv/ev_ws/erp42_ros/install/erp42_msgs:/home/aiv/ev_ws/erp42_ros/install/erp42_description:/home/aiv/ev_ws/erp42_ros/install/erp42_cmake:/home/aiv/ev_ws/perception/install/velodyne:/home/aiv/ev_ws/perception/install/lidar_launch:/home/aiv/ev_ws/perception/install/velodyne_pointcloud:/home/aiv/ev_ws/perception/install/velodyne_driver:/home/aiv/ev_ws/perception/install/velodyne_msgs:/home/aiv/ev_ws/perception/install/velodyne_laserscan:/home/aiv/ev_ws/perception/install/velodyne_cropbox:/home/aiv/ev_ws/perception/install/patchworkpp:/home/aiv/ev_ws/perception/install/lidar_voxel_grid:/home/aiv/ev_ws/perception/install/lidar_interfaces:/home/aiv/ev_ws/perception/install/dbscan_clustering:/home/aiv/ev_ws/perception/install/cluster_splitter:/opt/ros/humble')]), 'shell': False}
[6.010309] (-) TimerEvent: {}
[6.033670] (planning_mr_ver) StdoutLine: {'line': b'[ 10%] \x1b[32mBuilding CXX object CMakeFiles/planning_mr_planner.dir/src/planner/magnetic_planner.cpp.o\x1b[0m\n'}
[6.034236] (planning_mr_ver) StdoutLine: {'line': b'[ 20%] \x1b[32mBuilding CXX object CMakeFiles/planning_mr_costmap.dir/src/costmap/costmap_generator.cpp.o\x1b[0m\n'}
[6.034525] (planning_mr_ver) StdoutLine: {'line': b'[ 30%] \x1b[32mBuilding CXX object CMakeFiles/planning_mr_postprocess.dir/src/postprocess/path_postprocessor.cpp.o\x1b[0m\n'}
[6.034835] (planning_mr_ver) StdoutLine: {'line': b'[ 40%] \x1b[32mBuilding CXX object CMakeFiles/mr_planner_node_exe.dir/rclcpp_components/node_main_mr_planner_node_exe.cpp.o\x1b[0m\n'}
[6.110365] (-) TimerEvent: {}
[6.210576] (-) TimerEvent: {}
[6.298494] (planning_mr_ver) StdoutLine: {'line': b'[ 50%] \x1b[32m\x1b[1mLinking CXX shared library libplanning_mr_postprocess.so\x1b[0m\n'}
[6.310680] (-) TimerEvent: {}
[6.371386] (planning_mr_ver) StdoutLine: {'line': b'[ 50%] Built target planning_mr_postprocess\n'}
[6.410752] (-) TimerEvent: {}
[6.511117] (-) TimerEvent: {}
[6.611466] (-) TimerEvent: {}
[6.711699] (-) TimerEvent: {}
[6.811937] (-) TimerEvent: {}
[6.912170] (-) TimerEvent: {}
[7.012373] (-) TimerEvent: {}
[7.112611] (-) TimerEvent: {}
[7.212914] (-) TimerEvent: {}
[7.313138] (-) TimerEvent: {}
[7.386537] (planning_mr_ver) StdoutLine: {'line': b'[ 60%] \x1b[32m\x1b[1mLinking CXX shared library libplanning_mr_costmap.so\x1b[0m\n'}
[7.393759] (planning_mr_ver) StdoutLine: {'line': b'[ 70%] \x1b[32m\x1b[1mLinking CXX shared library libplanning_mr_planner.so\x1b[0m\n'}
[7.413234] (-) TimerEvent: {}
[7.473488] (planning_mr_ver) StdoutLine: {'line': b'[ 70%] Built target planning_mr_planner\n'}
[7.484010] (planning_mr_ver) StdoutLine: {'line': b'[ 70%] Built target planning_mr_costmap\n'}
[7.496570] (planning_mr_ver) StdoutLine: {'line': b'[ 80%] \x1b[32mBuilding CXX object CMakeFiles/mr_planner_component.dir/src/nodes/mr_planner_node.cpp.o\x1b[0m\n'}
[7.513296] (-) TimerEvent: {}
[7.597822] (planning_mr_ver) StdoutLine: {'line': b'[ 90%] \x1b[32m\x1b[1mLinking CXX executable mr_planner_node_exe\x1b[0m\n'}
[7.613375] (-) TimerEvent: {}
[7.667935] (planning_mr_ver) StdoutLine: {'line': b'[ 90%] Built target mr_planner_node_exe\n'}
[7.713482] (-) TimerEvent: {}
[7.813869] (-) TimerEvent: {}
[7.914243] (-) TimerEvent: {}
[8.014659] (-) TimerEvent: {}
[8.115023] (-) TimerEvent: {}
[8.215359] (-) TimerEvent: {}
[8.315781] (-) TimerEvent: {}
[8.416045] (-) TimerEvent: {}
[8.516369] (-) TimerEvent: {}
[8.616731] (-) TimerEvent: {}
[8.717037] (-) TimerEvent: {}
[8.817405] (-) TimerEvent: {}
[8.917691] (-) TimerEvent: {}
[9.017949] (-) TimerEvent: {}
[9.118312] (-) TimerEvent: {}
[9.218648] (-) TimerEvent: {}
[9.318938] (-) TimerEvent: {}
[9.419237] (-) TimerEvent: {}
[9.519527] (-) TimerEvent: {}
[9.619888] (-) TimerEvent: {}
[9.720248] (-) TimerEvent: {}
[9.820525] (-) TimerEvent: {}
[9.920725] (-) TimerEvent: {}
[10.020914] (-) TimerEvent: {}
[10.121135] (-) TimerEvent: {}
[10.221404] (-) TimerEvent: {}
[10.321613] (-) TimerEvent: {}
[10.421798] (-) TimerEvent: {}
[10.521955] (-) TimerEvent: {}
[10.622158] (-) TimerEvent: {}
[10.722373] (-) TimerEvent: {}
[10.822603] (-) TimerEvent: {}
[10.922789] (-) TimerEvent: {}
[11.022968] (-) TimerEvent: {}
[11.123162] (-) TimerEvent: {}
[11.223466] (-) TimerEvent: {}
[11.323680] (-) TimerEvent: {}
[11.423972] (-) TimerEvent: {}
[11.524197] (-) TimerEvent: {}
[11.624400] (-) TimerEvent: {}
[11.724614] (-) TimerEvent: {}
[11.824826] (-) TimerEvent: {}
[11.925027] (-) TimerEvent: {}
[12.025214] (-) TimerEvent: {}
[12.125347] (-) TimerEvent: {}
[12.225501] (-) TimerEvent: {}
[12.325675] (-) TimerEvent: {}
[12.425924] (-) TimerEvent: {}
[12.526095] (-) TimerEvent: {}
[12.626274] (-) TimerEvent: {}
[12.726463] (-) TimerEvent: {}
[12.826680] (-) TimerEvent: {}
[12.926877] (-) TimerEvent: {}
[13.027170] (-) TimerEvent: {}
[13.127364] (-) TimerEvent: {}
[13.227568] (-) TimerEvent: {}
[13.322795] (planning_mr_ver) StdoutLine: {'line': b'[100%] \x1b[32m\x1b[1mLinking CXX shared library libmr_planner_component.so\x1b[0m\n'}
[13.327653] (-) TimerEvent: {}
[13.427807] (-) TimerEvent: {}
[13.528023] (-) TimerEvent: {}
[13.628354] (-) TimerEvent: {}
[13.661164] (planning_mr_ver) StdoutLine: {'line': b'[100%] Built target mr_planner_component\n'}
[13.669615] (planning_mr_ver) CommandEnded: {'returncode': 0}
[13.670168] (planning_mr_ver) JobProgress: {'identifier': 'planning_mr_ver', 'progress': 'install'}
[13.670341] (planning_mr_ver) Command: {'cmd': ['/usr/bin/cmake', '--install', '/home/aiv/ev_ws/planning/build/planning_mr_ver'], 'cwd': '/home/aiv/ev_ws/planning/build/planning_mr_ver', 'env': OrderedDict([('GJS_DEBUG_TOPICS', 'JS ERROR;JS LOG'), ('PYTHON_BASIC_REPL', '1'), ('USER', 'aiv'), ('LC_TIME', 'ko_KR.UTF-8'), ('XDG_SESSION_TYPE', 'x11'), ('GIT_ASKPASS', '/usr/share/code/resources/app/extensions/git/dist/askpass.sh'), ('SHLVL', '1'), ('LD_LIBRARY_PATH', '/home/aiv/ev_ws/planning/install/track_msgs/lib:/usr/local/cuda-12.6/lib64:/usr/local/cuda-12.6/lib64:/home/aiv/ev_ws/erp42_ros/install/erp42_serial/lib:/home/aiv/ev_ws/erp42_ros/install/erp42_rqt_plugin/lib:/home/aiv/ev_ws/erp42_ros/install/erp42_gazebo/lib:/home/aiv/ev_ws/erp42_ros/install/erp42_util/lib:/home/aiv/ev_ws/erp42_ros/install/erp42_msgs/lib:/home/aiv/ev_ws/perception/install/velodyne_pointcloud/lib:/home/aiv/ev_ws/perception/install/velodyne_driver/lib:/home/aiv/ev_ws/perception/install/velodyne_msgs/lib:/home/aiv/ev_ws/perception/install/velodyne_laserscan/lib:/home/aiv/ev_ws/perception/install/velodyne_cropbox/lib:/home/aiv/ev_ws/perception/install/patchworkpp/lib:/home/aiv/ev_ws/perception/install/lidar_voxel_grid/lib:/home/aiv/ev_ws/perception/install/lidar_interfaces/lib:/home/aiv/ev_ws/perception/install/dbscan_clustering/lib:/home/aiv/ev_ws/perception/install/cluster_splitter/lib:/usr/lib/x86_64-linux-gnu/gazebo-11/plugins:/opt/ros/humble/opt/rviz_ogre_vendor/lib:/opt/ros/humble/lib/x86_64-linux-gnu:/opt/ros/humble/lib:/usr/local/cuda-12.6/lib64'), ('HOME', '/home/aiv'), ('CHROME_DESKTOP', 'code.desktop'), ('OLDPWD', '/home/aiv/ev_ws'), ('TERM_PROGRAM_VERSION', '1.109.2'), ('DESKTOP_SESSION', 'ubuntu'), ('NVM_BIN', '/home/aiv/.nvm/versions/node/v24.13.1/bin'), ('NVM_INC', '/home/aiv/.nvm/versions/node/v24.13.1/include/node'), ('GIO_LAUNCHED_DESKTOP_FILE', '/usr/share/applications/code.desktop'), ('ROS_PYTHON_VERSION', '3'), ('GNOME_SHELL_SESSION_MODE', 'ubuntu'), ('GTK_MODULES', 'gail:atk-bridge'), ('VSCODE_GIT_ASKPASS_MAIN', '/usr/share/code/resources/app/extensions/git/dist/askpass-main.js'), ('LC_MONETARY', 'ko_KR.UTF-8'), ('VSCODE_GIT_ASKPASS_NODE', '/usr/share/code/code'), ('MANAGERPID', '1839'), ('PYDEVD_DISABLE_FILE_VALIDATION', '1'), ('SYSTEMD_EXEC_PID', '2596'), ('BUNDLED_DEBUGPY_PATH', '/home/aiv/.vscode/extensions/ms-python.debugpy-2025.18.0-linux-x64/bundled/libs/debugpy'), ('VSCODE_PYTHON_AUTOACTIVATE_GUARD', '1'), ('DBUS_SESSION_BUS_ADDRESS', 'unix:path=/run/user/1000/bus'), ('COLORTERM', 'truecolor'), ('GIO_LAUNCHED_DESKTOP_FILE_PID', '6578'), ('NVM_DIR', '/home/aiv/.nvm'), ('COLCON_PREFIX_PATH', '/home/aiv/ev_ws/perception/install:/home/aiv/ev_ws/carsa_gazebo/install:/home/aiv/ev_ws/erp42_ros/install'), ('ROS_DISTRO', 'humble'), ('GTK_IM_MODULE', 'ibus'), ('LOGNAME', 'aiv'), ('JOURNAL_STREAM', '8:14626'), ('_', '/usr/bin/colcon'), ('ROS_VERSION', '2'), ('CLAUDE_CODE_SSE_PORT', '64650'), ('XDG_SESSION_CLASS', 'user'), ('USERNAME', 'aiv'), ('TERM', 'xterm-256color'), ('GNOME_DESKTOP_SESSION_ID', 'this-is-deprecated'), ('FC_FONTATIONS', '1'), ('ROS_LOCALHOST_ONLY', '0'), ('WINDOWPATH', '2'), ('PATH', '/usr/local/cuda-12.6/bin:/home/aiv/.local/bin:/usr/local/cuda-12.6/bin:/home/aiv/.local/bin:/opt/ros/humble/bin:/home/aiv/.nvm/versions/node/v24.13.1/bin:/usr/local/cuda-12.6/bin:/usr/local/sbin:/usr/local/bin:/usr/sbin:/usr/bin:/sbin:/bin:/usr/games:/usr/local/games:/snap/bin:/snap/bin:/home/aiv/.vscode/extensions/ms-python.debugpy-2025.18.0-linux-x64/bundled/scripts/noConfigScripts'), ('SESSION_MANAGER', 'local/aiv:@/tmp/.ICE-unix/2567,unix/aiv:/tmp/.ICE-unix/2567'), ('INVOCATION_ID', '0568b3f95aa24871a61c02a9dcac9b80'), ('XDG_MENU_PREFIX', 'gnome-'), ('LC_ADDRESS', 'ko_KR.UTF-8'), ('XDG_RUNTIME_DIR', '/run/user/1000'), ('GDK_BACKEND', 'x11'), ('DISPLAY', ':1'), ('VSCODE_DEBUGPY_ADAPTER_ENDPOINTS', '/home/aiv/.vscode/extensions/ms-python.debugpy-2025.18.0-linux-x64/.noConfigDebugAdapterEndpoints/endpoint-46563bbf624c3cef.txt'), ('LANG', 'en_US.UTF-8'), ('XDG_CURRENT_DESKTOP', 'ubuntu:GNOME'), ('PYTHONSTARTUP', '/home/aiv/.config/Code/User/workspaceStorage/9d75279b595d34a0fd4ce4d24c8f3c60/ms-python.python/pythonrc.py'), ('LC_TELEPHONE', 'ko_KR.UTF-8'), ('XMODIFIERS', '@im=ibus'), ('XDG_SESSION_DESKTOP', 'ubuntu'), ('XAUTHORITY', '/run/user/1000/gdm/Xauthority'), ('VSCODE_GIT_IPC_HANDLE', '/run/user/1000/vscode-git-84c9dd9eb3.sock'), ('TERM_PROGRAM', 'vscode'), ('SSH_AGENT_LAUNCHER', 'gnome-keyring'), ('SSH_AUTH_SOCK', '/run/user/1000/keyring/ssh'), ('AMENT_PREFIX_PATH', '/home/aiv/ev_ws/planning/install/track_msgs:/home/aiv/ev_ws/carsa_gazebo/install/carsa_gazebo:/home/aiv/ev_ws/erp42_ros/install/erp42_serial:/home/aiv/ev_ws/erp42_ros/install/erp42_rqt_plugin:/home/aiv/ev_ws/erp42_ros/install/erp42_gazebo:/home/aiv/ev_ws/erp42_ros/install/erp42_util:/home/aiv/ev_ws/erp42_ros/install/erp42_msgs:/home/aiv/ev_ws/erp42_ros/install/erp42_description:/home/aiv/ev_ws/erp42_ros/install/erp42_cmake:/home/aiv/ev_ws/perception/install/velodyne:/home/aiv/ev_ws/perception/install/lidar_launch:/home/aiv/ev_ws/perception/install/velodyne_pointcloud:/home/aiv/ev_ws/perception/install/velodyne_driver:/home/aiv/ev_ws/perception/install/velodyne_msgs:/home/aiv/ev_ws/perception/install/velodyne_laserscan:/home/aiv/ev_ws/perception/install/velodyne_cropbox:/home/aiv/ev_ws/perception/install/patchworkpp:/home/aiv/ev_ws/perception/install/lidar_voxel_grid:/home/aiv/ev_ws/perception/install/lidar_interfaces:/home/aiv/ev_ws/perception/install/dbscan_clustering:/home/aiv/ev_ws/perception/install/cluster_splitter:/opt/ros/humble'), ('SHELL', '/bin/bash'), ('LC_NAME', 'ko_KR.UTF-8'), ('QT_ACCESSIBILITY', '1'), ('GDMSESSION', 'ubuntu'), ('LC_MEASUREMENT', 'ko_KR.UTF-8'), ('GPG_AGENT_INFO', '/run/user/1000/gnupg/S.gpg-agent:0:1'), ('GJS_DEBUG_OUTPUT', 'stderr'), ('LC_IDENTIFICATION', 'ko_KR.UTF-8'), ('VSCODE_GIT_ASKPASS_EXTRA_ARGS', ''), ('QT_IM_MODULE', 'ibus'), ('PWD', '/home/aiv/ev_ws/planning/build/planning_mr_ver'), ('LC_ALL', 'en_US.UTF-8'), ('XDG_CONFIG_DIRS', '/etc/xdg/xdg-ubuntu:/etc/xdg'), ('NVM_CD_FLAGS', ''), ('XDG_DATA_DIRS', '/usr/share/ubuntu:/usr/share/gnome:/usr/local/share/:/usr/share/:/var/lib/snapd/desktop'), ('PYTHONPATH', '/home/aiv/ev_ws/planning/install/track_msgs/local/lib/python3.10/dist-packages:/home/aiv/ev_ws/erp42_ros/install/erp42_msgs/local/lib/python3.10/dist-packages:/home/aiv/ev_ws/perception/install/velodyne_msgs/local/lib/python3.10/dist-packages:/home/aiv/ev_ws/perception/install/lidar_interfaces/local/lib/python3.10/dist-packages:/opt/ros/humble/lib/python3.10/site-packages:/opt/ros/humble/local/lib/python3.10/dist-packages'), ('LC_NUMERIC', 'ko_KR.UTF-8'), ('LC_PAPER', 'ko_KR.UTF-8'), ('COLCON', '1'), ('EDITOR', 'code --wait'), ('CMAKE_PREFIX_PATH', '/home/aiv/ev_ws/planning/install/track_msgs:/home/aiv/ev_ws/carsa_gazebo/install/carsa_gazebo:/home/aiv/ev_ws/erp42_ros/install/erp42_serial:/home/aiv/ev_ws/erp42_ros/install/erp42_rqt_plugin:/home/aiv/ev_ws/erp42_ros/install/erp42_gazebo:/home/aiv/ev_ws/erp42_ros/install/erp42_util:/home/aiv/ev_ws/erp42_ros/install/erp42_msgs:/home/aiv/ev_ws/erp42_ros/install/erp42_description:/home/aiv/ev_ws/erp42_ros/install/erp42_cmake:/home/aiv/ev_ws/perception/install/velodyne:/home/aiv/ev_ws/perception/install/lidar_launch:/home/aiv/ev_ws/perception/install/velodyne_pointcloud:/home/aiv/ev_ws/perception/install/velodyne_driver:/home/aiv/ev_ws/perception/install/velodyne_msgs:/home/aiv/ev_ws/perception/install/velodyne_laserscan:/home/aiv/ev_ws/perception/install/velodyne_cropbox:/home/aiv/ev_ws/perception/install/patchworkpp:/home/aiv/ev_ws/perception/install/lidar_voxel_grid:/home/aiv/ev_ws/perception/install/lidar_interfaces:/home/aiv/ev_ws/perception/install/dbscan_clustering:/home/aiv/ev_ws/perception/install/cluster_splitter:/opt/ros/humble')]), 'shell': False}
[13.676568] (planning_mr_ver) StdoutLine: {'line': b'-- Install configuration: ""\n'}
[13.676942] (planning_mr_ver) StdoutLine: {'line': b'-- Execute custom install script\n'}
[13.677188] (planning_mr_ver) StdoutLine: {'line': b'-- Symlinking: /home/aiv/ev_ws/planning/install/planning_mr_ver/lib/libplanning_mr_costmap.so\n'}
[13.683509] (planning_mr_ver) StdoutLine: {'line': b'-- Symlinking: /home/aiv/ev_ws/planning/install/planning_mr_ver/lib/libplanning_mr_planner.so\n'}
[13.689003] (planning_mr_ver) StdoutLine: {'line': b'-- Symlinking: /home/aiv/ev_ws/planning/install/planning_mr_ver/lib/libplanning_mr_postprocess.so\n'}
[13.694997] (planning_mr_ver) StdoutLine: {'line': b'-- Symlinking: /home/aiv/ev_ws/planning/install/planning_mr_ver/lib/planning_mr_ver/mr_planner_node_exe\n'}
[13.701460] (planning_mr_ver) StdoutLine: {'line': b'-- Symlinking: /home/aiv/ev_ws/planning/install/planning_mr_ver/lib/libmr_planner_component.so\n'}
[13.707192] (planning_mr_ver) StdoutLine: {'line': b'-- Symlinking: /home/aiv/ev_ws/planning/install/planning_mr_ver/include/planning_mr_ver/common/debug_publish.hpp\n'}
[13.712401] (planning_mr_ver) StdoutLine: {'line': b'-- Symlinking: /home/aiv/ev_ws/planning/install/planning_mr_ver/include/planning_mr_ver/common/geometry.hpp\n'}
[13.717295] (planning_mr_ver) StdoutLine: {'line': b'-- Symlinking: /home/aiv/ev_ws/planning/install/planning_mr_ver/include/planning_mr_ver/common/params.hpp\n'}
[13.723120] (planning_mr_ver) StdoutLine: {'line': b'-- Symlinking: /home/aiv/ev_ws/planning/install/planning_mr_ver/include/planning_mr_ver/common/types.hpp\n'}
[13.728422] (-) TimerEvent: {}
[13.729281] (planning_mr_ver) StdoutLine: {'line': b'-- Symlinking: /home/aiv/ev_ws/planning/install/planning_mr_ver/include/planning_mr_ver/costmap/costmap_generator.hpp\n'}
[13.733513] (planning_mr_ver) StdoutLine: {'line': b'-- Symlinking: /home/aiv/ev_ws/planning/install/planning_mr_ver/include/planning_mr_ver/nodes/mr_planner_node.hpp\n'}
[13.740013] (planning_mr_ver) StdoutLine: {'line': b'-- Symlinking: /home/aiv/ev_ws/planning/install/planning_mr_ver/include/planning_mr_ver/planner/magnetic_planner.hpp\n'}
[13.745319] (planning_mr_ver) StdoutLine: {'line': b'-- Symlinking: /home/aiv/ev_ws/planning/install/planning_mr_ver/include/planning_mr_ver/postprocess/path_postprocessor.hpp\n'}
[13.751145] (planning_mr_ver) StdoutLine: {'line': b'-- Symlinking: /home/aiv/ev_ws/planning/install/planning_mr_ver/include/planning_mr_ver/safety/safety_checker.hpp\n'}
[13.757300] (planning_mr_ver) StdoutLine: {'line': b'-- Symlinking: /home/aiv/ev_ws/planning/install/planning_mr_ver/share/planning_mr_ver/config/planning_mr.yaml\n'}
[13.761822] (planning_mr_ver) StdoutLine: {'line': b'-- Symlinking: /home/aiv/ev_ws/planning/install/planning_mr_ver/share/planning_mr_ver/launch/planning_mr.launch.py\n'}
[13.767740] (planning_mr_ver) StdoutLine: {'line': b'-- Symlinking: /home/aiv/ev_ws/planning/install/planning_mr_ver/share/ament_index/resource_index/package_run_dependencies/planning_mr_ver\n'}
[13.773657] (planning_mr_ver) StdoutLine: {'line': b'-- Symlinking: /home/aiv/ev_ws/planning/install/planning_mr_ver/share/ament_index/resource_index/parent_prefix_path/planning_mr_ver\n'}
[13.779336] (planning_mr_ver) StdoutLine: {'line': b'-- Symlinking: /home/aiv/ev_ws/planning/install/planning_mr_ver/share/planning_mr_ver/environment/ament_prefix_path.sh\n'}
[13.784873] (planning_mr_ver) StdoutLine: {'line': b'-- Symlinking: /home/aiv/ev_ws/planning/install/planning_mr_ver/share/planning_mr_ver/environment/ament_prefix_path.dsv\n'}
[13.790470] (planning_mr_ver) StdoutLine: {'line': b'-- Symlinking: /home/aiv/ev_ws/planning/install/planning_mr_ver/share/planning_mr_ver/environment/path.sh\n'}
[13.795456] (planning_mr_ver) StdoutLine: {'line': b'-- Symlinking: /home/aiv/ev_ws/planning/install/planning_mr_ver/share/planning_mr_ver/environment/path.dsv\n'}
[13.801960] (planning_mr_ver) StdoutLine: {'line': b'-- Symlinking: /home/aiv/ev_ws/planning/install/planning_mr_ver/share/planning_mr_ver/local_setup.bash\n'}
[13.808210] (planning_mr_ver) StdoutLine: {'line': b'-- Symlinking: /home/aiv/ev_ws/planning/install/planning_mr_ver/share/planning_mr_ver/local_setup.sh\n'}
[13.813314] (planning_mr_ver) StdoutLine: {'line': b'-- Symlinking: /home/aiv/ev_ws/planning/install/planning_mr_ver/share/planning_mr_ver/local_setup.zsh\n'}
[13.818633] (planning_mr_ver) StdoutLine: {'line': b'-- Symlinking: /home/aiv/ev_ws/planning/install/planning_mr_ver/share/planning_mr_ver/local_setup.dsv\n'}
[13.824360] (planning_mr_ver) StdoutLine: {'line': b'-- Symlinking: /home/aiv/ev_ws/planning/install/planning_mr_ver/share/planning_mr_ver/package.dsv\n'}
[13.828488] (-) TimerEvent: {}
[13.830435] (planning_mr_ver) StdoutLine: {'line': b'-- Symlinking: /home/aiv/ev_ws/planning/install/planning_mr_ver/share/ament_index/resource_index/packages/planning_mr_ver\n'}
[13.836109] (planning_mr_ver) StdoutLine: {'line': b'-- Symlinking: /home/aiv/ev_ws/planning/install/planning_mr_ver/share/ament_index/resource_index/rclcpp_components/planning_mr_ver\n'}
[13.841451] (planning_mr_ver) StdoutLine: {'line': b'-- Symlinking: /home/aiv/ev_ws/planning/install/planning_mr_ver/share/planning_mr_ver/cmake/planning_mr_verConfig.cmake\n'}
[13.846431] (planning_mr_ver) StdoutLine: {'line': b'-- Symlinking: /home/aiv/ev_ws/planning/install/planning_mr_ver/share/planning_mr_ver/cmake/planning_mr_verConfig-version.cmake\n'}
[13.852674] (planning_mr_ver) StdoutLine: {'line': b'-- Symlinking: /home/aiv/ev_ws/planning/install/planning_mr_ver/share/planning_mr_ver/package.xml\n'}
[13.859532] (planning_mr_ver) CommandEnded: {'returncode': 0}
[13.866277] (planning_mr_ver) JobEnded: {'identifier': 'planning_mr_ver', 'rc': 0}
[13.866613] (-) EventReactorShutdown: {}
